exp,tag,op,route,p,q,field,b0,N1,eps1,fv1,N2,eps2,fv2,m2,gauge,gauge_k,nq,np,min_detJ1,min_detJ2,ndofs_nd1,ndofs_rt1,ndofs_nd2,ndofs_rt2,b1_gauge_dev,m1_errB_L2,m1_errB_rel,m1_div_L2,m1_div_max,m1_div_rel_L2,m1_div_rel_max,m1_energy,m1_energy_rel_ex,m1_helicity,m1_hel_scale,m1_flux_err,m1_a_L2,m1_coulomb,m1_grad_frac,ref_A_errB_L2,ref_A_errB_rel,ref_A_div_L2,ref_A_div_max,ref_A_div_rel_L2,ref_A_div_rel_max,ref_A_energy,ref_A_energy_rel_ex,ref_A_helicity,ref_A_hel_scale,ref_A_flux_err,ref_A_a_L2,ref_A_coulomb,ref_A_grad_frac,ref_B_errB_L2,ref_B_errB_rel,ref_B_div_L2,ref_B_div_max,ref_B_div_rel_L2,ref_B_div_rel_max,ref_B_energy,ref_B_energy_rel_ex,ref_B_helicity,ref_B_hel_scale,ref_B_flux_err,ref_B_a_L2,ref_B_coulomb,ref_B_grad_frac,m2_errB_L2,m2_errB_rel,m2_div_L2,m2_div_max,m2_div_rel_L2,m2_div_rel_max,m2_energy,m2_energy_rel_ex,m2_helicity,m2_hel_scale,m2_flux_err,m2_a_L2,m2_coulomb,m2_grad_frac,m2_dE_rel1,m2_dH_rel1,m2_dH_scaled,m2_aratio,energy_exact,helicity_exact,pollution_B,pollution_A,t_setup,t_locate,t_collect,t_eval,t_dofs,t_solve,t_apply,t_oneshot,t_total_op,iters,iters_l2,inner_iters,div_before_clean,npoints,nnotfound,nshifted,rss_mb,peak_rss_mb
exp3_remap,a,A_pt,A,1,1,abc,1,8,1.0000000000000001e-01,1,8,0.0000000000000000e+00,1,uniform,0.0000000000000000e+00,2.0000000000000000e+00,0,1,9.8732543341198842e-01,9.9999999999999756e-01,1536,1536,1536,1536,0.0000000000000000e+00,2.0027010202451936e+00,2.2484264362906053e-01,1.3602315941891008e-14,4.9737991503207013e-14,1.9089099202374012e-16,6.9800867586638366e-16,3.7681139616383241e+01,-5.0097233718642040e-02,1.1308793111556795e+01,1.1631795113556116e+01,1.1657341758564144e-15,1.3432835042527473e+00,1.3121692929021953e-03,3.4894461207844534e-03,1.9940339026590537e+00,2.2386958893392134e-01,1.0434915276310956e-14,4.2632564145606011e-14,1.4644060153345952e-16,5.9829315074261653e-16,3.7680332008120700e+01,-5.0117592692135650e-02,1.1313708498984756e+01,1.1632731522625619e+01,6.1062266354383610e-16,1.3434053201191207e+00,9.4658665712614442e-17,4.9531482977069434e-11,1.9940339026590537e+00,2.2386958893392134e-01,1.0434915276310956e-14,4.2632564145606011e-14,1.4644060153345952e-16,5.9829315074261653e-16,3.7680332008120700e+01,-5.0117592692135650e-02,1.1313708498984756e+01,1.1632731522625619e+01,6.1062266354383610e-16,1.3434053201191207e+00,9.4658665712614442e-17,4.9531482977069434e-11,2.0032882036970983e+00,2.2490856653931468e-01,1.1654136209694870e-14,4.9737991503207013e-14,1.6355079765476876e-16,6.9800867586638603e-16,3.6734306171678888e+01,-7.3965930830481127e-02,1.1025215085217903e+01,1.1337892873632054e+01,5.5511151231257827e-16,1.3261953199901715e+00,4.3180364289006979e-03,6.2084406662920146e-03,-2.5127516161763935e-02,-2.5075887722191628e-02,-2.4379558234171452e-02,9.8727879542294994e-01,3.9668417604357430e+01,1.2566370614359172e+01,nan,nan,5.8403490000000002e-02,4.8907668000000015e-02,9.4952999999999843e-03,1.1119969999999979e-02,8.5350299999997770e-04,0.0000000000000000e+00,1.1973647999999892e-02,7.0377137999999895e-02,1.9680260399999994e-01,0,0,0,nan,6144,0,576,3.9261718750000000e+01,3.9261718750000000e+01
exp3_remap,a,A_int,A,1,1,abc,1,8,1.0000000000000001e-01,1,8,0.0000000000000000e+00,1,uniform,0.0000000000000000e+00,2.0000000000000000e+00,3,1,9.8732543341198842e-01,9.9999999999999756e-01,1536,1536,1536,1536,0.0000000000000000e+00,2.0027010202451936e+00,2.2484264362906053e-01,1.3602315941891008e-14,4.9737991503207013e-14,1.9089099202374012e-16,6.9800867586638366e-16,3.7681139616383241e+01,-5.0097233718642040e-02,1.1308793111556795e+01,1.1631795113556116e+01,1.1657341758564144e-15,1.3432835042527473e+00,1.3121692929021953e-03,3.4894461207844534e-03,1.9940339026590537e+00,2.2386958893392134e-01,1.0434915276310956e-14,4.2632564145606011e-14,1.4644060153345952e-16,5.9829315074261653e-16,3.7680332008120700e+01,-5.0117592692135650e-02,1.1313708498984756e+01,1.1632731522625619e+01,6.1062266354383610e-16,1.3434053201191207e+00,9.4658665712614442e-17,4.9531482977069434e-11,1.9940339026590537e+00,2.2386958893392134e-01,1.0434915276310956e-14,4.2632564145606011e-14,1.4644060153345952e-16,5.9829315074261653e-16,3.7680332008120700e+01,-5.0117592692135650e-02,1.1313708498984756e+01,1.1632731522625619e+01,6.1062266354383610e-16,1.3434053201191207e+00,9.4658665712614442e-17,4.9531482977069434e-11,2.0039550261373749e+00,2.2498343049493627e-01,1.0599759482915759e-14,4.2632564145606011e-14,1.4875397774546526e-16,5.9829315074261653e-16,3.6737728413441985e+01,-7.3879659636171602e-02,1.1025806696138124e+01,1.1338668265187183e+01,7.2164496600635175e-16,1.3262239210995921e+00,4.0409620039631991e-03,5.7814672544604078e-03,-2.5036695082626265e-02,-2.5023573481902227e-02,-2.4328696702099625e-02,9.8730008736119690e-01,3.9668417604357430e+01,1.2566370614359172e+01,nan,nan,1.4382904099999994e-01,1.3173513599999997e-01,1.2093075999999980e-02,2.5386928000000086e-02,1.0646654999999949e-02,0.0000000000000000e+00,3.6034480000000091e-02,1.7986352100000003e-01,3.0658543499999991e-01,0,0,0,nan,18432,0,1776,4.1574218750000000e+01,4.1574218750000000e+01
exp3_remap,a,A_l2,A,1,1,abc,1,8,1.0000000000000001e-01,1,8,0.0000000000000000e+00,1,uniform,0.0000000000000000e+00,2.0000000000000000e+00,0,1,9.8732543341198842e-01,9.9999999999999756e-01,1536,1536,1536,1536,0.0000000000000000e+00,2.0027010202451936e+00,2.2484264362906053e-01,1.3602315941891008e-14,4.9737991503207013e-14,1.9089099202374012e-16,6.9800867586638366e-16,3.7681139616383241e+01,-5.0097233718642040e-02,1.1308793111556795e+01,1.1631795113556116e+01,1.1657341758564144e-15,1.3432835042527473e+00,1.3121692929021953e-03,3.4894461207844534e-03,1.9940339026590537e+00,2.2386958893392134e-01,1.0434915276310956e-14,4.2632564145606011e-14,1.4644060153345952e-16,5.9829315074261653e-16,3.7680332008120700e+01,-5.0117592692135650e-02,1.1313708498984756e+01,1.1632731522625619e+01,6.1062266354383610e-16,1.3434053201191207e+00,9.4658665712614442e-17,4.9531482977069434e-11,1.9940339026590537e+00,2.2386958893392134e-01,1.0434915276310956e-14,4.2632564145606011e-14,1.4644060153345952e-16,5.9829315074261653e-16,3.7680332008120700e+01,-5.0117592692135650e-02,1.1313708498984756e+01,1.1632731522625619e+01,6.1062266354383610e-16,1.3434053201191207e+00,9.4658665712614442e-17,4.9531482977069434e-11,1.9956040789240832e+00,2.2404587215284616e-01,1.1815597765356497e-14,4.9737991503207013e-14,1.6581670271576088e-16,6.9800867586638603e-16,3.7694403483352573e+01,-4.9762865277187616e-02,1.1317024467587794e+01,1.1636774478994285e+01,1.1102230246251565e-15,1.3436200897890451e+00,1.5845404943729325e-03,3.8947960483674644e-03,3.5200280841732242e-04,7.2787219200136507e-04,7.0765999148365854e-04,1.0002505692470964e+00,3.9668417604357430e+01,1.2566370614359172e+01,nan,nan,2.1414684500000014e-01,2.0250399699999999e-01,9.7359830000001146e-03,4.9869004999999911e-02,3.5208680000000214e-02,3.6804999999999755e-02,1.2188626799999991e-01,3.3603311300000005e-01,4.7731083399999985e-01,15,15,0,nan,32768,0,912,4.5746093750000000e+01,4.5746093750000000e+01
exp3_remap,a,B_pt,B,1,1,abc,1,8,1.0000000000000001e-01,1,8,0.0000000000000000e+00,1,uniform,0.0000000000000000e+00,2.0000000000000000e+00,0,1,9.8732543341198842e-01,9.9999999999999756e-01,1536,1536,1536,1536,0.0000000000000000e+00,2.0027010202451936e+00,2.2484264362906053e-01,1.3602315941891008e-14,4.9737991503207013e-14,1.9089099202374012e-16,6.9800867586638366e-16,3.7681139616383241e+01,-5.0097233718642040e-02,1.1308793111556795e+01,1.1631795113556116e+01,1.1657341758564144e-15,1.3432835042527473e+00,1.3121692929021953e-03,3.4894461207844534e-03,1.9940339026590537e+00,2.2386958893392134e-01,1.0434915276310956e-14,4.2632564145606011e-14,1.4644060153345952e-16,5.9829315074261653e-16,3.7680332008120700e+01,-5.0117592692135650e-02,1.1313708498984756e+01,1.1632731522625619e+01,6.1062266354383610e-16,1.3434053201191207e+00,9.4658665712614442e-17,4.9531482977069434e-11,1.9940339026590537e+00,2.2386958893392134e-01,1.0434915276310956e-14,4.2632564145606011e-14,1.4644060153345952e-16,5.9829315074261653e-16,3.7680332008120700e+01,-5.0117592692135650e-02,1.1313708498984756e+01,1.1632731522625619e+01,6.1062266354383610e-16,1.3434053201191207e+00,9.4658665712614442e-17,4.9531482977069434e-11,2.0334333939906442e+00,2.2829295802350744e-01,2.3776780518998710e+00,5.5957681109348485e+00,3.3367650330958509e-02,7.8529401198621715e-02,3.7685428628131007e+01,-4.9989112144685072e-02,nan,nan,1.1442734659503406e-02,nan,nan,nan,1.1382383312792937e-04,nan,nan,nan,3.9668417604357430e+01,1.2566370614359172e+01,nan,nan,2.3951854999999966e-02,2.3206457999999985e-02,7.4491899999995503e-04,1.4958510000000480e-03,5.4744200000000909e-04,0.0000000000000000e+00,2.0434549999999163e-03,2.5995309999999883e-02,9.7189565000000089e-02,0,0,0,nan,3072,0,192,4.5867187500000000e+01,4.5867187500000000e+01
exp3_remap,a,B_int,B,1,1,abc,1,8,1.0000000000000001e-01,1,8,0.0000000000000000e+00,1,uniform,0.0000000000000000e+00,2.0000000000000000e+00,3,1,9.8732543341198842e-01,9.9999999999999756e-01,1536,1536,1536,1536,0.0000000000000000e+00,2.0027010202451936e+00,2.2484264362906053e-01,1.3602315941891008e-14,4.9737991503207013e-14,1.9089099202374012e-16,6.9800867586638366e-16,3.7681139616383241e+01,-5.0097233718642040e-02,1.1308793111556795e+01,1.1631795113556116e+01,1.1657341758564144e-15,1.3432835042527473e+00,1.3121692929021953e-03,3.4894461207844534e-03,1.9940339026590537e+00,2.2386958893392134e-01,1.0434915276310956e-14,4.2632564145606011e-14,1.4644060153345952e-16,5.9829315074261653e-16,3.7680332008120700e+01,-5.0117592692135650e-02,1.1313708498984756e+01,1.1632731522625619e+01,6.1062266354383610e-16,1.3434053201191207e+00,9.4658665712614442e-17,4.9531482977069434e-11,1.9940339026590537e+00,2.2386958893392134e-01,1.0434915276310956e-14,4.2632564145606011e-14,1.4644060153345952e-16,5.9829315074261653e-16,3.7680332008120700e+01,-5.0117592692135650e-02,1.1313708498984756e+01,1.1632731522625619e+01,6.1062266354383610e-16,1.3434053201191207e+00,9.4658665712614442e-17,4.9531482977069434e-11,2.0189526606245627e+00,2.2666721042623567e-01,2.5391613435209801e+00,5.8149752570775108e+00,3.5633860428158116e-02,8.1605691277798389e-02,3.7485911118618539e+01,-5.5018743311282238e-02,nan,nan,1.2125331822480045e-02,nan,nan,nan,-5.1810667021286120e-03,nan,nan,nan,3.9668417604357430e+01,1.2566370614359172e+01,nan,nan,1.9244406200000008e-01,1.6629208899999992e-01,2.6151210000000091e-02,3.6779702999999886e-02,1.2202426999999849e-02,0.0000000000000000e+00,4.8983240000000094e-02,2.4142730200000018e-01,3.1199803600000009e-01,0,0,0,nan,27648,0,1824,4.5867187500000000e+01,4.5867187500000000e+01
exp3_remap,a,B_l2,B,1,1,abc,1,8,1.0000000000000001e-01,1,8,0.0000000000000000e+00,1,uniform,0.0000000000000000e+00,2.0000000000000000e+00,0,1,9.8732543341198842e-01,9.9999999999999756e-01,1536,1536,1536,1536,0.0000000000000000e+00,2.0027010202451936e+00,2.2484264362906053e-01,1.3602315941891008e-14,4.9737991503207013e-14,1.9089099202374012e-16,6.9800867586638366e-16,3.7681139616383241e+01,-5.0097233718642040e-02,1.1308793111556795e+01,1.1631795113556116e+01,1.1657341758564144e-15,1.3432835042527473e+00,1.3121692929021953e-03,3.4894461207844534e-03,1.9940339026590537e+00,2.2386958893392134e-01,1.0434915276310956e-14,4.2632564145606011e-14,1.4644060153345952e-16,5.9829315074261653e-16,3.7680332008120700e+01,-5.0117592692135650e-02,1.1313708498984756e+01,1.1632731522625619e+01,6.1062266354383610e-16,1.3434053201191207e+00,9.4658665712614442e-17,4.9531482977069434e-11,1.9940339026590537e+00,2.2386958893392134e-01,1.0434915276310956e-14,4.2632564145606011e-14,1.4644060153345952e-16,5.9829315074261653e-16,3.7680332008120700e+01,-5.0117592692135650e-02,1.1313708498984756e+01,1.1632731522625619e+01,6.1062266354383610e-16,1.3434053201191207e+00,9.4658665712614442e-17,4.9531482977069434e-11,2.0154358717031435e+00,2.2627238158749044e-01,3.1012931815331144e+00,1.1433273518081347e+01,4.3522657061369333e-02,1.6045127412633073e-01,3.6715602732719603e+01,-7.4437425285990511e-02,nan,nan,2.3306140153922295e-02,nan,nan,nan,-2.5623876918091835e-02,nan,nan,nan,3.9668417604357430e+01,1.2566370614359172e+01,nan,nan,2.0172341800000027e-01,1.9013023599999990e-01,1.5244320000000755e-03,3.9485974000000201e-02,3.3102009999999904e-02,1.3570754999999934e-02,8.6161968000000311e-02,2.8788538600000058e-01,3.6020759099999999e-01,5,5,0,nan,32768,0,912,4.6109375000000000e+01,4.6109375000000000e+01
exp3_remap,a,B_l2c,B,1,1,abc,1,8,1.0000000000000001e-01,1,8,0.0000000000000000e+00,1,uniform,0.0000000000000000e+00,2.0000000000000000e+00,0,1,9.8732543341198842e-01,9.9999999999999756e-01,1536,1536,1536,1536,0.0000000000000000e+00,2.0027010202451936e+00,2.2484264362906053e-01,1.3602315941891008e-14,4.9737991503207013e-14,1.9089099202374012e-16,6.9800867586638366e-16,3.7681139616383241e+01,-5.0097233718642040e-02,1.1308793111556795e+01,1.1631795113556116e+01,1.1657341758564144e-15,1.3432835042527473e+00,1.3121692929021953e-03,3.4894461207844534e-03,1.9940339026590537e+00,2.2386958893392134e-01,1.0434915276310956e-14,4.2632564145606011e-14,1.4644060153345952e-16,5.9829315074261653e-16,3.7680332008120700e+01,-5.0117592692135650e-02,1.1313708498984756e+01,1.1632731522625619e+01,6.1062266354383610e-16,1.3434053201191207e+00,9.4658665712614442e-17,4.9531482977069434e-11,1.9940339026590537e+00,2.2386958893392134e-01,1.0434915276310956e-14,4.2632564145606011e-14,1.4644060153345952e-16,5.9829315074261653e-16,3.7680332008120700e+01,-5.0117592692135650e-02,1.1313708498984756e+01,1.1632731522625619e+01,6.1062266354383610e-16,1.3434053201191207e+00,9.4658665712614442e-17,4.9531482977069434e-11,2.0093002450327195e+00,2.2558353661914354e-01,3.6539993632568368e-12,1.0614620293836197e-11,5.1279176743577778e-14,1.4896253009427106e-13,3.6703255593590448e+01,-7.4748683961652893e-02,nan,nan,8.0308688765740044e-07,nan,nan,nan,-2.5951551167195126e-02,nan,nan,nan,3.9668417604357430e+01,1.2566370614359172e+01,nan,nan,2.0433976200000004e-01,1.9224504899999983e-01,9.6489419999996606e-03,4.7801964000000030e-02,3.3021922999999731e-02,3.2043866100000029e-01,4.0126406100000001e-01,6.0560382300000004e-01,6.7367293799999972e-01,23,5,96,1.1433273518081347e+01,32768,0,912,4.6218750000000000e+01,4.6218750000000000e+01
exp3_remap,a,A_pt,A,2,2,abc,1,8,1.0000000000000001e-01,1,8,0.0000000000000000e+00,1,uniform,0.0000000000000000e+00,2.0000000000000000e+00,0,1,9.8900282001417639e-01,9.9999999999998312e-01,12288,12288,12288,12288,0.0000000000000000e+00,2.0455056367079877e-01,2.2964830509711331e-02,8.5399400261707939e-14,4.2632564145606011e-13,1.1984706357234876e-15,5.9829315074261331e-15,3.9658358315993915e+01,-2.5358431142485162e-04,1.2556533494977550e+01,1.2559936234396949e+01,7.2164496600635175e-16,1.4136695654497973e+00,1.9959331449575073e-04,2.4250212411932529e-04,2.0254441727229264e-01,2.2739601054497086e-02,8.4790861886317085e-14,4.4053649617126212e-13,1.1899305830839918e-15,6.1823625576736998e-15,3.9658128469587318e+01,-2.5937850288692903e-04,1.2556590281248958e+01,1.2559878392954451e+01,8.8817841970012523e-16,1.4136671625649608e+00,1.7228396484440912e-15,8.0948539144800970e-11,2.0254441727229264e-01,2.2739601054497086e-02,8.4790861886317085e-14,4.4053649617126212e-13,1.1899305830839918e-15,6.1823625576736998e-15,3.9658128469587318e+01,-2.5937850288692903e-04,1.2556590281248958e+01,1.2559878392954451e+01,8.8817841970012523e-16,1.4136671625649608e+00,1.7228396484440912e-15,8.0948539144800970e-11,2.1822568341859708e-01,2.4500132107382014e-02,8.8128870717100552e-14,4.9737991503207013e-13,1.2367752395244362e-15,6.9800867586638542e-15,3.9648096790086349e+01,-5.1226682328887527e-04,1.2552240113039790e+01,1.2556188164761169e+01,7.2164496600635175e-16,1.4134314503744616e+00,1.4947510313147038e-03,1.7210686088125545e-03,-2.5874812632947146e-04,-3.4192414168110051e-04,-3.4183150755194336e-04,9.9983156242367011e-01,3.9668417604357430e+01,1.2566370614359172e+01,nan,nan,5.3235317500000079e-01,4.7059316600000045e-01,6.1758895000000535e-02,1.4612840799999915e-01,5.7459996000000402e-02,0.0000000000000000e+00,2.0358915899999985e-01,7.3594233400000064e-01,2.5088485410000008e+00,0,0,0,nan,27648,0,1920,8.5730468750000000e+01,8.5730468750000000e+01
exp3_remap,a,A_int,A,2,2,abc,1,8,1.0000000000000001e-01,1,8,0.0000000000000000e+00,1,uniform,0.0000000000000000e+00,2.0000000000000000e+00,4,1,9.8900282001417639e-01,9.9999999999998312e-01,12288,12288,12288,12288,0.0000000000000000e+00,2.0455056367079877e-01,2.2964830509711331e-02,8.5399400261707939e-14,4.2632564145606011e-13,1.1984706357234876e-15,5.9829315074261331e-15,3.9658358315993915e+01,-2.5358431142485162e-04,1.2556533494977550e+01,1.2559936234396949e+01,7.2164496600635175e-16,1.4136695654497973e+00,1.9959331449575073e-04,2.4250212411932529e-04,2.0254441727229264e-01,2.2739601054497086e-02,8.4790861886317085e-14,4.4053649617126212e-13,1.1899305830839918e-15,6.1823625576736998e-15,3.9658128469587318e+01,-2.5937850288692903e-04,1.2556590281248958e+01,1.2559878392954451e+01,8.8817841970012523e-16,1.4136671625649608e+00,1.7228396484440912e-15,8.0948539144800970e-11,2.0254441727229264e-01,2.2739601054497086e-02,8.4790861886317085e-14,4.4053649617126212e-13,1.1899305830839918e-15,6.1823625576736998e-15,3.9658128469587318e+01,-2.5937850288692903e-04,1.2556590281248958e+01,1.2559878392954451e+01,8.8817841970012523e-16,1.4136671625649608e+00,1.7228396484440912e-15,8.0948539144800970e-11,2.1816908899175444e-01,2.4493778268033388e-02,8.7910851679625915e-14,4.2099657093785936e-13,1.2337156230207918e-15,5.9081448635833341e-15,3.9647973430421565e+01,-5.1537659353516959e-04,1.2552204972984606e+01,1.2556142275786845e+01,6.1062266354383610e-16,1.4134284941558135e+00,1.1307751315724275e-03,1.2994322472329035e-03,-2.6185868536473682e-04,-3.4472268916221519e-04,-3.4462929685024149e-04,9.9982947125702104e-01,3.9668417604357430e+01,1.2566370614359172e+01,nan,nan,1.9997779399999995e+00,1.7499232460000016e+00,2.4985356600000053e-01,6.5802887100000085e-01,1.9676166799999883e-01,0.0000000000000000e+00,8.5479185899999877e-01,2.8545697989999983e+00,4.7541729749999995e+00,0,0,0,nan,110592,0,8640,1.0016406250000000e+02,1.0016406250000000e+02
exp3_remap,a,A_l2,A,2,2,abc,1,8,1.0000000000000001e-01,1,8,0.0000000000000000e+00,1,uniform,0.0000000000000000e+00,2.0000000000000000e+00,0,1,9.8900282001417639e-01,9.9999999999998312e-01,12288,12288,12288,12288,0.0000000000000000e+00,2.0455056367079877e-01,2.2964830509711331e-02,8.5399400261707939e-14,4.2632564145606011e-13,1.1984706357234876e-15,5.9829315074261331e-15,3.9658358315993915e+01,-2.5358431142485162e-04,1.2556533494977550e+01,1.2559936234396949e+01,7.2164496600635175e-16,1.4136695654497973e+00,1.9959331449575073e-04,2.4250212411932529e-04,2.0254441727229264e-01,2.2739601054497086e-02,8.4790861886317085e-14,4.4053649617126212e-13,1.1899305830839918e-15,6.1823625576736998e-15,3.9658128469587318e+01,-2.5937850288692903e-04,1.2556590281248958e+01,1.2559878392954451e+01,8.8817841970012523e-16,1.4136671625649608e+00,1.7228396484440912e-15,8.0948539144800970e-11,2.0254441727229264e-01,2.2739601054497086e-02,8.4790861886317085e-14,4.4053649617126212e-13,1.1899305830839918e-15,6.1823625576736998e-15,3.9658128469587318e+01,-2.5937850288692903e-04,1.2556590281248958e+01,1.2559878392954451e+01,8.8817841970012523e-16,1.4136671625649608e+00,1.7228396484440912e-15,8.0948539144800970e-11,2.1881535740796568e-01,2.4566334629530177e-02,8.8127286855587843e-14,3.8546943414985435e-13,1.2367530120672385e-15,5.4095672379644870e-15,3.9660995131318082e+01,-1.8711290965467816e-04,1.2556392662287051e+01,1.2560259818038674e+01,9.4368957093138306e-16,1.4136587558378719e+00,1.0018990868241324e-03,1.1593638327331102e-03,6.6488262150348674e-05,-1.1215889365964248e-05,-1.1212850755882403e-05,9.9999235350877635e-01,3.9668417604357430e+01,1.2566370614359172e+01,nan,nan,1.8022128560000006e+00,1.7024580460000003e+00,6.0203665999999600e-02,6.5760957299999845e-01,4.5630511199999901e-01,3.0455768799999916e-01,1.4184757529999992e+00,3.2206886089999998e+00,4.9966498040000005e+00,16,16,0,nan,110592,0,4128,1.0599218750000000e+02,1.0599218750000000e+02
exp3_remap,a,B_pt,B,2,2,abc,1,8,1.0000000000000001e-01,1,8,0.0000000000000000e+00,1,uniform,0.0000000000000000e+00,2.0000000000000000e+00,0,1,9.8900282001417639e-01,9.9999999999998312e-01,12288,12288,12288,12288,0.0000000000000000e+00,2.0455056367079877e-01,2.2964830509711331e-02,8.5399400261707939e-14,4.2632564145606011e-13,1.1984706357234876e-15,5.9829315074261331e-15,3.9658358315993915e+01,-2.5358431142485162e-04,1.2556533494977550e+01,1.2559936234396949e+01,7.2164496600635175e-16,1.4136695654497973e+00,1.9959331449575073e-04,2.4250212411932529e-04,2.0254441727229264e-01,2.2739601054497086e-02,8.4790861886317085e-14,4.4053649617126212e-13,1.1899305830839918e-15,6.1823625576736998e-15,3.9658128469587318e+01,-2.5937850288692903e-04,1.2556590281248958e+01,1.2559878392954451e+01,8.8817841970012523e-16,1.4136671625649608e+00,1.7228396484440912e-15,8.0948539144800970e-11,2.0254441727229264e-01,2.2739601054497086e-02,8.4790861886317085e-14,4.4053649617126212e-13,1.1899305830839918e-15,6.1823625576736998e-15,3.9658128469587318e+01,-2.5937850288692903e-04,1.2556590281248958e+01,1.2559878392954451e+01,8.8817841970012523e-16,1.4136671625649608e+00,1.7228396484440912e-15,8.0948539144800970e-11,2.2668852239910067e-01,2.5450252504659557e-02,2.4016779378866981e-01,1.0711663445542783e+00,3.3704457832273234e-03,1.5032440579084479e-02,3.9754909220316364e+01,2.1803646624269021e-03,nan,nan,6.1036329893907060e-04,nan,nan,nan,2.4345663416811274e-03,nan,nan,nan,3.9668417604357430e+01,1.2566370614359172e+01,nan,nan,3.1912348899999898e-01,2.7814119599999998e-01,4.0981237000000448e-02,1.0108239399999874e-01,3.8653761000002618e-02,0.0000000000000000e+00,1.3973759200000302e-01,4.5886108100000200e-01,1.4221631740000014e+00,0,0,0,nan,18432,0,768,1.0602343750000000e+02,1.0602343750000000e+02
exp3_remap,a,B_int,B,2,2,abc,1,8,1.0000000000000001e-01,1,8,0.0000000000000000e+00,1,uniform,0.0000000000000000e+00,2.0000000000000000e+00,4,1,9.8900282001417639e-01,9.9999999999998312e-01,12288,12288,12288,12288,0.0000000000000000e+00,2.0455056367079877e-01,2.2964830509711331e-02,8.5399400261707939e-14,4.2632564145606011e-13,1.1984706357234876e-15,5.9829315074261331e-15,3.9658358315993915e+01,-2.5358431142485162e-04,1.2556533494977550e+01,1.2559936234396949e+01,7.2164496600635175e-16,1.4136695654497973e+00,1.9959331449575073e-04,2.4250212411932529e-04,2.0254441727229264e-01,2.2739601054497086e-02,8.4790861886317085e-14,4.4053649617126212e-13,1.1899305830839918e-15,6.1823625576736998e-15,3.9658128469587318e+01,-2.5937850288692903e-04,1.2556590281248958e+01,1.2559878392954451e+01,8.8817841970012523e-16,1.4136671625649608e+00,1.7228396484440912e-15,8.0948539144800970e-11,2.0254441727229264e-01,2.2739601054497086e-02,8.4790861886317085e-14,4.4053649617126212e-13,1.1899305830839918e-15,6.1823625576736998e-15,3.9658128469587318e+01,-2.5937850288692903e-04,1.2556590281248958e+01,1.2559878392954451e+01,8.8817841970012523e-16,1.4136671625649608e+00,1.7228396484440912e-15,8.0948539144800970e-11,2.1751947985664200e-01,2.4420846845026278e-02,2.1216588307920159e-01,1.3407455262221610e+00,2.9774750173132154e-03,1.8815637325680284e-02,3.9641961386119085e+01,-6.6693404567360920e-04,nan,nan,6.1135278910745550e-04,nan,nan,nan,-4.1345457984369270e-04,nan,nan,nan,3.9668417604357430e+01,1.2566370614359172e+01,nan,nan,4.9822547009999987e+00,4.2059789629999997e+00,7.7627471099999923e-01,1.3385756879999988e+00,4.1643740399999984e-01,0.0000000000000000e+00,1.7550139999999992e+00,6.7372687009999979e+00,7.4921490920000018e+00,0,0,0,nan,294912,0,17856,1.3406250000000000e+02,1.3406250000000000e+02
exp3_remap,a,B_l2,B,2,2,abc,1,8,1.0000000000000001e-01,1,8,0.0000000000000000e+00,1,uniform,0.0000000000000000e+00,2.0000000000000000e+00,0,1,9.8900282001417639e-01,9.9999999999998312e-01,12288,12288,12288,12288,0.0000000000000000e+00,2.0455056367079877e-01,2.2964830509711331e-02,8.5399400261707939e-14,4.2632564145606011e-13,1.1984706357234876e-15,5.9829315074261331e-15,3.9658358315993915e+01,-2.5358431142485162e-04,1.2556533494977550e+01,1.2559936234396949e+01,7.2164496600635175e-16,1.4136695654497973e+00,1.9959331449575073e-04,2.4250212411932529e-04,2.0254441727229264e-01,2.2739601054497086e-02,8.4790861886317085e-14,4.4053649617126212e-13,1.1899305830839918e-15,6.1823625576736998e-15,3.9658128469587318e+01,-2.5937850288692903e-04,1.2556590281248958e+01,1.2559878392954451e+01,8.8817841970012523e-16,1.4136671625649608e+00,1.7228396484440912e-15,8.0948539144800970e-11,2.0254441727229264e-01,2.2739601054497086e-02,8.4790861886317085e-14,4.4053649617126212e-13,1.1899305830839918e-15,6.1823625576736998e-15,3.9658128469587318e+01,-2.5937850288692903e-04,1.2556590281248958e+01,1.2559878392954451e+01,8.8817841970012523e-16,1.4136671625649608e+00,1.7228396484440912e-15,8.0948539144800970e-11,2.1461230828529118e-01,2.4094459563560901e-02,3.1550428940199332e-01,1.6412528872605741e+00,4.4276965076374374e-03,2.3032871251441035e-02,3.9647856454176477e+01,-5.1832544433772095e-04,nan,nan,7.8876570266889212e-04,nan,nan,nan,-2.6480828413926236e-04,nan,nan,nan,3.9668417604357430e+01,1.2566370614359172e+01,nan,nan,1.4842080029999991e+00,1.3991784580000015e+00,4.1967494999997967e-02,5.4100844699999939e-01,3.9908400499999885e-01,9.7168445000001213e-02,1.0372647680000000e+00,2.5214727709999991e+00,3.2964802979999952e+00,6,6,0,nan,110592,0,4128,1.3423437500000000e+02,1.3423437500000000e+02
exp3_remap,a,B_l2c,B,2,2,abc,1,8,1.0000000000000001e-01,1,8,0.0000000000000000e+00,1,uniform,0.0000000000000000e+00,2.0000000000000000e+00,0,1,9.8900282001417639e-01,9.9999999999998312e-01,12288,12288,12288,12288,0.0000000000000000e+00,2.0455056367079877e-01,2.2964830509711331e-02,8.5399400261707939e-14,4.2632564145606011e-13,1.1984706357234876e-15,5.9829315074261331e-15,3.9658358315993915e+01,-2.5358431142485162e-04,1.2556533494977550e+01,1.2559936234396949e+01,7.2164496600635175e-16,1.4136695654497973e+00,1.9959331449575073e-04,2.4250212411932529e-04,2.0254441727229264e-01,2.2739601054497086e-02,8.4790861886317085e-14,4.4053649617126212e-13,1.1899305830839918e-15,6.1823625576736998e-15,3.9658128469587318e+01,-2.5937850288692903e-04,1.2556590281248958e+01,1.2559878392954451e+01,8.8817841970012523e-16,1.4136671625649608e+00,1.7228396484440912e-15,8.0948539144800970e-11,2.0254441727229264e-01,2.2739601054497086e-02,8.4790861886317085e-14,4.4053649617126212e-13,1.1899305830839918e-15,6.1823625576736998e-15,3.9658128469587318e+01,-2.5937850288692903e-04,1.2556590281248958e+01,1.2559878392954451e+01,8.8817841970012523e-16,1.4136671625649608e+00,1.7228396484440912e-15,8.0948539144800970e-11,2.1453800297197248e-01,2.4086117328292942e-02,1.5209699013432852e-13,6.1106675275368616e-13,2.1344854401706193e-15,8.5755351606441639e-15,3.9647840510102320e+01,-5.1872737804518486e-04,nan,nan,5.9891380743692935e-10,nan,nan,nan,-2.6521031979666169e-04,nan,nan,nan,3.9668417604357430e+01,1.2566370614359172e+01,nan,nan,1.4944594359999996e+00,1.3936884270000007e+00,4.2034440000001894e-02,4.9220925200000210e-01,3.5771742499999704e-01,3.3365650650000021e+00,4.1864935989999950e+00,5.6809530349999946e+00,6.6401573420000020e+00,29,6,180,1.6412528872605741e+00,110592,0,4128,1.3429687500000000e+02,1.3429687500000000e+02
exp3_remap,a,A_pt,A,3,3,abc,1,8,1.0000000000000001e-01,1,8,0.0000000000000000e+00,1,uniform,0.0000000000000000e+00,2.0000000000000000e+00,0,1,9.8997524450447871e-01,9.9999999999996692e-01,41472,41472,41472,41472,0.0000000000000000e+00,1.3920190105387389e-02,1.5628155733056932e-03,2.2889323737242728e-13,1.5347723092418164e-12,3.2122218992858967e-15,2.1538553426734071e-14,3.9668392781503854e+01,-6.2575860279777711e-07,1.2566331912919313e+01,1.2566348324359243e+01,1.0269562977782698e-15,1.4142114985153127e+00,1.5332936756242584e-05,2.2759135772112063e-05,1.3464715461453914e-02,1.5116795714698106e-03,2.2862620972623772e-13,1.8287593661625579e-12,3.2084745100548095e-15,2.5664283278730243e-14,3.9668387313158419e+01,-7.6360996580583265e-07,1.2566332157433365e+01,1.2566346644016324e+01,1.1934897514720433e-15,1.4142114073134975e+00,2.7932756189736299e-15,0.0000000000000000e+00,1.3464715461453914e-02,1.5116795714698106e-03,2.2862620972623772e-13,1.8287593661625579e-12,3.2084745100548095e-15,2.5664283278730243e-14,3.9668387313158419e+01,-7.6360996580583265e-07,1.2566332157433365e+01,1.2566346644016324e+01,1.1934897514720433e-15,1.4142114073134975e+00,2.7932756189736299e-15,0.0000000000000000e+00,1.8485624165490329e-02,2.0753754876468053e-03,2.2662710728668739e-13,1.5436540934388177e-12,3.1804196810482575e-15,2.1663197833138981e-14,3.9669667986443763e+01,3.1520846099886798e-05,1.2566714716510194e+01,1.2566742573703829e+01,1.3045120539345589e-15,1.4142330265019014e+00,2.6297181427449400e-04,3.6350603482147875e-04,3.2146624818711608e-05,3.0462635678713617e-05,3.0462595895022871e-05,1.0000152226075176e+00,3.9668417604357430e+01,1.2566370614359172e+01,nan,nan,1.3758680640000023e+00,1.1742214829999966e+00,2.0164500599999968e-01,5.3774565000000507e-01,1.5414565100000033e-01,0.0000000000000000e+00,6.9189216899999906e-01,2.0677602330000013e+00,8.0625486230000050e+00,0,0,0,nan,73728,0,4224,2.3449609375000000e+02,2.3449609375000000e+02
exp3_remap,a,A_int,A,3,3,abc,1,8,1.0000000000000001e-01,1,8,0.0000000000000000e+00,1,uniform,0.0000000000000000e+00,2.0000000000000000e+00,5,1,9.8997524450447871e-01,9.9999999999996692e-01,41472,41472,41472,41472,0.0000000000000000e+00,1.3920190105387389e-02,1.5628155733056932e-03,2.2889323737242728e-13,1.5347723092418164e-12,3.2122218992858967e-15,2.1538553426734071e-14,3.9668392781503854e+01,-6.2575860279777711e-07,1.2566331912919313e+01,1.2566348324359243e+01,1.0269562977782698e-15,1.4142114985153127e+00,1.5332936756242584e-05,2.2759135772112063e-05,1.3464715461453914e-02,1.5116795714698106e-03,2.2862620972623772e-13,1.8287593661625579e-12,3.2084745100548095e-15,2.5664283278730243e-14,3.9668387313158419e+01,-7.6360996580583265e-07,1.2566332157433365e+01,1.2566346644016324e+01,1.1934897514720433e-15,1.4142114073134975e+00,2.7932756189736299e-15,0.0000000000000000e+00,1.3464715461453914e-02,1.5116795714698106e-03,2.2862620972623772e-13,1.8287593661625579e-12,3.2084745100548095e-15,2.5664283278730243e-14,3.9668387313158419e+01,-7.6360996580583265e-07,1.2566332157433365e+01,1.2566346644016324e+01,1.1934897514720433e-15,1.4142114073134975e+00,2.7932756189736299e-15,0.0000000000000000e+00,1.5291728581905238e-02,1.7167977872167444e-03,2.2596134302243904e-13,1.5063505998114124e-12,3.1710765367337712e-15,2.1139691326239190e-14,3.9669584030496750e+01,2.9404403043104806e-05,1.2566705163435913e+01,1.2566723815145286e+01,8.8817841970012523e-16,1.4142324191828350e+00,1.7527089614707798e-04,2.3239508328099846e-04,3.0030180437546336e-05,2.9702423840600977e-05,2.9702385049734130e-05,1.0000147931674608e+00,3.9668417604357430e+01,1.2566370614359172e+01,nan,nan,6.6281273519999928e+00,5.5715380679999953e+00,1.0565878499999997e+00,2.6649173789999878e+00,7.4010460800000999e-01,0.0000000000000000e+00,3.4050231330000003e+00,1.0033150484999993e+01,1.5766256713000004e+01,0,0,0,nan,368640,0,23664,2.9584375000000000e+02,2.9584375000000000e+02
exp3_remap,a,A_l2,A,3,3,abc,1,8,1.0000000000000001e-01,1,8,0.0000000000000000e+00,1,uniform,0.0000000000000000e+00,2.0000000000000000e+00,0,1,9.8997524450447871e-01,9.9999999999996692e-01,41472,41472,41472,41472,0.0000000000000000e+00,1.3920190105387389e-02,1.5628155733056932e-03,2.2889323737242728e-13,1.5347723092418164e-12,3.2122218992858967e-15,2.1538553426734071e-14,3.9668392781503854e+01,-6.2575860279777711e-07,1.2566331912919313e+01,1.2566348324359243e+01,1.0269562977782698e-15,1.4142114985153127e+00,1.5332936756242584e-05,2.2759135772112063e-05,1.3464715461453914e-02,1.5116795714698106e-03,2.2862620972623772e-13,1.8287593661625579e-12,3.2084745100548095e-15,2.5664283278730243e-14,3.9668387313158419e+01,-7.6360996580583265e-07,1.2566332157433365e+01,1.2566346644016324e+01,1.1934897514720433e-15,1.4142114073134975e+00,2.7932756189736299e-15,0.0000000000000000e+00,1.3464715461453914e-02,1.5116795714698106e-03,2.2862620972623772e-13,1.8287593661625579e-12,3.2084745100548095e-15,2.5664283278730243e-14,3.9668387313158419e+01,-7.6360996580583265e-07,1.2566332157433365e+01,1.2566346644016324e+01,1.1934897514720433e-15,1.4142114073134975e+00,2.7932756189736299e-15,0.0000000000000000e+00,1.5587409919916580e-02,1.7499938424632281e-03,2.2720710340767685e-13,1.4779288903810084e-12,3.1885591798937910e-15,2.0740829225744110e-14,3.9668374220190906e+01,-1.0936702077926446e-06,1.2566318242631564e+01,1.2566337842192599e+01,1.1102230246251565e-15,1.4142106512707009e+00,1.4642577687504866e-04,1.9422848119618317e-04,-4.6791189779476287e-07,-1.0878502847545626e-06,-1.0878488640403552e-06,9.9999940090671535e-01,3.9668417604357430e+01,1.2566370614359172e+01,nan,nan,4.1243094430000014e+00,3.8870196080000028e+00,1.7944379300000435e-01,1.8153813229999969e+00,1.3723226420000003e+00,3.6561509899999578e-01,3.5533237650000018e+00,7.6776332080000032e+00,1.3447944680000006e+01,14,14,0,nan,262144,0,9936,2.9814843750000000e+02,2.9814843750000000e+02
exp3_remap,a,B_pt,B,3,3,abc,1,8,1.0000000000000001e-01,1,8,0.0000000000000000e+00,1,uniform,0.0000000000000000e+00,2.0000000000000000e+00,0,1,9.8997524450447871e-01,9.9999999999996692e-01,41472,41472,41472,41472,0.0000000000000000e+00,1.3920190105387389e-02,1.5628155733056932e-03,2.2889323737242728e-13,1.5347723092418164e-12,3.2122218992858967e-15,2.1538553426734071e-14,3.9668392781503854e+01,-6.2575860279777711e-07,1.2566331912919313e+01,1.2566348324359243e+01,1.0269562977782698e-15,1.4142114985153127e+00,1.5332936756242584e-05,2.2759135772112063e-05,1.3464715461453914e-02,1.5116795714698106e-03,2.2862620972623772e-13,1.8287593661625579e-12,3.2084745100548095e-15,2.5664283278730243e-14,3.9668387313158419e+01,-7.6360996580583265e-07,1.2566332157433365e+01,1.2566346644016324e+01,1.1934897514720433e-15,1.4142114073134975e+00,2.7932756189736299e-15,0.0000000000000000e+00,1.3464715461453914e-02,1.5116795714698106e-03,2.2862620972623772e-13,1.8287593661625579e-12,3.2084745100548095e-15,2.5664283278730243e-14,3.9668387313158419e+01,-7.6360996580583265e-07,1.2566332157433365e+01,1.2566346644016324e+01,1.1934897514720433e-15,1.4142114073134975e+00,2.7932756189736299e-15,0.0000000000000000e+00,1.7728555963470546e-02,1.9903796673876296e-03,2.0962862299245863e-01,1.9275277483851081e+00,2.9418678385761871e-03,2.7050370364457909e-02,3.9673533454953997e+01,1.2896533074728512e-04,nan,nan,1.5235603253266339e-04,nan,nan,nan,1.2959117044287265e-04,nan,nan,nan,3.9668417604357430e+01,1.2566370614359172e+01,nan,nan,9.4802132800001004e-01,7.9435706999998956e-01,1.5366285300000015e-01,3.5535627299999817e-01,1.0718292100000326e-01,0.0000000000000000e+00,4.6254012999999361e-01,1.4105614580000037e+00,3.9525903440000008e+00,0,0,0,nan,55296,0,2112,2.9814843750000000e+02,2.9814843750000000e+02
exp3_remap,a,B_int,B,3,3,abc,1,8,1.0000000000000001e-01,1,8,0.0000000000000000e+00,1,uniform,0.0000000000000000e+00,2.0000000000000000e+00,5,1,9.8997524450447871e-01,9.9999999999996692e-01,41472,41472,41472,41472,0.0000000000000000e+00,1.3920190105387389e-02,1.5628155733056932e-03,2.2889323737242728e-13,1.5347723092418164e-12,3.2122218992858967e-15,2.1538553426734071e-14,3.9668392781503854e+01,-6.2575860279777711e-07,1.2566331912919313e+01,1.2566348324359243e+01,1.0269562977782698e-15,1.4142114985153127e+00,1.5332936756242584e-05,2.2759135772112063e-05,1.3464715461453914e-02,1.5116795714698106e-03,2.2862620972623772e-13,1.8287593661625579e-12,3.2084745100548095e-15,2.5664283278730243e-14,3.9668387313158419e+01,-7.6360996580583265e-07,1.2566332157433365e+01,1.2566346644016324e+01,1.1934897514720433e-15,1.4142114073134975e+00,2.7932756189736299e-15,0.0000000000000000e+00,1.3464715461453914e-02,1.5116795714698106e-03,2.2862620972623772e-13,1.8287593661625579e-12,3.2084745100548095e-15,2.5664283278730243e-14,3.9668387313158419e+01,-7.6360996580583265e-07,1.2566332157433365e+01,1.2566346644016324e+01,1.1934897514720433e-15,1.4142114073134975e+00,2.7932756189736299e-15,0.0000000000000000e+00,1.4964837374304879e-02,1.6800978092604928e-03,7.2262998983899693e-02,8.6197149002392948e-01,1.0141181561710972e-03,1.2096660122421441e-02,3.9669584680795545e+01,2.9420796406733648e-05,nan,nan,1.5235680092806625e-04,nan,nan,nan,3.0046573811433471e-05,nan,nan,nan,3.9668417604357430e+01,1.2566370614359172e+01,nan,nan,2.5082547855000001e+01,2.1108885110999992e+01,3.9736607210000017e+00,9.0235230769999930e+00,2.8557797899999855e+00,0.0000000000000000e+00,1.1879303974000010e+01,3.6961851829000011e+01,3.9494329620000016e+01,0,0,0,nan,1382400,0,70176,4.5803515625000000e+02,4.5803515625000000e+02
exp3_remap,a,B_l2,B,3,3,abc,1,8,1.0000000000000001e-01,1,8,0.0000000000000000e+00,1,uniform,0.0000000000000000e+00,2.0000000000000000e+00,0,1,9.8997524450447871e-01,9.9999999999996692e-01,41472,41472,41472,41472,0.0000000000000000e+00,1.3920190105387389e-02,1.5628155733056932e-03,2.2889323737242728e-13,1.5347723092418164e-12,3.2122218992858967e-15,2.1538553426734071e-14,3.9668392781503854e+01,-6.2575860279777711e-07,1.2566331912919313e+01,1.2566348324359243e+01,1.0269562977782698e-15,1.4142114985153127e+00,1.5332936756242584e-05,2.2759135772112063e-05,1.3464715461453914e-02,1.5116795714698106e-03,2.2862620972623772e-13,1.8287593661625579e-12,3.2084745100548095e-15,2.5664283278730243e-14,3.9668387313158419e+01,-7.6360996580583265e-07,1.2566332157433365e+01,1.2566346644016324e+01,1.1934897514720433e-15,1.4142114073134975e+00,2.7932756189736299e-15,0.0000000000000000e+00,1.3464715461453914e-02,1.5116795714698106e-03,2.2862620972623772e-13,1.8287593661625579e-12,3.2084745100548095e-15,2.5664283278730243e-14,3.9668387313158419e+01,-7.6360996580583265e-07,1.2566332157433365e+01,1.2566346644016324e+01,1.1934897514720433e-15,1.4142114073134975e+00,2.7932756189736299e-15,0.0000000000000000e+00,1.4702933420940780e-02,1.6506939308702591e-03,1.1300138412657233e-01,6.9680151791812672e-01,1.5858289432570292e-03,9.7787122110140016e-03,3.9668535199957525e+01,2.9644641051178869e-06,nan,nan,1.6587992827976628e-04,nan,nan,nan,3.5902249545298153e-06,nan,nan,nan,3.9668417604357430e+01,1.2566370614359172e+01,nan,nan,3.4825786840000035e+00,3.2605913090000058e+00,1.6289872799998761e-01,1.4034241229999793e+00,1.0411204469999973e+00,1.4500835200001916e-01,2.5895570950000035e+00,6.0721357790000070e+00,8.3574296860000175e+00,6,6,0,nan,262144,0,9936,4.6017578125000000e+02,4.6017578125000000e+02
exp3_remap,a,B_l2c,B,3,3,abc,1,8,1.0000000000000001e-01,1,8,0.0000000000000000e+00,1,uniform,0.0000000000000000e+00,2.0000000000000000e+00,0,1,9.8997524450447871e-01,9.9999999999996692e-01,41472,41472,41472,41472,0.0000000000000000e+00,1.3920190105387389e-02,1.5628155733056932e-03,2.2889323737242728e-13,1.5347723092418164e-12,3.2122218992858967e-15,2.1538553426734071e-14,3.9668392781503854e+01,-6.2575860279777711e-07,1.2566331912919313e+01,1.2566348324359243e+01,1.0269562977782698e-15,1.4142114985153127e+00,1.5332936756242584e-05,2.2759135772112063e-05,1.3464715461453914e-02,1.5116795714698106e-03,2.2862620972623772e-13,1.8287593661625579e-12,3.2084745100548095e-15,2.5664283278730243e-14,3.9668387313158419e+01,-7.6360996580583265e-07,1.2566332157433365e+01,1.2566346644016324e+01,1.1934897514720433e-15,1.4142114073134975e+00,2.7932756189736299e-15,0.0000000000000000e+00,1.3464715461453914e-02,1.5116795714698106e-03,2.2862620972623772e-13,1.8287593661625579e-12,3.2084745100548095e-15,2.5664283278730243e-14,3.9668387313158419e+01,-7.6360996580583265e-07,1.2566332157433365e+01,1.2566346644016324e+01,1.1934897514720433e-15,1.4142114073134975e+00,2.7932756189736299e-15,0.0000000000000000e+00,1.4613497819314734e-02,1.6406530226663505e-03,8.4490321227345649e-14,4.1910919179599659e-13,1.1857128818646153e-15,5.8816579272223574e-15,3.9668533888991263e+01,2.9314159942795706e-06,nan,nan,9.6586683095978287e-11,nan,nan,nan,3.5571768230113468e-06,nan,nan,nan,3.9668417604357430e+01,1.2566370614359172e+01,nan,nan,4.2330059989999995e+00,3.9278835550000224e+00,1.8101140799998916e-01,1.7750760650000075e+00,1.2777906050000070e+00,7.3241126549999933e+00,1.0376981604000008e+01,1.4609987603000008e+01,1.7080394335999983e+01,39,6,240,6.9680151791812672e-01,262144,0,9936,4.6023437500000000e+02,4.6023437500000000e+02
exp3_remap,a,A_pt,A,4,4,abc,1,8,1.0000000000000001e-01,1,8,0.0000000000000000e+00,1,uniform,0.0000000000000000e+00,2.0000000000000000e+00,0,1,9.9000426006188302e-01,9.9999999999991895e-01,98304,98304,98304,98304,0.0000000000000000e+00,7.5644637675066672e-04,8.4926008122480681e-05,4.7333319859663376e-13,4.8512305284020840e-12,6.6426220522944093e-15,6.8080774778253047e-14,3.9668417610440741e+01,1.5335402820660706e-10,1.2566370525273506e+01,1.2566370580896983e+01,3.7192471324942744e-15,1.4142135584984286e+00,1.3305067141270802e-06,1.9256790088103400e-06,6.6688357420060184e-04,7.4870819108936501e-05,4.7343272240734675e-13,4.0074610296869650e-12,6.6440187408464687e-15,5.6239556169805856e-14,3.9668417548663307e+01,-1.4039915493131647e-09,1.2566370525896859e+01,1.2566370561382472e+01,4.1633363423443370e-15,1.4142135574086603e+00,2.8191254053514921e-15,0.0000000000000000e+00,6.6688357420060184e-04,7.4870819108936501e-05,4.7343272240734675e-13,4.0074610296869650e-12,6.6440187408464687e-15,5.6239556169805856e-14,3.9668417548663307e+01,-1.4039915493131647e-09,1.2566370525896859e+01,1.2566370561382472e+01,4.1633363423443370e-15,1.4142135574086603e+00,2.8191254053514921e-15,0.0000000000000000e+00,1.5320033272060022e-03,1.7199755463016760e-04,4.7415676433245610e-13,4.4058090509224712e-12,6.6541797371019108e-15,6.1829857797057164e-14,3.9668425491202896e+01,1.9881926083234441e-07,1.2566372750810144e+01,1.2566372948117811e+01,3.4416913763379853e-15,1.4142136837501642e+00,2.6693918879088826e-05,3.8159466922892439e-05,1.9866590677367157e-07,1.7710257978290157e-07,1.7710257899897901e-07,1.0000000885663518e+00,3.9668417604357430e+01,1.2566370614359172e+01,nan,nan,4.3493701310000006e+00,3.6921481050000011e+00,6.5722071000001847e-01,2.1231497850000096e+00,5.4793430899999862e-01,0.0000000000000000e+00,2.6710851660000117e+00,7.0204552970000123e+00,2.8440472850999981e+01,0,0,0,nan,153600,0,8736,6.7061328125000000e+02,6.7061328125000000e+02
exp3_remap,a,A_int,A,4,4,abc,1,8,1.0000000000000001e-01,1,8,0.0000000000000000e+00,1,uniform,0.0000000000000000e+00,2.0000000000000000e+00,6,1,9.9000426006188302e-01,9.9999999999991895e-01,98304,98304,98304,98304,0.0000000000000000e+00,7.5644637675066672e-04,8.4926008122480681e-05,4.7333319859663376e-13,4.8512305284020840e-12,6.6426220522944093e-15,6.8080774778253047e-14,3.9668417610440741e+01,1.5335402820660706e-10,1.2566370525273506e+01,1.2566370580896983e+01,3.7192471324942744e-15,1.4142135584984286e+00,1.3305067141270802e-06,1.9256790088103400e-06,6.6688357420060184e-04,7.4870819108936501e-05,4.7343272240734675e-13,4.0074610296869650e-12,6.6440187408464687e-15,5.6239556169805856e-14,3.9668417548663307e+01,-1.4039915493131647e-09,1.2566370525896859e+01,1.2566370561382472e+01,4.1633363423443370e-15,1.4142135574086603e+00,2.8191254053514921e-15,0.0000000000000000e+00,6.6688357420060184e-04,7.4870819108936501e-05,4.7343272240734675e-13,4.0074610296869650e-12,6.6440187408464687e-15,5.6239556169805856e-14,3.9668417548663307e+01,-1.4039915493131647e-09,1.2566370525896859e+01,1.2566370561382472e+01,4.1633363423443370e-15,1.4142135574086603e+00,2.8191254053514921e-15,0.0000000000000000e+00,9.0819485264310854e-04,1.0196276405430778e-04,4.7330859439493383e-13,4.0074610296869650e-12,6.6422767640001237e-15,5.6239556169805856e-14,3.9668426950415636e+01,2.3560451288165849e-07,1.2566373457553798e+01,1.2566373529472731e+01,4.1078251911130792e-15,1.4142137230392831e+00,2.1468196743577235e-05,2.9757030200286262e-05,2.3545115881734452e-07,2.3334345318391809e-07,2.3334345215105231e-07,1.0000001163479544e+00,3.9668417604357430e+01,1.2566370614359172e+01,nan,nan,2.7599728497000001e+01,2.3027701300000018e+01,4.5720256280000058e+00,1.1923599625999998e+01,3.2649188129999800e+00,0.0000000000000000e+00,1.5188519662000004e+01,4.2788248159000005e+01,6.6749781425999998e+01,0,0,0,nan,921600,0,50592,8.0155859375000000e+02,8.0155859375000000e+02
exp3_remap,a,A_l2,A,4,4,abc,1,8,1.0000000000000001e-01,1,8,0.0000000000000000e+00,1,uniform,0.0000000000000000e+00,2.0000000000000000e+00,0,1,9.9000426006188302e-01,9.9999999999991895e-01,98304,98304,98304,98304,0.0000000000000000e+00,7.5644637675066672e-04,8.4926008122480681e-05,4.7333319859663376e-13,4.8512305284020840e-12,6.6426220522944093e-15,6.8080774778253047e-14,3.9668417610440741e+01,1.5335402820660706e-10,1.2566370525273506e+01,1.2566370580896983e+01,3.7192471324942744e-15,1.4142135584984286e+00,1.3305067141270802e-06,1.9256790088103400e-06,6.6688357420060184e-04,7.4870819108936501e-05,4.7343272240734675e-13,4.0074610296869650e-12,6.6440187408464687e-15,5.6239556169805856e-14,3.9668417548663307e+01,-1.4039915493131647e-09,1.2566370525896859e+01,1.2566370561382472e+01,4.1633363423443370e-15,1.4142135574086603e+00,2.8191254053514921e-15,0.0000000000000000e+00,6.6688357420060184e-04,7.4870819108936501e-05,4.7343272240734675e-13,4.0074610296869650e-12,6.6440187408464687e-15,5.6239556169805856e-14,3.9668417548663307e+01,-1.4039915493131647e-09,1.2566370525896859e+01,1.2566370561382472e+01,4.1633363423443370e-15,1.4142135574086603e+00,2.8191254053514921e-15,0.0000000000000000e+00,1.1635266715155814e-03,1.3062879087386505e-04,4.7172478529814494e-13,4.2126302446376940e-12,6.6200500423922869e-15,5.9118841957754692e-14,3.9668418519880248e+01,2.3079388433806788e-08,1.2566370690358076e+01,1.2566370801335783e+01,3.6082248300317588e-15,1.4142135670172054e+00,1.5396114730602744e-05,2.1672031151427488e-05,2.2926034402084383e-08,1.3137012766101011e-08,1.3137012707951657e-08,1.0000000060236849e+00,3.9668417604357430e+01,1.2566370614359172e+01,nan,nan,1.1792501587999993e+01,1.0998049131000016e+01,6.7113322899996319e-01,6.7189148179999734e+00,4.2539952070000027e+00,6.2229420200003460e-01,1.1595209795999949e+01,2.3387711383999942e+01,4.5571867584000017e+01,11,11,0,nan,512000,0,21264,8.0175000000000000e+02,8.0175000000000000e+02
exp3_remap,a,B_pt,B,4,4,abc,1,8,1.0000000000000001e-01,1,8,0.0000000000000000e+00,1,uniform,0.0000000000000000e+00,2.0000000000000000e+00,0,1,9.9000426006188302e-01,9.9999999999991895e-01,98304,98304,98304,98304,0.0000000000000000e+00,7.5644637675066672e-04,8.4926008122480681e-05,4.7333319859663376e-13,4.8512305284020840e-12,6.6426220522944093e-15,6.8080774778253047e-14,3.9668417610440741e+01,1.5335402820660706e-10,1.2566370525273506e+01,1.2566370580896983e+01,3.7192471324942744e-15,1.4142135584984286e+00,1.3305067141270802e-06,1.9256790088103400e-06,6.6688357420060184e-04,7.4870819108936501e-05,4.7343272240734675e-13,4.0074610296869650e-12,6.6440187408464687e-15,5.6239556169805856e-14,3.9668417548663307e+01,-1.4039915493131647e-09,1.2566370525896859e+01,1.2566370561382472e+01,4.1633363423443370e-15,1.4142135574086603e+00,2.8191254053514921e-15,0.0000000000000000e+00,6.6688357420060184e-04,7.4870819108936501e-05,4.7343272240734675e-13,4.0074610296869650e-12,6.6440187408464687e-15,5.6239556169805856e-14,3.9668417548663307e+01,-1.4039915493131647e-09,1.2566370525896859e+01,1.2566370561382472e+01,4.1633363423443370e-15,1.4142135574086603e+00,2.8191254053514921e-15,0.0000000000000000e+00,9.4015411812814682e-04,1.0555082121683884e-04,7.5912564595372531e-03,1.7183945478519780e-01,1.0653351109165885e-04,2.4115455142269576e-03,3.9668094801938764e+01,-8.1375169003461310e-06,nan,nan,2.9070739255565581e-06,nan,nan,nan,-8.1376702531263938e-06,nan,nan,nan,3.9668417604357430e+01,1.2566370614359172e+01,nan,nan,3.8001233450000313e+00,3.1964750269999627e+00,6.0364651399999047e-01,1.3059120710000229e+00,3.5135845499996776e-01,0.0000000000000000e+00,1.6572713650000424e+00,5.4573947100000737e+00,1.3722116994000032e+01,0,0,0,nan,122880,0,5664,8.0187500000000000e+02,8.0187500000000000e+02
exp3_remap,a,B_int,B,4,4,abc,1,8,1.0000000000000001e-01,1,8,0.0000000000000000e+00,1,uniform,0.0000000000000000e+00,2.0000000000000000e+00,6,1,9.9000426006188302e-01,9.9999999999991895e-01,98304,98304,98304,98304,0.0000000000000000e+00,7.5644637675066672e-04,8.4926008122480681e-05,4.7333319859663376e-13,4.8512305284020840e-12,6.6426220522944093e-15,6.8080774778253047e-14,3.9668417610440741e+01,1.5335402820660706e-10,1.2566370525273506e+01,1.2566370580896983e+01,3.7192471324942744e-15,1.4142135584984286e+00,1.3305067141270802e-06,1.9256790088103400e-06,6.6688357420060184e-04,7.4870819108936501e-05,4.7343272240734675e-13,4.0074610296869650e-12,6.6440187408464687e-15,5.6239556169805856e-14,3.9668417548663307e+01,-1.4039915493131647e-09,1.2566370525896859e+01,1.2566370561382472e+01,4.1633363423443370e-15,1.4142135574086603e+00,2.8191254053514921e-15,0.0000000000000000e+00,6.6688357420060184e-04,7.4870819108936501e-05,4.7343272240734675e-13,4.0074610296869650e-12,6.6440187408464687e-15,5.6239556169805856e-14,3.9668417548663307e+01,-1.4039915493131647e-09,1.2566370525896859e+01,1.2566370561382472e+01,4.1633363423443370e-15,1.4142135574086603e+00,2.8191254053514921e-15,0.0000000000000000e+00,8.2656012653406887e-04,9.2797657807922783e-05,1.8555413765831516e-03,2.8224214961937832e-02,2.6040134314643231e-05,3.9609051989323218e-04,3.9668427980491643e+01,2.6157166934823626e-07,nan,nan,7.6730740322661362e-07,nan,nan,nan,2.6141831527994015e-07,nan,nan,nan,3.9668417604357430e+01,1.2566370614359172e+01,nan,nan,1.3104241558100000e+02,1.0724971592899999e+02,2.3792697641000018e+01,4.8308219984999994e+01,1.3450747305999982e+01,0.0000000000000000e+00,6.1758968540000012e+01,1.9280138412100001e+02,2.0162612721299996e+02,0,0,0,nan,4423680,0,199584,1.4885859375000000e+03,1.4885859375000000e+03
exp3_remap,a,B_l2,B,4,4,abc,1,8,1.0000000000000001e-01,1,8,0.0000000000000000e+00,1,uniform,0.0000000000000000e+00,2.0000000000000000e+00,0,1,9.9000426006188302e-01,9.9999999999991895e-01,98304,98304,98304,98304,0.0000000000000000e+00,7.5644637675066672e-04,8.4926008122480681e-05,4.7333319859663376e-13,4.8512305284020840e-12,6.6426220522944093e-15,6.8080774778253047e-14,3.9668417610440741e+01,1.5335402820660706e-10,1.2566370525273506e+01,1.2566370580896983e+01,3.7192471324942744e-15,1.4142135584984286e+00,1.3305067141270802e-06,1.9256790088103400e-06,6.6688357420060184e-04,7.4870819108936501e-05,4.7343272240734675e-13,4.0074610296869650e-12,6.6440187408464687e-15,5.6239556169805856e-14,3.9668417548663307e+01,-1.4039915493131647e-09,1.2566370525896859e+01,1.2566370561382472e+01,4.1633363423443370e-15,1.4142135574086603e+00,2.8191254053514921e-15,0.0000000000000000e+00,6.6688357420060184e-04,7.4870819108936501e-05,4.7343272240734675e-13,4.0074610296869650e-12,6.6440187408464687e-15,5.6239556169805856e-14,3.9668417548663307e+01,-1.4039915493131647e-09,1.2566370525896859e+01,1.2566370561382472e+01,4.1633363423443370e-15,1.4142135574086603e+00,2.8191254053514921e-15,0.0000000000000000e+00,7.5730533949316091e-04,8.5022443612276674e-05,4.1447083954452013e-03,6.4311418748471683e-02,5.8165646249918538e-05,9.0252796478150694e-04,3.9668442473807069e+01,6.2693324163416761e-07,nan,nan,2.7647616843706757e-06,nan,nan,nan,6.2677988750984170e-07,nan,nan,nan,3.9668417604357430e+01,1.2566370614359172e+01,nan,nan,1.2687605608000013e+01,1.1911583166000014e+01,6.4680355899997721e-01,5.7872191170000633e+00,4.3517792480000708e+00,3.2663028500007840e-01,1.0465634052000041e+01,2.3153239660000054e+01,3.0919608261999997e+01,6,6,0,nan,512000,0,21264,1.4887421875000000e+03,1.4887421875000000e+03
exp3_remap,a,B_l2c,B,4,4,abc,1,8,1.0000000000000001e-01,1,8,0.0000000000000000e+00,1,uniform,0.0000000000000000e+00,2.0000000000000000e+00,0,1,9.9000426006188302e-01,9.9999999999991895e-01,98304,98304,98304,98304,0.0000000000000000e+00,7.5644637675066672e-04,8.4926008122480681e-05,4.7333319859663376e-13,4.8512305284020840e-12,6.6426220522944093e-15,6.8080774778253047e-14,3.9668417610440741e+01,1.5335402820660706e-10,1.2566370525273506e+01,1.2566370580896983e+01,3.7192471324942744e-15,1.4142135584984286e+00,1.3305067141270802e-06,1.9256790088103400e-06,6.6688357420060184e-04,7.4870819108936501e-05,4.7343272240734675e-13,4.0074610296869650e-12,6.6440187408464687e-15,5.6239556169805856e-14,3.9668417548663307e+01,-1.4039915493131647e-09,1.2566370525896859e+01,1.2566370561382472e+01,4.1633363423443370e-15,1.4142135574086603e+00,2.8191254053514921e-15,0.0000000000000000e+00,6.6688357420060184e-04,7.4870819108936501e-05,4.7343272240734675e-13,4.0074610296869650e-12,6.6440187408464687e-15,5.6239556169805856e-14,3.9668417548663307e+01,-1.4039915493131647e-09,1.2566370525896859e+01,1.2566370561382472e+01,4.1633363423443370e-15,1.4142135574086603e+00,2.8191254053514921e-15,0.0000000000000000e+00,7.5643186752592914e-04,8.4924379176166175e-05,6.4780648165728102e-14,5.1292303737682232e-13,9.0911299554608023e-16,7.1982144698720924e-15,3.9668442473146662e+01,6.2691659345709851e-07,nan,nan,8.8916096707691850e-12,nan,nan,nan,6.2676323933277524e-07,nan,nan,nan,3.9668417604357430e+01,1.2566370614359172e+01,nan,nan,1.1692912981000063e+01,1.0866071833999968e+01,5.1764573899993138e-01,6.0020726520000380e+00,4.4412076929999103e+00,2.0421511334999991e+01,3.0864793433000045e+01,4.2557706414000108e+01,5.1867388858000027e+01,53,6,324,6.4311418748471683e-02,512000,0,21264,1.4888046875000000e+03,1.4888046875000000e+03
exp3_remap,a,A_pt,A,1,1,abc,1,8,2.9999999999999999e-01,1,8,0.0000000000000000e+00,1,uniform,0.0000000000000000e+00,2.0000000000000000e+00,0,1,8.7664045879113228e-01,9.9999999999999756e-01,1536,1536,1536,1536,0.0000000000000000e+00,2.0744160449229567e+00,2.3289406796722623e-01,1.4336828827059505e-14,6.0396132539608516e-14,2.0119893472283748e-16,8.4758196355203644e-16,3.7695369808696057e+01,-4.9738505209359310e-02,1.1269531761367238e+01,1.1625607299134952e+01,4.4408920985006262e-16,1.3423208792334611e+00,4.7510811659157255e-03,1.0517242565809382e-02,1.9940339026590537e+00,2.2386958893392134e-01,1.0434915276310956e-14,4.2632564145606011e-14,1.4644060153345952e-16,5.9829315074261653e-16,3.7680332008120700e+01,-5.0117592692135650e-02,1.1313708498984756e+01,1.1632731522625619e+01,6.1062266354383610e-16,1.3434053201191207e+00,9.4658665712614442e-17,4.9531482977069434e-11,1.9940339026590537e+00,2.2386958893392134e-01,1.0434915276310956e-14,4.2632564145606011e-14,1.4644060153345952e-16,5.9829315074261653e-16,3.7680332008120700e+01,-5.0117592692135650e-02,1.1313708498984756e+01,1.1632731522625619e+01,6.1062266354383610e-16,1.3434053201191207e+00,9.4658665712614442e-17,4.9531482977069434e-11,2.0718360115360972e+00,2.3260440839173979e-01,1.1390206496361084e-14,4.2632564145606011e-14,1.5984688392286762e-16,5.9829315074261653e-16,3.5209341293044162e+01,-1.1240872665471423e-01,1.0536408498089822e+01,1.0857803643634206e+01,7.7715611723760958e-16,1.2973973281381372e+00,2.0031317078405234e-02,2.9402054196887038e-02,-6.5950500771540022e-02,-6.5053569110175083e-02,-6.3061072373566895e-02,9.6653292682076308e-01,3.9668417604357430e+01,1.2566370614359172e+01,nan,nan,4.6320947999999973e-02,3.7076565000000006e-02,9.2436060000000708e-03,1.0653480999999965e-02,7.1140800000002447e-04,0.0000000000000000e+00,1.1365108000000013e-02,5.7686055999999986e-02,1.6653485899999998e-01,0,0,0,nan,6144,0,576,3.9371093750000000e+01,3.9371093750000000e+01
exp3_remap,a,A_int,A,1,1,abc,1,8,2.9999999999999999e-01,1,8,0.0000000000000000e+00,1,uniform,0.0000000000000000e+00,2.0000000000000000e+00,3,1,8.7664045879113228e-01,9.9999999999999756e-01,1536,1536,1536,1536,0.0000000000000000e+00,2.0744160449229567e+00,2.3289406796722623e-01,1.4336828827059505e-14,6.0396132539608516e-14,2.0119893472283748e-16,8.4758196355203644e-16,3.7695369808696057e+01,-4.9738505209359310e-02,1.1269531761367238e+01,1.1625607299134952e+01,4.4408920985006262e-16,1.3423208792334611e+00,4.7510811659157255e-03,1.0517242565809382e-02,1.9940339026590537e+00,2.2386958893392134e-01,1.0434915276310956e-14,4.2632564145606011e-14,1.4644060153345952e-16,5.9829315074261653e-16,3.7680332008120700e+01,-5.0117592692135650e-02,1.1313708498984756e+01,1.1632731522625619e+01,6.1062266354383610e-16,1.3434053201191207e+00,9.4658665712614442e-17,4.9531482977069434e-11,1.9940339026590537e+00,2.2386958893392134e-01,1.0434915276310956e-14,4.2632564145606011e-14,1.4644060153345952e-16,5.9829315074261653e-16,3.7680332008120700e+01,-5.0117592692135650e-02,1.1313708498984756e+01,1.1632731522625619e+01,6.1062266354383610e-16,1.3434053201191207e+00,9.4658665712614442e-17,4.9531482977069434e-11,2.0495048491192560e+00,2.3009729547655397e-01,1.1547403607375470e-14,4.9737991503207013e-14,1.6205294299346958e-16,6.9800867586638603e-16,3.5221767837792285e+01,-1.1209546624508401e-01,1.0553922964306951e+01,1.0862514501782771e+01,2.7755575615628914e-16,1.2977299998178031e+00,1.1695198348464103e-02,1.7006260067272704e-02,-6.5620843712564644e-02,-6.3499425904583337e-02,-6.1554530326646692e-02,9.6678076002131341e-01,3.9668417604357430e+01,1.2566370614359172e+01,nan,nan,1.4189068900000001e-01,1.3031176000000000e-01,1.1577598000000022e-02,2.6342970000000077e-02,1.0957926000000007e-02,0.0000000000000000e+00,3.7302140999999955e-02,1.7919282999999997e-01,3.1304701300000004e-01,0,0,0,nan,18432,0,2160,4.1531250000000000e+01,4.1531250000000000e+01
exp3_remap,a,A_l2,A,1,1,abc,1,8,2.9999999999999999e-01,1,8,0.0000000000000000e+00,1,uniform,0.0000000000000000e+00,2.0000000000000000e+00,0,1,8.7664045879113228e-01,9.9999999999999756e-01,1536,1536,1536,1536,0.0000000000000000e+00,2.0744160449229567e+00,2.3289406796722623e-01,1.4336828827059505e-14,6.0396132539608516e-14,2.0119893472283748e-16,8.4758196355203644e-16,3.7695369808696057e+01,-4.9738505209359310e-02,1.1269531761367238e+01,1.1625607299134952e+01,4.4408920985006262e-16,1.3423208792334611e+00,4.7510811659157255e-03,1.0517242565809382e-02,1.9940339026590537e+00,2.2386958893392134e-01,1.0434915276310956e-14,4.2632564145606011e-14,1.4644060153345952e-16,5.9829315074261653e-16,3.7680332008120700e+01,-5.0117592692135650e-02,1.1313708498984756e+01,1.1632731522625619e+01,6.1062266354383610e-16,1.3434053201191207e+00,9.4658665712614442e-17,4.9531482977069434e-11,1.9940339026590537e+00,2.2386958893392134e-01,1.0434915276310956e-14,4.2632564145606011e-14,1.4644060153345952e-16,5.9829315074261653e-16,3.7680332008120700e+01,-5.0117592692135650e-02,1.1313708498984756e+01,1.1632731522625619e+01,6.1062266354383610e-16,1.3434053201191207e+00,9.4658665712614442e-17,4.9531482977069434e-11,2.0150306649618259e+00,2.2622688914802336e-01,1.1759998411247660e-14,4.2632564145606011e-14,1.6503643736190087e-16,5.9829315074261653e-16,3.7548193939082282e+01,-5.3448657479149085e-02,1.1261569208489030e+01,1.1587423025824727e+01,6.3837823915946501e-16,1.3405373790067820e+00,8.7653691042018055e-03,1.3600608950044975e-02,-3.9043487399299383e-03,-7.0655578659481932e-04,-6.8491500472415002e-04,9.9867133093564220e-01,3.9668417604357430e+01,1.2566370614359172e+01,nan,nan,2.4036913999999987e-01,2.2889099000000002e-01,9.7194259999999755e-03,5.0112135000000002e-02,3.4610646999999828e-02,5.0248053000000237e-02,1.3497569899999995e-01,3.7534483899999982e-01,5.3189159899999994e-01,15,15,0,nan,32768,0,2160,4.5812500000000000e+01,4.5812500000000000e+01
exp3_remap,a,B_pt,B,1,1,abc,1,8,2.9999999999999999e-01,1,8,0.0000000000000000e+00,1,uniform,0.0000000000000000e+00,2.0000000000000000e+00,0,1,8.7664045879113228e-01,9.9999999999999756e-01,1536,1536,1536,1536,0.0000000000000000e+00,2.0744160449229567e+00,2.3289406796722623e-01,1.4336828827059505e-14,6.0396132539608516e-14,2.0119893472283748e-16,8.4758196355203644e-16,3.7695369808696057e+01,-4.9738505209359310e-02,1.1269531761367238e+01,1.1625607299134952e+01,4.4408920985006262e-16,1.3423208792334611e+00,4.7510811659157255e-03,1.0517242565809382e-02,1.9940339026590537e+00,2.2386958893392134e-01,1.0434915276310956e-14,4.2632564145606011e-14,1.4644060153345952e-16,5.9829315074261653e-16,3.7680332008120700e+01,-5.0117592692135650e-02,1.1313708498984756e+01,1.1632731522625619e+01,6.1062266354383610e-16,1.3434053201191207e+00,9.4658665712614442e-17,4.9531482977069434e-11,1.9940339026590537e+00,2.2386958893392134e-01,1.0434915276310956e-14,4.2632564145606011e-14,1.4644060153345952e-16,5.9829315074261653e-16,3.7680332008120700e+01,-5.0117592692135650e-02,1.1313708498984756e+01,1.1632731522625619e+01,6.1062266354383610e-16,1.3434053201191207e+00,9.4658665712614442e-17,4.9531482977069434e-11,2.3061938837821123e+00,2.5891569650634039e-01,7.2503450802780653e+00,1.7898378511845436e+01,1.0174925878808250e-01,2.5118069925286529e-01,3.7862231334477819e+01,-4.5532097798658036e-02,nan,nan,1.0186488767781149e-01,nan,nan,nan,4.4265788246297634e-03,nan,nan,nan,3.9668417604357430e+01,1.2566370614359172e+01,nan,nan,2.0317917000000074e-02,1.9562923999999926e-02,7.5435899999987122e-04,1.5449490000001287e-03,5.2798600000003582e-04,0.0000000000000000e+00,2.0730879999999452e-03,2.2391005000000019e-02,9.8534451999999995e-02,0,0,0,nan,3072,0,192,4.5812500000000000e+01,4.5812500000000000e+01
exp3_remap,a,B_int,B,1,1,abc,1,8,2.9999999999999999e-01,1,8,0.0000000000000000e+00,1,uniform,0.0000000000000000e+00,2.0000000000000000e+00,3,1,8.7664045879113228e-01,9.9999999999999756e-01,1536,1536,1536,1536,0.0000000000000000e+00,2.0744160449229567e+00,2.3289406796722623e-01,1.4336828827059505e-14,6.0396132539608516e-14,2.0119893472283748e-16,8.4758196355203644e-16,3.7695369808696057e+01,-4.9738505209359310e-02,1.1269531761367238e+01,1.1625607299134952e+01,4.4408920985006262e-16,1.3423208792334611e+00,4.7510811659157255e-03,1.0517242565809382e-02,1.9940339026590537e+00,2.2386958893392134e-01,1.0434915276310956e-14,4.2632564145606011e-14,1.4644060153345952e-16,5.9829315074261653e-16,3.7680332008120700e+01,-5.0117592692135650e-02,1.1313708498984756e+01,1.1632731522625619e+01,6.1062266354383610e-16,1.3434053201191207e+00,9.4658665712614442e-17,4.9531482977069434e-11,1.9940339026590537e+00,2.2386958893392134e-01,1.0434915276310956e-14,4.2632564145606011e-14,1.4644060153345952e-16,5.9829315074261653e-16,3.7680332008120700e+01,-5.0117592692135650e-02,1.1313708498984756e+01,1.1632731522625619e+01,6.1062266354383610e-16,1.3434053201191207e+00,9.4658665712614442e-17,4.9531482977069434e-11,2.0614333456444034e+00,2.3143650420822268e-01,3.9689559746412080e+00,1.2141578167528014e+01,5.5699187295342699e-02,1.7039141797870955e-01,3.5155431423652530e+01,-1.1376773900376518e-01,nan,nan,1.0866543170324489e-01,nan,nan,nan,-6.7380646427763161e-02,nan,nan,nan,3.9668417604357430e+01,1.2566370614359172e+01,nan,nan,2.2274628100000005e-01,1.9998804200000020e-01,2.2756896000000193e-02,3.7928085999999972e-02,2.0563389999999959e-02,0.0000000000000000e+00,5.8492403000000026e-02,2.8123868400000007e-01,3.5356885100000013e-01,0,0,0,nan,27648,0,2976,4.5816406250000000e+01,4.5816406250000000e+01
exp3_remap,a,B_l2,B,1,1,abc,1,8,2.9999999999999999e-01,1,8,0.0000000000000000e+00,1,uniform,0.0000000000000000e+00,2.0000000000000000e+00,0,1,8.7664045879113228e-01,9.9999999999999756e-01,1536,1536,1536,1536,0.0000000000000000e+00,2.0744160449229567e+00,2.3289406796722623e-01,1.4336828827059505e-14,6.0396132539608516e-14,2.0119893472283748e-16,8.4758196355203644e-16,3.7695369808696057e+01,-4.9738505209359310e-02,1.1269531761367238e+01,1.1625607299134952e+01,4.4408920985006262e-16,1.3423208792334611e+00,4.7510811659157255e-03,1.0517242565809382e-02,1.9940339026590537e+00,2.2386958893392134e-01,1.0434915276310956e-14,4.2632564145606011e-14,1.4644060153345952e-16,5.9829315074261653e-16,3.7680332008120700e+01,-5.0117592692135650e-02,1.1313708498984756e+01,1.1632731522625619e+01,6.1062266354383610e-16,1.3434053201191207e+00,9.4658665712614442e-17,4.9531482977069434e-11,1.9940339026590537e+00,2.2386958893392134e-01,1.0434915276310956e-14,4.2632564145606011e-14,1.4644060153345952e-16,5.9829315074261653e-16,3.7680332008120700e+01,-5.0117592692135650e-02,1.1313708498984756e+01,1.1632731522625619e+01,6.1062266354383610e-16,1.3434053201191207e+00,9.4658665712614442e-17,4.9531482977069434e-11,2.0339403820045145e+00,2.2834987741595519e-01,3.2044250753699774e+00,1.0523513867476623e+01,4.4969980414826818e-02,1.4768396869474079e-01,3.5257321509832437e+01,-1.1119919474782504e-01,nan,nan,2.5604922817817483e-02,nan,nan,nan,-6.4677659649891001e-02,nan,nan,nan,3.9668417604357430e+01,1.2566370614359172e+01,nan,nan,2.2826536899999983e-01,2.1648281700000016e-01,1.6047989999998791e-03,4.8570479999999971e-02,2.5202700999999994e-02,2.1617705999999792e-02,9.5394209000000174e-02,3.2365957800000000e-01,3.9549942999999965e-01,5,5,0,nan,32768,0,2160,4.6132812500000000e+01,4.6132812500000000e+01
exp3_remap,a,B_l2c,B,1,1,abc,1,8,2.9999999999999999e-01,1,8,0.0000000000000000e+00,1,uniform,0.0000000000000000e+00,2.0000000000000000e+00,0,1,8.7664045879113228e-01,9.9999999999999756e-01,1536,1536,1536,1536,0.0000000000000000e+00,2.0744160449229567e+00,2.3289406796722623e-01,1.4336828827059505e-14,6.0396132539608516e-14,2.0119893472283748e-16,8.4758196355203644e-16,3.7695369808696057e+01,-4.9738505209359310e-02,1.1269531761367238e+01,1.1625607299134952e+01,4.4408920985006262e-16,1.3423208792334611e+00,4.7510811659157255e-03,1.0517242565809382e-02,1.9940339026590537e+00,2.2386958893392134e-01,1.0434915276310956e-14,4.2632564145606011e-14,1.4644060153345952e-16,5.9829315074261653e-16,3.7680332008120700e+01,-5.0117592692135650e-02,1.1313708498984756e+01,1.1632731522625619e+01,6.1062266354383610e-16,1.3434053201191207e+00,9.4658665712614442e-17,4.9531482977069434e-11,1.9940339026590537e+00,2.2386958893392134e-01,1.0434915276310956e-14,4.2632564145606011e-14,1.4644060153345952e-16,5.9829315074261653e-16,3.7680332008120700e+01,-5.0117592692135650e-02,1.1313708498984756e+01,1.1632731522625619e+01,6.1062266354383610e-16,1.3434053201191207e+00,9.4658665712614442e-17,4.9531482977069434e-11,2.0272652172472867e+00,2.2760045866822273e-01,1.2215654464630284e-12,4.0678571622265736e-12,1.7143098343945211e-14,5.7087138133357994e-14,3.5243766901588394e+01,-1.1154089247772273e-01,nan,nan,5.5513821884956016e-06,nan,nan,nan,-6.5037242492898842e-02,nan,nan,nan,3.9668417604357430e+01,1.2566370614359172e+01,nan,nan,2.2855448799999989e-01,2.1639469799999977e-01,1.5442199999999850e-03,4.8795268999999752e-02,2.5254276999999714e-02,3.4813645099999979e-01,4.2218807000000025e-01,6.5074255800000014e-01,7.2286950099999991e-01,24,5,100,1.0523513867476623e+01,32768,0,2160,4.6242187500000000e+01,4.6242187500000000e+01
exp3_remap,a,A_pt,A,2,2,abc,1,8,2.9999999999999999e-01,1,8,0.0000000000000000e+00,1,uniform,0.0000000000000000e+00,2.0000000000000000e+00,0,1,9.0102538012759037e-01,9.9999999999998312e-01,12288,12288,12288,12288,0.0000000000000000e+00,2.2214277755491782e-01,2.4939903092691812e-02,9.2386329250841116e-14,5.1336712658667238e-13,1.2965231888058334e-15,7.2044466901923223e-15,3.9660626792931822e+01,-1.9639834145417906e-04,1.2556061256342881e+01,1.2560493004367755e+01,7.2164496600635175e-16,1.4136916877744272e+00,7.6816079662152270e-04,8.7057280168882580e-04,2.0254441727229264e-01,2.2739601054497086e-02,8.4790861886317085e-14,4.4053649617126212e-13,1.1899305830839918e-15,6.1823625576736998e-15,3.9658128469587318e+01,-2.5937850288692903e-04,1.2556590281248958e+01,1.2559878392954451e+01,8.8817841970012523e-16,1.4136671625649608e+00,1.7228396484440912e-15,8.0948539144800970e-11,2.0254441727229264e-01,2.2739601054497086e-02,8.4790861886317085e-14,4.4053649617126212e-13,1.1899305830839918e-15,6.1823625576736998e-15,3.9658128469587318e+01,-2.5937850288692903e-04,1.2556590281248958e+01,1.2559878392954451e+01,8.8817841970012523e-16,1.4136671625649608e+00,1.7228396484440912e-15,8.0948539144800970e-11,3.0915304436957514e-01,3.4708519683840512e-02,8.8488759534663062e-14,3.8369307731045410e-13,1.2418258157422099e-15,5.3846383566835445e-15,3.9663584528003582e+01,-1.2183688298462494e-04,1.2549489577505108e+01,1.2557799565606844e+01,8.3266726846886741e-16,1.4133354957065829e+00,7.3126288888047042e-03,8.4161414706431931e-03,7.4576105092906476e-05,-5.2338696854102910e-04,-5.2320230069691893e-04,9.9974804119531535e-01,3.9668417604357430e+01,1.2566370614359172e+01,nan,nan,3.4906598799999955e-01,3.1137925500000030e-01,3.7685683999999497e-02,1.0600861400000028e-01,2.5471779000000083e-02,0.0000000000000000e+00,1.3148132199999996e-01,4.8054730999999951e-01,1.5942110309999995e+00,0,0,0,nan,27648,0,2496,8.5125000000000000e+01,8.5125000000000000e+01
exp3_remap,a,A_int,A,2,2,abc,1,8,2.9999999999999999e-01,1,8,0.0000000000000000e+00,1,uniform,0.0000000000000000e+00,2.0000000000000000e+00,4,1,9.0102538012759037e-01,9.9999999999998312e-01,12288,12288,12288,12288,0.0000000000000000e+00,2.2214277755491782e-01,2.4939903092691812e-02,9.2386329250841116e-14,5.1336712658667238e-13,1.2965231888058334e-15,7.2044466901923223e-15,3.9660626792931822e+01,-1.9639834145417906e-04,1.2556061256342881e+01,1.2560493004367755e+01,7.2164496600635175e-16,1.4136916877744272e+00,7.6816079662152270e-04,8.7057280168882580e-04,2.0254441727229264e-01,2.2739601054497086e-02,8.4790861886317085e-14,4.4053649617126212e-13,1.1899305830839918e-15,6.1823625576736998e-15,3.9658128469587318e+01,-2.5937850288692903e-04,1.2556590281248958e+01,1.2559878392954451e+01,8.8817841970012523e-16,1.4136671625649608e+00,1.7228396484440912e-15,8.0948539144800970e-11,2.0254441727229264e-01,2.2739601054497086e-02,8.4790861886317085e-14,4.4053649617126212e-13,1.1899305830839918e-15,6.1823625576736998e-15,3.9658128469587318e+01,-2.5937850288692903e-04,1.2556590281248958e+01,1.2559878392954451e+01,8.8817841970012523e-16,1.4136671625649608e+00,1.7228396484440912e-15,8.0948539144800970e-11,2.5958225729626228e-01,2.9143222268167158e-02,8.7349278919007031e-14,4.6895820560166612e-13,1.2258346723190140e-15,6.5812246581687770e-15,3.9641450801389503e+01,-6.7980536145622391e-04,1.2546916330103789e+01,1.2552761725915696e+01,1.0547118733938987e-15,1.4131647570255550e+00,5.5840306249395656e-03,6.4114031916872819e-03,-4.8350197898880810e-04,-7.2832762220493251e-04,-7.2807064467227958e-04,9.9962726614761255e-01,3.9668417604357430e+01,1.2566370614359172e+01,nan,nan,1.3087707190000009e+00,1.1407080550000002e+00,1.6806171600000042e-01,3.9577834600000017e-01,1.0839600699999963e-01,0.0000000000000000e+00,5.0417518799999961e-01,1.8129459070000005e+00,2.9717787940000004e+00,0,0,0,nan,110592,0,9792,9.8449218750000000e+01,9.8449218750000000e+01
exp3_remap,a,A_l2,A,2,2,abc,1,8,2.9999999999999999e-01,1,8,0.0000000000000000e+00,1,uniform,0.0000000000000000e+00,2.0000000000000000e+00,0,1,9.0102538012759037e-01,9.9999999999998312e-01,12288,12288,12288,12288,0.0000000000000000e+00,2.2214277755491782e-01,2.4939903092691812e-02,9.2386329250841116e-14,5.1336712658667238e-13,1.2965231888058334e-15,7.2044466901923223e-15,3.9660626792931822e+01,-1.9639834145417906e-04,1.2556061256342881e+01,1.2560493004367755e+01,7.2164496600635175e-16,1.4136916877744272e+00,7.6816079662152270e-04,8.7057280168882580e-04,2.0254441727229264e-01,2.2739601054497086e-02,8.4790861886317085e-14,4.4053649617126212e-13,1.1899305830839918e-15,6.1823625576736998e-15,3.9658128469587318e+01,-2.5937850288692903e-04,1.2556590281248958e+01,1.2559878392954451e+01,8.8817841970012523e-16,1.4136671625649608e+00,1.7228396484440912e-15,8.0948539144800970e-11,2.0254441727229264e-01,2.2739601054497086e-02,8.4790861886317085e-14,4.4053649617126212e-13,1.1899305830839918e-15,6.1823625576736998e-15,3.9658128469587318e+01,-2.5937850288692903e-04,1.2556590281248958e+01,1.2559878392954451e+01,8.8817841970012523e-16,1.4136671625649608e+00,1.7228396484440912e-15,8.0948539144800970e-11,2.6910494837844606e-01,3.0212331943419109e-02,8.6301988513033043e-14,4.2632564145606011e-13,1.2111372997989689e-15,5.9829315074261607e-15,3.9671238274467832e+01,7.1106191795578585e-05,1.2555852114688367e+01,1.2561733273306691e+01,8.3266726846886741e-16,1.4136411778422664e+00,4.2276084422757888e-03,4.9460062850274940e-03,2.6755708101671366e-04,-1.6656629037083528e-05,-1.6650752039834254e-05,9.9996427089966100e-01,3.9668417604357430e+01,1.2566370614359172e+01,nan,nan,1.2089619960000011e+00,1.1533698120000011e+00,3.5914969000000241e-02,3.9645044100000071e-01,2.7573113599999921e-01,1.8167468600000092e-01,8.5385973400000026e-01,2.0628217300000014e+00,3.2117635940000007e+00,18,18,0,nan,110592,0,8592,1.0562890625000000e+02,1.0562890625000000e+02
exp3_remap,a,B_pt,B,2,2,abc,1,8,2.9999999999999999e-01,1,8,0.0000000000000000e+00,1,uniform,0.0000000000000000e+00,2.0000000000000000e+00,0,1,9.0102538012759037e-01,9.9999999999998312e-01,12288,12288,12288,12288,0.0000000000000000e+00,2.2214277755491782e-01,2.4939903092691812e-02,9.2386329250841116e-14,5.1336712658667238e-13,1.2965231888058334e-15,7.2044466901923223e-15,3.9660626792931822e+01,-1.9639834145417906e-04,1.2556061256342881e+01,1.2560493004367755e+01,7.2164496600635175e-16,1.4136916877744272e+00,7.6816079662152270e-04,8.7057280168882580e-04,2.0254441727229264e-01,2.2739601054497086e-02,8.4790861886317085e-14,4.4053649617126212e-13,1.1899305830839918e-15,6.1823625576736998e-15,3.9658128469587318e+01,-2.5937850288692903e-04,1.2556590281248958e+01,1.2559878392954451e+01,8.8817841970012523e-16,1.4136671625649608e+00,1.7228396484440912e-15,8.0948539144800970e-11,2.0254441727229264e-01,2.2739601054497086e-02,8.4790861886317085e-14,4.4053649617126212e-13,1.1899305830839918e-15,6.1823625576736998e-15,3.9658128469587318e+01,-2.5937850288692903e-04,1.2556590281248958e+01,1.2559878392954451e+01,8.8817841970012523e-16,1.4136671625649608e+00,1.7228396484440912e-15,8.0948539144800970e-11,2.9831505529384933e-01,3.3491741896854249e-02,1.8500045993943512e+00,1.2374998264447726e+01,2.5962432775089282e-02,1.7366716852366310e-01,3.9909277585580561e+01,6.0718323484795118e-03,nan,nan,5.9220859058273512e-03,nan,nan,nan,6.2694620018726686e-03,nan,nan,nan,3.9668417604357430e+01,1.2566370614359172e+01,nan,nan,2.3653830900000017e-01,2.0331376099999865e-01,3.3223503999998627e-02,6.0906888999999964e-02,2.2517043000000569e-02,0.0000000000000000e+00,8.3424677000000003e-02,3.1996298600000017e-01,8.8587503199999951e-01,0,0,0,nan,18432,0,1632,1.0562890625000000e+02,1.0562890625000000e+02
exp3_remap,a,B_int,B,2,2,abc,1,8,2.9999999999999999e-01,1,8,0.0000000000000000e+00,1,uniform,0.0000000000000000e+00,2.0000000000000000e+00,4,1,9.0102538012759037e-01,9.9999999999998312e-01,12288,12288,12288,12288,0.0000000000000000e+00,2.2214277755491782e-01,2.4939903092691812e-02,9.2386329250841116e-14,5.1336712658667238e-13,1.2965231888058334e-15,7.2044466901923223e-15,3.9660626792931822e+01,-1.9639834145417906e-04,1.2556061256342881e+01,1.2560493004367755e+01,7.2164496600635175e-16,1.4136916877744272e+00,7.6816079662152270e-04,8.7057280168882580e-04,2.0254441727229264e-01,2.2739601054497086e-02,8.4790861886317085e-14,4.4053649617126212e-13,1.1899305830839918e-15,6.1823625576736998e-15,3.9658128469587318e+01,-2.5937850288692903e-04,1.2556590281248958e+01,1.2559878392954451e+01,8.8817841970012523e-16,1.4136671625649608e+00,1.7228396484440912e-15,8.0948539144800970e-11,2.0254441727229264e-01,2.2739601054497086e-02,8.4790861886317085e-14,4.4053649617126212e-13,1.1899305830839918e-15,6.1823625576736998e-15,3.9658128469587318e+01,-2.5937850288692903e-04,1.2556590281248958e+01,1.2559878392954451e+01,8.8817841970012523e-16,1.4136671625649608e+00,1.7228396484440912e-15,8.0948539144800970e-11,2.5063471574128832e-01,2.8138684458047642e-02,4.3181986368159897e-01,1.9890096363759042e+00,6.0600358428578955e-03,2.7913189507917862e-02,3.9639215459771300e+01,-7.3615602410421620e-04,nan,nan,3.9037632019045532e-04,nan,nan,nan,-5.3986371098748646e-04,nan,nan,nan,3.9668417604357430e+01,1.2566370614359172e+01,nan,nan,2.9837189190000011e+00,2.5327455939999997e+00,4.5097196799999928e-01,7.7827591400000173e-01,2.4080054299999887e-01,0.0000000000000000e+00,1.0190774390000001e+00,4.0027963580000012e+00,4.4367128689999991e+00,0,0,0,nan,294912,0,24000,1.4801562500000000e+02,1.4801562500000000e+02
exp3_remap,a,B_l2,B,2,2,abc,1,8,2.9999999999999999e-01,1,8,0.0000000000000000e+00,1,uniform,0.0000000000000000e+00,2.0000000000000000e+00,0,1,9.0102538012759037e-01,9.9999999999998312e-01,12288,12288,12288,12288,0.0000000000000000e+00,2.2214277755491782e-01,2.4939903092691812e-02,9.2386329250841116e-14,5.1336712658667238e-13,1.2965231888058334e-15,7.2044466901923223e-15,3.9660626792931822e+01,-1.9639834145417906e-04,1.2556061256342881e+01,1.2560493004367755e+01,7.2164496600635175e-16,1.4136916877744272e+00,7.6816079662152270e-04,8.7057280168882580e-04,2.0254441727229264e-01,2.2739601054497086e-02,8.4790861886317085e-14,4.4053649617126212e-13,1.1899305830839918e-15,6.1823625576736998e-15,3.9658128469587318e+01,-2.5937850288692903e-04,1.2556590281248958e+01,1.2559878392954451e+01,8.8817841970012523e-16,1.4136671625649608e+00,1.7228396484440912e-15,8.0948539144800970e-11,2.0254441727229264e-01,2.2739601054497086e-02,8.4790861886317085e-14,4.4053649617126212e-13,1.1899305830839918e-15,6.1823625576736998e-15,3.9658128469587318e+01,-2.5937850288692903e-04,1.2556590281248958e+01,1.2559878392954451e+01,8.8817841970012523e-16,1.4136671625649608e+00,1.7228396484440912e-15,8.0948539144800970e-11,2.3393919238455940e-01,2.6264283051971524e-02,6.4059350705431806e-01,3.3875654414030114e+00,8.9899051432094489e-03,4.7540119669126198e-02,3.9643224639528412e+01,-6.3508872676206461e-04,nan,nan,8.5610911789191224e-04,nan,nan,nan,-4.3877656029659676e-04,nan,nan,nan,3.9668417604357430e+01,1.2566370614359172e+01,nan,nan,9.6774768799999933e-01,9.2102113700000032e-01,3.3417710000001932e-02,3.5755987199999950e-01,2.6307627100000275e-01,7.1388952999999589e-02,6.9202864499999706e-01,1.6597763329999964e+00,2.2208679039999986e+00,6,6,0,nan,110592,0,8592,1.4851171875000000e+02,1.4851171875000000e+02
exp3_remap,a,B_l2c,B,2,2,abc,1,8,2.9999999999999999e-01,1,8,0.0000000000000000e+00,1,uniform,0.0000000000000000e+00,2.0000000000000000e+00,0,1,9.0102538012759037e-01,9.9999999999998312e-01,12288,12288,12288,12288,0.0000000000000000e+00,2.2214277755491782e-01,2.4939903092691812e-02,9.2386329250841116e-14,5.1336712658667238e-13,1.2965231888058334e-15,7.2044466901923223e-15,3.9660626792931822e+01,-1.9639834145417906e-04,1.2556061256342881e+01,1.2560493004367755e+01,7.2164496600635175e-16,1.4136916877744272e+00,7.6816079662152270e-04,8.7057280168882580e-04,2.0254441727229264e-01,2.2739601054497086e-02,8.4790861886317085e-14,4.4053649617126212e-13,1.1899305830839918e-15,6.1823625576736998e-15,3.9658128469587318e+01,-2.5937850288692903e-04,1.2556590281248958e+01,1.2559878392954451e+01,8.8817841970012523e-16,1.4136671625649608e+00,1.7228396484440912e-15,8.0948539144800970e-11,2.0254441727229264e-01,2.2739601054497086e-02,8.4790861886317085e-14,4.4053649617126212e-13,1.1899305830839918e-15,6.1823625576736998e-15,3.9658128469587318e+01,-2.5937850288692903e-04,1.2556590281248958e+01,1.2559878392954451e+01,8.8817841970012523e-16,1.4136671625649608e+00,1.7228396484440912e-15,8.0948539144800970e-11,2.3363024462511564e-01,2.6229597579564810e-02,4.4415526651227817e-13,1.9693136010801027e-12,6.2331473404455230e-15,2.7636781010084698e-14,3.9643152412262808e+01,-6.3690950182612759e-04,nan,nan,9.3591883132404519e-09,nan,nan,nan,-4.4059769302810781e-04,nan,nan,nan,3.9668417604357430e+01,1.2566370614359172e+01,nan,nan,1.2003810470000005e+00,1.1327381070000015e+00,3.1956996000001681e-02,3.7137615199999985e-01,2.5329324799999853e-01,2.0249816030000005e+00,2.6496529850000030e+00,3.8500340320000035e+00,4.4172057100000011e+00,29,6,180,3.3875654414030114e+00,110592,0,8592,1.4857421875000000e+02,1.4857421875000000e+02
exp3_remap,a,A_pt,A,3,3,abc,1,8,2.9999999999999999e-01,1,8,0.0000000000000000e+00,1,uniform,0.0000000000000000e+00,2.0000000000000000e+00,0,1,9.0977720054037048e-01,9.9999999999996692e-01,41472,41472,41472,41472,0.0000000000000000e+00,1.7649500889531839e-02,1.9815041779176297e-03,2.3294829563109238e-13,1.7671419882958617e-12,3.2691294212856078e-15,2.4799562709297072e-14,3.9668444320879388e+01,6.7349603467311972e-07,1.2566329582044686e+01,1.2566363386562230e+01,1.2212453270876722e-15,1.4142122709952341e+00,6.4570412734713838e-05,8.9503416399397100e-05,1.3464715461453914e-02,1.5116795714698106e-03,2.2862620972623772e-13,1.8287593661625579e-12,3.2084745100548095e-15,2.5664283278730243e-14,3.9668387313158419e+01,-7.6360996580583265e-07,1.2566332157433365e+01,1.2566346644016324e+01,1.1934897514720433e-15,1.4142114073134975e+00,2.7932756189736299e-15,0.0000000000000000e+00,1.3464715461453914e-02,1.5116795714698106e-03,2.2862620972623772e-13,1.8287593661625579e-12,3.2084745100548095e-15,2.5664283278730243e-14,3.9668387313158419e+01,-7.6360996580583265e-07,1.2566332157433365e+01,1.2566346644016324e+01,1.1934897514720433e-15,1.4142114073134975e+00,2.7932756189736299e-15,0.0000000000000000e+00,3.8757699157624580e-02,4.3513152744653191e-03,2.2757313854023183e-13,1.4015455462867976e-12,3.1936960117294471e-15,1.9668887330663586e-14,3.9668899453414710e+01,1.2146919044920143e-05,1.2566285169704823e+01,1.2566411791849934e+01,1.6098233857064770e-15,1.4142095660132636e+00,6.9116251862252182e-04,1.0008989093239812e-03,1.1473415282947326e-05,-3.5342332518550188e-06,-3.5342237444863161e-06,9.9999808728715911e-01,3.9668417604357430e+01,1.2566370614359172e+01,nan,nan,1.1402374290000026e+00,9.8211603499999711e-01,1.5811994399999918e-01,5.0565253100000263e-01,1.7875949900000165e-01,0.0000000000000000e+00,6.8441287000000273e-01,1.8246502990000053e+00,7.0532632309999954e+00,0,0,0,nan,73728,0,6480,2.3454296875000000e+02,2.3454296875000000e+02
exp3_remap,a,A_int,A,3,3,abc,1,8,2.9999999999999999e-01,1,8,0.0000000000000000e+00,1,uniform,0.0000000000000000e+00,2.0000000000000000e+00,5,1,9.0977720054037048e-01,9.9999999999996692e-01,41472,41472,41472,41472,0.0000000000000000e+00,1.7649500889531839e-02,1.9815041779176297e-03,2.3294829563109238e-13,1.7671419882958617e-12,3.2691294212856078e-15,2.4799562709297072e-14,3.9668444320879388e+01,6.7349603467311972e-07,1.2566329582044686e+01,1.2566363386562230e+01,1.2212453270876722e-15,1.4142122709952341e+00,6.4570412734713838e-05,8.9503416399397100e-05,1.3464715461453914e-02,1.5116795714698106e-03,2.2862620972623772e-13,1.8287593661625579e-12,3.2084745100548095e-15,2.5664283278730243e-14,3.9668387313158419e+01,-7.6360996580583265e-07,1.2566332157433365e+01,1.2566346644016324e+01,1.1934897514720433e-15,1.4142114073134975e+00,2.7932756189736299e-15,0.0000000000000000e+00,1.3464715461453914e-02,1.5116795714698106e-03,2.2862620972623772e-13,1.8287593661625579e-12,3.2084745100548095e-15,2.5664283278730243e-14,3.9668387313158419e+01,-7.6360996580583265e-07,1.2566332157433365e+01,1.2566346644016324e+01,1.1934897514720433e-15,1.4142114073134975e+00,2.7932756189736299e-15,0.0000000000000000e+00,2.1662500707792284e-02,2.4320424654101030e-03,2.2817480798049524e-13,1.7310597399955441e-12,3.2021396677078046e-15,2.4293194808278409e-14,3.9668263206930959e+01,-3.8922002891703301e-06,1.2566247173954656e+01,1.2566288160699900e+01,1.2767564783189300e-15,1.4142070485131135e+00,5.6614279362142731e-04,7.6917056964922982e-04,-4.5656932488671511e-06,-6.5578488525302179e-06,-6.5578312113949291e-06,9.9999630714410581e-01,3.9668417604357430e+01,1.2566370614359172e+01,nan,nan,6.3724083330000028e+00,5.2926642939999979e+00,1.0797427529999979e+00,2.6638409900000042e+00,7.3954020300000423e-01,0.0000000000000000e+00,3.4033819500000035e+00,9.7757902830000063e+00,1.5722387703000003e+01,0,0,0,nan,368640,0,32016,2.9571875000000000e+02,2.9571875000000000e+02
exp3_remap,a,A_l2,A,3,3,abc,1,8,2.9999999999999999e-01,1,8,0.0000000000000000e+00,1,uniform,0.0000000000000000e+00,2.0000000000000000e+00,0,1,9.0977720054037048e-01,9.9999999999996692e-01,41472,41472,41472,41472,0.0000000000000000e+00,1.7649500889531839e-02,1.9815041779176297e-03,2.3294829563109238e-13,1.7671419882958617e-12,3.2691294212856078e-15,2.4799562709297072e-14,3.9668444320879388e+01,6.7349603467311972e-07,1.2566329582044686e+01,1.2566363386562230e+01,1.2212453270876722e-15,1.4142122709952341e+00,6.4570412734713838e-05,8.9503416399397100e-05,1.3464715461453914e-02,1.5116795714698106e-03,2.2862620972623772e-13,1.8287593661625579e-12,3.2084745100548095e-15,2.5664283278730243e-14,3.9668387313158419e+01,-7.6360996580583265e-07,1.2566332157433365e+01,1.2566346644016324e+01,1.1934897514720433e-15,1.4142114073134975e+00,2.7932756189736299e-15,0.0000000000000000e+00,1.3464715461453914e-02,1.5116795714698106e-03,2.2862620972623772e-13,1.8287593661625579e-12,3.2084745100548095e-15,2.5664283278730243e-14,3.9668387313158419e+01,-7.6360996580583265e-07,1.2566332157433365e+01,1.2566346644016324e+01,1.1934897514720433e-15,1.4142114073134975e+00,2.7932756189736299e-15,0.0000000000000000e+00,2.7652671148497100e-02,3.1045571064181950e-03,2.2975848520808670e-13,1.3926637620897964e-12,3.2243645387012298e-15,1.9544242924258875e-14,3.9668681961958121e+01,6.6641831627467851e-06,1.2566333016163853e+01,1.2566396681790112e+01,1.5543122344752192e-15,1.4142117610355076e+00,4.4528190265816128e-04,6.1831771148359736e-04,5.9906830933723570e-06,2.7327941260737970e-07,2.7327867746401215e-07,9.9999963940369008e-01,3.9668417604357430e+01,1.2566370614359172e+01,nan,nan,4.2780907309999989e+00,4.0368078519999955e+00,1.9135988899999745e-01,1.9435494900000023e+00,1.3604555729999959e+00,3.9158641800000282e-01,3.6955961159999973e+00,7.9736868469999962e+00,1.3919287983000004e+01,15,15,0,nan,262144,0,21024,2.9863671875000000e+02,2.9863671875000000e+02
exp3_remap,a,B_pt,B,3,3,abc,1,8,2.9999999999999999e-01,1,8,0.0000000000000000e+00,1,uniform,0.0000000000000000e+00,2.0000000000000000e+00,0,1,9.0977720054037048e-01,9.9999999999996692e-01,41472,41472,41472,41472,0.0000000000000000e+00,1.7649500889531839e-02,1.9815041779176297e-03,2.3294829563109238e-13,1.7671419882958617e-12,3.2691294212856078e-15,2.4799562709297072e-14,3.9668444320879388e+01,6.7349603467311972e-07,1.2566329582044686e+01,1.2566363386562230e+01,1.2212453270876722e-15,1.4142122709952341e+00,6.4570412734713838e-05,8.9503416399397100e-05,1.3464715461453914e-02,1.5116795714698106e-03,2.2862620972623772e-13,1.8287593661625579e-12,3.2084745100548095e-15,2.5664283278730243e-14,3.9668387313158419e+01,-7.6360996580583265e-07,1.2566332157433365e+01,1.2566346644016324e+01,1.1934897514720433e-15,1.4142114073134975e+00,2.7932756189736299e-15,0.0000000000000000e+00,1.3464715461453914e-02,1.5116795714698106e-03,2.2862620972623772e-13,1.8287593661625579e-12,3.2084745100548095e-15,2.5664283278730243e-14,3.9668387313158419e+01,-7.6360996580583265e-07,1.2566332157433365e+01,1.2566346644016324e+01,1.1934897514720433e-15,1.4142114073134975e+00,2.7932756189736299e-15,0.0000000000000000e+00,2.0915164343358425e-02,2.3481392356415037e-03,3.5597141591491110e-01,3.2109456831213379e+00,4.9956005290850867e-03,4.5061488749699674e-02,3.9666919988490555e+01,-3.7753355372309111e-05,nan,nan,1.1710996013046260e-03,nan,nan,nan,-3.8426825526667608e-05,nan,nan,nan,3.9668417604357430e+01,1.2566370614359172e+01,nan,nan,8.8924257100001114e-01,7.4515904099999375e-01,1.4408222000000137e-01,3.0885355800000980e-01,9.5218746000000465e-02,0.0000000000000000e+00,4.0407337199999915e-01,1.2933159430000103e+00,3.7117507760000024e+00,0,0,0,nan,55296,0,4608,2.9875781250000000e+02,2.9875781250000000e+02
exp3_remap,a,B_int,B,3,3,abc,1,8,2.9999999999999999e-01,1,8,0.0000000000000000e+00,1,uniform,0.0000000000000000e+00,2.0000000000000000e+00,5,1,9.0977720054037048e-01,9.9999999999996692e-01,41472,41472,41472,41472,0.0000000000000000e+00,1.7649500889531839e-02,1.9815041779176297e-03,2.3294829563109238e-13,1.7671419882958617e-12,3.2691294212856078e-15,2.4799562709297072e-14,3.9668444320879388e+01,6.7349603467311972e-07,1.2566329582044686e+01,1.2566363386562230e+01,1.2212453270876722e-15,1.4142122709952341e+00,6.4570412734713838e-05,8.9503416399397100e-05,1.3464715461453914e-02,1.5116795714698106e-03,2.2862620972623772e-13,1.8287593661625579e-12,3.2084745100548095e-15,2.5664283278730243e-14,3.9668387313158419e+01,-7.6360996580583265e-07,1.2566332157433365e+01,1.2566346644016324e+01,1.1934897514720433e-15,1.4142114073134975e+00,2.7932756189736299e-15,0.0000000000000000e+00,1.3464715461453914e-02,1.5116795714698106e-03,2.2862620972623772e-13,1.8287593661625579e-12,3.2084745100548095e-15,2.5664283278730243e-14,3.9668387313158419e+01,-7.6360996580583265e-07,1.2566332157433365e+01,1.2566346644016324e+01,1.1934897514720433e-15,1.4142114073134975e+00,2.7932756189736299e-15,0.0000000000000000e+00,1.7137702688237191e-02,1.9240447471686880e-03,7.5161261168800619e-02,7.3199065496243065e-01,1.0547915345857821e-03,1.0272546445385765e-02,3.9668119736955219e+01,-7.5089307867312731e-06,nan,nan,5.0425422202959869e-05,nan,nan,nan,-8.1824213105760860e-06,nan,nan,nan,3.9668417604357430e+01,1.2566370614359172e+01,nan,nan,2.4474177374999996e+01,2.0808642608999989e+01,3.6655338430000057e+00,8.5339068450000042e+00,2.3139952370000003e+00,0.0000000000000000e+00,1.0847902790999996e+01,3.5322080165999992e+01,3.7894834174000010e+01,0,0,0,nan,1382400,0,113568,5.1862890625000000e+02,5.1862890625000000e+02
exp3_remap,a,B_l2,B,3,3,abc,1,8,2.9999999999999999e-01,1,8,0.0000000000000000e+00,1,uniform,0.0000000000000000e+00,2.0000000000000000e+00,0,1,9.0977720054037048e-01,9.9999999999996692e-01,41472,41472,41472,41472,0.0000000000000000e+00,1.7649500889531839e-02,1.9815041779176297e-03,2.3294829563109238e-13,1.7671419882958617e-12,3.2691294212856078e-15,2.4799562709297072e-14,3.9668444320879388e+01,6.7349603467311972e-07,1.2566329582044686e+01,1.2566363386562230e+01,1.2212453270876722e-15,1.4142122709952341e+00,6.4570412734713838e-05,8.9503416399397100e-05,1.3464715461453914e-02,1.5116795714698106e-03,2.2862620972623772e-13,1.8287593661625579e-12,3.2084745100548095e-15,2.5664283278730243e-14,3.9668387313158419e+01,-7.6360996580583265e-07,1.2566332157433365e+01,1.2566346644016324e+01,1.1934897514720433e-15,1.4142114073134975e+00,2.7932756189736299e-15,0.0000000000000000e+00,1.3464715461453914e-02,1.5116795714698106e-03,2.2862620972623772e-13,1.8287593661625579e-12,3.2084745100548095e-15,2.5664283278730243e-14,3.9668387313158419e+01,-7.6360996580583265e-07,1.2566332157433365e+01,1.2566346644016324e+01,1.1934897514720433e-15,1.4142114073134975e+00,2.7932756189736299e-15,0.0000000000000000e+00,1.6240371421103416e-02,1.8233016346052996e-03,1.4010476752462234e-01,9.5146552951001473e-01,1.9661900351590233e-03,1.3352593748040178e-02,3.9668224674958857e+01,-4.8635516671409671e-06,nan,nan,1.8949787334743284e-05,nan,nan,nan,-5.5370439726369276e-06,nan,nan,nan,3.9668417604357430e+01,1.2566370614359172e+01,nan,nan,3.6071625809999972e+00,3.3706057630000004e+00,1.7057641400000989e-01,1.4523771699999912e+00,1.1728934940000073e+00,1.6772943700000553e-01,2.7930047290000033e+00,6.4001673100000005e+00,9.0647028199999937e+00,6,6,0,nan,262144,0,21024,5.1887890625000000e+02,5.1887890625000000e+02
exp3_remap,a,B_l2c,B,3,3,abc,1,8,2.9999999999999999e-01,1,8,0.0000000000000000e+00,1,uniform,0.0000000000000000e+00,2.0000000000000000e+00,0,1,9.0977720054037048e-01,9.9999999999996692e-01,41472,41472,41472,41472,0.0000000000000000e+00,1.7649500889531839e-02,1.9815041779176297e-03,2.3294829563109238e-13,1.7671419882958617e-12,3.2691294212856078e-15,2.4799562709297072e-14,3.9668444320879388e+01,6.7349603467311972e-07,1.2566329582044686e+01,1.2566363386562230e+01,1.2212453270876722e-15,1.4142122709952341e+00,6.4570412734713838e-05,8.9503416399397100e-05,1.3464715461453914e-02,1.5116795714698106e-03,2.2862620972623772e-13,1.8287593661625579e-12,3.2084745100548095e-15,2.5664283278730243e-14,3.9668387313158419e+01,-7.6360996580583265e-07,1.2566332157433365e+01,1.2566346644016324e+01,1.1934897514720433e-15,1.4142114073134975e+00,2.7932756189736299e-15,0.0000000000000000e+00,1.3464715461453914e-02,1.5116795714698106e-03,2.2862620972623772e-13,1.8287593661625579e-12,3.2084745100548095e-15,2.5664283278730243e-14,3.9668387313158419e+01,-7.6360996580583265e-07,1.2566332157433365e+01,1.2566346644016324e+01,1.1934897514720433e-15,1.4142114073134975e+00,2.7932756189736299e-15,0.0000000000000000e+00,1.6149824339404741e-02,1.8131359408665834e-03,1.1287835720973199e-13,5.4800608495497727e-13,1.5841024188694468e-15,7.6905598751707435e-15,3.9668223208540944e+01,-4.9005185541982295e-06,nan,nan,9.7899710560511721e-09,nan,nan,nan,-5.5740108347971542e-06,nan,nan,nan,3.9668417604357430e+01,1.2566370614359172e+01,nan,nan,4.1797157389999882e+00,3.9386875230000129e+00,1.4343104099999948e-01,1.6664288009999950e+00,1.2330866859999787e+00,7.4791768409999975e+00,1.0378693800000008e+01,1.4558409538999996e+01,1.7104461719999989e+01,39,6,240,9.5146552951001473e-01,262144,0,21024,5.1893750000000000e+02,5.1893750000000000e+02
exp3_remap,a,A_pt,A,4,4,abc,1,8,2.9999999999999999e-01,1,8,0.0000000000000000e+00,1,uniform,0.0000000000000000e+00,2.0000000000000000e+00,0,1,9.1003834055708710e-01,9.9999999999991895e-01,98304,98304,98304,98304,0.0000000000000000e+00,1.3436109025258115e-03,1.5084679354472250e-04,4.8566673458531736e-13,4.4396708531735385e-12,6.8157073511581134e-15,6.2305064596475042e-14,3.9668418199399760e+01,1.5000405007601034e-08,1.2566370516501651e+01,1.2566370756820865e+01,3.3306690738754696e-15,1.4142135677508110e+00,5.3146427157398815e-06,7.4616159120984091e-06,6.6688357420060184e-04,7.4870819108936501e-05,4.7343272240734675e-13,4.0074610296869650e-12,6.6440187408464687e-15,5.6239556169805856e-14,3.9668417548663307e+01,-1.4039915493131647e-09,1.2566370525896859e+01,1.2566370561382472e+01,4.1633363423443370e-15,1.4142135574086603e+00,2.8191254053514921e-15,0.0000000000000000e+00,6.6688357420060184e-04,7.4870819108936501e-05,4.7343272240734675e-13,4.0074610296869650e-12,6.6440187408464687e-15,5.6239556169805856e-14,3.9668417548663307e+01,-1.4039915493131647e-09,1.2566370525896859e+01,1.2566370561382472e+01,4.1633363423443370e-15,1.4142135574086603e+00,2.8191254053514921e-15,0.0000000000000000e+00,5.9237246682996335e-03,6.6505479404414824e-04,4.7244222481873519e-13,4.5190517994342372e-12,6.6301183824005298e-15,6.3419073978717239e-14,3.9668444285293951e+01,6.7259896241845118e-07,1.2566373524138324e+01,1.2566376410643894e+01,3.7747582837255322e-15,1.4142137367961125e+00,7.2067148047735705e-05,1.0923188578949354e-04,6.5759854754660559e-07,2.3934012363374327e-07,2.3934011905660391e-07,1.0000001195330785e+00,3.9668417604357430e+01,1.2566370614359172e+01,nan,nan,3.1245783349999954e+00,2.6059547499999951e+00,5.1862188599997694e-01,1.3291099649999865e+00,3.7559571299999561e-01,0.0000000000000000e+00,1.7047067659999868e+00,4.8292851009999822e+00,1.9888919912000006e+01,0,0,0,nan,153600,0,13776,6.6828906250000000e+02,6.6828906250000000e+02
exp3_remap,a,A_int,A,4,4,abc,1,8,2.9999999999999999e-01,1,8,0.0000000000000000e+00,1,uniform,0.0000000000000000e+00,2.0000000000000000e+00,6,1,9.1003834055708710e-01,9.9999999999991895e-01,98304,98304,98304,98304,0.0000000000000000e+00,1.3436109025258115e-03,1.5084679354472250e-04,4.8566673458531736e-13,4.4396708531735385e-12,6.8157073511581134e-15,6.2305064596475042e-14,3.9668418199399760e+01,1.5000405007601034e-08,1.2566370516501651e+01,1.2566370756820865e+01,3.3306690738754696e-15,1.4142135677508110e+00,5.3146427157398815e-06,7.4616159120984091e-06,6.6688357420060184e-04,7.4870819108936501e-05,4.7343272240734675e-13,4.0074610296869650e-12,6.6440187408464687e-15,5.6239556169805856e-14,3.9668417548663307e+01,-1.4039915493131647e-09,1.2566370525896859e+01,1.2566370561382472e+01,4.1633363423443370e-15,1.4142135574086603e+00,2.8191254053514921e-15,0.0000000000000000e+00,6.6688357420060184e-04,7.4870819108936501e-05,4.7343272240734675e-13,4.0074610296869650e-12,6.6440187408464687e-15,5.6239556169805856e-14,3.9668417548663307e+01,-1.4039915493131647e-09,1.2566370525896859e+01,1.2566370561382472e+01,4.1633363423443370e-15,1.4142135574086603e+00,2.8191254053514921e-15,0.0000000000000000e+00,1.9697272797261243e-03,2.2114069165834782e-04,4.6799610575324300e-13,4.3485215428518131e-12,6.5677228254458757e-15,6.1025901375746774e-14,3.9668409468711047e+01,-2.0509127597424211e-07,1.2566367407506203e+01,1.2566367762816819e+01,3.4972025275692431e-15,1.4142133871812193e+00,5.8501230541828413e-05,8.5150998204555902e-05,-2.2009167768037885e-07,-2.4740599877739096e-07,-2.4740599404599981e-07,9.9999987231801768e-01,3.9668417604357430e+01,1.2566370614359172e+01,nan,nan,1.8759392415999997e+01,1.5849734615000017e+01,2.9096563239999966e+00,7.9219882090000056e+00,2.1021906070000114e+00,0.0000000000000000e+00,1.0024179987999986e+01,2.8783572403999983e+01,4.4463722138000008e+01,0,0,0,nan,921600,0,84048,7.9653125000000000e+02,7.9653125000000000e+02
exp3_remap,a,A_l2,A,4,4,abc,1,8,2.9999999999999999e-01,1,8,0.0000000000000000e+00,1,uniform,0.0000000000000000e+00,2.0000000000000000e+00,0,1,9.1003834055708710e-01,9.9999999999991895e-01,98304,98304,98304,98304,0.0000000000000000e+00,1.3436109025258115e-03,1.5084679354472250e-04,4.8566673458531736e-13,4.4396708531735385e-12,6.8157073511581134e-15,6.2305064596475042e-14,3.9668418199399760e+01,1.5000405007601034e-08,1.2566370516501651e+01,1.2566370756820865e+01,3.3306690738754696e-15,1.4142135677508110e+00,5.3146427157398815e-06,7.4616159120984091e-06,6.6688357420060184e-04,7.4870819108936501e-05,4.7343272240734675e-13,4.0074610296869650e-12,6.6440187408464687e-15,5.6239556169805856e-14,3.9668417548663307e+01,-1.4039915493131647e-09,1.2566370525896859e+01,1.2566370561382472e+01,4.1633363423443370e-15,1.4142135574086603e+00,2.8191254053514921e-15,0.0000000000000000e+00,6.6688357420060184e-04,7.4870819108936501e-05,4.7343272240734675e-13,4.0074610296869650e-12,6.6440187408464687e-15,5.6239556169805856e-14,3.9668417548663307e+01,-1.4039915493131647e-09,1.2566370525896859e+01,1.2566370561382472e+01,4.1633363423443370e-15,1.4142135574086603e+00,2.8191254053514921e-15,0.0000000000000000e+00,3.3696155447656292e-03,3.7830572783446474e-04,4.7735415960134695e-13,5.7894800065128038e-12,6.6990510632332857e-15,8.1247898259831175e-14,3.9668422169378758e+01,1.1507949153890391e-07,1.2566370262342442e+01,1.2566371193071062e+01,3.6082248300317588e-15,1.4142135457359646e+00,4.3014800938978381e-05,6.4763613072470547e-05,1.0007908503007606e-07,-2.0225347398476392e-08,-2.0225347011686946e-08,9.9999998443315286e-01,3.9668417604357430e+01,1.2566370614359172e+01,nan,nan,9.2429815490000067e+00,8.7317845640000087e+00,4.3164280400000621e-01,3.6449063630000182e+00,3.1822246090000021e+00,4.8280110100000684e-01,7.3099383260000081e+00,1.6552919875000015e+01,3.1801767737999995e+01,13,13,0,nan,512000,0,41376,7.9671875000000000e+02,7.9671875000000000e+02
exp3_remap,a,B_pt,B,4,4,abc,1,8,2.9999999999999999e-01,1,8,0.0000000000000000e+00,1,uniform,0.0000000000000000e+00,2.0000000000000000e+00,0,1,9.1003834055708710e-01,9.9999999999991895e-01,98304,98304,98304,98304,0.0000000000000000e+00,1.3436109025258115e-03,1.5084679354472250e-04,4.8566673458531736e-13,4.4396708531735385e-12,6.8157073511581134e-15,6.2305064596475042e-14,3.9668418199399760e+01,1.5000405007601034e-08,1.2566370516501651e+01,1.2566370756820865e+01,3.3306690738754696e-15,1.4142135677508110e+00,5.3146427157398815e-06,7.4616159120984091e-06,6.6688357420060184e-04,7.4870819108936501e-05,4.7343272240734675e-13,4.0074610296869650e-12,6.6440187408464687e-15,5.6239556169805856e-14,3.9668417548663307e+01,-1.4039915493131647e-09,1.2566370525896859e+01,1.2566370561382472e+01,4.1633363423443370e-15,1.4142135574086603e+00,2.8191254053514921e-15,0.0000000000000000e+00,6.6688357420060184e-04,7.4870819108936501e-05,4.7343272240734675e-13,4.0074610296869650e-12,6.6440187408464687e-15,5.6239556169805856e-14,3.9668417548663307e+01,-1.4039915493131647e-09,1.2566370525896859e+01,1.2566370561382472e+01,4.1633363423443370e-15,1.4142135574086603e+00,2.8191254053514921e-15,0.0000000000000000e+00,1.4457945984645705e-03,1.6231892647839736e-04,2.6382212230536078e-02,2.8874670772027189e-01,3.7024038303346170e-04,4.0521882976237503e-03,3.9668049440283809e+01,-9.2810375571913468e-06,nan,nan,2.8042719263376981e-07,nan,nan,nan,-9.2960378227546164e-06,nan,nan,nan,3.9668417604357430e+01,1.2566370614359172e+01,nan,nan,2.2236739360000115e+00,1.8099365420000026e+00,4.1373579599996901e-01,9.5864870500003008e-01,2.8028819700000440e-01,0.0000000000000000e+00,1.2389378610000108e+00,3.4626117970000223e+00,9.6087796570000137e+00,0,0,0,nan,122880,0,10080,7.9684375000000000e+02,7.9684375000000000e+02
exp3_remap,a,B_int,B,4,4,abc,1,8,2.9999999999999999e-01,1,8,0.0000000000000000e+00,1,uniform,0.0000000000000000e+00,2.0000000000000000e+00,6,1,9.1003834055708710e-01,9.9999999999991895e-01,98304,98304,98304,98304,0.0000000000000000e+00,1.3436109025258115e-03,1.5084679354472250e-04,4.8566673458531736e-13,4.4396708531735385e-12,6.8157073511581134e-15,6.2305064596475042e-14,3.9668418199399760e+01,1.5000405007601034e-08,1.2566370516501651e+01,1.2566370756820865e+01,3.3306690738754696e-15,1.4142135677508110e+00,5.3146427157398815e-06,7.4616159120984091e-06,6.6688357420060184e-04,7.4870819108936501e-05,4.7343272240734675e-13,4.0074610296869650e-12,6.6440187408464687e-15,5.6239556169805856e-14,3.9668417548663307e+01,-1.4039915493131647e-09,1.2566370525896859e+01,1.2566370561382472e+01,4.1633363423443370e-15,1.4142135574086603e+00,2.8191254053514921e-15,0.0000000000000000e+00,6.6688357420060184e-04,7.4870819108936501e-05,4.7343272240734675e-13,4.0074610296869650e-12,6.6440187408464687e-15,5.6239556169805856e-14,3.9668417548663307e+01,-1.4039915493131647e-09,1.2566370525896859e+01,1.2566370561382472e+01,4.1633363423443370e-15,1.4142135574086603e+00,2.8191254053514921e-15,0.0000000000000000e+00,1.1185200581692472e-03,1.2557591187531045e-04,3.9959842417546590e-03,3.3675737971008424e-02,5.6078494226898258e-05,4.7259562679468676e-04,3.9668414050773535e+01,-8.9582194332588986e-08,nan,nan,5.6580372259640299e-07,nan,nan,nan,-1.0458259777140869e-07,nan,nan,nan,3.9668417604357430e+01,1.2566370614359172e+01,nan,nan,9.4503773462999959e+01,7.7418793520999998e+01,1.7084978229999990e+01,3.2487221739000006e+01,1.0609318310999981e+01,0.0000000000000000e+00,4.3096541303000038e+01,1.3760031476600000e+02,1.4360643857399998e+02,0,0,0,nan,4423680,0,376032,1.5973515625000000e+03,1.5973515625000000e+03
exp3_remap,a,B_l2,B,4,4,abc,1,8,2.9999999999999999e-01,1,8,0.0000000000000000e+00,1,uniform,0.0000000000000000e+00,2.0000000000000000e+00,0,1,9.1003834055708710e-01,9.9999999999991895e-01,98304,98304,98304,98304,0.0000000000000000e+00,1.3436109025258115e-03,1.5084679354472250e-04,4.8566673458531736e-13,4.4396708531735385e-12,6.8157073511581134e-15,6.2305064596475042e-14,3.9668418199399760e+01,1.5000405007601034e-08,1.2566370516501651e+01,1.2566370756820865e+01,3.3306690738754696e-15,1.4142135677508110e+00,5.3146427157398815e-06,7.4616159120984091e-06,6.6688357420060184e-04,7.4870819108936501e-05,4.7343272240734675e-13,4.0074610296869650e-12,6.6440187408464687e-15,5.6239556169805856e-14,3.9668417548663307e+01,-1.4039915493131647e-09,1.2566370525896859e+01,1.2566370561382472e+01,4.1633363423443370e-15,1.4142135574086603e+00,2.8191254053514921e-15,0.0000000000000000e+00,6.6688357420060184e-04,7.4870819108936501e-05,4.7343272240734675e-13,4.0074610296869650e-12,6.6440187408464687e-15,5.6239556169805856e-14,3.9668417548663307e+01,-1.4039915493131647e-09,1.2566370525896859e+01,1.2566370561382472e+01,4.1633363423443370e-15,1.4142135574086603e+00,2.8191254053514921e-15,0.0000000000000000e+00,9.4992290975967467e-04,1.0664756052704563e-04,1.2606245705964813e-02,1.2519072499986805e-01,1.7691242864721301e-04,1.7568906493193686e-03,3.9668438781844458e+01,5.3386266221232116e-07,nan,nan,1.3288720191184655e-06,nan,nan,nan,5.1886224942157622e-07,nan,nan,nan,3.9668417604357430e+01,1.2566370614359172e+01,nan,nan,8.7130909410000186e+00,8.1781701790000056e+00,4.4507895899999994e-01,3.9960832470000014e+00,2.8985381659999803e+00,2.1365332400000625e-01,7.1082808609999688e+00,1.5821371801999987e+01,2.2124824999999987e+01,6,6,0,nan,512000,0,41376,1.5975078125000000e+03,1.5975078125000000e+03
exp3_remap,a,B_l2c,B,4,4,abc,1,8,2.9999999999999999e-01,1,8,0.0000000000000000e+00,1,uniform,0.0000000000000000e+00,2.0000000000000000e+00,0,1,9.1003834055708710e-01,9.9999999999991895e-01,98304,98304,98304,98304,0.0000000000000000e+00,1.3436109025258115e-03,1.5084679354472250e-04,4.8566673458531736e-13,4.4396708531735385e-12,6.8157073511581134e-15,6.2305064596475042e-14,3.9668418199399760e+01,1.5000405007601034e-08,1.2566370516501651e+01,1.2566370756820865e+01,3.3306690738754696e-15,1.4142135677508110e+00,5.3146427157398815e-06,7.4616159120984091e-06,6.6688357420060184e-04,7.4870819108936501e-05,4.7343272240734675e-13,4.0074610296869650e-12,6.6440187408464687e-15,5.6239556169805856e-14,3.9668417548663307e+01,-1.4039915493131647e-09,1.2566370525896859e+01,1.2566370561382472e+01,4.1633363423443370e-15,1.4142135574086603e+00,2.8191254053514921e-15,0.0000000000000000e+00,6.6688357420060184e-04,7.4870819108936501e-05,4.7343272240734675e-13,4.0074610296869650e-12,6.6440187408464687e-15,5.6239556169805856e-14,3.9668417548663307e+01,-1.4039915493131647e-09,1.2566370525896859e+01,1.2566370561382472e+01,4.1633363423443370e-15,1.4142135574086603e+00,2.8191254053514921e-15,0.0000000000000000e+00,9.4393721026002060e-04,1.0597554783725003e-04,6.4921890813156676e-14,5.1159076974727213e-13,9.1109515426073462e-16,7.1795178089113853e-15,3.9668438776175549e+01,5.3371975485074194e-07,nan,nan,8.1499140769381029e-10,nan,nan,nan,5.1871934206214074e-07,nan,nan,nan,3.9668417604357430e+01,1.2566370614359172e+01,nan,nan,8.1519822739999768e+00,7.4816941139999926e+00,4.3337070400002631e-01,3.9358407759999636e+00,2.9444321309999850e+00,1.3325800055999991e+01,2.0206075272999954e+01,2.8358057546999930e+01,3.3864690429000007e+01,53,6,324,1.2519072499986805e-01,512000,0,41376,1.5975703125000000e+03,1.5975703125000000e+03
exp3_remap,a,A_pt,A,1,1,abc,1,8,5.0000000000000000e-01,1,8,0.0000000000000000e+00,1,uniform,0.0000000000000000e+00,2.0000000000000000e+00,0,1,6.3153338020658778e-01,9.9999999999999756e-01,1536,1536,1536,1536,0.0000000000000000e+00,2.2309097204594179e+00,2.5046356604165154e-01,1.4758008819715408e-14,5.6843418860808015e-14,2.0710965367408874e-16,7.9772420099015346e-16,3.7769035133463404e+01,-4.7881478153174055e-02,1.1191337618832241e+01,1.1622268060943757e+01,8.8817841970012523e-16,1.3406348486559112e+00,1.1110411880886748e-02,1.9281342460950035e-02,1.9940339026590537e+00,2.2386958893392134e-01,1.0434915276310956e-14,4.2632564145606011e-14,1.4644060153345952e-16,5.9829315074261653e-16,3.7680332008120700e+01,-5.0117592692135650e-02,1.1313708498984756e+01,1.1632731522625619e+01,6.1062266354383610e-16,1.3434053201191207e+00,9.4658665712614442e-17,4.9531482977069434e-11,1.9940339026590537e+00,2.2386958893392134e-01,1.0434915276310956e-14,4.2632564145606011e-14,1.4644060153345952e-16,5.9829315074261653e-16,3.7680332008120700e+01,-5.0117592692135650e-02,1.1313708498984756e+01,1.1632731522625619e+01,6.1062266354383610e-16,1.3434053201191207e+00,9.4658665712614442e-17,4.9531482977069434e-11,2.3553398096356912e+00,2.6443329488014244e-01,1.1539265817440598e-14,4.2632564145606011e-14,1.6193873958868287e-16,5.9829315074261653e-16,3.4577375720280685e+01,-1.2833992862668445e-01,1.0171017813179127e+01,1.0602060981341236e+01,1.6653345369377348e-16,1.2784265552472764e+00,4.4976626767689216e-02,6.7078625572722594e-02,-8.4504658429966240e-02,-9.1170496361057840e-02,-8.7790076799369759e-02,9.5359788426281522e-01,3.9668417604357430e+01,1.2566370614359172e+01,nan,nan,3.2520457000000003e-02,3.1283467999999981e-02,1.2362149999999850e-03,2.5690239999999753e-03,4.8234409999999839e-03,0.0000000000000000e+00,7.3927999999999772e-03,3.9913256999999980e-02,1.0741920999999999e-01,0,0,0,nan,6144,0,624,3.9675781250000000e+01,3.9675781250000000e+01
exp3_remap,a,A_int,A,1,1,abc,1,8,5.0000000000000000e-01,1,8,0.0000000000000000e+00,1,uniform,0.0000000000000000e+00,2.0000000000000000e+00,3,1,6.3153338020658778e-01,9.9999999999999756e-01,1536,1536,1536,1536,0.0000000000000000e+00,2.2309097204594179e+00,2.5046356604165154e-01,1.4758008819715408e-14,5.6843418860808015e-14,2.0710965367408874e-16,7.9772420099015346e-16,3.7769035133463404e+01,-4.7881478153174055e-02,1.1191337618832241e+01,1.1622268060943757e+01,8.8817841970012523e-16,1.3406348486559112e+00,1.1110411880886748e-02,1.9281342460950035e-02,1.9940339026590537e+00,2.2386958893392134e-01,1.0434915276310956e-14,4.2632564145606011e-14,1.4644060153345952e-16,5.9829315074261653e-16,3.7680332008120700e+01,-5.0117592692135650e-02,1.1313708498984756e+01,1.1632731522625619e+01,6.1062266354383610e-16,1.3434053201191207e+00,9.4658665712614442e-17,4.9531482977069434e-11,1.9940339026590537e+00,2.2386958893392134e-01,1.0434915276310956e-14,4.2632564145606011e-14,1.4644060153345952e-16,5.9829315074261653e-16,3.7680332008120700e+01,-5.0117592692135650e-02,1.1313708498984756e+01,1.1632731522625619e+01,6.1062266354383610e-16,1.3434053201191207e+00,9.4658665712614442e-17,4.9531482977069434e-11,2.1294360722133514e+00,2.3907114994973958e-01,1.1384709859428172e-14,4.2632564145606011e-14,1.5976974570012673e-16,5.9829315074261653e-16,3.4094550292738475e+01,-1.4051146096149511e-01,1.0179901285441964e+01,1.0504281386034533e+01,4.9960036108132044e-16,1.2756230407600906e+00,2.6581666767043845e-02,3.6684892691602022e-02,-9.7288289937524294e-02,-9.0376715263087118e-02,-8.7025727516058152e-02,9.5150670000783588e-01,3.9668417604357430e+01,1.2566370614359172e+01,nan,nan,8.8715828000000052e-02,8.5028048000000023e-02,3.6869990000000241e-03,1.5883045999999901e-02,2.2267099999999651e-03,0.0000000000000000e+00,1.8109971999999974e-02,1.0682580000000003e-01,1.7833819300000003e-01,0,0,0,nan,18432,0,2208,4.1816406250000000e+01,4.1816406250000000e+01
exp3_remap,a,A_l2,A,1,1,abc,1,8,5.0000000000000000e-01,1,8,0.0000000000000000e+00,1,uniform,0.0000000000000000e+00,2.0000000000000000e+00,0,1,6.3153338020658778e-01,9.9999999999999756e-01,1536,1536,1536,1536,0.0000000000000000e+00,2.2309097204594179e+00,2.5046356604165154e-01,1.4758008819715408e-14,5.6843418860808015e-14,2.0710965367408874e-16,7.9772420099015346e-16,3.7769035133463404e+01,-4.7881478153174055e-02,1.1191337618832241e+01,1.1622268060943757e+01,8.8817841970012523e-16,1.3406348486559112e+00,1.1110411880886748e-02,1.9281342460950035e-02,1.9940339026590537e+00,2.2386958893392134e-01,1.0434915276310956e-14,4.2632564145606011e-14,1.4644060153345952e-16,5.9829315074261653e-16,3.7680332008120700e+01,-5.0117592692135650e-02,1.1313708498984756e+01,1.1632731522625619e+01,6.1062266354383610e-16,1.3434053201191207e+00,9.4658665712614442e-17,4.9531482977069434e-11,1.9940339026590537e+00,2.2386958893392134e-01,1.0434915276310956e-14,4.2632564145606011e-14,1.4644060153345952e-16,5.9829315074261653e-16,3.7680332008120700e+01,-5.0117592692135650e-02,1.1313708498984756e+01,1.1632731522625619e+01,6.1062266354383610e-16,1.3434053201191207e+00,9.4658665712614442e-17,4.9531482977069434e-11,2.0403673201452408e+00,2.2907142783580989e-01,1.1767840359268127e-14,4.2632564145606011e-14,1.6514648900629883e-16,5.9829315074261653e-16,3.7314503184288967e+01,-5.9339761004479651e-02,1.1177450730177325e+01,1.1511533200744225e+01,8.3266726846886741e-16,1.3359427496785803e+00,1.6476194053467084e-02,2.5945199107448989e-02,-1.2034513128764631e-02,-1.2408604876282150e-03,-1.1948518638614598e-03,9.9650009174233001e-01,3.9668417604357430e+01,1.2566370614359172e+01,nan,nan,1.5072259499999996e-01,1.4355422600000001e-01,5.4605720000000524e-03,3.0791818000000082e-02,1.6808919000000033e-02,2.5400831000000013e-02,7.3005415999999990e-02,2.2372801099999995e-01,2.9708128899999997e-01,15,15,0,nan,32768,0,3360,4.6535156250000000e+01,4.6535156250000000e+01
exp3_remap,a,B_pt,B,1,1,abc,1,8,5.0000000000000000e-01,1,8,0.0000000000000000e+00,1,uniform,0.0000000000000000e+00,2.0000000000000000e+00,0,1,6.3153338020658778e-01,9.9999999999999756e-01,1536,1536,1536,1536,0.0000000000000000e+00,2.2309097204594179e+00,2.5046356604165154e-01,1.4758008819715408e-14,5.6843418860808015e-14,2.0710965367408874e-16,7.9772420099015346e-16,3.7769035133463404e+01,-4.7881478153174055e-02,1.1191337618832241e+01,1.1622268060943757e+01,8.8817841970012523e-16,1.3406348486559112e+00,1.1110411880886748e-02,1.9281342460950035e-02,1.9940339026590537e+00,2.2386958893392134e-01,1.0434915276310956e-14,4.2632564145606011e-14,1.4644060153345952e-16,5.9829315074261653e-16,3.7680332008120700e+01,-5.0117592692135650e-02,1.1313708498984756e+01,1.1632731522625619e+01,6.1062266354383610e-16,1.3434053201191207e+00,9.4658665712614442e-17,4.9531482977069434e-11,1.9940339026590537e+00,2.2386958893392134e-01,1.0434915276310956e-14,4.2632564145606011e-14,1.4644060153345952e-16,5.9829315074261653e-16,3.7680332008120700e+01,-5.0117592692135650e-02,1.1313708498984756e+01,1.1632731522625619e+01,6.1062266354383610e-16,1.3434053201191207e+00,9.4658665712614442e-17,4.9531482977069434e-11,2.7177978514920063e+00,3.0512635066418015e-01,2.2240849647266156e+01,7.3084930139805607e+01,3.1212169094987779e-01,1.0256529017538585e+00,3.7261947737379785e+01,-6.0664629756073327e-02,nan,nan,2.8240613887814336e-01,nan,nan,nan,-1.3426008747423350e-02,nan,nan,nan,3.9668417604357430e+01,1.2566370614359172e+01,nan,nan,1.1621639999999989e-02,1.1022684000000060e-02,5.9871600000005465e-04,5.2824930000000547e-03,4.2916200000009397e-04,0.0000000000000000e+00,5.7117780000000007e-03,1.7333417999999989e-02,5.6202124999999881e-02,0,0,0,nan,3072,0,288,4.6574218750000000e+01,4.6574218750000000e+01
exp3_remap,a,B_int,B,1,1,abc,1,8,5.0000000000000000e-01,1,8,0.0000000000000000e+00,1,uniform,0.0000000000000000e+00,2.0000000000000000e+00,3,1,6.3153338020658778e-01,9.9999999999999756e-01,1536,1536,1536,1536,0.0000000000000000e+00,2.2309097204594179e+00,2.5046356604165154e-01,1.4758008819715408e-14,5.6843418860808015e-14,2.0710965367408874e-16,7.9772420099015346e-16,3.7769035133463404e+01,-4.7881478153174055e-02,1.1191337618832241e+01,1.1622268060943757e+01,8.8817841970012523e-16,1.3406348486559112e+00,1.1110411880886748e-02,1.9281342460950035e-02,1.9940339026590537e+00,2.2386958893392134e-01,1.0434915276310956e-14,4.2632564145606011e-14,1.4644060153345952e-16,5.9829315074261653e-16,3.7680332008120700e+01,-5.0117592692135650e-02,1.1313708498984756e+01,1.1632731522625619e+01,6.1062266354383610e-16,1.3434053201191207e+00,9.4658665712614442e-17,4.9531482977069434e-11,1.9940339026590537e+00,2.2386958893392134e-01,1.0434915276310956e-14,4.2632564145606011e-14,1.4644060153345952e-16,5.9829315074261653e-16,3.7680332008120700e+01,-5.0117592692135650e-02,1.1313708498984756e+01,1.1632731522625619e+01,6.1062266354383610e-16,1.3434053201191207e+00,9.4658665712614442e-17,4.9531482977069434e-11,2.1385518665959786e+00,2.4009457745441920e-01,6.0431524630163906e+00,2.0216896345739503e+01,8.4807864597764876e-02,2.8371811208958286e-01,3.4010633112106930e+01,-1.4262692675769886e-01,nan,nan,7.5854571906794621e-02,nan,nan,nan,-9.9510141259248799e-02,nan,nan,nan,3.9668417604357430e+01,1.2566370614359172e+01,nan,nan,1.3753593700000000e-01,1.2833916699999981e-01,9.1957250000000990e-03,3.1348368999999821e-02,8.6571850000001227e-03,0.0000000000000000e+00,4.0006119000000062e-02,1.7754205600000006e-01,2.1841155799999989e-01,0,0,0,nan,27648,0,3360,4.6796875000000000e+01,4.6796875000000000e+01
exp3_remap,a,B_l2,B,1,1,abc,1,8,5.0000000000000000e-01,1,8,0.0000000000000000e+00,1,uniform,0.0000000000000000e+00,2.0000000000000000e+00,0,1,6.3153338020658778e-01,9.9999999999999756e-01,1536,1536,1536,1536,0.0000000000000000e+00,2.2309097204594179e+00,2.5046356604165154e-01,1.4758008819715408e-14,5.6843418860808015e-14,2.0710965367408874e-16,7.9772420099015346e-16,3.7769035133463404e+01,-4.7881478153174055e-02,1.1191337618832241e+01,1.1622268060943757e+01,8.8817841970012523e-16,1.3406348486559112e+00,1.1110411880886748e-02,1.9281342460950035e-02,1.9940339026590537e+00,2.2386958893392134e-01,1.0434915276310956e-14,4.2632564145606011e-14,1.4644060153345952e-16,5.9829315074261653e-16,3.7680332008120700e+01,-5.0117592692135650e-02,1.1313708498984756e+01,1.1632731522625619e+01,6.1062266354383610e-16,1.3434053201191207e+00,9.4658665712614442e-17,4.9531482977069434e-11,1.9940339026590537e+00,2.2386958893392134e-01,1.0434915276310956e-14,4.2632564145606011e-14,1.4644060153345952e-16,5.9829315074261653e-16,3.7680332008120700e+01,-5.0117592692135650e-02,1.1313708498984756e+01,1.1632731522625619e+01,6.1062266354383610e-16,1.3434053201191207e+00,9.4658665712614442e-17,4.9531482977069434e-11,2.0734777678125882e+00,2.3278872787710941e-01,3.8387995596774580e+00,1.1802726131015795e+01,5.3872609580428228e-02,1.6563606589929816e-01,3.3988466066296517e+01,-1.4318573517883382e-01,nan,nan,4.5077450673634001e-03,nan,nan,nan,-1.0009705182585665e-01,nan,nan,nan,3.9668417604357430e+01,1.2566370614359172e+01,nan,nan,1.4335096099999989e-01,1.3607930999999995e-01,5.3311790000001302e-03,2.4817947999999923e-02,1.5084917000000031e-02,8.3587840000001190e-03,4.8264064000000051e-02,1.9161502499999994e-01,2.3004133200000010e-01,5,5,0,nan,32768,0,3360,4.7101562500000000e+01,4.7101562500000000e+01
exp3_remap,a,B_l2c,B,1,1,abc,1,8,5.0000000000000000e-01,1,8,0.0000000000000000e+00,1,uniform,0.0000000000000000e+00,2.0000000000000000e+00,0,1,6.3153338020658778e-01,9.9999999999999756e-01,1536,1536,1536,1536,0.0000000000000000e+00,2.2309097204594179e+00,2.5046356604165154e-01,1.4758008819715408e-14,5.6843418860808015e-14,2.0710965367408874e-16,7.9772420099015346e-16,3.7769035133463404e+01,-4.7881478153174055e-02,1.1191337618832241e+01,1.1622268060943757e+01,8.8817841970012523e-16,1.3406348486559112e+00,1.1110411880886748e-02,1.9281342460950035e-02,1.9940339026590537e+00,2.2386958893392134e-01,1.0434915276310956e-14,4.2632564145606011e-14,1.4644060153345952e-16,5.9829315074261653e-16,3.7680332008120700e+01,-5.0117592692135650e-02,1.1313708498984756e+01,1.1632731522625619e+01,6.1062266354383610e-16,1.3434053201191207e+00,9.4658665712614442e-17,4.9531482977069434e-11,1.9940339026590537e+00,2.2386958893392134e-01,1.0434915276310956e-14,4.2632564145606011e-14,1.4644060153345952e-16,5.9829315074261653e-16,3.7680332008120700e+01,-5.0117592692135650e-02,1.1313708498984756e+01,1.1632731522625619e+01,6.1062266354383610e-16,1.3434053201191207e+00,9.4658665712614442e-17,4.9531482977069434e-11,2.0673491647092024e+00,2.3210067144252997e-01,1.5154819069321368e-12,3.8404834867833415e-12,2.1267837465631481e-14,5.3896241329397376e-14,3.3975777323902228e+01,-1.4350560532139517e-01,nan,nan,3.1460330114363444e-06,nan,nan,nan,-1.0043300804897570e-01,nan,nan,nan,3.9668417604357430e+01,1.2566370614359172e+01,nan,nan,1.6232110599999983e-01,1.5516571499999987e-01,1.2307719999999911e-03,3.0861540999999937e-02,1.6315260999999914e-02,2.3110717099999989e-01,2.7828534399999993e-01,4.4060644999999976e-01,4.8205064900000005e-01,24,5,100,1.1802726131015795e+01,32768,0,3360,4.7214843750000000e+01,4.7214843750000000e+01
exp3_remap,a,A_pt,A,2,2,abc,1,8,5.0000000000000000e-01,1,8,0.0000000000000000e+00,1,uniform,0.0000000000000000e+00,2.0000000000000000e+00,0,1,7.2507050035441667e-01,9.9999999999998312e-01,12288,12288,12288,12288,0.0000000000000000e+00,2.6377498060515608e-01,2.9613938058116292e-02,9.2476098724180492e-14,5.6132876125047915e-13,1.2977829877909753e-15,7.8775264847777509e-15,3.9667470232894331e+01,-2.3882260002084603e-05,1.2555021349596272e+01,1.2562110387051634e+01,4.9960036108132044e-16,1.4137513982356238e+00,1.9429680532444640e-03,1.9936278869251756e-03,2.0254441727229264e-01,2.2739601054497086e-02,8.4790861886317085e-14,4.4053649617126212e-13,1.1899305830839918e-15,6.1823625576736998e-15,3.9658128469587318e+01,-2.5937850288692903e-04,1.2556590281248958e+01,1.2559878392954451e+01,8.8817841970012523e-16,1.4136671625649608e+00,1.7228396484440912e-15,8.0948539144800970e-11,2.0254441727229264e-01,2.2739601054497086e-02,8.4790861886317085e-14,4.4053649617126212e-13,1.1899305830839918e-15,6.1823625576736998e-15,3.9658128469587318e+01,-2.5937850288692903e-04,1.2556590281248958e+01,1.2559878392954451e+01,8.8817841970012523e-16,1.4136671625649608e+00,1.7228396484440912e-15,8.0948539144800970e-11,4.0143559594003531e-01,4.5069054105197681e-02,8.7012994688335493e-14,3.9790393202565610e-13,1.2211153560886703e-15,5.5840694069310835e-15,3.9675544449027250e+01,1.7966042257851431e-04,1.2542955325683572e+01,1.2556874892341243e+01,6.6613381477509392e-16,1.4130173814043980e+00,9.2179242434763768e-03,1.1422241172728744e-02,2.0354754375596167e-04,-9.6105164433576832e-04,-9.6050930464177428e-04,9.9948080204755818e-01,3.9668417604357430e+01,1.2566370614359172e+01,nan,nan,2.6431768200000061e-01,2.3850817000000024e-01,2.5808829999999894e-02,6.6215853000000102e-02,2.1431867999999632e-02,0.0000000000000000e+00,8.7648720999999874e-02,3.5196640300000048e-01,1.1286617520000002e+00,0,0,0,nan,27648,0,3168,8.5484375000000000e+01,8.5484375000000000e+01
exp3_remap,a,A_int,A,2,2,abc,1,8,5.0000000000000000e-01,1,8,0.0000000000000000e+00,1,uniform,0.0000000000000000e+00,2.0000000000000000e+00,4,1,7.2507050035441667e-01,9.9999999999998312e-01,12288,12288,12288,12288,0.0000000000000000e+00,2.6377498060515608e-01,2.9613938058116292e-02,9.2476098724180492e-14,5.6132876125047915e-13,1.2977829877909753e-15,7.8775264847777509e-15,3.9667470232894331e+01,-2.3882260002084603e-05,1.2555021349596272e+01,1.2562110387051634e+01,4.9960036108132044e-16,1.4137513982356238e+00,1.9429680532444640e-03,1.9936278869251756e-03,2.0254441727229264e-01,2.2739601054497086e-02,8.4790861886317085e-14,4.4053649617126212e-13,1.1899305830839918e-15,6.1823625576736998e-15,3.9658128469587318e+01,-2.5937850288692903e-04,1.2556590281248958e+01,1.2559878392954451e+01,8.8817841970012523e-16,1.4136671625649608e+00,1.7228396484440912e-15,8.0948539144800970e-11,2.0254441727229264e-01,2.2739601054497086e-02,8.4790861886317085e-14,4.4053649617126212e-13,1.1899305830839918e-15,6.1823625576736998e-15,3.9658128469587318e+01,-2.5937850288692903e-04,1.2556590281248958e+01,1.2559878392954451e+01,8.8817841970012523e-16,1.4136671625649608e+00,1.7228396484440912e-15,8.0948539144800970e-11,2.7199971691698654e-01,3.0537326740106230e-02,8.5290509939611655e-14,4.4053649617126212e-13,1.1969425002430688e-15,6.1823625576736998e-15,3.9638286420162700e+01,-7.5957615691279296e-04,1.2544916247371663e+01,1.2551483709874123e+01,4.9960036108132044e-16,1.4130775528009027e+00,7.6760226999623956e-03,8.9651834475882076e-03,-7.3571146736325845e-04,-8.0486539554419265e-04,-8.0441119471648620e-04,9.9952336355913629e-01,3.9668417604357430e+01,1.2566370614359172e+01,nan,nan,9.9884754700000045e-01,8.8077648800000041e-01,1.1807007200000008e-01,2.7150193900000019e-01,7.4647314999999992e-02,0.0000000000000000e+00,3.4615028999999975e-01,1.3449978370000002e+00,2.1224213130000003e+00,0,0,0,nan,110592,0,12240,1.0473046875000000e+02,1.0473046875000000e+02
exp3_remap,a,A_l2,A,2,2,abc,1,8,5.0000000000000000e-01,1,8,0.0000000000000000e+00,1,uniform,0.0000000000000000e+00,2.0000000000000000e+00,0,1,7.2507050035441667e-01,9.9999999999998312e-01,12288,12288,12288,12288,0.0000000000000000e+00,2.6377498060515608e-01,2.9613938058116292e-02,9.2476098724180492e-14,5.6132876125047915e-13,1.2977829877909753e-15,7.8775264847777509e-15,3.9667470232894331e+01,-2.3882260002084603e-05,1.2555021349596272e+01,1.2562110387051634e+01,4.9960036108132044e-16,1.4137513982356238e+00,1.9429680532444640e-03,1.9936278869251756e-03,2.0254441727229264e-01,2.2739601054497086e-02,8.4790861886317085e-14,4.4053649617126212e-13,1.1899305830839918e-15,6.1823625576736998e-15,3.9658128469587318e+01,-2.5937850288692903e-04,1.2556590281248958e+01,1.2559878392954451e+01,8.8817841970012523e-16,1.4136671625649608e+00,1.7228396484440912e-15,8.0948539144800970e-11,2.0254441727229264e-01,2.2739601054497086e-02,8.4790861886317085e-14,4.4053649617126212e-13,1.1899305830839918e-15,6.1823625576736998e-15,3.9658128469587318e+01,-2.5937850288692903e-04,1.2556590281248958e+01,1.2559878392954451e+01,8.8817841970012523e-16,1.4136671625649608e+00,1.7228396484440912e-15,8.0948539144800970e-11,3.1151830386883472e-01,3.4974066659303263e-02,8.5807219850009608e-14,3.6948222259525210e-13,1.2041938586004054e-15,5.1852073064360063e-15,3.9679792628877692e+01,2.8675266640867708e-04,1.2554869355343449e+01,1.2562734965913815e+01,8.8817841970012523e-16,1.4136007705092322e+00,6.2781769816710924e-03,7.7314085356220809e-03,3.1064234525201868e-04,-1.2106252039775388e-05,-1.2099420251842488e-05,9.9989345529448836e-01,3.9668417604357430e+01,1.2566370614359172e+01,nan,nan,9.0134743099999959e-01,8.6813069299999945e-01,2.3820249999999987e-02,2.7473798800000004e-01,1.9133261200000007e-01,1.3139469600000098e-01,5.9746913700000093e-01,1.4988165680000005e+00,2.2989912040000000e+00,19,19,0,nan,110592,0,12048,1.0678906250000000e+02,1.0678906250000000e+02
exp3_remap,a,B_pt,B,2,2,abc,1,8,5.0000000000000000e-01,1,8,0.0000000000000000e+00,1,uniform,0.0000000000000000e+00,2.0000000000000000e+00,0,1,7.2507050035441667e-01,9.9999999999998312e-01,12288,12288,12288,12288,0.0000000000000000e+00,2.6377498060515608e-01,2.9613938058116292e-02,9.2476098724180492e-14,5.6132876125047915e-13,1.2977829877909753e-15,7.8775264847777509e-15,3.9667470232894331e+01,-2.3882260002084603e-05,1.2555021349596272e+01,1.2562110387051634e+01,4.9960036108132044e-16,1.4137513982356238e+00,1.9429680532444640e-03,1.9936278869251756e-03,2.0254441727229264e-01,2.2739601054497086e-02,8.4790861886317085e-14,4.4053649617126212e-13,1.1899305830839918e-15,6.1823625576736998e-15,3.9658128469587318e+01,-2.5937850288692903e-04,1.2556590281248958e+01,1.2559878392954451e+01,8.8817841970012523e-16,1.4136671625649608e+00,1.7228396484440912e-15,8.0948539144800970e-11,2.0254441727229264e-01,2.2739601054497086e-02,8.4790861886317085e-14,4.4053649617126212e-13,1.1899305830839918e-15,6.1823625576736998e-15,3.9658128469587318e+01,-2.5937850288692903e-04,1.2556590281248958e+01,1.2559878392954451e+01,8.8817841970012523e-16,1.4136671625649608e+00,1.7228396484440912e-15,8.0948539144800970e-11,3.0212147058402172e-01,3.3919087001261124e-02,2.5919348085436948e+00,1.2134189436250635e+01,3.6374468066868448e-02,1.7028772664780950e-01,3.9566044425787609e+01,-2.5807225181216959e-03,nan,nan,7.9946592712770714e-03,nan,nan,nan,-2.5569013227017996e-03,nan,nan,nan,3.9668417604357430e+01,1.2566370614359172e+01,nan,nan,1.7106735700000009e-01,1.5404998900000066e-01,1.7016415999998813e-02,4.4965963999999303e-02,1.0749430999998921e-02,0.0000000000000000e+00,5.5716506000001331e-02,2.2678386300000142e-01,6.1758501099999918e-01,0,0,0,nan,18432,0,2160,1.0678906250000000e+02,1.0678906250000000e+02
exp3_remap,a,B_int,B,2,2,abc,1,8,5.0000000000000000e-01,1,8,0.0000000000000000e+00,1,uniform,0.0000000000000000e+00,2.0000000000000000e+00,4,1,7.2507050035441667e-01,9.9999999999998312e-01,12288,12288,12288,12288,0.0000000000000000e+00,2.6377498060515608e-01,2.9613938058116292e-02,9.2476098724180492e-14,5.6132876125047915e-13,1.2977829877909753e-15,7.8775264847777509e-15,3.9667470232894331e+01,-2.3882260002084603e-05,1.2555021349596272e+01,1.2562110387051634e+01,4.9960036108132044e-16,1.4137513982356238e+00,1.9429680532444640e-03,1.9936278869251756e-03,2.0254441727229264e-01,2.2739601054497086e-02,8.4790861886317085e-14,4.4053649617126212e-13,1.1899305830839918e-15,6.1823625576736998e-15,3.9658128469587318e+01,-2.5937850288692903e-04,1.2556590281248958e+01,1.2559878392954451e+01,8.8817841970012523e-16,1.4136671625649608e+00,1.7228396484440912e-15,8.0948539144800970e-11,2.0254441727229264e-01,2.2739601054497086e-02,8.4790861886317085e-14,4.4053649617126212e-13,1.1899305830839918e-15,6.1823625576736998e-15,3.9658128469587318e+01,-2.5937850288692903e-04,1.2556590281248958e+01,1.2559878392954451e+01,8.8817841970012523e-16,1.4136671625649608e+00,1.7228396484440912e-15,8.0948539144800970e-11,2.5510336229952379e-01,2.8640378068547006e-02,3.8831101445223459e-01,1.7125751867772010e+00,5.4494451591327467e-03,2.4033787901686886e-02,3.9629928785818016e+01,-9.7026352105321594e-04,nan,nan,2.7948310115455399e-04,nan,nan,nan,-9.4640386331426194e-04,nan,nan,nan,3.9668417604357430e+01,1.2566370614359172e+01,nan,nan,2.3368932310000012e+00,2.0334870130000002e+00,3.0340481299999844e-01,6.3118713599999943e-01,1.8416088100000039e-01,0.0000000000000000e+00,8.1534941700000019e-01,3.1522426480000014e+00,3.4940554240000008e+00,0,0,0,nan,294912,0,32688,1.5280078125000000e+02,1.5280078125000000e+02
exp3_remap,a,B_l2,B,2,2,abc,1,8,5.0000000000000000e-01,1,8,0.0000000000000000e+00,1,uniform,0.0000000000000000e+00,2.0000000000000000e+00,0,1,7.2507050035441667e-01,9.9999999999998312e-01,12288,12288,12288,12288,0.0000000000000000e+00,2.6377498060515608e-01,2.9613938058116292e-02,9.2476098724180492e-14,5.6132876125047915e-13,1.2977829877909753e-15,7.8775264847777509e-15,3.9667470232894331e+01,-2.3882260002084603e-05,1.2555021349596272e+01,1.2562110387051634e+01,4.9960036108132044e-16,1.4137513982356238e+00,1.9429680532444640e-03,1.9936278869251756e-03,2.0254441727229264e-01,2.2739601054497086e-02,8.4790861886317085e-14,4.4053649617126212e-13,1.1899305830839918e-15,6.1823625576736998e-15,3.9658128469587318e+01,-2.5937850288692903e-04,1.2556590281248958e+01,1.2559878392954451e+01,8.8817841970012523e-16,1.4136671625649608e+00,1.7228396484440912e-15,8.0948539144800970e-11,2.0254441727229264e-01,2.2739601054497086e-02,8.4790861886317085e-14,4.4053649617126212e-13,1.1899305830839918e-15,6.1823625576736998e-15,3.9658128469587318e+01,-2.5937850288692903e-04,1.2556590281248958e+01,1.2559878392954451e+01,8.8817841970012523e-16,1.4136671625649608e+00,1.7228396484440912e-15,8.0948539144800970e-11,2.3840941103564883e-01,2.6766153160864677e-02,1.0023201107469897e+00,5.6441934432408623e+00,1.4066272323273133e-02,7.9208988392630700e-02,3.9628521060877802e+01,-1.0057508186372837e-03,nan,nan,6.2334424519583376e-06,nan,nan,nan,-9.8189200843543860e-04,nan,nan,nan,3.9668417604357430e+01,1.2566370614359172e+01,nan,nan,8.1004887500000144e-01,7.7785532699999926e-01,1.8565170000000464e-02,2.4021986700000042e-01,1.7544867700000211e-01,4.6977524999999076e-02,4.6265012199999944e-01,1.2726989970000009e+00,1.6131560619999998e+00,6,6,0,nan,110592,0,12048,1.5297265625000000e+02,1.5297265625000000e+02
exp3_remap,a,B_l2c,B,2,2,abc,1,8,5.0000000000000000e-01,1,8,0.0000000000000000e+00,1,uniform,0.0000000000000000e+00,2.0000000000000000e+00,0,1,7.2507050035441667e-01,9.9999999999998312e-01,12288,12288,12288,12288,0.0000000000000000e+00,2.6377498060515608e-01,2.9613938058116292e-02,9.2476098724180492e-14,5.6132876125047915e-13,1.2977829877909753e-15,7.8775264847777509e-15,3.9667470232894331e+01,-2.3882260002084603e-05,1.2555021349596272e+01,1.2562110387051634e+01,4.9960036108132044e-16,1.4137513982356238e+00,1.9429680532444640e-03,1.9936278869251756e-03,2.0254441727229264e-01,2.2739601054497086e-02,8.4790861886317085e-14,4.4053649617126212e-13,1.1899305830839918e-15,6.1823625576736998e-15,3.9658128469587318e+01,-2.5937850288692903e-04,1.2556590281248958e+01,1.2559878392954451e+01,8.8817841970012523e-16,1.4136671625649608e+00,1.7228396484440912e-15,8.0948539144800970e-11,2.0254441727229264e-01,2.2739601054497086e-02,8.4790861886317085e-14,4.4053649617126212e-13,1.1899305830839918e-15,6.1823625576736998e-15,3.9658128469587318e+01,-2.5937850288692903e-04,1.2556590281248958e+01,1.2559878392954451e+01,8.8817841970012523e-16,1.4136671625649608e+00,1.7228396484440912e-15,8.0948539144800970e-11,2.3775868350067147e-01,2.6693096175439752e-02,5.4585749514391740e-13,2.0179413695586845e-12,7.6604071833616502e-15,2.8319209135150493e-14,3.9628366133032770e+01,-1.0096563902327138e-03,nan,nan,1.9762779879251013e-07,nan,nan,nan,-9.8579767330697252e-04,nan,nan,nan,3.9668417604357430e+01,1.2566370614359172e+01,nan,nan,8.8981610700000147e-01,8.4900673699999984e-01,1.7852163000000587e-02,2.6433613900000097e-01,1.7021827199999962e-01,1.3962612120000024e+00,1.8308172569999996e+00,2.7206333640000011e+00,3.1215511849999977e+00,29,6,180,5.6441934432408623e+00,110592,0,12048,1.5303515625000000e+02,1.5303515625000000e+02
exp3_remap,a,A_pt,A,3,3,abc,1,8,5.0000000000000000e-01,1,8,0.0000000000000000e+00,1,uniform,0.0000000000000000e+00,2.0000000000000000e+00,0,1,7.4938111261215390e-01,9.9999999999996692e-01,41472,41472,41472,41472,0.0000000000000000e+00,2.5754529074564114e-02,2.8914532643706985e-03,2.4598367064946278e-13,2.5011104298755527e-12,3.4520641273524854e-15,3.5099864843566619e-14,3.9668599071771922e+01,4.5746068396864297e-06,1.2566322862357012e+01,1.2566404382991989e+01,1.0269562977782698e-15,1.4142141150719891e+00,1.7696079911432833e-04,2.2174617243596502e-04,1.3464715461453914e-02,1.5116795714698106e-03,2.2862620972623772e-13,1.8287593661625579e-12,3.2084745100548095e-15,2.5664283278730243e-14,3.9668387313158419e+01,-7.6360996580583265e-07,1.2566332157433365e+01,1.2566346644016324e+01,1.1934897514720433e-15,1.4142114073134975e+00,2.7932756189736299e-15,0.0000000000000000e+00,1.3464715461453914e-02,1.5116795714698106e-03,2.2862620972623772e-13,1.8287593661625579e-12,3.2084745100548095e-15,2.5664283278730243e-14,3.9668387313158419e+01,-7.6360996580583265e-07,1.2566332157433365e+01,1.2566346644016324e+01,1.1934897514720433e-15,1.4142114073134975e+00,2.7932756189736299e-15,0.0000000000000000e+00,1.0884991381800269e-01,1.2220547218095948e-02,2.2478427345147843e-13,1.6577850203702837e-12,3.1545578807165524e-15,2.3264878455439534e-14,3.9674097040296679e+01,1.4317273746321393e-04,1.2566293072170598e+01,1.2567262248563519e+01,1.2212453270876722e-15,1.4142121845839737e+00,1.2986565590194540e-03,1.7345654573096652e-03,1.3859749659447161e-04,-2.3706367200646778e-06,-2.3706213412972252e-06,9.9999863493936680e-01,3.9668417604357430e+01,1.2566370614359172e+01,nan,nan,9.8933072999999894e-01,8.5472501599999973e-01,1.3460449600000146e-01,3.6331862500000156e-01,1.0092468999999937e-01,0.0000000000000000e+00,4.6424437599999990e-01,1.4535751059999988e+00,5.1443372519999997e+00,0,0,0,nan,73728,0,8544,2.3463281250000000e+02,2.3463281250000000e+02
exp3_remap,a,A_int,A,3,3,abc,1,8,5.0000000000000000e-01,1,8,0.0000000000000000e+00,1,uniform,0.0000000000000000e+00,2.0000000000000000e+00,5,1,7.4938111261215390e-01,9.9999999999996692e-01,41472,41472,41472,41472,0.0000000000000000e+00,2.5754529074564114e-02,2.8914532643706985e-03,2.4598367064946278e-13,2.5011104298755527e-12,3.4520641273524854e-15,3.5099864843566619e-14,3.9668599071771922e+01,4.5746068396864297e-06,1.2566322862357012e+01,1.2566404382991989e+01,1.0269562977782698e-15,1.4142141150719891e+00,1.7696079911432833e-04,2.2174617243596502e-04,1.3464715461453914e-02,1.5116795714698106e-03,2.2862620972623772e-13,1.8287593661625579e-12,3.2084745100548095e-15,2.5664283278730243e-14,3.9668387313158419e+01,-7.6360996580583265e-07,1.2566332157433365e+01,1.2566346644016324e+01,1.1934897514720433e-15,1.4142114073134975e+00,2.7932756189736299e-15,0.0000000000000000e+00,1.3464715461453914e-02,1.5116795714698106e-03,2.2862620972623772e-13,1.8287593661625579e-12,3.2084745100548095e-15,2.5664283278730243e-14,3.9668387313158419e+01,-7.6360996580583265e-07,1.2566332157433365e+01,1.2566346644016324e+01,1.1934897514720433e-15,1.4142114073134975e+00,2.7932756189736299e-15,0.0000000000000000e+00,4.1523935694309629e-02,4.6618798218061993e-03,2.2750665560969288e-13,1.7181811529098923e-12,3.1927630093923863e-15,2.4112460418991577e-14,3.9669034980327403e+01,1.5563413094291152e-05,1.2566292831839421e+01,1.2566443565055357e+01,1.2767564783189300e-15,1.4142107143170644e+00,1.0575048764583980e-03,1.4241070892047690e-03,1.0988755985366430e-05,-2.3897617401532029e-06,-2.3897462373181389e-06,9.9999759530407129e-01,3.9668417604357430e+01,1.2566370614359172e+01,nan,nan,4.4837078890000015e+00,3.8972776649999972e+00,5.8642857299999918e-01,1.7368929000000009e+00,4.8525851300000511e-01,0.0000000000000000e+00,2.2221521319999979e+00,6.7058600209999994e+00,1.0430962501999996e+01,0,0,0,nan,368640,0,43296,2.9778125000000000e+02,2.9778125000000000e+02
exp3_remap,a,A_l2,A,3,3,abc,1,8,5.0000000000000000e-01,1,8,0.0000000000000000e+00,1,uniform,0.0000000000000000e+00,2.0000000000000000e+00,0,1,7.4938111261215390e-01,9.9999999999996692e-01,41472,41472,41472,41472,0.0000000000000000e+00,2.5754529074564114e-02,2.8914532643706985e-03,2.4598367064946278e-13,2.5011104298755527e-12,3.4520641273524854e-15,3.5099864843566619e-14,3.9668599071771922e+01,4.5746068396864297e-06,1.2566322862357012e+01,1.2566404382991989e+01,1.0269562977782698e-15,1.4142141150719891e+00,1.7696079911432833e-04,2.2174617243596502e-04,1.3464715461453914e-02,1.5116795714698106e-03,2.2862620972623772e-13,1.8287593661625579e-12,3.2084745100548095e-15,2.5664283278730243e-14,3.9668387313158419e+01,-7.6360996580583265e-07,1.2566332157433365e+01,1.2566346644016324e+01,1.1934897514720433e-15,1.4142114073134975e+00,2.7932756189736299e-15,0.0000000000000000e+00,1.3464715461453914e-02,1.5116795714698106e-03,2.2862620972623772e-13,1.8287593661625579e-12,3.2084745100548095e-15,2.5664283278730243e-14,3.9668387313158419e+01,-7.6360996580583265e-07,1.2566332157433365e+01,1.2566346644016324e+01,1.1934897514720433e-15,1.4142114073134975e+00,2.7932756189736299e-15,0.0000000000000000e+00,5.3387614877110190e-02,5.9938115298658334e-03,2.2913179246743968e-13,1.4495071809506044e-12,3.2155697129180880e-15,2.0341967125249031e-14,3.9669383557184645e+01,2.4350677076393553e-05,1.2566224428091443e+01,1.2566460222252434e+01,8.8817841970012523e-16,1.4142063456008107e+00,8.0380096550183714e-04,1.1147865171525506e-03,1.9775979769374809e-05,-7.8331797333995021e-06,-7.8331289180854094e-06,9.9999450615639063e-01,3.9668417604357430e+01,1.2566370614359172e+01,nan,nan,3.0727699989999948e+00,2.9230263489999970e+00,1.1693723700000191e-01,1.2316940629999991e+00,8.7008613600000473e-01,2.7256303900000489e-01,2.3743499979999996e+00,5.4471199969999944e+00,9.3151497449999994e+00,16,16,0,nan,262144,0,29136,3.0203906250000000e+02,3.0203906250000000e+02
exp3_remap,a,B_pt,B,3,3,abc,1,8,5.0000000000000000e-01,1,8,0.0000000000000000e+00,1,uniform,0.0000000000000000e+00,2.0000000000000000e+00,0,1,7.4938111261215390e-01,9.9999999999996692e-01,41472,41472,41472,41472,0.0000000000000000e+00,2.5754529074564114e-02,2.8914532643706985e-03,2.4598367064946278e-13,2.5011104298755527e-12,3.4520641273524854e-15,3.5099864843566619e-14,3.9668599071771922e+01,4.5746068396864297e-06,1.2566322862357012e+01,1.2566404382991989e+01,1.0269562977782698e-15,1.4142141150719891e+00,1.7696079911432833e-04,2.2174617243596502e-04,1.3464715461453914e-02,1.5116795714698106e-03,2.2862620972623772e-13,1.8287593661625579e-12,3.2084745100548095e-15,2.5664283278730243e-14,3.9668387313158419e+01,-7.6360996580583265e-07,1.2566332157433365e+01,1.2566346644016324e+01,1.1934897514720433e-15,1.4142114073134975e+00,2.7932756189736299e-15,0.0000000000000000e+00,1.3464715461453914e-02,1.5116795714698106e-03,2.2862620972623772e-13,1.8287593661625579e-12,3.2084745100548095e-15,2.5664283278730243e-14,3.9668387313158419e+01,-7.6360996580583265e-07,1.2566332157433365e+01,1.2566346644016324e+01,1.1934897514720433e-15,1.4142114073134975e+00,2.7932756189736299e-15,0.0000000000000000e+00,2.7899308690163067e-02,3.1322470293401695e-03,5.8641691458579381e-01,3.8232136795739535e+00,8.2296064172452648e-03,5.3653881819124297e-02,3.9674433887349828e+01,1.5166430515083960e-04,nan,nan,4.0448946111520945e-05,nan,nan,nan,1.4708902543669137e-04,nan,nan,nan,3.9668417604357430e+01,1.2566370614359172e+01,nan,nan,7.7131013400000370e-01,6.6710402500000043e-01,1.0420456199999961e-01,2.4828823800000066e-01,7.8743334999998638e-02,0.0000000000000000e+00,3.2703255599999892e-01,1.0983426900000026e+00,2.8446572109999977e+00,0,0,0,nan,55296,0,6000,3.0208984375000000e+02,3.0208984375000000e+02
exp3_remap,a,B_int,B,3,3,abc,1,8,5.0000000000000000e-01,1,8,0.0000000000000000e+00,1,uniform,0.0000000000000000e+00,2.0000000000000000e+00,5,1,7.4938111261215390e-01,9.9999999999996692e-01,41472,41472,41472,41472,0.0000000000000000e+00,2.5754529074564114e-02,2.8914532643706985e-03,2.4598367064946278e-13,2.5011104298755527e-12,3.4520641273524854e-15,3.5099864843566619e-14,3.9668599071771922e+01,4.5746068396864297e-06,1.2566322862357012e+01,1.2566404382991989e+01,1.0269562977782698e-15,1.4142141150719891e+00,1.7696079911432833e-04,2.2174617243596502e-04,1.3464715461453914e-02,1.5116795714698106e-03,2.2862620972623772e-13,1.8287593661625579e-12,3.2084745100548095e-15,2.5664283278730243e-14,3.9668387313158419e+01,-7.6360996580583265e-07,1.2566332157433365e+01,1.2566346644016324e+01,1.1934897514720433e-15,1.4142114073134975e+00,2.7932756189736299e-15,0.0000000000000000e+00,1.3464715461453914e-02,1.5116795714698106e-03,2.2862620972623772e-13,1.8287593661625579e-12,3.2084745100548095e-15,2.5664283278730243e-14,3.9668387313158419e+01,-7.6360996580583265e-07,1.2566332157433365e+01,1.2566346644016324e+01,1.1934897514720433e-15,1.4142114073134975e+00,2.7932756189736299e-15,0.0000000000000000e+00,2.1227161524995278e-02,2.3831670657643734e-03,1.2701734709881915e-01,1.4706421392589615e+00,1.7825249388044070e-03,2.0638569055030545e-02,3.9668970293380099e+01,1.3932721697684193e-05,nan,nan,2.6151316588507445e-05,nan,nan,nan,9.3580720484973638e-06,nan,nan,nan,3.9668417604357430e+01,1.2566370614359172e+01,nan,nan,1.6670417182000001e+01,1.4484846587000000e+01,2.1855694589999999e+00,6.1570909460000109e+00,1.9036088390000003e+00,0.0000000000000000e+00,8.0607005880000031e+00,2.4731117770000004e+01,2.6501508983999997e+01,0,0,0,nan,1382400,0,157296,4.6057812500000000e+02,4.6057812500000000e+02
exp3_remap,a,B_l2,B,3,3,abc,1,8,5.0000000000000000e-01,1,8,0.0000000000000000e+00,1,uniform,0.0000000000000000e+00,2.0000000000000000e+00,0,1,7.4938111261215390e-01,9.9999999999996692e-01,41472,41472,41472,41472,0.0000000000000000e+00,2.5754529074564114e-02,2.8914532643706985e-03,2.4598367064946278e-13,2.5011104298755527e-12,3.4520641273524854e-15,3.5099864843566619e-14,3.9668599071771922e+01,4.5746068396864297e-06,1.2566322862357012e+01,1.2566404382991989e+01,1.0269562977782698e-15,1.4142141150719891e+00,1.7696079911432833e-04,2.2174617243596502e-04,1.3464715461453914e-02,1.5116795714698106e-03,2.2862620972623772e-13,1.8287593661625579e-12,3.2084745100548095e-15,2.5664283278730243e-14,3.9668387313158419e+01,-7.6360996580583265e-07,1.2566332157433365e+01,1.2566346644016324e+01,1.1934897514720433e-15,1.4142114073134975e+00,2.7932756189736299e-15,0.0000000000000000e+00,1.3464715461453914e-02,1.5116795714698106e-03,2.2862620972623772e-13,1.8287593661625579e-12,3.2084745100548095e-15,2.5664283278730243e-14,3.9668387313158419e+01,-7.6360996580583265e-07,1.2566332157433365e+01,1.2566346644016324e+01,1.1934897514720433e-15,1.4142114073134975e+00,2.7932756189736299e-15,0.0000000000000000e+00,1.9006884079582991e-02,2.1338971820573384e-03,2.2838530503122895e-01,1.3518973003391181e+00,3.2050937228116768e-03,1.8972138118126647e-02,3.9668721056039558e+01,7.6497047388000546e-06,nan,nan,5.7585120696673764e-05,nan,nan,nan,3.0750838318140943e-06,nan,nan,nan,3.9668417604357430e+01,1.2566370614359172e+01,nan,nan,3.2404383760000002e+00,3.0800476679999917e+00,1.2029485699999043e-01,1.1729363590000048e+00,8.3596796799999140e-01,1.2011495400000172e-01,2.1290245889999966e+00,5.3694629649999968e+00,7.0635219269999965e+00,6,6,0,nan,262144,0,29136,4.6184765625000000e+02,4.6184765625000000e+02
exp3_remap,a,B_l2c,B,3,3,abc,1,8,5.0000000000000000e-01,1,8,0.0000000000000000e+00,1,uniform,0.0000000000000000e+00,2.0000000000000000e+00,0,1,7.4938111261215390e-01,9.9999999999996692e-01,41472,41472,41472,41472,0.0000000000000000e+00,2.5754529074564114e-02,2.8914532643706985e-03,2.4598367064946278e-13,2.5011104298755527e-12,3.4520641273524854e-15,3.5099864843566619e-14,3.9668599071771922e+01,4.5746068396864297e-06,1.2566322862357012e+01,1.2566404382991989e+01,1.0269562977782698e-15,1.4142141150719891e+00,1.7696079911432833e-04,2.2174617243596502e-04,1.3464715461453914e-02,1.5116795714698106e-03,2.2862620972623772e-13,1.8287593661625579e-12,3.2084745100548095e-15,2.5664283278730243e-14,3.9668387313158419e+01,-7.6360996580583265e-07,1.2566332157433365e+01,1.2566346644016324e+01,1.1934897514720433e-15,1.4142114073134975e+00,2.7932756189736299e-15,0.0000000000000000e+00,1.3464715461453914e-02,1.5116795714698106e-03,2.2862620972623772e-13,1.8287593661625579e-12,3.2084745100548095e-15,2.5664283278730243e-14,3.9668387313158419e+01,-7.6360996580583265e-07,1.2566332157433365e+01,1.2566346644016324e+01,1.1934897514720433e-15,1.4142114073134975e+00,2.7932756189736299e-15,0.0000000000000000e+00,1.8834737465046346e-02,2.1145703332102381e-03,1.3970088718072710e-13,6.9633188104489818e-13,1.9605220945057985e-15,9.7721214621294374e-15,3.9668717798886576e+01,7.5675952628091318e-06,nan,nan,4.7294508531692259e-08,nan,nan,nan,2.9929747314400238e-06,nan,nan,nan,3.9668417604357430e+01,1.2566370614359172e+01,nan,nan,3.3047390029999946e+00,3.1115904260000065e+00,1.1317026499999372e-01,1.1082470220000005e+00,7.8362676499999395e-01,4.1687831750000015e+00,6.0606594000000058e+00,9.3653984030000004e+00,1.1112386024000003e+01,39,6,240,1.3518973003391181e+00,262144,0,29136,4.6191015625000000e+02,4.6191015625000000e+02
exp3_remap,a,A_pt,A,4,4,abc,1,8,5.0000000000000000e-01,1,8,0.0000000000000000e+00,1,uniform,0.0000000000000000e+00,2.0000000000000000e+00,0,1,7.5010650154749259e-01,9.9999999999991895e-01,98304,98304,98304,98304,0.0000000000000000e+00,2.4163259980609893e-03,2.7128019598609220e-04,5.0970436865719364e-13,6.2585492344169324e-12,7.1530445982479959e-15,8.7830680973080065e-14,3.9668420090836619e+01,6.2681582473383934e-08,1.2566370476706069e+01,1.2566371254461115e+01,3.7192471324942744e-15,1.4142135898945056e+00,1.4355373998427175e-05,1.8852929546169731e-05,6.6688357420060184e-04,7.4870819108936501e-05,4.7343272240734675e-13,4.0074610296869650e-12,6.6440187408464687e-15,5.6239556169805856e-14,3.9668417548663307e+01,-1.4039915493131647e-09,1.2566370525896859e+01,1.2566370561382472e+01,4.1633363423443370e-15,1.4142135574086603e+00,2.8191254053514921e-15,0.0000000000000000e+00,6.6688357420060184e-04,7.4870819108936501e-05,4.7343272240734675e-13,4.0074610296869650e-12,6.6440187408464687e-15,5.6239556169805856e-14,3.9668417548663307e+01,-1.4039915493131647e-09,1.2566370525896859e+01,1.2566370561382472e+01,4.1633363423443370e-15,1.4142135574086603e+00,2.8191254053514921e-15,0.0000000000000000e+00,1.0487085082565526e-02,1.1773819007882850e-03,4.7075416866575457e-13,4.2723602433625274e-12,6.6064286875712943e-15,5.9957075590826381e-14,3.9668515031655950e+01,2.4560419700143605e-06,1.2566384108705602e+01,1.2566393146982151e+01,3.4972025275692431e-15,1.4142143531420261e+00,1.2347045562833924e-04,1.8733360783140300e-04,2.3933602375213694e-06,1.0848000668146426e-06,1.0847999996744388e-06,1.0000005396974869e+00,3.9668417604357430e+01,1.2566370614359172e+01,nan,nan,3.2725833690000172e+00,2.7767513350000002e+00,4.9583039600000234e-01,1.2924106010000003e+00,3.5214900400001170e-01,0.0000000000000000e+00,1.6445608989999982e+00,4.9171442680000155e+00,2.0916575421999994e+01,0,0,0,nan,153600,0,17472,6.6768750000000000e+02,6.6768750000000000e+02
exp3_remap,a,A_int,A,4,4,abc,1,8,5.0000000000000000e-01,1,8,0.0000000000000000e+00,1,uniform,0.0000000000000000e+00,2.0000000000000000e+00,6,1,7.5010650154749259e-01,9.9999999999991895e-01,98304,98304,98304,98304,0.0000000000000000e+00,2.4163259980609893e-03,2.7128019598609220e-04,5.0970436865719364e-13,6.2585492344169324e-12,7.1530445982479959e-15,8.7830680973080065e-14,3.9668420090836619e+01,6.2681582473383934e-08,1.2566370476706069e+01,1.2566371254461115e+01,3.7192471324942744e-15,1.4142135898945056e+00,1.4355373998427175e-05,1.8852929546169731e-05,6.6688357420060184e-04,7.4870819108936501e-05,4.7343272240734675e-13,4.0074610296869650e-12,6.6440187408464687e-15,5.6239556169805856e-14,3.9668417548663307e+01,-1.4039915493131647e-09,1.2566370525896859e+01,1.2566370561382472e+01,4.1633363423443370e-15,1.4142135574086603e+00,2.8191254053514921e-15,0.0000000000000000e+00,6.6688357420060184e-04,7.4870819108936501e-05,4.7343272240734675e-13,4.0074610296869650e-12,6.6440187408464687e-15,5.6239556169805856e-14,3.9668417548663307e+01,-1.4039915493131647e-09,1.2566370525896859e+01,1.2566370561382472e+01,4.1633363423443370e-15,1.4142135574086603e+00,2.8191254053514921e-15,0.0000000000000000e+00,3.5060563008485609e-03,3.9362389064874162e-04,4.7203455906970600e-13,4.3614001299374650e-12,6.6243973184597473e-15,6.1206635765033613e-14,3.9668429495077802e+01,2.9975282834245649e-07,1.2566372442829326e+01,1.2566373570212969e+01,3.3861802251067274e-15,1.4142136820461864e+00,1.0239115920979810e-04,1.5218264098742004e-04,2.3707123100907263e-07,1.5645911926086060e-07,1.5645910957732769e-07,1.0000000651610770e+00,3.9668417604357430e+01,1.2566370614359172e+01,nan,nan,1.9821170838000000e+01,1.6984510279000006e+01,2.8366219080000121e+00,8.0676764889999788e+00,2.1834497949999729e+00,0.0000000000000000e+00,1.0251127284999995e+01,3.0072298122999996e+01,5.3038052450999999e+01,0,0,0,nan,921600,0,106416,8.0181640625000000e+02,8.0181640625000000e+02
exp3_remap,a,A_l2,A,4,4,abc,1,8,5.0000000000000000e-01,1,8,0.0000000000000000e+00,1,uniform,0.0000000000000000e+00,2.0000000000000000e+00,0,1,7.5010650154749259e-01,9.9999999999991895e-01,98304,98304,98304,98304,0.0000000000000000e+00,2.4163259980609893e-03,2.7128019598609220e-04,5.0970436865719364e-13,6.2585492344169324e-12,7.1530445982479959e-15,8.7830680973080065e-14,3.9668420090836619e+01,6.2681582473383934e-08,1.2566370476706069e+01,1.2566371254461115e+01,3.7192471324942744e-15,1.4142135898945056e+00,1.4355373998427175e-05,1.8852929546169731e-05,6.6688357420060184e-04,7.4870819108936501e-05,4.7343272240734675e-13,4.0074610296869650e-12,6.6440187408464687e-15,5.6239556169805856e-14,3.9668417548663307e+01,-1.4039915493131647e-09,1.2566370525896859e+01,1.2566370561382472e+01,4.1633363423443370e-15,1.4142135574086603e+00,2.8191254053514921e-15,0.0000000000000000e+00,6.6688357420060184e-04,7.4870819108936501e-05,4.7343272240734675e-13,4.0074610296869650e-12,6.6440187408464687e-15,5.6239556169805856e-14,3.9668417548663307e+01,-1.4039915493131647e-09,1.2566370525896859e+01,1.2566370561382472e+01,4.1633363423443370e-15,1.4142135574086603e+00,2.8191254053514921e-15,0.0000000000000000e+00,6.6327329257880058e-03,7.4465493872725346e-04,4.7149715612074095e-13,4.6447290458218049e-12,6.6168555599472513e-15,6.5182792329343908e-14,3.9668447813321336e+01,7.6153690342961476e-07,1.2566373231959890e+01,1.2566376823590135e+01,3.7747582837255322e-15,1.4142137200776130e+00,7.5624446796945924e-05,1.1621866189972735e-04,6.9885527715087612e-07,2.1925613491655781e-07,2.1925612134640604e-07,1.0000000920533563e+00,3.9668417604357430e+01,1.2566370614359172e+01,nan,nan,1.4073785444999999e+01,1.3307704356000016e+01,6.4515278199999671e-01,6.2064930909999987e+00,4.7555953940000109e+00,7.4596369600001822e-01,1.1708057725000003e+01,2.5781843170000002e+01,4.9507897772000007e+01,14,14,0,nan,512000,0,56736,8.0202343750000000e+02,8.0202343750000000e+02
exp3_remap,a,B_pt,B,4,4,abc,1,8,5.0000000000000000e-01,1,8,0.0000000000000000e+00,1,uniform,0.0000000000000000e+00,2.0000000000000000e+00,0,1,7.5010650154749259e-01,9.9999999999991895e-01,98304,98304,98304,98304,0.0000000000000000e+00,2.4163259980609893e-03,2.7128019598609220e-04,5.0970436865719364e-13,6.2585492344169324e-12,7.1530445982479959e-15,8.7830680973080065e-14,3.9668420090836619e+01,6.2681582473383934e-08,1.2566370476706069e+01,1.2566371254461115e+01,3.7192471324942744e-15,1.4142135898945056e+00,1.4355373998427175e-05,1.8852929546169731e-05,6.6688357420060184e-04,7.4870819108936501e-05,4.7343272240734675e-13,4.0074610296869650e-12,6.6440187408464687e-15,5.6239556169805856e-14,3.9668417548663307e+01,-1.4039915493131647e-09,1.2566370525896859e+01,1.2566370561382472e+01,4.1633363423443370e-15,1.4142135574086603e+00,2.8191254053514921e-15,0.0000000000000000e+00,6.6688357420060184e-04,7.4870819108936501e-05,4.7343272240734675e-13,4.0074610296869650e-12,6.6440187408464687e-15,5.6239556169805856e-14,3.9668417548663307e+01,-1.4039915493131647e-09,1.2566370525896859e+01,1.2566370561382472e+01,4.1633363423443370e-15,1.4142135574086603e+00,2.8191254053514921e-15,0.0000000000000000e+00,2.3812891861734295e-03,2.6734662361083621e-04,5.8925433708167378e-02,6.4359859110133666e-01,8.2694259889521933e-04,9.0320776289317759e-03,3.9668476788664982e+01,1.4919755091537414e-06,nan,nan,1.5532302734266867e-06,nan,nan,nan,1.4292938370899579e-06,nan,nan,nan,3.9668417604357430e+01,1.2566370614359172e+01,nan,nan,3.9967553180000266e+00,3.3981731579999916e+00,5.9858060100000898e-01,1.4497328580000328e+00,4.1552047200002562e-01,0.0000000000000000e+00,1.8652544110000235e+00,5.8620097290000501e+00,1.4922402266999995e+01,0,0,0,nan,122880,0,13680,8.0207031250000000e+02,8.0207031250000000e+02
exp3_remap,a,B_int,B,4,4,abc,1,8,5.0000000000000000e-01,1,8,0.0000000000000000e+00,1,uniform,0.0000000000000000e+00,2.0000000000000000e+00,6,1,7.5010650154749259e-01,9.9999999999991895e-01,98304,98304,98304,98304,0.0000000000000000e+00,2.4163259980609893e-03,2.7128019598609220e-04,5.0970436865719364e-13,6.2585492344169324e-12,7.1530445982479959e-15,8.7830680973080065e-14,3.9668420090836619e+01,6.2681582473383934e-08,1.2566370476706069e+01,1.2566371254461115e+01,3.7192471324942744e-15,1.4142135898945056e+00,1.4355373998427175e-05,1.8852929546169731e-05,6.6688357420060184e-04,7.4870819108936501e-05,4.7343272240734675e-13,4.0074610296869650e-12,6.6440187408464687e-15,5.6239556169805856e-14,3.9668417548663307e+01,-1.4039915493131647e-09,1.2566370525896859e+01,1.2566370561382472e+01,4.1633363423443370e-15,1.4142135574086603e+00,2.8191254053514921e-15,0.0000000000000000e+00,6.6688357420060184e-04,7.4870819108936501e-05,4.7343272240734675e-13,4.0074610296869650e-12,6.6440187408464687e-15,5.6239556169805856e-14,3.9668417548663307e+01,-1.4039915493131647e-09,1.2566370525896859e+01,1.2566370561382472e+01,4.1633363423443370e-15,1.4142135574086603e+00,2.8191254053514921e-15,0.0000000000000000e+00,1.7385712939401213e-03,1.9518887837748010e-04,8.5362845591622841e-03,9.1682328967018278e-02,1.1979576379909400e-04,1.2866434511833562e-03,3.9668422366725785e+01,1.2005440708952452e-07,nan,nan,5.0669666176728079e-07,nan,nan,nan,5.7372821019921361e-08,nan,nan,nan,3.9668417604357430e+01,1.2566370614359172e+01,nan,nan,1.4494183728199999e+02,1.2316794901100002e+02,2.1773886784000013e+01,4.7870247091000010e+01,1.5261889381000003e+01,0.0000000000000000e+00,6.3132137784000008e+01,2.0807397506600000e+02,2.1698543418800000e+02,0,0,0,nan,4423680,0,500496,1.6277031250000000e+03,1.6277031250000000e+03
exp3_remap,a,B_l2,B,4,4,abc,1,8,5.0000000000000000e-01,1,8,0.0000000000000000e+00,1,uniform,0.0000000000000000e+00,2.0000000000000000e+00,0,1,7.5010650154749259e-01,9.9999999999991895e-01,98304,98304,98304,98304,0.0000000000000000e+00,2.4163259980609893e-03,2.7128019598609220e-04,5.0970436865719364e-13,6.2585492344169324e-12,7.1530445982479959e-15,8.7830680973080065e-14,3.9668420090836619e+01,6.2681582473383934e-08,1.2566370476706069e+01,1.2566371254461115e+01,3.7192471324942744e-15,1.4142135898945056e+00,1.4355373998427175e-05,1.8852929546169731e-05,6.6688357420060184e-04,7.4870819108936501e-05,4.7343272240734675e-13,4.0074610296869650e-12,6.6440187408464687e-15,5.6239556169805856e-14,3.9668417548663307e+01,-1.4039915493131647e-09,1.2566370525896859e+01,1.2566370561382472e+01,4.1633363423443370e-15,1.4142135574086603e+00,2.8191254053514921e-15,0.0000000000000000e+00,6.6688357420060184e-04,7.4870819108936501e-05,4.7343272240734675e-13,4.0074610296869650e-12,6.6440187408464687e-15,5.6239556169805856e-14,3.9668417548663307e+01,-1.4039915493131647e-09,1.2566370525896859e+01,1.2566370561382472e+01,4.1633363423443370e-15,1.4142135574086603e+00,2.8191254053514921e-15,0.0000000000000000e+00,1.4323153481925149e-03,1.6080561508809523e-04,2.7604242051008629e-02,1.9387441741156408e-01,3.8738999826877496e-04,2.7207778459065247e-03,3.9668378249555971e+01,-9.9209405958846846e-07,nan,nan,1.4684681592935789e-06,nan,nan,nan,-1.0547755759468501e-06,nan,nan,nan,3.9668417604357430e+01,1.2566370614359172e+01,nan,nan,1.4726563712000029e+01,1.3912805782000021e+01,6.6905495399998927e-01,6.2104887079999571e+00,3.9244435149999504e+00,3.0000441199996430e-01,1.0434941641999956e+01,2.5161505353999985e+01,3.4254354409000030e+01,6,6,0,nan,512000,0,56736,1.6279921875000000e+03,1.6279921875000000e+03
exp3_remap,a,B_l2c,B,4,4,abc,1,8,5.0000000000000000e-01,1,8,0.0000000000000000e+00,1,uniform,0.0000000000000000e+00,2.0000000000000000e+00,0,1,7.5010650154749259e-01,9.9999999999991895e-01,98304,98304,98304,98304,0.0000000000000000e+00,2.4163259980609893e-03,2.7128019598609220e-04,5.0970436865719364e-13,6.2585492344169324e-12,7.1530445982479959e-15,8.7830680973080065e-14,3.9668420090836619e+01,6.2681582473383934e-08,1.2566370476706069e+01,1.2566371254461115e+01,3.7192471324942744e-15,1.4142135898945056e+00,1.4355373998427175e-05,1.8852929546169731e-05,6.6688357420060184e-04,7.4870819108936501e-05,4.7343272240734675e-13,4.0074610296869650e-12,6.6440187408464687e-15,5.6239556169805856e-14,3.9668417548663307e+01,-1.4039915493131647e-09,1.2566370525896859e+01,1.2566370561382472e+01,4.1633363423443370e-15,1.4142135574086603e+00,2.8191254053514921e-15,0.0000000000000000e+00,6.6688357420060184e-04,7.4870819108936501e-05,4.7343272240734675e-13,4.0074610296869650e-12,6.6440187408464687e-15,5.6239556169805856e-14,3.9668417548663307e+01,-1.4039915493131647e-09,1.2566370525896859e+01,1.2566370561382472e+01,4.1633363423443370e-15,1.4142135574086603e+00,2.8191254053514921e-15,0.0000000000000000e+00,1.4152360453878036e-03,1.5888812687835620e-04,6.7266153818821873e-14,5.4001247917767614e-13,9.4399386743779169e-16,7.5783799094064633e-15,3.9668378225239834e+01,-9.9270704437909677e-07,nan,nan,1.4718152252513050e-09,nan,nan,nan,-1.0553885606990555e-06,nan,nan,nan,3.9668417604357430e+01,1.2566370614359172e+01,nan,nan,1.4679616565000060e+01,1.3665142823999986e+01,6.5470031300003484e-01,6.1757408460000534e+00,4.2247140630000786e+00,1.8661334760999921e+01,2.9061791553000035e+01,4.3741408118000095e+01,5.2648767270000008e+01,52,6,318,1.9387441741156408e-01,512000,0,56736,1.6314375000000000e+03,1.6314375000000000e+03
exp3_remap,a,A_pt,A,1,1,abc,1,16,1.0000000000000001e-01,1,16,0.0000000000000000e+00,1,uniform,0.0000000000000000e+00,2.0000000000000000e+00,0,1,9.8926606797771144e-01,9.9999999999999556e-01,12288,12288,12288,12288,0.0000000000000000e+00,1.0096048009449314e+00,1.1334802857256156e-01,4.0048205529600947e-14,2.1316282072803006e-13,2.8101250239205074e-16,1.4957328768565355e-15,3.9163773151746938e+01,-1.2721567511053395e-02,1.2244360655758832e+01,1.2326001328928312e+01,1.8318679906315083e-15,1.3961145479095742e+00,1.2597830833318606e-04,8.8607277519723790e-04,1.0047270775301984e+00,1.1280040802592374e-01,3.7488107532391654e-14,1.8474111129762605e-13,2.6304866268810102e-16,1.2963018266090067e-15,3.9163679354216825e+01,-1.2723932050295881e-02,1.2245869835682948e+01,1.2326358930922963e+01,7.7715611723760958e-16,1.3961565176133324e+00,9.5978575595933674e-17,3.1231187867844629e-11,1.0047270775301984e+00,1.1280040802592374e-01,3.7488107532391654e-14,1.8474111129762605e-13,2.6304866268810102e-16,1.2963018266090067e-15,3.9163679354216825e+01,-1.2723932050295881e-02,1.2245869835682948e+01,1.2326358930922963e+01,7.7715611723760958e-16,1.3961565176133324e+00,9.5978575595933674e-17,3.1231187867844629e-11,1.0102786754440662e+00,1.1342368426071929e-01,3.7069665703095838e-14,1.8474111129762605e-13,2.6011251651123892e-16,1.2963018266090067e-15,3.8654199687021048e+01,-2.5567390346948788e-02,1.2084762795736237e+01,1.2164828464549345e+01,3.5527136788005009e-15,1.3869558643827877e+00,1.2648057989299811e-03,4.0941419924597714e-03,-1.3011347572448069e-02,-1.3034397181655395e-02,-1.2948064482844853e-02,9.9343987673468492e-01,3.9668417604357430e+01,1.2566370614359172e+01,nan,nan,3.3389354899999990e-01,2.9899760099999995e-01,3.4892945000000175e-02,6.2093820000000299e-02,2.2029689000000019e-02,0.0000000000000000e+00,8.4124590000000055e-02,4.1801813899999996e-01,1.4128163139999996e+00,0,0,0,nan,49152,0,2688,1.2621875000000000e+02,1.2621875000000000e+02
exp3_remap,a,A_int,A,1,1,abc,1,16,1.0000000000000001e-01,1,16,0.0000000000000000e+00,1,uniform,0.0000000000000000e+00,2.0000000000000000e+00,3,1,9.8926606797771144e-01,9.9999999999999556e-01,12288,12288,12288,12288,0.0000000000000000e+00,1.0096048009449314e+00,1.1334802857256156e-01,4.0048205529600947e-14,2.1316282072803006e-13,2.8101250239205074e-16,1.4957328768565355e-15,3.9163773151746938e+01,-1.2721567511053395e-02,1.2244360655758832e+01,1.2326001328928312e+01,1.8318679906315083e-15,1.3961145479095742e+00,1.2597830833318606e-04,8.8607277519723790e-04,1.0047270775301984e+00,1.1280040802592374e-01,3.7488107532391654e-14,1.8474111129762605e-13,2.6304866268810102e-16,1.2963018266090067e-15,3.9163679354216825e+01,-1.2723932050295881e-02,1.2245869835682948e+01,1.2326358930922963e+01,7.7715611723760958e-16,1.3961565176133324e+00,9.5978575595933674e-17,3.1231187867844629e-11,1.0047270775301984e+00,1.1280040802592374e-01,3.7488107532391654e-14,1.8474111129762605e-13,2.6304866268810102e-16,1.2963018266090067e-15,3.9163679354216825e+01,-1.2723932050295881e-02,1.2245869835682948e+01,1.2326358930922963e+01,7.7715611723760958e-16,1.3961565176133324e+00,9.5978575595933674e-17,3.1231187867844629e-11,1.0118750209737826e+00,1.1360290549515144e-01,3.6948064554685139e-14,1.7941204077942530e-13,2.5925925872960423e-16,1.2589085046875930e-15,3.8661521652239919e+01,-2.5382811136053646e-02,1.2086540784388960e+01,1.2166793687617790e+01,2.3314683517128287e-15,1.3870479150369681e+00,9.6633718252694012e-04,2.9926010044105866e-03,-1.2824389967763226e-02,-1.2889188403287150e-02,-1.2803817487791386e-02,9.9350581018858253e-01,3.9668417604357430e+01,1.2566370614359172e+01,nan,nan,1.1510671600000002e+00,1.0447228109999998e+00,1.0634306700000007e-01,2.2899118700000010e-01,6.9895593000000034e-02,0.0000000000000000e+00,2.9888780400000048e-01,1.4499549640000007e+00,2.5142672360000002e+00,0,0,0,nan,147456,0,9264,1.5012890625000000e+02,1.5012890625000000e+02
exp3_remap,a,A_l2,A,1,1,abc,1,16,1.0000000000000001e-01,1,16,0.0000000000000000e+00,1,uniform,0.0000000000000000e+00,2.0000000000000000e+00,0,1,9.8926606797771144e-01,9.9999999999999556e-01,12288,12288,12288,12288,0.0000000000000000e+00,1.0096048009449314e+00,1.1334802857256156e-01,4.0048205529600947e-14,2.1316282072803006e-13,2.8101250239205074e-16,1.4957328768565355e-15,3.9163773151746938e+01,-1.2721567511053395e-02,1.2244360655758832e+01,1.2326001328928312e+01,1.8318679906315083e-15,1.3961145479095742e+00,1.2597830833318606e-04,8.8607277519723790e-04,1.0047270775301984e+00,1.1280040802592374e-01,3.7488107532391654e-14,1.8474111129762605e-13,2.6304866268810102e-16,1.2963018266090067e-15,3.9163679354216825e+01,-1.2723932050295881e-02,1.2245869835682948e+01,1.2326358930922963e+01,7.7715611723760958e-16,1.3961565176133324e+00,9.5978575595933674e-17,3.1231187867844629e-11,1.0047270775301984e+00,1.1280040802592374e-01,3.7488107532391654e-14,1.8474111129762605e-13,2.6304866268810102e-16,1.2963018266090067e-15,3.9163679354216825e+01,-1.2723932050295881e-02,1.2245869835682948e+01,1.2326358930922963e+01,7.7715611723760958e-16,1.3961565176133324e+00,9.5978575595933674e-17,3.1231187867844629e-11,1.0058505116349599e+00,1.1292653563633795e-01,3.8282342396102513e-14,1.8474111129762605e-13,2.6862169457771798e-16,1.2963018266090067e-15,3.9151573933699154e+01,-1.3029097248424196e-02,1.2241714857881938e+01,1.2322374302236499e+01,1.6098233857064770e-15,1.3959220019647376e+00,3.1168870366569046e-04,1.1912983933653673e-03,-3.1149240908211819e-04,-2.1608297495305943e-04,-2.1465175982782422e-04,9.9986208442199465e-01,3.9668417604357430e+01,1.2566370614359172e+01,nan,nan,1.6560109500000006e+00,1.5606302830000001e+00,3.8058492999999416e-02,4.3206961699999979e-01,2.5389773699999907e-01,7.0691457900000110e-01,1.3928864240000003e+00,3.0488973740000009e+00,4.1434633630000004e+00,26,26,0,nan,262144,0,7296,1.7808593750000000e+02,1.7808593750000000e+02
exp3_remap,a,B_pt,B,1,1,abc,1,16,1.0000000000000001e-01,1,16,0.0000000000000000e+00,1,uniform,0.0000000000000000e+00,2.0000000000000000e+00,0,1,9.8926606797771144e-01,9.9999999999999556e-01,12288,12288,12288,12288,0.0000000000000000e+00,1.0096048009449314e+00,1.1334802857256156e-01,4.0048205529600947e-14,2.1316282072803006e-13,2.8101250239205074e-16,1.4957328768565355e-15,3.9163773151746938e+01,-1.2721567511053395e-02,1.2244360655758832e+01,1.2326001328928312e+01,1.8318679906315083e-15,1.3961145479095742e+00,1.2597830833318606e-04,8.8607277519723790e-04,1.0047270775301984e+00,1.1280040802592374e-01,3.7488107532391654e-14,1.8474111129762605e-13,2.6304866268810102e-16,1.2963018266090067e-15,3.9163679354216825e+01,-1.2723932050295881e-02,1.2245869835682948e+01,1.2326358930922963e+01,7.7715611723760958e-16,1.3961565176133324e+00,9.5978575595933674e-17,3.1231187867844629e-11,1.0047270775301984e+00,1.1280040802592374e-01,3.7488107532391654e-14,1.8474111129762605e-13,2.6304866268810102e-16,1.2963018266090067e-15,3.9163679354216825e+01,-1.2723932050295881e-02,1.2245869835682948e+01,1.2326358930922963e+01,7.7715611723760958e-16,1.3961565176133324e+00,9.5978575595933674e-17,3.1231187867844629e-11,1.0928302618408667e+00,1.2269172613696355e-01,2.6843979778842177e+00,6.4133763737537990e+00,1.8836034803702901e-02,4.5001740271197174e-02,3.9174676755327880e+01,-1.2446698881563504e-02,nan,nan,1.4527931485925488e-02,nan,nan,nan,2.7841044678444314e-04,nan,nan,nan,3.9668417604357430e+01,1.2566370614359172e+01,nan,nan,1.6772288499999988e-01,1.4515682799999929e-01,2.2565092999998981e-02,3.6650790000001265e-02,1.2287102000000161e-02,0.0000000000000000e+00,4.8938858999999724e-02,2.1666174399999960e-01,7.7492737899999931e-01,0,0,0,nan,24576,0,768,1.7809375000000000e+02,1.7809375000000000e+02
exp3_remap,a,B_int,B,1,1,abc,1,16,1.0000000000000001e-01,1,16,0.0000000000000000e+00,1,uniform,0.0000000000000000e+00,2.0000000000000000e+00,3,1,9.8926606797771144e-01,9.9999999999999556e-01,12288,12288,12288,12288,0.0000000000000000e+00,1.0096048009449314e+00,1.1334802857256156e-01,4.0048205529600947e-14,2.1316282072803006e-13,2.8101250239205074e-16,1.4957328768565355e-15,3.9163773151746938e+01,-1.2721567511053395e-02,1.2244360655758832e+01,1.2326001328928312e+01,1.8318679906315083e-15,1.3961145479095742e+00,1.2597830833318606e-04,8.8607277519723790e-04,1.0047270775301984e+00,1.1280040802592374e-01,3.7488107532391654e-14,1.8474111129762605e-13,2.6304866268810102e-16,1.2963018266090067e-15,3.9163679354216825e+01,-1.2723932050295881e-02,1.2245869835682948e+01,1.2326358930922963e+01,7.7715611723760958e-16,1.3961565176133324e+00,9.5978575595933674e-17,3.1231187867844629e-11,1.0047270775301984e+00,1.1280040802592374e-01,3.7488107532391654e-14,1.8474111129762605e-13,2.6304866268810102e-16,1.2963018266090067e-15,3.9163679354216825e+01,-1.2723932050295881e-02,1.2245869835682948e+01,1.2326358930922963e+01,7.7715611723760958e-16,1.3961565176133324e+00,9.5978575595933674e-17,3.1231187867844629e-11,1.0313392972683812e+00,1.1578815396417566e-01,4.7270139078099378e+00,1.8954376618513056e+01,3.3168777215095938e-02,1.3300013657073448e-01,3.8663658469593933e+01,-2.5328944168751699e-02,nan,nan,1.4728928491587856e-02,nan,nan,nan,-1.2769828898130470e-02,nan,nan,nan,3.9668417604357430e+01,1.2566370614359172e+01,nan,nan,1.6571215299999995e+00,1.5040165990000016e+00,1.5310307699999903e-01,3.3667272400000137e-01,1.0926293700000045e-01,0.0000000000000000e+00,4.4593722900000010e-01,2.1030587589999996e+00,2.6686600409999990e+00,0,0,0,nan,221184,0,10560,1.7809765625000000e+02,1.7809765625000000e+02
exp3_remap,a,B_l2,B,1,1,abc,1,16,1.0000000000000001e-01,1,16,0.0000000000000000e+00,1,uniform,0.0000000000000000e+00,2.0000000000000000e+00,0,1,9.8926606797771144e-01,9.9999999999999556e-01,12288,12288,12288,12288,0.0000000000000000e+00,1.0096048009449314e+00,1.1334802857256156e-01,4.0048205529600947e-14,2.1316282072803006e-13,2.8101250239205074e-16,1.4957328768565355e-15,3.9163773151746938e+01,-1.2721567511053395e-02,1.2244360655758832e+01,1.2326001328928312e+01,1.8318679906315083e-15,1.3961145479095742e+00,1.2597830833318606e-04,8.8607277519723790e-04,1.0047270775301984e+00,1.1280040802592374e-01,3.7488107532391654e-14,1.8474111129762605e-13,2.6304866268810102e-16,1.2963018266090067e-15,3.9163679354216825e+01,-1.2723932050295881e-02,1.2245869835682948e+01,1.2326358930922963e+01,7.7715611723760958e-16,1.3961565176133324e+00,9.5978575595933674e-17,3.1231187867844629e-11,1.0047270775301984e+00,1.1280040802592374e-01,3.7488107532391654e-14,1.8474111129762605e-13,2.6304866268810102e-16,1.2963018266090067e-15,3.9163679354216825e+01,-1.2723932050295881e-02,1.2245869835682948e+01,1.2326358930922963e+01,7.7715611723760958e-16,1.3961565176133324e+00,9.5978575595933674e-17,3.1231187867844629e-11,1.0146989221429887e+00,1.1391994403351188e-01,2.9087927871745740e+00,1.6680329263454944e+01,2.0410580930017162e-02,1.1704347311098029e-01,3.8650318674261207e+01,-2.5665226686138042e-02,nan,nan,1.7966292677614321e-02,nan,nan,nan,-1.3110444580920755e-02,nan,nan,nan,3.9668417604357430e+01,1.2566370614359172e+01,nan,nan,1.6271945360000011e+00,1.5326129929999972e+00,3.6896634999997957e-02,3.9695116600000091e-01,2.3833001799999920e-01,2.3027197200000060e-01,8.6555701900000059e-01,2.4927515550000017e+00,3.0554968140000014e+00,9,9,0,nan,262144,0,7296,1.7862500000000000e+02,1.7862500000000000e+02
exp3_remap,a,B_l2c,B,1,1,abc,1,16,1.0000000000000001e-01,1,16,0.0000000000000000e+00,1,uniform,0.0000000000000000e+00,2.0000000000000000e+00,0,1,9.8926606797771144e-01,9.9999999999999556e-01,12288,12288,12288,12288,0.0000000000000000e+00,1.0096048009449314e+00,1.1334802857256156e-01,4.0048205529600947e-14,2.1316282072803006e-13,2.8101250239205074e-16,1.4957328768565355e-15,3.9163773151746938e+01,-1.2721567511053395e-02,1.2244360655758832e+01,1.2326001328928312e+01,1.8318679906315083e-15,1.3961145479095742e+00,1.2597830833318606e-04,8.8607277519723790e-04,1.0047270775301984e+00,1.1280040802592374e-01,3.7488107532391654e-14,1.8474111129762605e-13,2.6304866268810102e-16,1.2963018266090067e-15,3.9163679354216825e+01,-1.2723932050295881e-02,1.2245869835682948e+01,1.2326358930922963e+01,7.7715611723760958e-16,1.3961565176133324e+00,9.5978575595933674e-17,3.1231187867844629e-11,1.0047270775301984e+00,1.1280040802592374e-01,3.7488107532391654e-14,1.8474111129762605e-13,2.6304866268810102e-16,1.2963018266090067e-15,3.9163679354216825e+01,-1.2723932050295881e-02,1.2245869835682948e+01,1.2326358930922963e+01,7.7715611723760958e-16,1.3961565176133324e+00,9.5978575595933674e-17,3.1231187867844629e-11,1.0110852264547794e+00,1.1351423550108777e-01,2.3626697123848255e-12,8.5265128291212022e-12,1.6578513804131167e-14,5.9829315074261850e-14,3.8646658390540580e+01,-2.5757498673317721e-02,nan,nan,1.6846922523683361e-08,nan,nan,nan,-1.3203905537975250e-02,nan,nan,nan,3.9668417604357430e+01,1.2566370614359172e+01,nan,nan,1.3786156960000007e+00,1.2808884419999984e+00,3.6849898999999908e-02,3.0286029899999889e-01,1.7812841299999960e-01,5.0823970209999985e+00,5.5633879149999999e+00,6.9420036110000005e+00,7.3914639459999982e+00,28,9,232,1.6680329263454944e+01,262144,0,7296,1.7868359375000000e+02,1.7868359375000000e+02
exp3_remap,a,A_pt,A,2,2,abc,1,16,1.0000000000000001e-01,1,16,0.0000000000000000e+00,1,uniform,0.0000000000000000e+00,2.0000000000000000e+00,0,1,9.8974482571828171e-01,9.9999999999996447e-01,98304,98304,98304,98304,0.0000000000000000e+00,5.1476616033171940e-02,5.7792642621010771e-03,3.3073994905978356e-13,2.0747847884194925e-12,2.3207546879375666e-15,1.4558466668070184e-14,3.9667782949333422e+01,-1.5999000271149050e-05,1.2565747241619857e+01,1.2565961632557798e+01,4.9960036108132044e-16,1.4141789035323720e+00,1.7387586409330645e-05,2.7727516457508440e-05,5.0959653831987375e-02,5.7212250706313861e-03,3.3037403199857340e-13,1.8189894035458565e-12,2.3181871005094156e-15,1.2763587215842463e-14,3.9667767860838850e+01,-1.6379365697408082e-05,1.2565750866815554e+01,1.2565957897945749e+01,1.2767564783189300e-15,1.4141787529211318e+00,2.3258634265080446e-15,2.3472171559870322e-11,5.0959653831987375e-02,5.7212250706313861e-03,3.3037403199857340e-13,1.8189894035458565e-12,2.3181871005094156e-15,1.2763587215842463e-14,3.9667767860838850e+01,-1.6379365697408082e-05,1.2565750866815554e+01,1.2565957897945749e+01,1.2767564783189300e-15,1.4141787529211318e+00,2.3258634265080446e-15,2.3472171559870322e-11,6.1697564889165335e-02,6.9267671284538902e-03,3.3037443902178995e-13,1.7479351299698465e-12,2.3181899565328280e-15,1.2265009590223617e-14,3.9667243976676900e+01,-2.9585946488586486e-05,1.2565388877355350e+01,1.2565699443896365e+01,1.1102230246251565e-15,1.4141590496124765e+00,5.1016022716374578e-04,8.0145025855023449e-04,-1.3587163598471530e-05,-2.8519136794340282e-05,-2.8518650222387780e-05,9.9998596081454338e-01,3.9668417604357430e+01,1.2566370614359172e+01,nan,nan,2.2656259310000024e+00,2.0037113489999996e+00,2.6191333599999922e-01,8.6192566900000145e-01,2.2934257800000069e-01,0.0000000000000000e+00,1.0912693779999998e+00,3.3568953090000022e+00,1.2385640798000004e+01,0,0,0,nan,221184,0,9312,4.9350000000000000e+02,4.9350000000000000e+02
exp3_remap,a,A_int,A,2,2,abc,1,16,1.0000000000000001e-01,1,16,0.0000000000000000e+00,1,uniform,0.0000000000000000e+00,2.0000000000000000e+00,4,1,9.8974482571828171e-01,9.9999999999996447e-01,98304,98304,98304,98304,0.0000000000000000e+00,5.1476616033171940e-02,5.7792642621010771e-03,3.3073994905978356e-13,2.0747847884194925e-12,2.3207546879375666e-15,1.4558466668070184e-14,3.9667782949333422e+01,-1.5999000271149050e-05,1.2565747241619857e+01,1.2565961632557798e+01,4.9960036108132044e-16,1.4141789035323720e+00,1.7387586409330645e-05,2.7727516457508440e-05,5.0959653831987375e-02,5.7212250706313861e-03,3.3037403199857340e-13,1.8189894035458565e-12,2.3181871005094156e-15,1.2763587215842463e-14,3.9667767860838850e+01,-1.6379365697408082e-05,1.2565750866815554e+01,1.2565957897945749e+01,1.2767564783189300e-15,1.4141787529211318e+00,2.3258634265080446e-15,2.3472171559870322e-11,5.0959653831987375e-02,5.7212250706313861e-03,3.3037403199857340e-13,1.8189894035458565e-12,2.3181871005094156e-15,1.2763587215842463e-14,3.9667767860838850e+01,-1.6379365697408082e-05,1.2565750866815554e+01,1.2565957897945749e+01,1.2767564783189300e-15,1.4141787529211318e+00,2.3258634265080446e-15,2.3472171559870322e-11,6.0483287175471058e-02,6.7904405332772184e-03,3.3067233762491420e-13,1.8189894035458565e-12,2.3202802682163605e-15,1.2763587215842463e-14,3.9666899124660063e+01,-3.8279311075929343e-05,1.2565302467648728e+01,1.2565598851620825e+01,1.1657341758564144e-15,1.4141539054941064e+00,3.3479797465027229e-04,5.1647843024715053e-04,-2.2280667273182039e-05,-3.5395743888249450e-05,-3.5395139992825189e-05,9.9998232328441394e-01,3.9668417604357430e+01,1.2566370614359172e+01,nan,nan,9.8939454179999942e+00,8.6080035280000047e+00,1.2859403699999987e+00,3.1690139210000012e+00,9.4561274199999445e-01,0.0000000000000000e+00,4.1146276930000028e+00,1.4008573110999997e+01,2.3017437896000004e+01,0,0,0,nan,884736,0,41232,5.9981640625000000e+02,5.9981640625000000e+02
exp3_remap,a,A_l2,A,2,2,abc,1,16,1.0000000000000001e-01,1,16,0.0000000000000000e+00,1,uniform,0.0000000000000000e+00,2.0000000000000000e+00,0,1,9.8974482571828171e-01,9.9999999999996447e-01,98304,98304,98304,98304,0.0000000000000000e+00,5.1476616033171940e-02,5.7792642621010771e-03,3.3073994905978356e-13,2.0747847884194925e-12,2.3207546879375666e-15,1.4558466668070184e-14,3.9667782949333422e+01,-1.5999000271149050e-05,1.2565747241619857e+01,1.2565961632557798e+01,4.9960036108132044e-16,1.4141789035323720e+00,1.7387586409330645e-05,2.7727516457508440e-05,5.0959653831987375e-02,5.7212250706313861e-03,3.3037403199857340e-13,1.8189894035458565e-12,2.3181871005094156e-15,1.2763587215842463e-14,3.9667767860838850e+01,-1.6379365697408082e-05,1.2565750866815554e+01,1.2565957897945749e+01,1.2767564783189300e-15,1.4141787529211318e+00,2.3258634265080446e-15,2.3472171559870322e-11,5.0959653831987375e-02,5.7212250706313861e-03,3.3037403199857340e-13,1.8189894035458565e-12,2.3181871005094156e-15,1.2763587215842463e-14,3.9667767860838850e+01,-1.6379365697408082e-05,1.2565750866815554e+01,1.2565957897945749e+01,1.2767564783189300e-15,1.4141787529211318e+00,2.3258634265080446e-15,2.3472171559870322e-11,6.3120586574674953e-02,7.0865293468165159e-03,3.3358754562283050e-13,1.7053025658242404e-12,2.3407358637581454e-15,1.1965863014852310e-14,3.9668457235753358e+01,9.9906672163799070e-07,1.2565749423520725e+01,1.2566068387088876e+01,9.4368957093138306e-16,1.4141788400260460e+00,2.7882183366623062e-04,4.3105421546806851e-04,1.6998338949216498e-05,1.7363876783662269e-07,1.7363580534323079e-07,9.9999995509314565e-01,3.9668417604357430e+01,1.2566370614359172e+01,nan,nan,8.1829566720000031e+00,7.7845061499999986e+00,2.4133194099999855e-01,3.2082675190000032e+00,1.8577607649999948e+00,1.4050557709999936e+00,6.4710893179999971e+00,1.4654045990000000e+01,2.4337764618999998e+01,17,17,0,nan,884736,0,27648,6.5443359375000000e+02,6.5443359375000000e+02
exp3_remap,a,B_pt,B,2,2,abc,1,16,1.0000000000000001e-01,1,16,0.0000000000000000e+00,1,uniform,0.0000000000000000e+00,2.0000000000000000e+00,0,1,9.8974482571828171e-01,9.9999999999996447e-01,98304,98304,98304,98304,0.0000000000000000e+00,5.1476616033171940e-02,5.7792642621010771e-03,3.3073994905978356e-13,2.0747847884194925e-12,2.3207546879375666e-15,1.4558466668070184e-14,3.9667782949333422e+01,-1.5999000271149050e-05,1.2565747241619857e+01,1.2565961632557798e+01,4.9960036108132044e-16,1.4141789035323720e+00,1.7387586409330645e-05,2.7727516457508440e-05,5.0959653831987375e-02,5.7212250706313861e-03,3.3037403199857340e-13,1.8189894035458565e-12,2.3181871005094156e-15,1.2763587215842463e-14,3.9667767860838850e+01,-1.6379365697408082e-05,1.2565750866815554e+01,1.2565957897945749e+01,1.2767564783189300e-15,1.4141787529211318e+00,2.3258634265080446e-15,2.3472171559870322e-11,5.0959653831987375e-02,5.7212250706313861e-03,3.3037403199857340e-13,1.8189894035458565e-12,2.3181871005094156e-15,1.2763587215842463e-14,3.9667767860838850e+01,-1.6379365697408082e-05,1.2565750866815554e+01,1.2565957897945749e+01,1.2767564783189300e-15,1.4141787529211318e+00,2.3258634265080446e-15,2.3472171559870322e-11,7.1086164277810227e-02,7.9808223694397152e-03,2.4758394221569294e-01,2.6322571537429766e+00,1.7372609392622188e-03,1.8470170134488498e-02,3.9751574987306007e+01,2.0963120782373514e-03,nan,nan,1.5214896479584517e-04,nan,nan,nan,2.1123448739147109e-03,nan,nan,nan,3.9668417604357430e+01,1.2566370614359172e+01,nan,nan,1.6659573840000093e+00,1.4380141049999935e+00,2.2794138700000133e-01,5.0387295599999504e-01,1.6534737000000632e-01,0.0000000000000000e+00,6.6922155599999655e-01,2.3351789400000058e+00,6.8413304670000059e+00,0,0,0,nan,147456,0,4032,6.5455859375000000e+02,6.5455859375000000e+02
exp3_remap,a,B_int,B,2,2,abc,1,16,1.0000000000000001e-01,1,16,0.0000000000000000e+00,1,uniform,0.0000000000000000e+00,2.0000000000000000e+00,4,1,9.8974482571828171e-01,9.9999999999996447e-01,98304,98304,98304,98304,0.0000000000000000e+00,5.1476616033171940e-02,5.7792642621010771e-03,3.3073994905978356e-13,2.0747847884194925e-12,2.3207546879375666e-15,1.4558466668070184e-14,3.9667782949333422e+01,-1.5999000271149050e-05,1.2565747241619857e+01,1.2565961632557798e+01,4.9960036108132044e-16,1.4141789035323720e+00,1.7387586409330645e-05,2.7727516457508440e-05,5.0959653831987375e-02,5.7212250706313861e-03,3.3037403199857340e-13,1.8189894035458565e-12,2.3181871005094156e-15,1.2763587215842463e-14,3.9667767860838850e+01,-1.6379365697408082e-05,1.2565750866815554e+01,1.2565957897945749e+01,1.2767564783189300e-15,1.4141787529211318e+00,2.3258634265080446e-15,2.3472171559870322e-11,5.0959653831987375e-02,5.7212250706313861e-03,3.3037403199857340e-13,1.8189894035458565e-12,2.3181871005094156e-15,1.2763587215842463e-14,3.9667767860838850e+01,-1.6379365697408082e-05,1.2565750866815554e+01,1.2565957897945749e+01,1.2767564783189300e-15,1.4141787529211318e+00,2.3258634265080446e-15,2.3472171559870322e-11,6.0331249934859263e-02,6.7733713578168502e-03,8.8181922695429835e-02,5.3661220299395040e-01,6.1875987786941635e-04,3.7653307054166035e-03,3.9666934498542602e+01,-3.7387571887025664e-05,nan,nan,1.5217416641588599e-04,nan,nan,nan,-2.1388913817114575e-05,nan,nan,nan,3.9668417604357430e+01,1.2566370614359172e+01,nan,nan,2.6883818273000003e+01,2.3336090941999998e+01,3.5477261160000069e+00,8.1313296480000190e+00,2.0357145339999931e+00,0.0000000000000000e+00,1.0167045264999985e+01,3.7050863537999987e+01,4.1474392935000012e+01,0,0,0,nan,2359296,0,86880,8.5491015625000000e+02,8.5491015625000000e+02
exp3_remap,a,B_l2,B,2,2,abc,1,16,1.0000000000000001e-01,1,16,0.0000000000000000e+00,1,uniform,0.0000000000000000e+00,2.0000000000000000e+00,0,1,9.8974482571828171e-01,9.9999999999996447e-01,98304,98304,98304,98304,0.0000000000000000e+00,5.1476616033171940e-02,5.7792642621010771e-03,3.3073994905978356e-13,2.0747847884194925e-12,2.3207546879375666e-15,1.4558466668070184e-14,3.9667782949333422e+01,-1.5999000271149050e-05,1.2565747241619857e+01,1.2565961632557798e+01,4.9960036108132044e-16,1.4141789035323720e+00,1.7387586409330645e-05,2.7727516457508440e-05,5.0959653831987375e-02,5.7212250706313861e-03,3.3037403199857340e-13,1.8189894035458565e-12,2.3181871005094156e-15,1.2763587215842463e-14,3.9667767860838850e+01,-1.6379365697408082e-05,1.2565750866815554e+01,1.2565957897945749e+01,1.2767564783189300e-15,1.4141787529211318e+00,2.3258634265080446e-15,2.3472171559870322e-11,5.0959653831987375e-02,5.7212250706313861e-03,3.3037403199857340e-13,1.8189894035458565e-12,2.3181871005094156e-15,1.2763587215842463e-14,3.9667767860838850e+01,-1.6379365697408082e-05,1.2565750866815554e+01,1.2565957897945749e+01,1.2767564783189300e-15,1.4141787529211318e+00,2.3258634265080446e-15,2.3472171559870322e-11,5.7819025217011988e-02,6.4913246412870423e-03,1.3238054356515838e-01,7.0138722588258240e-01,9.2889524819704972e-04,4.9215333592263306e-03,3.9667676454625493e+01,-1.8683622304493371e-05,nan,nan,1.2013914690026106e-04,nan,nan,nan,-2.6846649853001472e-06,nan,nan,nan,3.9668417604357430e+01,1.2566370614359172e+01,nan,nan,8.5390752039999995e+00,8.0591106009999862e+00,2.8921394799999689e-01,3.0131026409999890e+00,1.9774679070000047e+00,9.1172907699998973e-01,5.9023050419999947e+00,1.4441380245999994e+01,1.8360120856999998e+01,10,10,0,nan,884736,0,27648,8.7648437500000000e+02,8.7648437500000000e+02
exp3_remap,a,B_l2c,B,2,2,abc,1,16,1.0000000000000001e-01,1,16,0.0000000000000000e+00,1,uniform,0.0000000000000000e+00,2.0000000000000000e+00,0,1,9.8974482571828171e-01,9.9999999999996447e-01,98304,98304,98304,98304,0.0000000000000000e+00,5.1476616033171940e-02,5.7792642621010771e-03,3.3073994905978356e-13,2.0747847884194925e-12,2.3207546879375666e-15,1.4558466668070184e-14,3.9667782949333422e+01,-1.5999000271149050e-05,1.2565747241619857e+01,1.2565961632557798e+01,4.9960036108132044e-16,1.4141789035323720e+00,1.7387586409330645e-05,2.7727516457508440e-05,5.0959653831987375e-02,5.7212250706313861e-03,3.3037403199857340e-13,1.8189894035458565e-12,2.3181871005094156e-15,1.2763587215842463e-14,3.9667767860838850e+01,-1.6379365697408082e-05,1.2565750866815554e+01,1.2565957897945749e+01,1.2767564783189300e-15,1.4141787529211318e+00,2.3258634265080446e-15,2.3472171559870322e-11,5.0959653831987375e-02,5.7212250706313861e-03,3.3037403199857340e-13,1.8189894035458565e-12,2.3181871005094156e-15,1.2763587215842463e-14,3.9667767860838850e+01,-1.6379365697408082e-05,1.2565750866815554e+01,1.2565957897945749e+01,1.2767564783189300e-15,1.4141787529211318e+00,2.3258634265080446e-15,2.3472171559870322e-11,5.7800267293818992e-02,6.4892186948691455e-03,1.3376552169486631e-13,5.9685589803848416e-13,9.3861344068135026e-16,4.1880520551983081e-15,3.9667675370236090e+01,-1.8710958645810949e-05,nan,nan,8.2497619846577663e-11,nan,nan,nan,-2.7120017639788539e-06,nan,nan,nan,3.9668417604357430e+01,1.2566370614359172e+01,nan,nan,8.5491286970000147e+00,8.0864450990000023e+00,2.4265036799999962e-01,2.9754445139999746e+00,2.0230809150000084e+00,3.2600036918000001e+01,3.7598564283000002e+01,4.6147692980000016e+01,5.0673516683000003e+01,32,10,330,7.0138722588258240e-01,884736,0,27648,8.7823828125000000e+02,8.7823828125000000e+02
exp3_remap,a,A_pt,A,1,1,abc,1,16,2.9999999999999999e-01,1,16,0.0000000000000000e+00,1,uniform,0.0000000000000000e+00,2.0000000000000000e+00,0,1,8.9709733619746757e-01,9.9999999999999556e-01,12288,12288,12288,12288,0.0000000000000000e+00,1.0502257348390578e+00,1.1790852865275843e-01,4.1640307628061317e-14,2.2737367544323206e-13,2.9218405399681402e-16,1.5954484019803207e-15,3.9167069236711349e+01,-1.2638476599858360e-02,1.2232292575914803e+01,1.2323561439833549e+01,1.2767564783189300e-15,1.3957809859092425e+00,5.0502068442541284e-04,2.6884458163054779e-03,1.0047270775301984e+00,1.1280040802592374e-01,3.7488107532391654e-14,1.8474111129762605e-13,2.6304866268810102e-16,1.2963018266090067e-15,3.9163679354216825e+01,-1.2723932050295881e-02,1.2245869835682948e+01,1.2326358930922963e+01,7.7715611723760958e-16,1.3961565176133324e+00,9.5978575595933674e-17,3.1231187867844629e-11,1.0047270775301984e+00,1.1280040802592374e-01,3.7488107532391654e-14,1.8474111129762605e-13,2.6304866268810102e-16,1.2963018266090067e-15,3.9163679354216825e+01,-1.2723932050295881e-02,1.2245869835682948e+01,1.2326358930922963e+01,7.7715611723760958e-16,1.3961565176133324e+00,9.5978575595933674e-17,3.1231187867844629e-11,1.3071784171623559e+00,1.4675652932640615e-01,3.7843879382603075e-14,1.8474111129762605e-13,2.6554506262878415e-16,1.2963018266090067e-15,3.8540473134515679e+01,-2.8434319742510983e-02,1.1942316632767065e+01,1.2077730134901870e+01,4.9960036108132044e-16,1.3790657116234970e+00,5.9362658225958903e-03,1.3250586965055841e-02,-1.5998033919994208e-02,-2.3705772352003416e-02,-2.3530206309553190e-02,9.8802442900821097e-01,3.9668417604357430e+01,1.2566370614359172e+01,nan,nan,4.0876969700000032e-01,3.7184481800000047e-01,3.6923845999999649e-02,8.4075748000000061e-02,2.3436160000000150e-02,0.0000000000000000e+00,1.0751272999999983e-01,5.1628242700000015e-01,1.6206841310000000e+00,0,0,0,nan,49152,0,3312,1.2551171875000000e+02,1.2551171875000000e+02
exp3_remap,a,A_int,A,1,1,abc,1,16,2.9999999999999999e-01,1,16,0.0000000000000000e+00,1,uniform,0.0000000000000000e+00,2.0000000000000000e+00,3,1,8.9709733619746757e-01,9.9999999999999556e-01,12288,12288,12288,12288,0.0000000000000000e+00,1.0502257348390578e+00,1.1790852865275843e-01,4.1640307628061317e-14,2.2737367544323206e-13,2.9218405399681402e-16,1.5954484019803207e-15,3.9167069236711349e+01,-1.2638476599858360e-02,1.2232292575914803e+01,1.2323561439833549e+01,1.2767564783189300e-15,1.3957809859092425e+00,5.0502068442541284e-04,2.6884458163054779e-03,1.0047270775301984e+00,1.1280040802592374e-01,3.7488107532391654e-14,1.8474111129762605e-13,2.6304866268810102e-16,1.2963018266090067e-15,3.9163679354216825e+01,-1.2723932050295881e-02,1.2245869835682948e+01,1.2326358930922963e+01,7.7715611723760958e-16,1.3961565176133324e+00,9.5978575595933674e-17,3.1231187867844629e-11,1.0047270775301984e+00,1.1280040802592374e-01,3.7488107532391654e-14,1.8474111129762605e-13,2.6304866268810102e-16,1.2963018266090067e-15,3.9163679354216825e+01,-1.2723932050295881e-02,1.2245869835682948e+01,1.2326358930922963e+01,7.7715611723760958e-16,1.3961565176133324e+00,9.5978575595933674e-17,3.1231187867844629e-11,1.0765788513124215e+00,1.2086718514508378e-01,3.6602328591449802e-14,1.7763568394002505e-13,2.5683327916545426e-16,1.2464440640471218e-15,3.8220998199159553e+01,-3.6487954211687115e-02,1.1928620614570219e+01,1.2018048027214478e+01,1.6653345369377348e-15,1.3780027210971026e+00,3.0329783752097812e-03,7.2382999327721817e-03,-2.4154756942218247e-02,-2.4825433127924800e-02,-2.4641574826171807e-02,9.8726285499543565e-01,3.9668417604357430e+01,1.2566370614359172e+01,nan,nan,1.1501576389999988e+00,1.0397261820000008e+00,1.1043004600000028e-01,2.3977954499999932e-01,7.0823290000001649e-02,0.0000000000000000e+00,3.1060386999999956e-01,1.4607615089999983e+00,2.5358703949999990e+00,0,0,0,nan,147456,0,10848,1.4775390625000000e+02,1.4775390625000000e+02
exp3_remap,a,A_l2,A,1,1,abc,1,16,2.9999999999999999e-01,1,16,0.0000000000000000e+00,1,uniform,0.0000000000000000e+00,2.0000000000000000e+00,0,1,8.9709733619746757e-01,9.9999999999999556e-01,12288,12288,12288,12288,0.0000000000000000e+00,1.0502257348390578e+00,1.1790852865275843e-01,4.1640307628061317e-14,2.2737367544323206e-13,2.9218405399681402e-16,1.5954484019803207e-15,3.9167069236711349e+01,-1.2638476599858360e-02,1.2232292575914803e+01,1.2323561439833549e+01,1.2767564783189300e-15,1.3957809859092425e+00,5.0502068442541284e-04,2.6884458163054779e-03,1.0047270775301984e+00,1.1280040802592374e-01,3.7488107532391654e-14,1.8474111129762605e-13,2.6304866268810102e-16,1.2963018266090067e-15,3.9163679354216825e+01,-1.2723932050295881e-02,1.2245869835682948e+01,1.2326358930922963e+01,7.7715611723760958e-16,1.3961565176133324e+00,9.5978575595933674e-17,3.1231187867844629e-11,1.0047270775301984e+00,1.1280040802592374e-01,3.7488107532391654e-14,1.8474111129762605e-13,2.6304866268810102e-16,1.2963018266090067e-15,3.9163679354216825e+01,-1.2723932050295881e-02,1.2245869835682948e+01,1.2326358930922963e+01,7.7715611723760958e-16,1.3961565176133324e+00,9.5978575595933674e-17,3.1231187867844629e-11,1.0449449768979491e+00,1.1731565954057346e-01,3.8329689327438275e-14,1.8474111129762605e-13,2.6895392119010420e-16,1.2963018266090067e-15,3.9163209384120819e+01,-1.2735779512947236e-02,1.2232832334556191e+01,1.2319957900417434e+01,1.7208456881689926e-15,1.3954399125236856e+00,1.3058719591252492e-03,4.2847245886021403e-03,-9.8548414924856456e-05,4.4125713805321662e-05,4.3798916735474800e-05,9.9975563975365755e-01,3.9668417604357430e+01,1.2566370614359172e+01,nan,nan,1.9097582370000001e+00,1.8153710919999995e+00,3.7735666999999751e-02,4.6530466399999959e-01,2.5540486599999923e-01,7.9584414600000031e-01,1.5165589890000000e+00,3.4263172260000001e+00,4.4205484990000006e+00,29,29,0,nan,262144,0,16176,1.7863671875000000e+02,1.7863671875000000e+02
exp3_remap,a,B_pt,B,1,1,abc,1,16,2.9999999999999999e-01,1,16,0.0000000000000000e+00,1,uniform,0.0000000000000000e+00,2.0000000000000000e+00,0,1,8.9709733619746757e-01,9.9999999999999556e-01,12288,12288,12288,12288,0.0000000000000000e+00,1.0502257348390578e+00,1.1790852865275843e-01,4.1640307628061317e-14,2.2737367544323206e-13,2.9218405399681402e-16,1.5954484019803207e-15,3.9167069236711349e+01,-1.2638476599858360e-02,1.2232292575914803e+01,1.2323561439833549e+01,1.2767564783189300e-15,1.3957809859092425e+00,5.0502068442541284e-04,2.6884458163054779e-03,1.0047270775301984e+00,1.1280040802592374e-01,3.7488107532391654e-14,1.8474111129762605e-13,2.6304866268810102e-16,1.2963018266090067e-15,3.9163679354216825e+01,-1.2723932050295881e-02,1.2245869835682948e+01,1.2326358930922963e+01,7.7715611723760958e-16,1.3961565176133324e+00,9.5978575595933674e-17,3.1231187867844629e-11,1.0047270775301984e+00,1.1280040802592374e-01,3.7488107532391654e-14,1.8474111129762605e-13,2.6304866268810102e-16,1.2963018266090067e-15,3.9163679354216825e+01,-1.2723932050295881e-02,1.2245869835682948e+01,1.2326358930922963e+01,7.7715611723760958e-16,1.3961565176133324e+00,9.5978575595933674e-17,3.1231187867844629e-11,1.3666053808913849e+00,1.5342837674277557e-01,1.8997030850826949e+01,1.0009658270905908e+02,1.3329943518852846e-01,7.0236333478600321e-01,3.9053354296054188e+01,-1.5505113272672599e-02,nan,nan,1.3094360294832957e-01,nan,nan,nan,-2.9033303454468265e-03,nan,nan,nan,3.9668417604357430e+01,1.2566370614359172e+01,nan,nan,2.0261780299999899e-01,1.8043364500000081e-01,2.2183117999999169e-02,3.7310902999999840e-02,1.2268740000001443e-02,0.0000000000000000e+00,4.9580359000000129e-02,2.5219816199999912e-01,8.0314310199999994e-01,0,0,0,nan,24576,0,1536,1.7876171875000000e+02,1.7876171875000000e+02
exp3_remap,a,B_int,B,1,1,abc,1,16,2.9999999999999999e-01,1,16,0.0000000000000000e+00,1,uniform,0.0000000000000000e+00,2.0000000000000000e+00,3,1,8.9709733619746757e-01,9.9999999999999556e-01,12288,12288,12288,12288,0.0000000000000000e+00,1.0502257348390578e+00,1.1790852865275843e-01,4.1640307628061317e-14,2.2737367544323206e-13,2.9218405399681402e-16,1.5954484019803207e-15,3.9167069236711349e+01,-1.2638476599858360e-02,1.2232292575914803e+01,1.2323561439833549e+01,1.2767564783189300e-15,1.3957809859092425e+00,5.0502068442541284e-04,2.6884458163054779e-03,1.0047270775301984e+00,1.1280040802592374e-01,3.7488107532391654e-14,1.8474111129762605e-13,2.6304866268810102e-16,1.2963018266090067e-15,3.9163679354216825e+01,-1.2723932050295881e-02,1.2245869835682948e+01,1.2326358930922963e+01,7.7715611723760958e-16,1.3961565176133324e+00,9.5978575595933674e-17,3.1231187867844629e-11,1.0047270775301984e+00,1.1280040802592374e-01,3.7488107532391654e-14,1.8474111129762605e-13,2.6304866268810102e-16,1.2963018266090067e-15,3.9163679354216825e+01,-1.2723932050295881e-02,1.2245869835682948e+01,1.2326358930922963e+01,7.7715611723760958e-16,1.3961565176133324e+00,9.5978575595933674e-17,3.1231187867844629e-11,1.0472542612015387e+00,1.1757492219758586e-01,7.1937706934625361e+00,3.0437841931558211e+01,5.0477655052742217e-02,2.1357796224549477e-01,3.8205621130910814e+01,-3.6875594283497036e-02,nan,nan,2.0706734922615627e-02,nan,nan,nan,-2.4547358904744618e-02,nan,nan,nan,3.9668417604357430e+01,1.2566370614359172e+01,nan,nan,1.6022322300000020e+00,1.4567458200000019e+00,1.4548531300000000e-01,3.1558770800000246e-01,1.0611258400000168e-01,0.0000000000000000e+00,4.2170146599999825e-01,2.0239336960000003e+00,2.5712176400000004e+00,0,0,0,nan,221184,0,16128,1.7942187500000000e+02,1.7942187500000000e+02
exp3_remap,a,B_l2,B,1,1,abc,1,16,2.9999999999999999e-01,1,16,0.0000000000000000e+00,1,uniform,0.0000000000000000e+00,2.0000000000000000e+00,0,1,8.9709733619746757e-01,9.9999999999999556e-01,12288,12288,12288,12288,0.0000000000000000e+00,1.0502257348390578e+00,1.1790852865275843e-01,4.1640307628061317e-14,2.2737367544323206e-13,2.9218405399681402e-16,1.5954484019803207e-15,3.9167069236711349e+01,-1.2638476599858360e-02,1.2232292575914803e+01,1.2323561439833549e+01,1.2767564783189300e-15,1.3957809859092425e+00,5.0502068442541284e-04,2.6884458163054779e-03,1.0047270775301984e+00,1.1280040802592374e-01,3.7488107532391654e-14,1.8474111129762605e-13,2.6304866268810102e-16,1.2963018266090067e-15,3.9163679354216825e+01,-1.2723932050295881e-02,1.2245869835682948e+01,1.2326358930922963e+01,7.7715611723760958e-16,1.3961565176133324e+00,9.5978575595933674e-17,3.1231187867844629e-11,1.0047270775301984e+00,1.1280040802592374e-01,3.7488107532391654e-14,1.8474111129762605e-13,2.6304866268810102e-16,1.2963018266090067e-15,3.9163679354216825e+01,-1.2723932050295881e-02,1.2245869835682948e+01,1.2326358930922963e+01,7.7715611723760958e-16,1.3961565176133324e+00,9.5978575595933674e-17,3.1231187867844629e-11,1.0236568041470062e+00,1.1492564276274801e-01,5.3021187103277940e+00,2.3079150119839188e+01,3.7204204959137489e-02,1.6194307940874370e-01,3.8166030765713785e+01,-3.7873626662602571e-02,nan,nan,3.7526933337386215e-03,nan,nan,nan,-2.5558166350095175e-02,nan,nan,nan,3.9668417604357430e+01,1.2566370614359172e+01,nan,nan,1.7300287770000011e+00,1.6313004950000014e+00,4.0669275000002614e-02,3.7702548099999689e-01,1.4899575400000131e-01,2.2316053399999802e-01,7.4918564200000048e-01,2.4792144190000016e+00,2.7541648750000007e+00,9,9,0,nan,262144,0,16176,1.7966015625000000e+02,1.7966015625000000e+02
exp3_remap,a,B_l2c,B,1,1,abc,1,16,2.9999999999999999e-01,1,16,0.0000000000000000e+00,1,uniform,0.0000000000000000e+00,2.0000000000000000e+00,0,1,8.9709733619746757e-01,9.9999999999999556e-01,12288,12288,12288,12288,0.0000000000000000e+00,1.0502257348390578e+00,1.1790852865275843e-01,4.1640307628061317e-14,2.2737367544323206e-13,2.9218405399681402e-16,1.5954484019803207e-15,3.9167069236711349e+01,-1.2638476599858360e-02,1.2232292575914803e+01,1.2323561439833549e+01,1.2767564783189300e-15,1.3957809859092425e+00,5.0502068442541284e-04,2.6884458163054779e-03,1.0047270775301984e+00,1.1280040802592374e-01,3.7488107532391654e-14,1.8474111129762605e-13,2.6304866268810102e-16,1.2963018266090067e-15,3.9163679354216825e+01,-1.2723932050295881e-02,1.2245869835682948e+01,1.2326358930922963e+01,7.7715611723760958e-16,1.3961565176133324e+00,9.5978575595933674e-17,3.1231187867844629e-11,1.0047270775301984e+00,1.1280040802592374e-01,3.7488107532391654e-14,1.8474111129762605e-13,2.6304866268810102e-16,1.2963018266090067e-15,3.9163679354216825e+01,-1.2723932050295881e-02,1.2245869835682948e+01,1.2326358930922963e+01,7.7715611723760958e-16,1.3961565176133324e+00,9.5978575595933674e-17,3.1231187867844629e-11,1.0183749208444335e+00,1.1433264730656890e-01,4.2323147326482425e-12,1.4672707493446069e-11,2.9697544202153056e-14,1.0295627969029226e-13,3.8160637879078642e+01,-3.8009575786889051e-02,nan,nan,6.9852239081846790e-07,nan,nan,nan,-2.5695855657470974e-02,nan,nan,nan,3.9668417604357430e+01,1.2566370614359172e+01,nan,nan,1.6967512599999992e+00,1.6596645769999974e+00,1.4055155000001207e-02,3.8256651100000028e-01,2.1642885599999673e-01,6.7416332079999997e+00,7.3406303530000017e+00,9.0373816130000009e+00,9.5547995380000010e+00,28,9,232,2.3079150119839188e+01,262144,0,16176,1.7972265625000000e+02,1.7972265625000000e+02
exp3_remap,a,A_pt,A,2,2,abc,1,16,2.9999999999999999e-01,1,16,0.0000000000000000e+00,1,uniform,0.0000000000000000e+00,2.0000000000000000e+00,0,1,9.0770343146455312e-01,9.9999999999996447e-01,98304,98304,98304,98304,0.0000000000000000e+00,5.6010059000329085e-02,6.2882325460200481e-03,3.3857927918459862e-13,1.9948487306464813e-12,2.3757621407389712e-15,1.3997566839248812e-14,3.9667931620978855e+01,-1.2251141031676387e-05,1.2565717014352334e+01,1.2565997586325528e+01,1.3322676295501878e-15,1.4141802921331137e+00,7.0644290808790185e-05,1.0988468761140337e-04,5.0959653831987375e-02,5.7212250706313861e-03,3.3037403199857340e-13,1.8189894035458565e-12,2.3181871005094156e-15,1.2763587215842463e-14,3.9667767860838850e+01,-1.6379365697408082e-05,1.2565750866815554e+01,1.2565957897945749e+01,1.2767564783189300e-15,1.4141787529211318e+00,2.3258634265080446e-15,2.3472171559870322e-11,5.0959653831987375e-02,5.7212250706313861e-03,3.3037403199857340e-13,1.8189894035458565e-12,2.3181871005094156e-15,1.2763587215842463e-14,3.9667767860838850e+01,-1.6379365697408082e-05,1.2565750866815554e+01,1.2565957897945749e+01,1.2767564783189300e-15,1.4141787529211318e+00,2.3258634265080446e-15,2.3472171559870322e-11,8.4433564802141384e-02,9.4793310280607158e-03,3.3139402833572054e-13,1.9895196601282805e-12,2.3253442682112390e-15,1.3960173517327694e-14,3.9666914344963303e+01,-3.7895622888722727e-05,1.2564755903330266e+01,1.2565354314293469e+01,2.3869795029440866e-15,1.4141261122387740e+00,1.2623624990658955e-03,2.0012357895577613e-03,-2.5644796035059291e-05,-7.6486763228109591e-05,-7.6485055441526407e-05,9.9996168812799824e-01,3.9668417604357430e+01,1.2566370614359172e+01,nan,nan,2.4335827539999997e+00,2.1195867539999966e+00,3.1399407099999621e-01,8.8247415000000728e-01,2.7566324100000372e-01,0.0000000000000000e+00,1.1581386210000062e+00,3.5917213750000059e+00,1.2794715687999997e+01,0,0,0,nan,221184,0,14688,4.9212500000000000e+02,4.9212500000000000e+02
exp3_remap,a,A_int,A,2,2,abc,1,16,2.9999999999999999e-01,1,16,0.0000000000000000e+00,1,uniform,0.0000000000000000e+00,2.0000000000000000e+00,4,1,9.0770343146455312e-01,9.9999999999996447e-01,98304,98304,98304,98304,0.0000000000000000e+00,5.6010059000329085e-02,6.2882325460200481e-03,3.3857927918459862e-13,1.9948487306464813e-12,2.3757621407389712e-15,1.3997566839248812e-14,3.9667931620978855e+01,-1.2251141031676387e-05,1.2565717014352334e+01,1.2565997586325528e+01,1.3322676295501878e-15,1.4141802921331137e+00,7.0644290808790185e-05,1.0988468761140337e-04,5.0959653831987375e-02,5.7212250706313861e-03,3.3037403199857340e-13,1.8189894035458565e-12,2.3181871005094156e-15,1.2763587215842463e-14,3.9667767860838850e+01,-1.6379365697408082e-05,1.2565750866815554e+01,1.2565957897945749e+01,1.2767564783189300e-15,1.4141787529211318e+00,2.3258634265080446e-15,2.3472171559870322e-11,5.0959653831987375e-02,5.7212250706313861e-03,3.3037403199857340e-13,1.8189894035458565e-12,2.3181871005094156e-15,1.2763587215842463e-14,3.9667767860838850e+01,-1.6379365697408082e-05,1.2565750866815554e+01,1.2565957897945749e+01,1.2767564783189300e-15,1.4141787529211318e+00,2.3258634265080446e-15,2.3472171559870322e-11,6.5385531957971699e-02,7.3408140865294496e-03,3.3122328504823824e-13,1.9468870959826745e-12,2.3241461871025466e-15,1.3661026941956388e-14,3.9666576934869653e+01,-4.6401384248174428e-05,1.2565102447887051e+01,1.2565460606230118e+01,9.7144514654701197e-16,1.4141441178861909e+00,9.8491553146873648e-04,1.5407023833305178e-03,-3.4150661601069641e-05,-4.8908189208813520e-05,-4.8907097193073628e-05,9.9997442034291950e-01,3.9668417604357430e+01,1.2566370614359172e+01,nan,nan,9.4801415120000030e+00,8.0891024550000026e+00,1.3910371919999989e+00,3.3625309060000035e+00,9.3036465500000531e-01,0.0000000000000000e+00,4.2928968670000103e+00,1.3773038379000013e+01,2.3029770647000007e+01,0,0,0,nan,884736,0,60000,5.8905859375000000e+02,5.8905859375000000e+02
exp3_remap,a,A_l2,A,2,2,abc,1,16,2.9999999999999999e-01,1,16,0.0000000000000000e+00,1,uniform,0.0000000000000000e+00,2.0000000000000000e+00,0,1,9.0770343146455312e-01,9.9999999999996447e-01,98304,98304,98304,98304,0.0000000000000000e+00,5.6010059000329085e-02,6.2882325460200481e-03,3.3857927918459862e-13,1.9948487306464813e-12,2.3757621407389712e-15,1.3997566839248812e-14,3.9667931620978855e+01,-1.2251141031676387e-05,1.2565717014352334e+01,1.2565997586325528e+01,1.3322676295501878e-15,1.4141802921331137e+00,7.0644290808790185e-05,1.0988468761140337e-04,5.0959653831987375e-02,5.7212250706313861e-03,3.3037403199857340e-13,1.8189894035458565e-12,2.3181871005094156e-15,1.2763587215842463e-14,3.9667767860838850e+01,-1.6379365697408082e-05,1.2565750866815554e+01,1.2565957897945749e+01,1.2767564783189300e-15,1.4141787529211318e+00,2.3258634265080446e-15,2.3472171559870322e-11,5.0959653831987375e-02,5.7212250706313861e-03,3.3037403199857340e-13,1.8189894035458565e-12,2.3181871005094156e-15,1.2763587215842463e-14,3.9667767860838850e+01,-1.6379365697408082e-05,1.2565750866815554e+01,1.2565957897945749e+01,1.2767564783189300e-15,1.4141787529211318e+00,2.3258634265080446e-15,2.3472171559870322e-11,7.3987839921741128e-02,8.3065926247799775e-03,3.2934939082605357e-13,1.8758328224066645e-12,2.3109973406653473e-15,1.3162449316337541e-14,3.9669080384931412e+01,1.6708016452607329e-05,1.2565717247514625e+01,1.2566155497837752e+01,2.1094237467877974e-15,1.4141774824002369e+00,7.2202724812516796e-04,1.1426079286035789e-03,2.8959512271352760e-05,1.8555430699722805e-08,1.8555016396459645e-08,9.9999801317208814e-01,3.9668417604357430e+01,1.2566370614359172e+01,nan,nan,8.8342919100000046e+00,8.3601096289999930e+00,2.8393613900000503e-01,3.3918186500000047e+00,2.3055256979999967e+00,1.9035725749999983e+00,7.6009224919999951e+00,1.6435214402000000e+01,2.5547053773000002e+01,19,19,0,nan,884736,0,56544,6.4692968750000000e+02,6.4692968750000000e+02
exp3_remap,a,B_pt,B,2,2,abc,1,16,2.9999999999999999e-01,1,16,0.0000000000000000e+00,1,uniform,0.0000000000000000e+00,2.0000000000000000e+00,0,1,9.0770343146455312e-01,9.9999999999996447e-01,98304,98304,98304,98304,0.0000000000000000e+00,5.6010059000329085e-02,6.2882325460200481e-03,3.3857927918459862e-13,1.9948487306464813e-12,2.3757621407389712e-15,1.3997566839248812e-14,3.9667931620978855e+01,-1.2251141031676387e-05,1.2565717014352334e+01,1.2565997586325528e+01,1.3322676295501878e-15,1.4141802921331137e+00,7.0644290808790185e-05,1.0988468761140337e-04,5.0959653831987375e-02,5.7212250706313861e-03,3.3037403199857340e-13,1.8189894035458565e-12,2.3181871005094156e-15,1.2763587215842463e-14,3.9667767860838850e+01,-1.6379365697408082e-05,1.2565750866815554e+01,1.2565957897945749e+01,1.2767564783189300e-15,1.4141787529211318e+00,2.3258634265080446e-15,2.3472171559870322e-11,5.0959653831987375e-02,5.7212250706313861e-03,3.3037403199857340e-13,1.8189894035458565e-12,2.3181871005094156e-15,1.2763587215842463e-14,3.9667767860838850e+01,-1.6379365697408082e-05,1.2565750866815554e+01,1.2565957897945749e+01,1.2767564783189300e-15,1.4141787529211318e+00,2.3258634265080446e-15,2.3472171559870322e-11,7.3416911665399043e-02,8.2424946804633727e-03,6.6262140414089277e-01,3.7051085559195318e+00,4.6495191595672600e-03,2.5998214231186357e-02,3.9656103017366299e+01,-3.1043806974993831e-04,nan,nan,1.6721281333980376e-03,nan,nan,nan,-2.9819058189313501e-04,nan,nan,nan,3.9668417604357430e+01,1.2566370614359172e+01,nan,nan,1.5287630650000068e+00,1.3114595080000129e+00,2.1730209699998682e-01,5.4028140099998723e-01,1.6572076299999594e-01,0.0000000000000000e+00,7.0600332999998727e-01,2.2347663949999941e+00,6.7694903510000017e+00,0,0,0,nan,147456,0,9456,6.4705468750000000e+02,6.4705468750000000e+02
exp3_remap,a,B_int,B,2,2,abc,1,16,2.9999999999999999e-01,1,16,0.0000000000000000e+00,1,uniform,0.0000000000000000e+00,2.0000000000000000e+00,4,1,9.0770343146455312e-01,9.9999999999996447e-01,98304,98304,98304,98304,0.0000000000000000e+00,5.6010059000329085e-02,6.2882325460200481e-03,3.3857927918459862e-13,1.9948487306464813e-12,2.3757621407389712e-15,1.3997566839248812e-14,3.9667931620978855e+01,-1.2251141031676387e-05,1.2565717014352334e+01,1.2565997586325528e+01,1.3322676295501878e-15,1.4141802921331137e+00,7.0644290808790185e-05,1.0988468761140337e-04,5.0959653831987375e-02,5.7212250706313861e-03,3.3037403199857340e-13,1.8189894035458565e-12,2.3181871005094156e-15,1.2763587215842463e-14,3.9667767860838850e+01,-1.6379365697408082e-05,1.2565750866815554e+01,1.2565957897945749e+01,1.2767564783189300e-15,1.4141787529211318e+00,2.3258634265080446e-15,2.3472171559870322e-11,5.0959653831987375e-02,5.7212250706313861e-03,3.3037403199857340e-13,1.8189894035458565e-12,2.3181871005094156e-15,1.2763587215842463e-14,3.9667767860838850e+01,-1.6379365697408082e-05,1.2565750866815554e+01,1.2565957897945749e+01,1.2767564783189300e-15,1.4141787529211318e+00,2.3258634265080446e-15,2.3472171559870322e-11,6.3357988112189623e-02,7.1131823463190906e-03,1.2406424988399113e-01,7.6364181859047786e-01,8.7054101067085966e-04,5.3583648889015626e-03,3.9666252063458067e+01,-5.4591058331616108e-05,nan,nan,4.1603704145631859e-06,nan,nan,nan,-4.2340436018592729e-05,nan,nan,nan,3.9668417604357430e+01,1.2566370614359172e+01,nan,nan,2.7490564457999994e+01,2.3910781272999998e+01,3.5797812699999838e+00,7.6951773620000097e+00,1.9751976580000132e+00,0.0000000000000000e+00,9.6703761200000145e+00,3.7160940578000009e+01,4.0751070633000012e+01,0,0,0,nan,2359296,0,153648,8.7578515625000000e+02,8.7578515625000000e+02
exp3_remap,a,B_l2,B,2,2,abc,1,16,2.9999999999999999e-01,1,16,0.0000000000000000e+00,1,uniform,0.0000000000000000e+00,2.0000000000000000e+00,0,1,9.0770343146455312e-01,9.9999999999996447e-01,98304,98304,98304,98304,0.0000000000000000e+00,5.6010059000329085e-02,6.2882325460200481e-03,3.3857927918459862e-13,1.9948487306464813e-12,2.3757621407389712e-15,1.3997566839248812e-14,3.9667931620978855e+01,-1.2251141031676387e-05,1.2565717014352334e+01,1.2565997586325528e+01,1.3322676295501878e-15,1.4141802921331137e+00,7.0644290808790185e-05,1.0988468761140337e-04,5.0959653831987375e-02,5.7212250706313861e-03,3.3037403199857340e-13,1.8189894035458565e-12,2.3181871005094156e-15,1.2763587215842463e-14,3.9667767860838850e+01,-1.6379365697408082e-05,1.2565750866815554e+01,1.2565957897945749e+01,1.2767564783189300e-15,1.4141787529211318e+00,2.3258634265080446e-15,2.3472171559870322e-11,5.0959653831987375e-02,5.7212250706313861e-03,3.3037403199857340e-13,1.8189894035458565e-12,2.3181871005094156e-15,1.2763587215842463e-14,3.9667767860838850e+01,-1.6379365697408082e-05,1.2565750866815554e+01,1.2565957897945749e+01,1.2767564783189300e-15,1.4141787529211318e+00,2.3258634265080446e-15,2.3472171559870322e-11,5.8395960057573325e-02,6.5560969430146568e-03,3.1839832612312380e-01,1.3758121320418901e+00,2.2341552935540737e-03,9.6538759960336073e-03,3.9665161303199625e+01,-8.2088002356997197e-05,nan,nan,1.1612081196615831e-04,nan,nan,nan,-6.9837716917040086e-05,nan,nan,nan,3.9668417604357430e+01,1.2566370614359172e+01,nan,nan,7.1776473710000062e+00,6.7915913569999873e+00,2.3787312499999302e-01,2.5772745509999879e+00,1.7352417830000206e+00,8.4303179299999442e-01,5.1555537049999884e+00,1.2333201075999995e+01,1.6123114317000017e+01,10,10,0,nan,884736,0,56544,8.7596484375000000e+02,8.7596484375000000e+02
exp3_remap,a,B_l2c,B,2,2,abc,1,16,2.9999999999999999e-01,1,16,0.0000000000000000e+00,1,uniform,0.0000000000000000e+00,2.0000000000000000e+00,0,1,9.0770343146455312e-01,9.9999999999996447e-01,98304,98304,98304,98304,0.0000000000000000e+00,5.6010059000329085e-02,6.2882325460200481e-03,3.3857927918459862e-13,1.9948487306464813e-12,2.3757621407389712e-15,1.3997566839248812e-14,3.9667931620978855e+01,-1.2251141031676387e-05,1.2565717014352334e+01,1.2565997586325528e+01,1.3322676295501878e-15,1.4141802921331137e+00,7.0644290808790185e-05,1.0988468761140337e-04,5.0959653831987375e-02,5.7212250706313861e-03,3.3037403199857340e-13,1.8189894035458565e-12,2.3181871005094156e-15,1.2763587215842463e-14,3.9667767860838850e+01,-1.6379365697408082e-05,1.2565750866815554e+01,1.2565957897945749e+01,1.2767564783189300e-15,1.4141787529211318e+00,2.3258634265080446e-15,2.3472171559870322e-11,5.0959653831987375e-02,5.7212250706313861e-03,3.3037403199857340e-13,1.8189894035458565e-12,2.3181871005094156e-15,1.2763587215842463e-14,3.9667767860838850e+01,-1.6379365697408082e-05,1.2565750866815554e+01,1.2565957897945749e+01,1.2767564783189300e-15,1.4141787529211318e+00,2.3258634265080446e-15,2.3472171559870322e-11,5.8334883493320271e-02,6.5492398954415968e-03,1.4150768068583449e-13,6.2883032114768866e-13,9.9293905760221319e-16,4.4124119867267896e-15,3.9665157738440008e+01,-8.2177866279776655e-05,nan,nan,1.3390800690515903e-09,nan,nan,nan,-6.9927581940768628e-05,nan,nan,nan,3.9668417604357430e+01,1.2566370614359172e+01,nan,nan,8.8162850129999981e+00,8.3049522270000011e+00,2.4947783199999662e-01,3.1165515619999837e+00,1.9946463080000001e+00,2.9634691866999987e+01,3.4745892437999998e+01,4.3562177450999997e+01,4.7452393164999989e+01,32,10,330,1.3758121320418901e+00,884736,0,56544,8.7603515625000000e+02,8.7603515625000000e+02
exp3_remap,a,A_pt,A,1,1,abc,1,16,5.0000000000000000e-01,1,16,0.0000000000000000e+00,1,uniform,0.0000000000000000e+00,2.0000000000000000e+00,0,1,6.9422447752775529e-01,9.9999999999999556e-01,12288,12288,12288,12288,0.0000000000000000e+00,1.1406174291293558e+00,1.2805677709368343e-01,4.1993228906421248e-14,2.1316282072803006e-13,2.9466045188450593e-16,1.4957328768565542e-15,3.9189064816975652e+01,-1.2083990648750327e-02,1.2208184981596171e+01,1.2321757326856853e+01,1.3877787807814457e-15,1.3951872879801519e+00,1.3104299468287314e-03,5.1048465353183770e-03,1.0047270775301984e+00,1.1280040802592374e-01,3.7488107532391654e-14,1.8474111129762605e-13,2.6304866268810102e-16,1.2963018266090067e-15,3.9163679354216825e+01,-1.2723932050295881e-02,1.2245869835682948e+01,1.2326358930922963e+01,7.7715611723760958e-16,1.3961565176133324e+00,9.5978575595933674e-17,3.1231187867844629e-11,1.0047270775301984e+00,1.1280040802592374e-01,3.7488107532391654e-14,1.8474111129762605e-13,2.6304866268810102e-16,1.2963018266090067e-15,3.9163679354216825e+01,-1.2723932050295881e-02,1.2245869835682948e+01,1.2326358930922963e+01,7.7715611723760958e-16,1.3961565176133324e+00,9.5978575595933674e-17,3.1231187867844629e-11,1.7017707573957335e+00,1.9105729316333112e-01,3.7159673178879081e-14,1.7763568394002505e-13,2.6074408603275335e-16,1.2464440640471218e-15,3.9122292583441528e+01,-1.3767249966026173e-02,1.1938915571508888e+01,1.2169621552238558e+01,2.2759572004815709e-15,1.3791359702552688e+00,1.1688410751854162e-02,2.0683792455195554e-02,-1.7038486079208486e-03,-2.2056465436361441e-02,-2.1853166147037771e-02,9.8849522364261144e-01,3.9668417604357430e+01,1.2566370614359172e+01,nan,nan,4.6773413900000005e-01,4.2177821099999946e-01,4.5954609999999896e-02,8.0273162999999315e-02,2.3399003999999834e-02,0.0000000000000000e+00,1.0367304700000002e-01,5.7140718600000007e-01,1.6861523599999995e+00,0,0,0,nan,49152,0,4656,1.2528906250000000e+02,1.2528906250000000e+02
exp3_remap,a,A_int,A,1,1,abc,1,16,5.0000000000000000e-01,1,16,0.0000000000000000e+00,1,uniform,0.0000000000000000e+00,2.0000000000000000e+00,3,1,6.9422447752775529e-01,9.9999999999999556e-01,12288,12288,12288,12288,0.0000000000000000e+00,1.1406174291293558e+00,1.2805677709368343e-01,4.1993228906421248e-14,2.1316282072803006e-13,2.9466045188450593e-16,1.4957328768565542e-15,3.9189064816975652e+01,-1.2083990648750327e-02,1.2208184981596171e+01,1.2321757326856853e+01,1.3877787807814457e-15,1.3951872879801519e+00,1.3104299468287314e-03,5.1048465353183770e-03,1.0047270775301984e+00,1.1280040802592374e-01,3.7488107532391654e-14,1.8474111129762605e-13,2.6304866268810102e-16,1.2963018266090067e-15,3.9163679354216825e+01,-1.2723932050295881e-02,1.2245869835682948e+01,1.2326358930922963e+01,7.7715611723760958e-16,1.3961565176133324e+00,9.5978575595933674e-17,3.1231187867844629e-11,1.0047270775301984e+00,1.1280040802592374e-01,3.7488107532391654e-14,1.8474111129762605e-13,2.6304866268810102e-16,1.2963018266090067e-15,3.9163679354216825e+01,-1.2723932050295881e-02,1.2245869835682948e+01,1.2326358930922963e+01,7.7715611723760958e-16,1.3961565176133324e+00,9.5978575595933674e-17,3.1231187867844629e-11,1.1394844811811999e+00,1.2792958136692012e-01,3.7285911210727229e-14,2.1316282072803006e-13,2.6162988015904633e-16,1.4957328768565461e-15,3.8328356374265134e+01,-3.3781565059078512e-02,1.1940334992285825e+01,1.2042066172927832e+01,1.4432899320127035e-15,1.3788119072469109e+00,8.2586380200767012e-03,1.4588122650918094e-02,-2.1962974792337529e-02,-2.1940197475229063e-02,-2.1737969853255608e-02,9.8826295159487298e-01,3.9668417604357430e+01,1.2566370614359172e+01,nan,nan,1.2584877260000003e+00,1.1407303969999996e+00,1.1775629899999984e-01,2.3025621899999926e-01,6.9777817000000297e-02,0.0000000000000000e+00,3.0003491299999929e-01,1.5585226389999995e+00,2.4153101339999994e+00,0,0,0,nan,147456,0,14976,1.4842968750000000e+02,1.4842968750000000e+02
exp3_remap,a,A_l2,A,1,1,abc,1,16,5.0000000000000000e-01,1,16,0.0000000000000000e+00,1,uniform,0.0000000000000000e+00,2.0000000000000000e+00,0,1,6.9422447752775529e-01,9.9999999999999556e-01,12288,12288,12288,12288,0.0000000000000000e+00,1.1406174291293558e+00,1.2805677709368343e-01,4.1993228906421248e-14,2.1316282072803006e-13,2.9466045188450593e-16,1.4957328768565542e-15,3.9189064816975652e+01,-1.2083990648750327e-02,1.2208184981596171e+01,1.2321757326856853e+01,1.3877787807814457e-15,1.3951872879801519e+00,1.3104299468287314e-03,5.1048465353183770e-03,1.0047270775301984e+00,1.1280040802592374e-01,3.7488107532391654e-14,1.8474111129762605e-13,2.6304866268810102e-16,1.2963018266090067e-15,3.9163679354216825e+01,-1.2723932050295881e-02,1.2245869835682948e+01,1.2326358930922963e+01,7.7715611723760958e-16,1.3961565176133324e+00,9.5978575595933674e-17,3.1231187867844629e-11,1.0047270775301984e+00,1.1280040802592374e-01,3.7488107532391654e-14,1.8474111129762605e-13,2.6304866268810102e-16,1.2963018266090067e-15,3.9163679354216825e+01,-1.2723932050295881e-02,1.2245869835682948e+01,1.2326358930922963e+01,7.7715611723760958e-16,1.3961565176133324e+00,9.5978575595933674e-17,3.1231187867844629e-11,1.0382957030275186e+00,1.1656914755494607e-01,3.7240450791478953e-14,1.7408297026122455e-13,2.6131089093084466e-16,1.2215151827661793e-15,3.9073268964882793e+01,-1.5003084958177457e-02,1.2206853662765457e+01,1.2292863596229397e+01,9.4368957093138306e-16,1.3939804405980030e+00,2.1202520673875005e-03,6.3538609216346673e-03,-2.9548000860357133e-03,-1.0905133176801624e-04,-1.0804618167666529e-04,9.9913499256153904e-01,3.9668417604357430e+01,1.2566370614359172e+01,nan,nan,1.7563018400000008e+00,1.6743017019999993e+00,3.5167868000000269e-02,3.3304292100000055e-01,2.1341260099999992e-01,7.2124476499999979e-01,1.2677064740000006e+00,3.0240083140000014e+00,3.8615985159999990e+00,29,29,0,nan,262144,0,25152,1.7907812500000000e+02,1.7907812500000000e+02
exp3_remap,a,B_pt,B,1,1,abc,1,16,5.0000000000000000e-01,1,16,0.0000000000000000e+00,1,uniform,0.0000000000000000e+00,2.0000000000000000e+00,0,1,6.9422447752775529e-01,9.9999999999999556e-01,12288,12288,12288,12288,0.0000000000000000e+00,1.1406174291293558e+00,1.2805677709368343e-01,4.1993228906421248e-14,2.1316282072803006e-13,2.9466045188450593e-16,1.4957328768565542e-15,3.9189064816975652e+01,-1.2083990648750327e-02,1.2208184981596171e+01,1.2321757326856853e+01,1.3877787807814457e-15,1.3951872879801519e+00,1.3104299468287314e-03,5.1048465353183770e-03,1.0047270775301984e+00,1.1280040802592374e-01,3.7488107532391654e-14,1.8474111129762605e-13,2.6304866268810102e-16,1.2963018266090067e-15,3.9163679354216825e+01,-1.2723932050295881e-02,1.2245869835682948e+01,1.2326358930922963e+01,7.7715611723760958e-16,1.3961565176133324e+00,9.5978575595933674e-17,3.1231187867844629e-11,1.0047270775301984e+00,1.1280040802592374e-01,3.7488107532391654e-14,1.8474111129762605e-13,2.6304866268810102e-16,1.2963018266090067e-15,3.9163679354216825e+01,-1.2723932050295881e-02,1.2245869835682948e+01,1.2326358930922963e+01,7.7715611723760958e-16,1.3961565176133324e+00,9.5978575595933674e-17,3.1231187867844629e-11,1.3520322283805104e+00,1.5179225327580226e-01,2.1850397728395752e+01,9.4721966938002055e+01,1.5332110047676584e-01,6.6465042837115296e-01,3.9089704569917345e+01,-1.4588760262938131e-02,nan,nan,1.8237340023205983e-01,nan,nan,nan,-2.5354074541545793e-03,nan,nan,nan,3.9668417604357430e+01,1.2566370614359172e+01,nan,nan,1.7042539500000053e-01,1.5765072399999980e-01,1.2773286999999911e-02,3.4767535000000294e-02,1.1398779000000303e-02,0.0000000000000000e+00,4.6167228999999921e-02,2.1659262400000046e-01,6.6422771400000080e-01,0,0,0,nan,24576,0,2112,1.7907812500000000e+02,1.7907812500000000e+02
exp3_remap,a,B_int,B,1,1,abc,1,16,5.0000000000000000e-01,1,16,0.0000000000000000e+00,1,uniform,0.0000000000000000e+00,2.0000000000000000e+00,3,1,6.9422447752775529e-01,9.9999999999999556e-01,12288,12288,12288,12288,0.0000000000000000e+00,1.1406174291293558e+00,1.2805677709368343e-01,4.1993228906421248e-14,2.1316282072803006e-13,2.9466045188450593e-16,1.4957328768565542e-15,3.9189064816975652e+01,-1.2083990648750327e-02,1.2208184981596171e+01,1.2321757326856853e+01,1.3877787807814457e-15,1.3951872879801519e+00,1.3104299468287314e-03,5.1048465353183770e-03,1.0047270775301984e+00,1.1280040802592374e-01,3.7488107532391654e-14,1.8474111129762605e-13,2.6304866268810102e-16,1.2963018266090067e-15,3.9163679354216825e+01,-1.2723932050295881e-02,1.2245869835682948e+01,1.2326358930922963e+01,7.7715611723760958e-16,1.3961565176133324e+00,9.5978575595933674e-17,3.1231187867844629e-11,1.0047270775301984e+00,1.1280040802592374e-01,3.7488107532391654e-14,1.8474111129762605e-13,2.6304866268810102e-16,1.2963018266090067e-15,3.9163679354216825e+01,-1.2723932050295881e-02,1.2245869835682948e+01,1.2326358930922963e+01,7.7715611723760958e-16,1.3961565176133324e+00,9.5978575595933674e-17,3.1231187867844629e-11,1.0565006907020857e+00,1.1861301606782226e-01,5.1192873545384350e+00,2.5024987853301241e+01,3.5921303612456067e-02,1.7559674312470946e-01,3.8199558964908213e+01,-3.7028415252134170e-02,nan,nan,7.6784676296519361e-03,nan,nan,nan,-2.5249539806288281e-02,nan,nan,nan,3.9668417604357430e+01,1.2566370614359172e+01,nan,nan,1.6280666789999998e+00,1.5057939850000004e+00,1.2227166499999953e-01,3.2736009799999977e-01,1.1651028399999852e-01,0.0000000000000000e+00,4.4387144000000234e-01,2.0719381190000021e+00,2.6213599079999987e+00,0,0,0,nan,221184,0,22080,1.8080859375000000e+02,1.8080859375000000e+02
exp3_remap,a,B_l2,B,1,1,abc,1,16,5.0000000000000000e-01,1,16,0.0000000000000000e+00,1,uniform,0.0000000000000000e+00,2.0000000000000000e+00,0,1,6.9422447752775529e-01,9.9999999999999556e-01,12288,12288,12288,12288,0.0000000000000000e+00,1.1406174291293558e+00,1.2805677709368343e-01,4.1993228906421248e-14,2.1316282072803006e-13,2.9466045188450593e-16,1.4957328768565542e-15,3.9189064816975652e+01,-1.2083990648750327e-02,1.2208184981596171e+01,1.2321757326856853e+01,1.3877787807814457e-15,1.3951872879801519e+00,1.3104299468287314e-03,5.1048465353183770e-03,1.0047270775301984e+00,1.1280040802592374e-01,3.7488107532391654e-14,1.8474111129762605e-13,2.6304866268810102e-16,1.2963018266090067e-15,3.9163679354216825e+01,-1.2723932050295881e-02,1.2245869835682948e+01,1.2326358930922963e+01,7.7715611723760958e-16,1.3961565176133324e+00,9.5978575595933674e-17,3.1231187867844629e-11,1.0047270775301984e+00,1.1280040802592374e-01,3.7488107532391654e-14,1.8474111129762605e-13,2.6304866268810102e-16,1.2963018266090067e-15,3.9163679354216825e+01,-1.2723932050295881e-02,1.2245869835682948e+01,1.2326358930922963e+01,7.7715611723760958e-16,1.3961565176133324e+00,9.5978575595933674e-17,3.1231187867844629e-11,1.0211521351309720e+00,1.1464444432259743e-01,3.4107893545417913e+00,1.4230262100817669e+01,2.3933018695270210e-02,9.9851703959366128e-02,3.8157686208344337e+01,-3.8083984369649874e-02,nan,nan,1.2024617137126076e-02,nan,nan,nan,-2.6318020433714173e-02,nan,nan,nan,3.9668417604357430e+01,1.2566370614359172e+01,nan,nan,2.1112676199999996e+00,2.0171114780000003e+00,3.6868898999998123e-02,3.9481572800000109e-01,2.1442699600000026e-01,2.7101117499999816e-01,8.8025809900000240e-01,2.9915257190000020e+00,3.5485378820000015e+00,9,9,0,nan,262144,0,25152,1.8105859375000000e+02,1.8105859375000000e+02
exp3_remap,a,B_l2c,B,1,1,abc,1,16,5.0000000000000000e-01,1,16,0.0000000000000000e+00,1,uniform,0.0000000000000000e+00,2.0000000000000000e+00,0,1,6.9422447752775529e-01,9.9999999999999556e-01,12288,12288,12288,12288,0.0000000000000000e+00,1.1406174291293558e+00,1.2805677709368343e-01,4.1993228906421248e-14,2.1316282072803006e-13,2.9466045188450593e-16,1.4957328768565542e-15,3.9189064816975652e+01,-1.2083990648750327e-02,1.2208184981596171e+01,1.2321757326856853e+01,1.3877787807814457e-15,1.3951872879801519e+00,1.3104299468287314e-03,5.1048465353183770e-03,1.0047270775301984e+00,1.1280040802592374e-01,3.7488107532391654e-14,1.8474111129762605e-13,2.6304866268810102e-16,1.2963018266090067e-15,3.9163679354216825e+01,-1.2723932050295881e-02,1.2245869835682948e+01,1.2326358930922963e+01,7.7715611723760958e-16,1.3961565176133324e+00,9.5978575595933674e-17,3.1231187867844629e-11,1.0047270775301984e+00,1.1280040802592374e-01,3.7488107532391654e-14,1.8474111129762605e-13,2.6304866268810102e-16,1.2963018266090067e-15,3.9163679354216825e+01,-1.2723932050295881e-02,1.2245869835682948e+01,1.2326358930922963e+01,7.7715611723760958e-16,1.3961565176133324e+00,9.5978575595933674e-17,3.1231187867844629e-11,1.0189590000886650e+00,1.1439822170835645e-01,2.5367928204952222e-12,9.7912788987741806e-12,1.7800310628416295e-14,6.8703996810277356e-14,3.8155449088734279e+01,-3.8140379853643477e-02,nan,nan,4.7299749343920894e-06,nan,nan,nan,-2.6375105735966367e-02,nan,nan,nan,3.9668417604357430e+01,1.2566370614359172e+01,nan,nan,1.9204704970000002e+00,1.8145905429999978e+00,4.5357124000002358e-02,3.2224492799999993e-01,1.7841319099999708e-01,6.4436700409999972e+00,6.9443297440000009e+00,8.8648002410000011e+00,9.4238632970000005e+00,28,9,232,1.4230262100817669e+01,262144,0,25152,1.8112109375000000e+02,1.8112109375000000e+02
exp3_remap,a,A_pt,A,2,2,abc,1,16,5.0000000000000000e-01,1,16,0.0000000000000000e+00,1,uniform,0.0000000000000000e+00,2.0000000000000000e+00,0,1,7.4362064295708730e-01,9.9999999999996447e-01,98304,98304,98304,98304,0.0000000000000000e+00,6.6725168725884812e-02,7.4912147051717009e-03,3.6013656288748823e-13,2.5259794256271562e-12,2.5270265022257582e-15,1.7724434590750037e-14,3.9668378689278015e+01,-9.8100911921974740e-07,1.2565650027902361e+01,1.2566101873708542e+01,7.2164496600635175e-16,1.4141840357000439e+00,1.8741822420860910e-04,2.6091584875954015e-04,5.0959653831987375e-02,5.7212250706313861e-03,3.3037403199857340e-13,1.8189894035458565e-12,2.3181871005094156e-15,1.2763587215842463e-14,3.9667767860838850e+01,-1.6379365697408082e-05,1.2565750866815554e+01,1.2565957897945749e+01,1.2767564783189300e-15,1.4141787529211318e+00,2.3258634265080446e-15,2.3472171559870322e-11,5.0959653831987375e-02,5.7212250706313861e-03,3.3037403199857340e-13,1.8189894035458565e-12,2.3181871005094156e-15,1.2763587215842463e-14,3.9667767860838850e+01,-1.6379365697408082e-05,1.2565750866815554e+01,1.2565957897945749e+01,1.2767564783189300e-15,1.4141787529211318e+00,2.3258634265080446e-15,2.3472171559870322e-11,1.5678705936594384e-01,1.7602436189076968e-02,3.3183024444270030e-13,1.8118839761882555e-12,2.3284051339400541e-15,1.2713729453280578e-14,3.9678471456058375e+01,2.5344725875430527e-04,1.2565655457551644e+01,1.2567709656310852e+01,1.6098233857064770e-15,1.4141841959503134e+00,2.3378045044654778e-03,3.6685842916939927e-03,2.5442851747022082e-04,4.3210253914571149e-07,4.3208700181184966e-07,1.0000001133164180e+00,3.9668417604357430e+01,1.2566370614359172e+01,nan,nan,2.8811388140000034e+00,2.5570431490000018e+00,3.2409327300000257e-01,7.5324955399999993e-01,2.3766423600000053e-01,0.0000000000000000e+00,9.9091500699999813e-01,3.8720538210000015e+00,1.3265993867000006e+01,0,0,0,nan,221184,0,22416,4.9213671875000000e+02,4.9213671875000000e+02
exp3_remap,a,A_int,A,2,2,abc,1,16,5.0000000000000000e-01,1,16,0.0000000000000000e+00,1,uniform,0.0000000000000000e+00,2.0000000000000000e+00,4,1,7.4362064295708730e-01,9.9999999999996447e-01,98304,98304,98304,98304,0.0000000000000000e+00,6.6725168725884812e-02,7.4912147051717009e-03,3.6013656288748823e-13,2.5259794256271562e-12,2.5270265022257582e-15,1.7724434590750037e-14,3.9668378689278015e+01,-9.8100911921974740e-07,1.2565650027902361e+01,1.2566101873708542e+01,7.2164496600635175e-16,1.4141840357000439e+00,1.8741822420860910e-04,2.6091584875954015e-04,5.0959653831987375e-02,5.7212250706313861e-03,3.3037403199857340e-13,1.8189894035458565e-12,2.3181871005094156e-15,1.2763587215842463e-14,3.9667767860838850e+01,-1.6379365697408082e-05,1.2565750866815554e+01,1.2565957897945749e+01,1.2767564783189300e-15,1.4141787529211318e+00,2.3258634265080446e-15,2.3472171559870322e-11,5.0959653831987375e-02,5.7212250706313861e-03,3.3037403199857340e-13,1.8189894035458565e-12,2.3181871005094156e-15,1.2763587215842463e-14,3.9667767860838850e+01,-1.6379365697408082e-05,1.2565750866815554e+01,1.2565957897945749e+01,1.2767564783189300e-15,1.4141787529211318e+00,2.3258634265080446e-15,2.3472171559870322e-11,7.3339189304022959e-02,8.2337688142335979e-03,3.3137186921404070e-13,1.9042545318370685e-12,2.3251887808391654e-15,1.3361880366585080e-14,3.9667057437199901e+01,-3.4288414806325073e-05,1.2565079453402879e+01,1.2565556023814571e+01,1.5265566588595902e-15,1.4141462500371831e+00,1.7153384165478536e-03,2.6732150626831135e-03,-3.3307438362006096e-05,-4.5407479773462923e-05,-4.5405847033293294e-05,9.9997328094370541e-01,3.9668417604357430e+01,1.2566370614359172e+01,nan,nan,1.0701044843999995e+01,9.4221311200000031e+00,1.2789111940000026e+00,3.0732143920000112e+00,9.3142167000000597e-01,0.0000000000000000e+00,4.0046371170000015e+00,1.4705681960999996e+01,2.3201574809999997e+01,0,0,0,nan,884736,0,89328,6.3512890625000000e+02,6.3512890625000000e+02
exp3_remap,a,A_l2,A,2,2,abc,1,16,5.0000000000000000e-01,1,16,0.0000000000000000e+00,1,uniform,0.0000000000000000e+00,2.0000000000000000e+00,0,1,7.4362064295708730e-01,9.9999999999996447e-01,98304,98304,98304,98304,0.0000000000000000e+00,6.6725168725884812e-02,7.4912147051717009e-03,3.6013656288748823e-13,2.5259794256271562e-12,2.5270265022257582e-15,1.7724434590750037e-14,3.9668378689278015e+01,-9.8100911921974740e-07,1.2565650027902361e+01,1.2566101873708542e+01,7.2164496600635175e-16,1.4141840357000439e+00,1.8741822420860910e-04,2.6091584875954015e-04,5.0959653831987375e-02,5.7212250706313861e-03,3.3037403199857340e-13,1.8189894035458565e-12,2.3181871005094156e-15,1.2763587215842463e-14,3.9667767860838850e+01,-1.6379365697408082e-05,1.2565750866815554e+01,1.2565957897945749e+01,1.2767564783189300e-15,1.4141787529211318e+00,2.3258634265080446e-15,2.3472171559870322e-11,5.0959653831987375e-02,5.7212250706313861e-03,3.3037403199857340e-13,1.8189894035458565e-12,2.3181871005094156e-15,1.2763587215842463e-14,3.9667767860838850e+01,-1.6379365697408082e-05,1.2565750866815554e+01,1.2565957897945749e+01,1.2767564783189300e-15,1.4141787529211318e+00,2.3258634265080446e-15,2.3472171559870322e-11,8.7102180536963780e-02,9.7789357172190176e-03,3.3362743582797288e-13,1.8740564655672642e-12,2.3410157675945283e-15,1.3149984875697069e-14,3.9669936696024678e+01,3.8294738207081797e-05,1.2565652863336982e+01,1.2566281178353867e+01,1.2767564783189300e-15,1.4141762894739558e+00,1.3440973846236804e-03,2.1461889720435466e-03,3.9275785856205630e-05,2.2564965720210152e-07,2.2564154340099616e-07,9.9999452247664200e-01,3.9668417604357430e+01,1.2566370614359172e+01,nan,nan,9.6142457609999923e+00,9.2648624759999905e+00,2.2936452999999801e-01,3.3106315010000031e+00,2.3045372290000046e+00,1.9023039470000072e+00,7.5174776549999933e+00,1.7131723415999986e+01,2.6410779733000012e+01,19,19,0,nan,884736,0,88416,6.5344921875000000e+02,6.5344921875000000e+02
exp3_remap,a,B_pt,B,2,2,abc,1,16,5.0000000000000000e-01,1,16,0.0000000000000000e+00,1,uniform,0.0000000000000000e+00,2.0000000000000000e+00,0,1,7.4362064295708730e-01,9.9999999999996447e-01,98304,98304,98304,98304,0.0000000000000000e+00,6.6725168725884812e-02,7.4912147051717009e-03,3.6013656288748823e-13,2.5259794256271562e-12,2.5270265022257582e-15,1.7724434590750037e-14,3.9668378689278015e+01,-9.8100911921974740e-07,1.2565650027902361e+01,1.2566101873708542e+01,7.2164496600635175e-16,1.4141840357000439e+00,1.8741822420860910e-04,2.6091584875954015e-04,5.0959653831987375e-02,5.7212250706313861e-03,3.3037403199857340e-13,1.8189894035458565e-12,2.3181871005094156e-15,1.2763587215842463e-14,3.9667767860838850e+01,-1.6379365697408082e-05,1.2565750866815554e+01,1.2565957897945749e+01,1.2767564783189300e-15,1.4141787529211318e+00,2.3258634265080446e-15,2.3472171559870322e-11,5.0959653831987375e-02,5.7212250706313861e-03,3.3037403199857340e-13,1.8189894035458565e-12,2.3181871005094156e-15,1.2763587215842463e-14,3.9667767860838850e+01,-1.6379365697408082e-05,1.2565750866815554e+01,1.2565957897945749e+01,1.2767564783189300e-15,1.4141787529211318e+00,2.3258634265080446e-15,2.3472171559870322e-11,8.1684983796829744e-02,9.1707486619383733e-03,1.1639955995525022e+00,7.8157791286031655e+00,8.1675898302563492e-03,5.4842198845812484e-02,3.9689619478169682e+01,5.3447742795577032e-04,nan,nan,8.3080159731699355e-04,nan,nan,nan,5.3545896236511506e-04,nan,nan,nan,3.9668417604357430e+01,1.2566370614359172e+01,nan,nan,1.8855042789999885e+00,1.6600514180000090e+00,2.2545050099999742e-01,5.1496777899998847e-01,1.5683518499999138e-01,0.0000000000000000e+00,6.7180458900000417e-01,2.5573088679999927e+00,7.0493360819999964e+00,0,0,0,nan,147456,0,15216,6.5344921875000000e+02,6.5344921875000000e+02
exp3_remap,a,B_int,B,2,2,abc,1,16,5.0000000000000000e-01,1,16,0.0000000000000000e+00,1,uniform,0.0000000000000000e+00,2.0000000000000000e+00,4,1,7.4362064295708730e-01,9.9999999999996447e-01,98304,98304,98304,98304,0.0000000000000000e+00,6.6725168725884812e-02,7.4912147051717009e-03,3.6013656288748823e-13,2.5259794256271562e-12,2.5270265022257582e-15,1.7724434590750037e-14,3.9668378689278015e+01,-9.8100911921974740e-07,1.2565650027902361e+01,1.2566101873708542e+01,7.2164496600635175e-16,1.4141840357000439e+00,1.8741822420860910e-04,2.6091584875954015e-04,5.0959653831987375e-02,5.7212250706313861e-03,3.3037403199857340e-13,1.8189894035458565e-12,2.3181871005094156e-15,1.2763587215842463e-14,3.9667767860838850e+01,-1.6379365697408082e-05,1.2565750866815554e+01,1.2565957897945749e+01,1.2767564783189300e-15,1.4141787529211318e+00,2.3258634265080446e-15,2.3472171559870322e-11,5.0959653831987375e-02,5.7212250706313861e-03,3.3037403199857340e-13,1.8189894035458565e-12,2.3181871005094156e-15,1.2763587215842463e-14,3.9667767860838850e+01,-1.6379365697408082e-05,1.2565750866815554e+01,1.2565957897945749e+01,1.2767564783189300e-15,1.4141787529211318e+00,2.3258634265080446e-15,2.3472171559870322e-11,6.7228239711551660e-02,7.5476943340363704e-03,1.2499594016191840e-01,6.6527643244077694e-01,8.7707854744666276e-04,4.6681491115615056e-03,3.9666256816271975e+01,-5.4471244782329247e-05,nan,nan,4.5693988607820035e-05,nan,nan,nan,-5.3490288137569954e-05,nan,nan,nan,3.9668417604357430e+01,1.2566370614359172e+01,nan,nan,3.0140773624000005e+01,2.6646232575000013e+01,3.4945388000000008e+00,7.1931593010000086e+00,2.5042202969999892e+00,0.0000000000000000e+00,9.6973812059999887e+00,3.9838154829999993e+01,4.4079454232999993e+01,0,0,0,nan,2359296,0,238944,9.7666406250000000e+02,9.7666406250000000e+02
exp3_remap,a,B_l2,B,2,2,abc,1,16,5.0000000000000000e-01,1,16,0.0000000000000000e+00,1,uniform,0.0000000000000000e+00,2.0000000000000000e+00,0,1,7.4362064295708730e-01,9.9999999999996447e-01,98304,98304,98304,98304,0.0000000000000000e+00,6.6725168725884812e-02,7.4912147051717009e-03,3.6013656288748823e-13,2.5259794256271562e-12,2.5270265022257582e-15,1.7724434590750037e-14,3.9668378689278015e+01,-9.8100911921974740e-07,1.2565650027902361e+01,1.2566101873708542e+01,7.2164496600635175e-16,1.4141840357000439e+00,1.8741822420860910e-04,2.6091584875954015e-04,5.0959653831987375e-02,5.7212250706313861e-03,3.3037403199857340e-13,1.8189894035458565e-12,2.3181871005094156e-15,1.2763587215842463e-14,3.9667767860838850e+01,-1.6379365697408082e-05,1.2565750866815554e+01,1.2565957897945749e+01,1.2767564783189300e-15,1.4141787529211318e+00,2.3258634265080446e-15,2.3472171559870322e-11,5.0959653831987375e-02,5.7212250706313861e-03,3.3037403199857340e-13,1.8189894035458565e-12,2.3181871005094156e-15,1.2763587215842463e-14,3.9667767860838850e+01,-1.6379365697408082e-05,1.2565750866815554e+01,1.2565957897945749e+01,1.2767564783189300e-15,1.4141787529211318e+00,2.3258634265080446e-15,2.3472171559870322e-11,6.1577871610976234e-02,6.9133291999660066e-03,4.4528286551593893e-01,2.2831549162020508e+00,3.1244858703706347e-03,1.6020569907344004e-02,3.9665603339674917e+01,-7.0944717547895725e-05,nan,nan,6.9711868459970683e-05,nan,nan,nan,-6.9963777063779297e-05,nan,nan,nan,3.9668417604357430e+01,1.2566370614359172e+01,nan,nan,9.6480358889999991e+00,9.2637339020000127e+00,2.3955974800000490e-01,2.8433721489999755e+00,1.8300730750000014e+00,9.3106843399999661e-01,5.6045199179999940e+00,1.5252555806999993e+01,1.9386847629000016e+01,10,10,0,nan,884736,0,88416,9.7680078125000000e+02,9.7680078125000000e+02
exp3_remap,a,B_l2c,B,2,2,abc,1,16,5.0000000000000000e-01,1,16,0.0000000000000000e+00,1,uniform,0.0000000000000000e+00,2.0000000000000000e+00,0,1,7.4362064295708730e-01,9.9999999999996447e-01,98304,98304,98304,98304,0.0000000000000000e+00,6.6725168725884812e-02,7.4912147051717009e-03,3.6013656288748823e-13,2.5259794256271562e-12,2.5270265022257582e-15,1.7724434590750037e-14,3.9668378689278015e+01,-9.8100911921974740e-07,1.2565650027902361e+01,1.2566101873708542e+01,7.2164496600635175e-16,1.4141840357000439e+00,1.8741822420860910e-04,2.6091584875954015e-04,5.0959653831987375e-02,5.7212250706313861e-03,3.3037403199857340e-13,1.8189894035458565e-12,2.3181871005094156e-15,1.2763587215842463e-14,3.9667767860838850e+01,-1.6379365697408082e-05,1.2565750866815554e+01,1.2565957897945749e+01,1.2767564783189300e-15,1.4141787529211318e+00,2.3258634265080446e-15,2.3472171559870322e-11,5.0959653831987375e-02,5.7212250706313861e-03,3.3037403199857340e-13,1.8189894035458565e-12,2.3181871005094156e-15,1.2763587215842463e-14,3.9667767860838850e+01,-1.6379365697408082e-05,1.2565750866815554e+01,1.2565957897945749e+01,1.2767564783189300e-15,1.4141787529211318e+00,2.3258634265080446e-15,2.3472171559870322e-11,6.1460673698905732e-02,6.9001714254847656e-03,3.3649294598774640e-13,1.9930723738070810e-12,2.3611226405487391e-15,1.3985102398608637e-14,3.9665596129743975e+01,-7.1126472489924515e-05,nan,nan,6.1555292640846915e-08,nan,nan,nan,-7.0145532184111517e-05,nan,nan,nan,3.9668417604357430e+01,1.2566370614359172e+01,nan,nan,9.9548708430000090e+00,9.4027640150000025e+00,2.7613935499999798e-01,3.0318907310000043e+00,2.0112887150000063e+00,3.0507620387000003e+01,3.5550802337999983e+01,4.5505673180999992e+01,4.9918326602999997e+01,31,10,320,2.2831549162020508e+00,884736,0,88416,9.7686328125000000e+02,9.7686328125000000e+02
