exp,N,p,q,field,b0,proj,gauge,gauge_k,eps,fvariant,np,valid,h,hmin,hmax,min_detJ,max_detJ,min_ratio,max_ratio,n_neg_detJ,ndofs_h1,ndofs_nd,ndofs_rt,ndofs_l2,max_DC,max_DC_scaled,max_CG,errA_L2,errB_L2,normB_L2,errB_rel,errA_rel,div_L2,div_max,div_rel_L2,div_rel_max,b0proj_err_L2,b0proj_div_max,b0proj_div_L2,energy_h,energy_exact,energy_rel_err,energy_mass_diff,helicity_h,helicity_exact,helicity_abs_err,flux_err_max,flux_curlpart_max,flux_err_x0,flux_err_xmid,flux_err_y0,flux_err_ymid,flux_err_z0,flux_err_zmid,cg_iters,t_mesh,t_ops,t_curl,t_proj,t_diag,t_total,rss_mb,peak_rss_mb
exp2_distort,8,1,1,abc,0,int,0.0000000000000000e+00,2.0000000000000000e+00,0.0000000000000000e+00,1,1,1,1.2499999999999999e-01,1.2500000000000003e-01,1.2500000000000003e-01,9.9999999999999756e-01,1.0000000000000029e+00,9.9999999999999623e-01,1.0000000000000000e+00,0,512,1536,1536,512,0.0000000000000000e+00,0.0000000000000000e+00,0.0000000000000000e+00,7.8568681355176431e-02,1.9940339026590546e+00,8.8857658763167322e+00,2.2440765719179720e-01,5.5556447375130852e-02,1.0486466401636187e-14,4.2632564145606011e-14,1.4751776250353680e-16,5.9973114218599251e-16,5.0385893891526159e-16,1.7763568394002505e-15,6.6265528543903557e-16,3.7490332008119829e+01,3.9478417604357432e+01,-5.0358796448269197e-02,5.5254651304533019e-14,1.1313708498984772e+01,1.2566370614359172e+01,1.2526621153744006e+00,6.6613381477509392e-16,6.6613381477509392e-16,6.6613381477509392e-16,4.1633363423443370e-16,5.5511151231257827e-17,2.3592239273284576e-16,1.7347234759768071e-17,2.0816681711721685e-16,15,1.2688192000000001e-02,5.4184480000000011e-03,1.1832988109668109e-05,2.3460732999999998e-01,5.6224763400000000e-01,1.0537631860000001e+00,2.8085937500000000e+01,2.8085937500000000e+01
exp2_distort,8,1,1,abc,0,int,0.0000000000000000e+00,2.0000000000000000e+00,5.0000000000000003e-02,1,1,1,1.2500000000000014e-01,1.2492936577049045e-01,1.2506182028436430e-01,9.9689586142186304e-01,1.0024461097570514e+00,9.9689586142186304e-01,9.9948659727824796e-01,0,512,1536,1536,512,0.0000000000000000e+00,0.0000000000000000e+00,0.0000000000000000e+00,7.9378223363828243e-02,1.9961881368460761e+00,8.8857658763165883e+00,2.2465009371522568e-01,5.6128880019103197e-02,1.2804713948339291e-14,5.6843418860808015e-14,1.8012957642835226e-16,7.9964152291467069e-16,4.6959174632498178e-03,7.1054273576010019e-15,1.8846158970078212e-15,3.7490501474022402e+01,3.9478417604357432e+01,-5.0354503826810268e-02,3.9596167058623007e-15,1.1312479491190413e+01,1.2566370614359172e+01,1.2538911231687599e+00,5.8286708792820718e-16,5.8286708792820718e-16,5.8286708792820718e-16,4.5796699765787707e-16,2.0816681711721685e-16,4.5796699765787707e-16,3.8163916471489756e-17,9.7144514654701197e-17,34,1.0831911000000001e-02,1.5880079999999186e-03,1.4097449468996235e-05,2.6006384900000001e-01,7.0603946900000014e-01,1.2876486329999999e+00,2.8406250000000000e+01,2.8406250000000000e+01
exp2_distort,8,1,1,abc,0,int,0.0000000000000000e+00,2.0000000000000000e+00,1.0000000000000001e-01,1,1,1,1.2500000000000011e-01,1.2471563246357642e-01,1.2524825390108182e-01,9.8732543341198842e-01,1.0097844390282011e+00,9.8732543341198842e-01,9.9797683111956292e-01,0,512,1536,1536,512,0.0000000000000000e+00,0.0000000000000000e+00,0.0000000000000000e+00,8.1745264368004389e-02,2.0026789019976339e+00,8.8857658763168192e+00,2.2538056143650628e-01,5.7802630764502844e-02,1.2583485677878933e-14,4.2632564145606011e-14,1.7701746046755569e-16,5.9973114218598719e-16,9.4123315231326304e-03,6.2172489379008766e-15,1.7572544978822663e-15,3.7491095320391032e+01,3.9478417604357432e+01,-5.0339461522567429e-02,-2.8797212406271278e-15,1.1308793111556797e+01,1.2566370614359172e+01,1.2575775028023752e+00,2.3592239273284576e-16,2.3592239273284576e-16,2.0816681711721685e-16,2.3592239273284576e-16,6.9388939039072284e-17,2.0816681711721685e-16,1.4571677198205180e-16,1.1102230246251565e-16,36,1.6632527000000001e-02,9.6638949999999987e-03,1.4101511485557082e-05,3.0604237899999998e-01,7.5444383200000009e-01,1.3880740000000000e+00,2.8027343750000000e+01,2.8027343750000000e+01
exp2_distort,8,1,1,abc,0,int,0.0000000000000000e+00,2.0000000000000000e+00,1.4999999999999999e-01,1,1,1,1.2499999999999993e-01,1.2435528437710124e-01,1.2556019067413698e-01,9.7090169755717326e-01,1.0220149878134535e+00,9.7090169755717326e-01,9.9551212513006659e-01,0,512,1536,1536,512,0.0000000000000000e+00,0.0000000000000000e+00,0.0000000000000000e+00,8.5536467617543382e-02,2.0135819581348744e+00,8.8857658763167926e+00,2.2660758635354875e-01,6.0483416291108441e-02,1.2363395559911551e-14,4.2632564145606011e-14,1.7392135540144700e-16,5.9973114218598817e-16,1.4170134045037541e-02,5.7731597280508140e-15,1.7461126933843083e-15,3.7492354747916828e+01,3.9478417604357432e+01,-5.0307559850661099e-02,-7.0193205240286240e-15,1.1302651290878845e+01,1.2566370614359172e+01,1.2637193234803270e+00,5.8286708792820718e-16,5.8286708792820718e-16,5.8286708792820718e-16,2.4980018054066022e-16,1.3877787807814457e-16,5.2735593669694936e-16,1.8041124150158794e-16,1.8735013540549517e-16,38,1.7623755000000001e-02,1.7348690000000000e-03,1.1088453186340415e-05,3.2302696199999997e-01,5.7727206899999994e-01,1.2263479610000001e+00,2.8117187500000000e+01,2.8117187500000000e+01
exp2_distort,8,1,1,abc,0,int,0.0000000000000000e+00,2.0000000000000000e+00,2.0000000000000001e-01,1,1,1,1.2499999999999993e-01,1.2384370183498619e-01,1.2599775428257898e-01,9.4723763544422535e-01,1.0391377561128043e+00,9.4723763544422535e-01,9.9212875253198929e-01,0,512,1536,1536,512,0.0000000000000000e+00,0.0000000000000000e+00,0.0000000000000000e+00,9.0588573687843371e-02,2.0290183093081482e+00,8.8857658763167162e+00,2.2834478620645438e-01,6.4055794752691408e-02,1.1357324895226928e-14,4.9737991503207013e-14,1.5976851423547048e-16,6.9968633255032558e-16,1.8991029337113181e-02,5.3290705182007514e-15,1.7360708607513485e-15,3.7494676609229757e+01,3.9478417604357432e+01,-5.0248746416541271e-02,-5.3994773261758646e-16,1.1294057245639140e+01,1.2566370614359172e+01,1.2723133687200328e+00,3.0531133177191805e-16,3.0531133177191805e-16,3.0531133177191805e-16,2.4980018054066022e-16,2.3592239273284576e-16,1.3877787807814457e-16,1.8041124150158794e-16,9.7144514654701197e-17,39,4.2575524000000003e-02,1.7929500000000001e-02,1.6761586981285600e-05,3.2042849699999998e-01,7.6798677099999990e-01,1.4528064679999999e+00,2.8207031250000000e+01,2.8207031250000000e+01
exp2_distort,8,1,1,abc,0,int,0.0000000000000000e+00,2.0000000000000000e+00,2.5000000000000000e-01,1,1,1,1.2500000000000014e-01,1.2317503216963989e-01,1.2656030937190149e-01,9.1594622865994679e-01,1.0611527439262580e+00,9.1594622865994679e-01,9.8785838993208297e-01,0,512,1536,1536,512,0.0000000000000000e+00,0.0000000000000000e+00,0.0000000000000000e+00,9.6737496819003080e-02,2.0491560790227670e+00,8.8857658763166256e+00,2.3061108153709245e-01,6.8403739995729601e-02,1.2186653956240416e-14,3.5527136788005009e-14,1.7143505306506154e-16,4.9977595182166713e-16,2.3897998497403577e-02,7.9936057773011271e-15,1.8179703684985202e-15,3.7498625154451609e+01,3.9478417604357432e+01,-5.0148728597655415e-02,-3.5996515507839098e-16,1.1283015475745792e+01,1.2566370614359172e+01,1.2833551386133806e+00,6.5225602696727947e-16,6.5225602696727947e-16,1.5265566588595902e-16,1.1102230246251565e-16,6.5225602696727947e-16,1.9428902930940239e-16,6.2450045135165055e-17,8.3266726846886741e-17,41,9.6330740000000002e-03,5.9398679999999992e-03,4.9889384369624013e-06,3.0435190300000003e-01,6.4759108100000007e-01,1.2276272490000000e+00,2.8324218750000000e+01,2.8324218750000000e+01
exp2_distort,8,1,1,abc,0,int,0.0000000000000000e+00,2.0000000000000000e+00,2.9999999999999999e-01,1,1,1,1.2500000000000003e-01,1.2234201422622361e-01,1.2724648720711620e-01,8.7664045879113228e-01,1.0880599512538096e+00,8.7664045879113228e-01,9.8272859466258999e-01,0,512,1536,1536,512,0.0000000000000000e+00,0.0000000000000000e+00,0.0000000000000000e+00,1.0383875717739986e-01,2.0742145022674867e+00,8.8857658763167677e+00,2.3343114495013770e-01,7.3425089350122666e-02,1.3239177423519688e-14,4.9737991503207013e-14,1.8624136635771136e-16,6.9968633255032203e-16,2.8915843702147212e-02,4.8849813083506888e-15,1.6823594192940842e-15,3.7504951745687812e+01,3.9478417604357432e+01,-4.9988474169537091e-02,-1.7998257753919549e-15,1.1269531761367240e+01,1.2566370614359172e+01,1.2968388529919324e+00,4.1633363423443370e-16,4.1633363423443370e-16,3.0531133177191805e-16,4.1633363423443370e-16,8.3266726846886741e-17,1.1102230246251565e-16,3.4694469519536142e-17,1.6653345369377348e-16,42,1.5725641999999998e-02,1.4512040000000011e-03,1.4081617459774055e-05,2.7866432099999999e-01,6.8686327100000011e-01,1.2987071100000001e+00,2.8382812500000000e+01,2.8382812500000000e+01
exp2_distort,8,1,1,abc,0,int,0.0000000000000000e+00,2.0000000000000000e+00,4.0000000000000002e-01,1,1,1,1.2499999999999999e-01,1.2014535641431855e-01,1.2898083991843701e-01,7.7243775614711430e-01,1.1565510244512174e+00,7.7243775614711430e-01,9.6998276322651400e-01,0,512,1536,1536,512,0.0000000000000000e+00,0.0000000000000000e+00,0.0000000000000000e+00,1.2047393477877780e-01,2.1402705096672205e+00,8.8857658763166523e+00,2.4086505760541266e-01,8.5187936238300302e-02,1.2433501506911092e-14,5.6843418860808015e-14,1.7490756677556436e-16,7.9964152291466388e-16,3.9396695192533672e-02,8.8817841970012523e-15,1.9470998450433878e-15,3.7528874600041021e+01,3.9478417604357432e+01,-4.9382501189744486e-02,5.3994773261758646e-15,1.1235267995850268e+01,1.2566370614359172e+01,1.3311026185089041e+00,5.8286708792820718e-16,5.8286708792820718e-16,2.3592239273284576e-16,5.8286708792820718e-16,2.2204460492503131e-16,2.3592239273284576e-16,3.5041414214731503e-16,1.8041124150158794e-16,45,2.9576079000000002e-02,1.3890299999999998e-02,1.4088394552264217e-05,3.1533265299999996e-01,7.2243526700000005e-01,1.4017243540000000e+00,2.8300781250000000e+01,2.8300781250000000e+01
exp2_distort,8,1,1,abc,0,int,0.0000000000000000e+00,2.0000000000000000e+00,5.0000000000000000e-01,1,1,1,1.2499999999999999e-01,1.1715631749504950e-01,1.3117715789437867e-01,6.3153338020658778e-01,1.2446109757050268e+00,6.3153338020658778e-01,9.5404373906563611e-01,0,512,1536,1536,512,0.0000000000000000e+00,0.0000000000000000e+00,0.0000000000000000e+00,1.3997663528829021e-01,2.2303335435836704e+00,8.8857658763167162e+00,2.5100070997010976e-01,9.8978428020026044e-02,1.3232569924261235e-14,5.6843418860808015e-14,1.8614841574222204e-16,7.9964152291465806e-16,5.0699755481268365e-02,7.1054273576010019e-15,1.8268569371343196e-15,3.7577749900860717e+01,3.9478417604357432e+01,-4.8144475357262781e-02,-3.7796341283231053e-15,1.1191337618832250e+01,1.2566370614359172e+01,1.3750329955269223e+00,3.8163916471489756e-16,3.8163916471489756e-16,8.3266726846886741e-17,1.3877787807814457e-17,6.9388939039072284e-17,5.5511151231257827e-17,3.8163916471489756e-16,1.9428902930940239e-16,47,3.2816441000000002e-02,1.3918991999999998e-02,1.3309107225806453e-05,3.0427321099999999e-01,5.7932893599999991e-01,1.2325848939999999e+00,2.8273437500000000e+01,2.8273437500000000e+01
exp2_distort,8,1,1,abc,0,int,0.0000000000000000e+00,2.0000000000000000e+00,5.9999999999999998e-01,1,1,1,1.2500000000000008e-01,1.1322852363402411e-01,1.3380402916204487e-01,4.5083118366396169e-01,1.3570975285082225e+00,4.5083118366396169e-01,9.3501958623622883e-01,0,512,1536,1536,512,0.0000000000000000e+00,0.0000000000000000e+00,0.0000000000000000e+00,1.6235424601882401e-01,2.3494259438115952e+00,8.8857658763167393e+00,2.6440331385204824e-01,1.1480178831434006e-01,1.4483738151083822e-14,7.1054273576010019e-14,2.0374915275574872e-16,9.9955190364332085e-16,6.3197185885294854e-02,9.7699626167013776e-15,2.0524208977133701e-15,3.7670051878685030e+01,3.9478417604357432e+01,-4.5806438945840723e-02,-1.4398606203135639e-15,1.1137832431285709e+01,1.2566370614359172e+01,1.4285381830734636e+00,7.4940054162198066e-16,7.4940054162198066e-16,2.2204460492503131e-16,7.4940054162198066e-16,1.3877787807814457e-16,3.7470027081099033e-16,2.0816681711721685e-16,6.9388939039072284e-17,50,2.4566479999999998e-02,1.3883379000000001e-02,1.5194854284663481e-05,3.2411622100000004e-01,7.5509159999999997e-01,1.4520735739999999e+00,2.8007812500000000e+01,2.8007812500000000e+01
exp2_distort,8,1,1,abc,0,int,0.0000000000000000e+00,2.0000000000000000e+00,6.9999999999999996e-01,1,1,1,1.2499999999999999e-01,1.0813421268418641e-01,1.3682488239701379e-01,2.2723501921365169e-01,1.5008611427903404e+00,2.2723501921365169e-01,9.1298133589605668e-01,0,512,1536,1536,512,0.0000000000000000e+00,0.0000000000000000e+00,0.0000000000000000e+00,1.8824807060256793e-01,2.5063629694542895e+00,8.8857658763167482e+00,2.8206493445145842e-01,1.3311148726836017e-01,1.4533058123054786e-14,7.1054273576010019e-14,2.0444295862259007e-16,9.9955190364331908e-16,7.7487964220183905e-02,7.9936057773011271e-15,2.1929726162838642e-15,3.7838452016141829e+01,3.9478417604357432e+01,-4.1540813632676893e-02,-5.0395121710974737e-15,1.1074864107607432e+01,1.2566370614359172e+01,1.4915065067517403e+00,7.4940054162198066e-16,7.4940054162198066e-16,6.1062266354383610e-16,7.4940054162198066e-16,1.1102230246251565e-16,2.7755575615628914e-17,9.7144514654701197e-17,2.7755575615628914e-17,57,3.3084574999999998e-02,1.3683427999999997e-02,1.2147874035833588e-05,3.0987738800000003e-01,4.2778231599999994e-01,1.0255516120000001e+00,2.8261718750000000e+01,2.8261718750000000e+01
exp2_distort,8,1,1,abc,0,int,0.0000000000000000e+00,2.0000000000000000e+00,8.0000000000000004e-01,1,1,0,1.2499999999999978e-01,1.0149492371151264e-01,1.4020051179470738e-01,-4.2351260449924988e-02,1.6735319141587890e+00,-4.2351260449924988e-02,8.8821642240753973e-01,8,nan,nan,nan,nan,nan,nan,nan,nan,nan,nan,nan,nan,nan,nan,nan,nan,nan,nan,nan,nan,nan,nan,nan,nan,nan,nan,nan,nan,nan,nan,nan,nan,nan,nan,nan,3.0195400000000001e-02,nan,nan,nan,nan,3.0299632999999999e-02,nan,nan
exp2_distort,8,1,1,abc,0,int,0.0000000000000000e+00,2.0000000000000000e+00,1.0000000000000001e-01,2,1,1,1.2500000000000028e-01,1.2487052683247059e-01,1.2504488866585226e-01,9.8732543341198764e-01,1.0081056946913880e+00,9.8732543341198764e-01,9.8835748251385069e-01,0,512,1536,1536,512,0.0000000000000000e+00,0.0000000000000000e+00,0.0000000000000000e+00,8.1381472611521982e-02,2.0094048216568989e+00,8.8857658763167322e+00,2.2613749333780825e-01,5.7545391146554714e-02,1.2431862544269266e-14,3.9079850466805510e-14,1.7488451076293809e-16,5.4975354700382775e-16,1.6057042444083226e-02,5.3290705182007514e-15,1.5725117247500846e-15,3.7510687074196937e+01,3.9478417604357432e+01,-4.9843196601256537e-02,2.5197560855487368e-15,1.1310762564442390e+01,1.2566370614359172e+01,1.2556080499167823e+00,2.3592239273284576e-16,2.3592239273284576e-16,1.6653345369377348e-16,2.3592239273284576e-16,1.2490009027033011e-16,2.7755575615628914e-17,2.2551405187698492e-16,1.0408340855860843e-16,35,3.2917293000000000e-02,1.7466089999999962e-03,1.4054795619438741e-05,3.0643961900000005e-01,7.1049390100000009e-01,1.3638259449999999e+00,2.8031250000000000e+01,2.8031250000000000e+01
exp2_distort,8,1,1,abc,0,int,0.0000000000000000e+00,2.0000000000000000e+00,2.0000000000000001e-01,2,1,1,1.2500000000000028e-01,1.2446964603864856e-01,1.2519008047116392e-01,9.4723763544422712e-01,1.0324227787655484e+00,9.4723763544422712e-01,9.5549402825912766e-01,0,512,1536,1536,512,0.0000000000000000e+00,0.0000000000000000e+00,0.0000000000000000e+00,8.9373419041802876e-02,2.0555469589722652e+00,8.8857658763167908e+00,2.3133030822372996e-01,6.3196550662285828e-02,1.2472990445690987e-14,4.2632564145606011e-14,1.7546307514886314e-16,5.9973114218598995e-16,3.2330906146430249e-02,5.3290705182007514e-15,1.5688984652254708e-15,3.7573239626117036e+01,3.9478417604357432e+01,-4.8258721951158226e-02,8.8191462994205797e-15,1.1301928884421894e+01,1.2566370614359172e+01,1.2644417299372783e+00,4.3021142204224816e-16,4.3021142204224816e-16,2.0816681711721685e-16,2.0816681711721685e-16,4.3021142204224816e-16,1.9428902930940239e-16,5.2041704279304213e-17,1.5265566588595902e-16,37,1.6686719999999999e-02,9.6565520000000023e-03,1.3707918302387268e-05,3.0417920700000001e-01,7.0711188599999986e-01,1.3404142569999999e+00,2.8066406250000000e+01,2.8066406250000000e+01
exp2_distort,8,1,1,abc,0,int,0.0000000000000000e+00,2.0000000000000000e+00,2.9999999999999999e-01,2,1,1,1.2500000000000003e-01,1.2377561697838868e-01,1.2545089200673626e-01,8.7664045879113173e-01,1.0729512522224840e+00,8.7664045879113173e-01,9.0450578454141750e-01,0,512,1536,1536,512,0.0000000000000000e+00,0.0000000000000000e+00,0.0000000000000000e+00,1.0155695062617295e-01,2.1326207675771331e+00,8.8857658763166789e+00,2.4000415915314949e-01,7.1811608464393786e-02,1.3234223755738257e-14,4.9737991503207013e-14,1.8617168092133128e-16,6.9968633255032904e-16,4.9049046799469302e-02,5.3290705182007514e-15,1.6088876119002472e-15,3.7682619485515836e+01,3.9478417604357432e+01,-4.5488097745928512e-02,2.5197560855487368e-15,1.1287219822641287e+01,1.2566370614359172e+01,1.2791507917178855e+00,3.4694469519536142e-16,3.4694469519536142e-16,2.2204460492503131e-16,3.4694469519536142e-16,1.2490009027033011e-16,2.7755575615628914e-17,4.5102810375396984e-17,1.8735013540549517e-16,38,1.6687697000000001e-02,9.6785750000000018e-03,1.3812673543201611e-05,3.0905584899999999e-01,7.0668428399999983e-01,1.3456942110000001e+00,2.8144531250000000e+01,2.8144531250000000e+01
exp2_distort,8,1,1,abc,0,int,0.0000000000000000e+00,2.0000000000000000e+00,4.0000000000000002e-01,2,1,1,1.2499999999999988e-01,1.2276172848837512e-01,1.2584180098422693e-01,7.7243775614711263e-01,1.1296911150621927e+00,7.7243775614711263e-01,8.3848889866630782e-01,0,512,1536,1536,512,0.0000000000000000e+00,0.0000000000000000e+00,0.0000000000000000e+00,1.1699010491438601e-01,2.2411289121712672e+00,8.8857658763167517e+00,2.5221561577990170e-01,8.2724496516688131e-02,1.3393290735993318e-14,5.6843418860808015e-14,1.8840934651016503e-16,7.9964152291465422e-16,6.6462432913702588e-02,8.4376949871511897e-15,2.0105004933814631e-15,3.7847151920806454e+01,3.9478417604357432e+01,-4.1320442473128091e-02,1.0259006919734144e-14,1.1266655961647837e+01,1.2566370614359172e+01,1.2997146527113355e+00,4.0245584642661925e-16,4.0245584642661925e-16,1.6653345369377348e-16,3.1918911957973251e-16,4.0245584642661925e-16,3.3306690738754696e-16,2.0122792321330962e-16,9.7144514654701197e-17,41,9.4123789999999985e-03,1.9644309999999991e-03,1.3922597710718003e-05,9.4055035999999995e-02,6.8955889099999990e-01,1.0934964599999999e+00,2.8367187500000000e+01,2.8367187500000000e+01
exp2_distort,8,1,1,abc,0,int,0.0000000000000000e+00,2.0000000000000000e+00,5.9999999999999998e-01,2,1,1,1.2499999999999999e-01,1.1963286858306915e-01,1.2706601006461854e-01,4.5083118366396197e-01,1.2918050088899342e+00,4.5083118366396197e-01,6.7375378966623878e-01,0,512,1536,1536,512,0.0000000000000000e+00,0.0000000000000000e+00,0.0000000000000000e+00,1.5557506497340778e-01,2.5585535265827808e+00,8.8857658763167233e+00,2.8793843571797301e-01,1.1000818342623457e-01,1.2560625766362476e-14,5.6843418860808015e-14,1.7669587997811719e-16,7.9964152291465747e-16,1.0462938962920497e-01,6.2172489379008766e-15,2.0234698881065143e-15,3.8401451850914135e+01,3.9478417604357432e+01,-2.7279861220284231e-02,9.5390766095773617e-15,1.1208087039701521e+01,1.2566370614359172e+01,1.3582835746576514e+00,4.4408920985006262e-16,4.4408920985006262e-16,4.4408920985006262e-16,2.4980018054066022e-16,1.3877787807814457e-17,1.9428902930940239e-16,6.9388939039072284e-18,6.9388939039072284e-17,44,3.2484758999999995e-02,1.3594857000000002e-02,1.2826383715170280e-05,2.9231945599999998e-01,7.0544868399999994e-01,1.3505702170000000e+00,2.8343750000000000e+01,2.8343750000000000e+01
exp2_distort,8,1,1,abc,0,int,0.0000000000000000e+00,2.0000000000000000e+00,8.0000000000000004e-01,2,1,0,1.2499999999999999e-01,1.1469148542687341e-01,1.2895171857455889e-01,-4.2351260449925321e-02,1.5235868002011557e+00,-4.2351260449925321e-02,4.8764491747081323e-01,64,nan,nan,nan,nan,nan,nan,nan,nan,nan,nan,nan,nan,nan,nan,nan,nan,nan,nan,nan,nan,nan,nan,nan,nan,nan,nan,nan,nan,nan,nan,nan,nan,nan,nan,nan,1.6642232000000000e-02,nan,nan,nan,nan,1.6722197000000001e-02,nan,nan
exp2_distort,8,1,1,abc,0,int,0.0000000000000000e+00,2.0000000000000000e+00,1.0000000000000001e-01,3,1,1,1.2500000000000000e-01,1.2465034479120081e-01,1.2521570409696728e-01,9.7090169755717326e-01,1.0104561096747942e+00,9.7090169755717326e-01,9.9802351170599846e-01,0,512,1536,1536,512,0.0000000000000000e+00,0.0000000000000000e+00,0.0000000000000000e+00,8.2415881333526980e-02,2.0064458688798781e+00,8.8857658763167642e+00,2.2580449415482115e-01,5.8276828568402668e-02,1.3048017198494236e-14,6.0396132539608516e-14,1.8355223089535707e-16,8.4961911809681977e-16,1.2389365489333549e-02,7.1054273576010019e-15,1.6923122820237778e-15,3.7496258538740051e+01,3.9478417604357432e+01,-5.0208675673935832e-02,7.1993031015678195e-15,1.1308128185741614e+01,1.2566370614359172e+01,1.2582424286175584e+00,7.0776717819853729e-16,7.0776717819853729e-16,3.7470027081099033e-16,7.0776717819853729e-16,4.0245584642661925e-16,4.4408920985006262e-16,1.1796119636642288e-16,6.9388939039072284e-17,36,3.2989320000000003e-02,1.3722933000000000e-02,1.3940582781904119e-05,3.0834395500000000e-01,7.1703627399999981e-01,1.3625989670000000e+00,2.8273437500000000e+01,2.8273437500000000e+01
exp2_distort,8,1,1,abc,0,int,0.0000000000000000e+00,2.0000000000000000e+00,2.0000000000000001e-01,3,1,1,1.2499999999999999e-01,1.2358530588133138e-01,1.2586502526015433e-01,8.7664045879113228e-01,1.0432397086281109e+00,8.7664045879113228e-01,9.9230302520732883e-01,0,512,1536,1536,512,0.0000000000000000e+00,0.0000000000000000e+00,0.0000000000000000e+00,9.2977197340603737e-02,2.0439903029772002e+00,8.8857658763167251e+00,2.3002972747966019e-01,6.5744806735260508e-02,1.2398638031702883e-14,4.2632564145606011e-14,1.7441712684481466e-16,5.9973114218599301e-16,2.5086322813962086e-02,7.1054273576010019e-15,1.8432487441538200e-15,3.7516569777960505e+01,3.9478417604357432e+01,-4.9694185974171051e-02,2.6997386630879323e-15,1.1291710780108042e+01,1.2566370614359172e+01,1.2746598342511302e+00,4.8572257327350599e-16,4.8572257327350599e-16,1.6653345369377348e-16,8.3266726846886741e-17,4.8572257327350599e-16,2.6367796834847468e-16,5.2041704279304213e-17,3.3306690738754696e-16,39,1.5501024000000000e-02,1.3713979999999994e-03,6.3162812884888666e-06,1.2586050500000001e-01,1.6433760899999994e-01,5.3258803300000002e-01,2.8332031250000000e+01,2.8332031250000000e+01
exp2_distort,8,1,1,abc,0,int,0.0000000000000000e+00,2.0000000000000000e+00,2.9999999999999999e-01,3,1,1,1.2500000000000006e-01,1.2176052785751108e-01,1.2694451857408307e-01,7.0676678654551106e-01,1.1004737017533521e+00,7.0676678654551106e-01,9.8289884903664149e-01,0,512,1536,1536,512,0.0000000000000000e+00,0.0000000000000000e+00,0.0000000000000000e+00,1.0853614643739953e-01,2.1081965536279195e+00,8.8857658763167269e+00,2.3725546936217456e-01,7.6746645149741499e-02,1.2438624278016178e-14,4.2632564145606011e-14,1.7497963106321687e-16,5.9973114218599320e-16,3.8425942085062628e-02,6.2172489379008766e-15,1.8667519395944086e-15,3.7559014666312294e+01,3.9478417604357432e+01,-4.8619044392328531e-02,-3.5996515507839098e-15,1.1265011980524022e+01,1.2566370614359172e+01,1.3013586338351502e+00,3.4694469519536142e-16,3.4694469519536142e-16,3.1918911957973251e-16,2.7755575615628914e-17,3.4694469519536142e-16,8.3266726846886741e-17,9.7144514654701197e-17,2.0816681711721685e-17,43,1.5400990999999999e-02,9.4191500000000011e-03,1.2792537709658763e-05,2.3749575800000000e-01,5.8000306199999996e-01,1.1457624410000000e+00,2.8468750000000000e+01,2.8468750000000000e+01
exp2_distort,8,1,1,abc,0,int,0.0000000000000000e+00,2.0000000000000000e+00,4.0000000000000002e-01,3,1,1,1.2500000000000008e-01,1.1909854079212462e-01,1.2844219375643293e-01,4.5083118366396169e-01,1.1842809939439276e+00,4.5083118366396169e-01,9.6947744710732664e-01,0,512,1536,1536,512,0.0000000000000000e+00,0.0000000000000000e+00,0.0000000000000000e+00,1.2784003736967181e-01,2.2023542610483933e+00,8.8857658763167304e+00,2.4785193439749942e-01,9.0396557331236610e-02,1.3565441285454241e-14,4.9737991503207013e-14,1.9083106445571390e-16,6.9968633255032529e-16,5.2817454628400339e-02,5.3290705182007514e-15,1.6835916611269879e-15,3.7637950892808632e+01,3.9478417604357432e+01,-4.6619566417111361e-02,-8.0992159892637978e-15,1.1228671838486381e+01,1.2566370614359172e+01,1.3376987758727914e+00,4.9960036108132044e-16,4.9960036108132044e-16,4.1633363423443370e-17,4.9960036108132044e-16,2.2204460492503131e-16,2.0816681711721685e-16,3.1918911957973251e-16,6.9388939039072284e-17,45,1.1192429000000000e-02,1.4568180000000021e-03,1.0862751492928233e-05,2.5467402200000000e-01,6.1144777000000006e-01,1.2112624210000000e+00,2.8269531250000000e+01,2.8269531250000000e+01
exp2_distort,8,1,1,abc,0,int,0.0000000000000000e+00,2.0000000000000000e+00,5.9999999999999998e-01,3,1,0,1.2500000000000000e-01,1.1069061282075300e-01,1.3260859153406629e-01,-3.6102380263236133e-01,1.4401070950946893e+00,-3.6102380263236133e-01,9.2399915410836919e-01,16,nan,nan,nan,nan,nan,nan,nan,nan,nan,nan,nan,nan,nan,nan,nan,nan,nan,nan,nan,nan,nan,nan,nan,nan,nan,nan,nan,nan,nan,nan,nan,nan,nan,nan,nan,2.9034701000000000e-02,nan,nan,nan,nan,2.9133385000000001e-02,nan,nan
exp2_distort,8,1,2,abc,0,int,0.0000000000000000e+00,2.0000000000000000e+00,0.0000000000000000e+00,1,1,1,1.2499999999999999e-01,1.2500000000000003e-01,1.2500000000000003e-01,9.9999999999998312e-01,1.0000000000000142e+00,9.9999999999997358e-01,9.9999999999999811e-01,0,512,1536,1536,512,0.0000000000000000e+00,0.0000000000000000e+00,0.0000000000000000e+00,7.8568695537528571e-02,1.9940338995277025e+00,8.8857658763166683e+00,2.2440765683939790e-01,5.5556457403568571e-02,1.0926111987381854e-14,4.2632564145606011e-14,1.5370245147499527e-16,5.9973114218599685e-16,1.6961344113925233e-15,7.1054273576010019e-15,1.9409067394445911e-15,3.7490332008120909e+01,3.9478417604357432e+01,-5.0358796448241837e-02,2.8797212406271278e-14,1.1313708498984731e+01,1.2566370614359172e+01,1.2526621153744415e+00,8.8817841970012523e-16,8.8817841970012523e-16,8.8817841970012523e-16,1.6653345369377348e-16,2.0816681711721685e-16,4.1633363423443370e-16,1.8041124150158794e-16,6.9388939039072284e-18,15,8.5425490000000021e-02,1.3814257000000052e-02,3.9568037732179339e-06,8.4392589599999990e-01,1.9156886819999999e+00,3.1275593349999999e+00,3.1484375000000000e+01,3.1484375000000000e+01
exp2_distort,8,1,2,abc,0,int,0.0000000000000000e+00,2.0000000000000000e+00,5.0000000000000003e-02,1,1,1,1.2500000000000000e-01,1.2491720635019765e-01,1.2507245321906210e-01,9.9725070500354407e-01,1.0027492949964558e+00,9.9621248575359100e-01,9.9862346024484150e-01,0,512,1536,1536,512,0.0000000000000000e+00,0.0000000000000000e+00,0.0000000000000000e+00,8.0196770759359937e-02,1.9975305455318035e+00,8.8857658763167677e+00,2.2480116777056008e-01,5.6707680433206738e-02,1.2282991992866574e-14,3.5527136788005009e-14,1.7279028285007533e-16,4.9977595182165855e-16,6.7910253751680503e-03,1.0658141036401503e-14,2.6179628824978645e-15,3.7492758005357750e+01,3.9478417604357432e+01,-5.0297345220354388e-02,-7.3792856791070158e-15,1.1312376089927124e+01,1.2566370614359172e+01,1.2539945244320485e+00,2.0816681711721685e-16,2.0816681711721685e-16,9.7144514654701197e-17,2.0816681711721685e-16,5.5511151231257827e-17,1.1102230246251565e-16,6.9388939039072284e-18,0.0000000000000000e+00,34,9.8749020000000007e-02,1.8203029999999953e-03,1.4066342982752778e-05,9.6076879100000001e-01,2.4029813020000002e+00,3.8468913499999999e+00,3.1433593750000000e+01,3.1433593750000000e+01
exp2_distort,8,1,2,abc,0,int,0.0000000000000000e+00,2.0000000000000000e+00,1.0000000000000001e-01,1,1,1,1.2499999999999996e-01,1.2466645136747069e-01,1.2529100697773868e-01,9.8900282001417639e-01,1.0109971799858235e+00,9.8493552836575804e-01,9.9447100834892510e-01,0,512,1536,1536,512,0.0000000000000000e+00,0.0000000000000000e+00,0.0000000000000000e+00,8.4918109349409063e-02,2.0080598770927334e+00,8.8857658763167233e+00,2.2598613389587785e-01,6.0046170966508050e-02,1.2812464462476801e-14,5.1514348342607263e-14,1.8023860633985870e-16,7.2467513014140821e-16,1.3620916375720009e-02,8.8817841970012523e-15,2.6482822537428343e-15,3.7500190118962720e+01,3.9478417604357432e+01,-5.0109087583499412e-02,8.9991288769597744e-16,1.1308379597718515e+01,1.2566370614359172e+01,1.2579910166406574e+00,4.3021142204224816e-16,4.3021142204224816e-16,1.1102230246251565e-16,2.7755575615628914e-16,2.3592239273284576e-16,4.3021142204224816e-16,2.1510571102112408e-16,6.2450045135165055e-17,37,9.1775942999999999e-02,1.8128919999999965e-03,1.4271075122292109e-05,9.5997206300000004e-01,2.4077072729999998e+00,3.8244581410000000e+00,3.1449218750000000e+01,3.1449218750000000e+01
exp2_distort,8,1,2,abc,0,int,0.0000000000000000e+00,2.0000000000000000e+00,1.4999999999999999e-01,1,1,1,1.2500000000000006e-01,1.2424310834297929e-01,1.2565666966028019e-01,9.7525634503189684e-01,1.0247436549681026e+00,9.6642109411991806e-01,9.8747319302108005e-01,0,512,1536,1536,512,0.0000000000000000e+00,0.0000000000000000e+00,0.0000000000000000e+00,9.2323354022265325e-02,2.0257388188346068e+00,8.8857658763166611e+00,2.2797571385870438e-01,6.5282469691030437e-02,1.1988382653142925e-14,4.7961634663806763e-14,1.6864588292124193e-16,6.7469753495924739e-16,2.0528941765879272e-02,9.7699626167013776e-15,2.4933154504611339e-15,3.7513092324989238e+01,3.9478417604357432e+01,-4.9782270886948407e-02,-7.9192334117246015e-15,1.1301721226712555e+01,1.2566370614359172e+01,1.2646493876466174e+00,7.7715611723760958e-16,7.7715611723760958e-16,2.2204460492503131e-16,7.2164496600635175e-16,7.7715611723760958e-16,5.1347814888913490e-16,6.9388939039072284e-17,2.9837243786801082e-16,39,2.4482125000000000e-02,1.9638529999999980e-03,1.3518958396820146e-05,6.6371088600000006e-01,2.2094907340000001e+00,3.2543646499999999e+00,3.1566406250000000e+01,3.1566406250000000e+01
exp2_distort,8,1,2,abc,0,int,0.0000000000000000e+00,2.0000000000000000e+00,2.0000000000000001e-01,1,1,1,1.2500000000000014e-01,1.2364100839360631e-01,1.2616939861386536e-01,9.5601128005670688e-01,1.0439887199432931e+00,9.4107365484566330e-01,9.7751100906636046e-01,0,512,1536,1536,512,0.0000000000000000e+00,0.0000000000000000e+00,0.0000000000000000e+00,1.0192582823969089e-01,2.0507618732842974e+00,8.8857658763166327e+00,2.3079179688384815e-01,7.2072444326340024e-02,1.2618560128355685e-14,4.9737991503207013e-14,1.7751086828075424e-16,6.9968633255033337e-16,2.7555225041347688e-02,1.2434497875801753e-14,2.9551628135815768e-15,3.7532250965320429e+01,3.9478417604357432e+01,-4.9296976858114863e-02,9.3590940320381654e-15,1.1292404649031939e+01,1.2566370614359172e+01,1.2739659653272337e+00,7.0776717819853729e-16,7.0776717819853729e-16,7.0776717819853729e-16,4.1633363423443370e-17,1.1102230246251565e-16,4.4408920985006262e-16,2.4286128663675299e-17,2.3592239273284576e-16,41,9.5410749000000003e-02,1.7201569999999999e-03,1.4061287282645765e-05,9.4190605699999996e-01,2.3991980760000002e+00,3.8211795700000000e+00,3.1429687500000000e+01,3.1429687500000000e+01
exp2_distort,8,1,2,abc,0,int,0.0000000000000000e+00,2.0000000000000000e+00,2.5000000000000000e-01,1,1,1,1.2499999999999979e-01,1.2285223531656370e-01,1.2682811646334705e-01,9.3126762508860228e-01,1.0687323749113968e+00,9.0942862817311043e-01,9.6441074555462436e-01,0,512,1536,1536,512,0.0000000000000000e+00,0.0000000000000000e+00,0.0000000000000000e+00,1.1329321284442494e-01,2.0834028929914159e+00,8.8857658763166434e+00,2.3446520221113848e-01,8.0110399064704074e-02,1.2878790904012558e-14,6.3948846218409017e-14,1.8117164973841140e-16,8.9959671327899646e-16,3.4741297156224364e-02,8.4376949871511897e-15,2.5737563389086308e-15,3.7558799463423099e+01,3.9478417604357432e+01,-4.8624495545192638e-02,5.0395121710974737e-15,1.1280435001871011e+01,1.2566370614359172e+01,1.2859356124881618e+00,3.0531133177191805e-16,3.0531133177191805e-16,3.0531133177191805e-16,6.9388939039072284e-17,2.3592239273284576e-16,6.9388939039072284e-17,4.5102810375396984e-17,1.3877787807814457e-17,42,7.1364347000000009e-02,1.7613529999999933e-03,1.2632087150486967e-05,8.8422262100000004e-01,2.0821554430000004e+00,3.4750217599999997e+00,3.1613281250000000e+01,3.1613281250000000e+01
exp2_distort,8,1,2,abc,0,int,0.0000000000000000e+00,2.0000000000000000e+00,2.9999999999999999e-01,1,1,1,1.2499999999999999e-01,1.2186684086395777e-01,1.2763075671059632e-01,9.0102538012759037e-01,1.0989746198724100e+00,8.7212521931715004e-01,9.4793619227442238e-01,0,512,1536,1536,512,0.0000000000000000e+00,0.0000000000000000e+00,0.0000000000000000e+00,1.2610023503644302e-01,2.1240191261112984e+00,8.8857658763167979e+00,2.3903613438346821e-01,8.9166331303486127e-02,1.3785200908982118e-14,4.9737991503207013e-14,1.9392252031031682e-16,6.9968633255031937e-16,4.2130812912005711e-02,1.0658141036401503e-14,2.7668571657777158e-15,3.7594257434440692e+01,3.9478417604357432e+01,-4.7726334646928090e-02,3.9596167058623007e-15,1.1265818883721488e+01,1.2566370614359172e+01,1.3005517306376841e+00,4.3021142204224816e-16,4.3021142204224816e-16,0.0000000000000000e+00,8.3266726846886741e-17,4.3021142204224816e-16,4.1633363423443370e-17,1.8388068845354155e-16,2.6367796834847468e-16,43,7.4881115999999998e-02,1.7775969999999919e-03,1.2950619506016471e-05,9.3214562000000001e-01,2.2974942089999999e+00,3.6852843160000002e+00,3.1492187500000000e+01,3.1492187500000000e+01
exp2_distort,8,1,2,abc,0,int,0.0000000000000000e+00,2.0000000000000000e+00,4.0000000000000002e-01,1,1,1,1.2500000000000000e-01,1.1925374953999987e-01,1.2965504509962972e-01,8.2404512022682730e-01,1.1759548797731729e+00,7.7635182074793141e-01,9.0353589512561516e-01,0,512,1536,1536,512,0.0000000000000000e+00,0.0000000000000000e+00,0.0000000000000000e+00,1.5525557716203073e-01,2.2310758019079628e+00,8.8857658763167748e+00,2.5108424338012858e-01,1.0978227142830287e-01,1.3144093488934387e-14,5.6843418860808015e-14,1.8490377858096805e-16,7.9964152291465294e-16,5.7711540601883791e-02,1.3322676295501878e-14,3.0390027655384695e-15,3.7700289810201568e+01,3.9478417604357432e+01,-4.5040503192802825e-02,-4.3195818609406917e-15,1.1228680904762250e+01,1.2566370614359172e+01,1.3376897095969227e+00,3.0531133177191805e-16,3.0531133177191805e-16,3.0531133177191805e-16,0.0000000000000000e+00,2.7755575615628914e-16,5.5511151231257827e-17,1.5265566588595902e-16,3.0531133177191805e-16,45,8.2495502999999970e-02,1.7389930000000220e-03,1.3948361208053701e-05,9.5808535500000003e-01,2.0489601180000001e+00,3.4592317239999999e+00,3.1222656250000000e+01,3.1222656250000000e+01
exp2_distort,8,1,2,abc,0,int,0.0000000000000000e+00,2.0000000000000000e+00,5.0000000000000000e-01,1,1,1,1.2500000000000000e-01,1.1566256267683621e-01,1.3220917259830650e-01,7.2507050035441667e-01,1.2749294996455833e+00,6.5718573056783702e-01,8.4062709344974906e-01,0,512,1536,1536,512,0.0000000000000000e+00,0.0000000000000000e+00,0.0000000000000000e+00,1.8864498472528932e-01,2.3769287648494615e+00,8.8857658763166274e+00,2.6749846866714411e-01,1.3339214793608484e-01,1.2987619362712034e-14,4.2632564145606011e-14,1.8270258781699591e-16,5.9973114218599971e-16,7.4736134823064487e-02,1.1102230246251565e-14,2.6937413093043975e-15,3.7873253089683573e+01,3.9478417604357432e+01,-4.0659292141858525e-02,-9.3590940320381654e-15,1.1181072515194408e+01,1.2566370614359172e+01,1.3852980991647641e+00,7.2164496600635175e-16,7.2164496600635175e-16,2.6367796834847468e-16,7.2164496600635175e-16,1.5265566588595902e-16,1.8041124150158794e-16,1.7347234759768071e-16,8.3266726846886741e-17,48,6.2717784999999998e-02,1.5603260000000008e-03,1.1500355062413317e-05,7.7073688900000004e-01,1.7444402859999999e+00,2.9832039760000000e+00,3.1339843750000000e+01,3.1339843750000000e+01
exp2_distort,8,1,2,abc,0,int,0.0000000000000000e+00,2.0000000000000000e+00,5.9999999999999998e-01,1,1,1,1.2499999999999989e-01,1.1087472619203297e-01,1.3525056286954887e-01,6.0410152051035815e-01,1.3958984794896396e+00,5.2110526419784420e-01,7.8434038024659747e-01,0,512,1536,1536,512,0.0000000000000000e+00,0.0000000000000000e+00,0.0000000000000000e+00,2.2655808318060433e-01,2.5693935515850761e+00,8.8857658763167375e+00,2.8915836714011223e-01,1.6020075694963118e-01,1.3950087280536866e-14,6.3948846218409017e-14,1.9624204985129744e-16,8.9959671327898759e-16,9.3796889419023685e-02,1.0214051826551440e-14,2.7202545322736320e-15,3.8150410653029510e+01,3.9478417604357432e+01,-3.3638809048449368e-02,8.6391637218813834e-15,1.1123098477993880e+01,1.2566370614359172e+01,1.4432721363652927e+00,5.4123372450476381e-16,5.4123372450476381e-16,3.4694469519536142e-16,5.4123372450476381e-16,1.3877787807814457e-17,1.6653345369377348e-16,1.7347234759768071e-16,2.7755575615628914e-17,52,7.4866506999999999e-02,1.7561170000000015e-03,1.3062318491032778e-05,8.1414772000000002e-01,2.3199290740000000e+00,3.6403186380000001e+00,3.1355468750000000e+01,3.1355468750000000e+01
exp2_distort,8,1,2,abc,0,int,0.0000000000000000e+00,2.0000000000000000e+00,6.9999999999999996e-01,1,1,1,1.2499999999999999e-01,1.0452785529107315e-01,1.3873101527970078e-01,4.6113818069465251e-01,1.5388618193053423e+00,3.7457200505491889e-01,7.2887498113598237e-01,0,512,1536,1536,512,0.0000000000000000e+00,0.0000000000000000e+00,0.0000000000000000e+00,2.7033424352515872e-01,2.8219411171896969e+00,8.8857658763167429e+00,3.1757995388006166e-01,1.9115517678357558e-01,1.4085941633264174e-14,5.6843418860808015e-14,1.9815317313850616e-16,7.9964152291465570e-16,1.1582227766439830e-01,1.6875389974302379e-14,3.1275455524552327e-15,3.8596888108259030e+01,3.9478417604357432e+01,-2.2329402990080915e-02,-5.5794599037150601e-15,1.1054886208749476e+01,1.2566370614359172e+01,1.5114844056096963e+00,9.1593399531575415e-16,9.1593399531575415e-16,9.1593399531575415e-16,1.6653345369377348e-16,1.5265566588595902e-16,5.5511151231257827e-17,1.1102230246251565e-16,4.1633363423443370e-16,60,6.2063707999999995e-02,1.7037360000000112e-03,1.0201958377964802e-05,9.1318615700000005e-01,2.0838492610000001e+00,3.5276580829999999e+00,3.1636718750000000e+01,3.1636718750000000e+01
exp2_distort,8,1,2,abc,0,int,0.0000000000000000e+00,2.0000000000000000e+00,8.0000000000000004e-01,1,1,1,1.2499999999999990e-01,9.5957988175832329e-02,1.4260024671303434e-01,2.9618048090730542e-01,1.7038195190926919e+00,2.2428370082126872e-01,6.7444748401995391e-01,0,512,1536,1536,512,0.0000000000000000e+00,0.0000000000000000e+00,0.0000000000000000e+00,3.2328919597910849e-01,3.1623559771577021e+00,8.8857658763167127e+00,3.5589008546650425e-01,2.2859998276117391e-01,1.4872483487380938e-14,8.5265128291212022e-14,2.0921780539790960e-16,1.1994622843719870e-15,1.4260942384083650e-01,2.2204460492503131e-14,3.3595782603643011e-15,3.9346024960581154e+01,3.9478417604357432e+01,-3.3535448432377153e-03,-3.7796341283231053e-15,1.0976585402201083e+01,1.2566370614359172e+01,1.5897852121580893e+00,1.1102230246251565e-16,1.1102230246251565e-16,2.7755575615628914e-17,1.1102230246251565e-16,1.3877787807814457e-17,5.5511151231257827e-17,1.3877787807814457e-17,6.9388939039072284e-17,72,7.8971988999999992e-02,1.6998780000000435e-03,1.4001812040602014e-05,8.4561603399999996e-01,1.6234219000000003e+00,3.0638447530000001e+00,3.1300781250000000e+01,3.1300781250000000e+01
exp2_distort,8,1,2,abc,0,int,0.0000000000000000e+00,2.0000000000000000e+00,9.0000000000000002e-01,1,1,1,1.2500000000000011e-01,8.3707566203959638e-02,1.4680873559235227e-01,9.3812616720414410e-02,1.8907715788516875e+00,7.6416208791220144e-02,6.2239777049805745e-01,0,512,1536,1536,512,0.0000000000000000e+00,0.0000000000000000e+00,0.0000000000000000e+00,3.9587730344429656e-01,3.6727839321964888e+00,8.8857658763167091e+00,4.1333341248452027e-01,2.7992752578330682e-01,1.6180233806682225e-14,1.1368683772161603e-13,2.2761450774051343e-16,1.5992830458293191e-15,1.7928056917563948e-01,2.7977620220553945e-14,3.5996400923423531e-15,4.0786274957171258e+01,3.9478417604357432e+01,3.3128413755607863e-02,-2.1597909304703459e-15,1.0888367593923880e+01,1.2566370614359172e+01,1.6780030204352929e+00,9.9920072216264089e-16,9.9920072216264089e-16,5.5511151231257827e-17,9.9920072216264089e-16,2.6367796834847468e-16,3.7470027081099033e-16,0.0000000000000000e+00,1.3877787807814457e-17,91,9.2281951000000001e-02,1.3905931000000010e-02,1.1380915786593707e-05,9.3167975600000008e-01,2.1777517639999999e+00,3.7942907020000001e+00,3.1640625000000000e+01,3.1640625000000000e+01
exp2_distort,8,1,2,abc,0,int,0.0000000000000000e+00,2.0000000000000000e+00,1.0000000000000001e-01,2,1,1,1.2500000000000022e-01,1.2473854880879214e-01,1.2509196839718559e-01,9.8645074061878801e-01,1.0135492593812117e+00,9.7326373778915520e-01,9.8645074061878879e-01,0,512,1536,1536,512,0.0000000000000000e+00,0.0000000000000000e+00,0.0000000000000000e+00,9.3461650890193912e-02,2.0289558784310753e+00,8.8857658763166558e+00,2.2833776026429833e-01,6.6087367125345589e-02,1.2322126976672800e-14,4.9737991503207013e-14,1.7334081198216047e-16,6.9968633255033199e-16,2.4924875369853321e-02,1.3322676295501878e-14,2.6506610532029443e-15,3.7545224811750536e+01,3.9478417604357432e+01,-4.8968345488941772e-02,1.7998257753919549e-16,1.1309597774047978e+01,1.2566370614359172e+01,1.2567728403111946e+00,8.4654505627668186e-16,8.4654505627668186e-16,8.4654505627668186e-16,5.1347814888913490e-16,4.1633363423443370e-16,6.3837823915946501e-16,2.6714741530042829e-16,2.7755575615628914e-17,35,1.0704175500000000e-01,1.4471761999999999e-02,8.4210690207349650e-06,8.1325117199999997e-01,1.8424967220000001e+00,3.1431909149999999e+00,3.1519531250000000e+01,3.1519531250000000e+01
exp2_distort,8,1,2,abc,0,int,0.0000000000000000e+00,2.0000000000000000e+00,2.0000000000000001e-01,2,1,1,1.2499999999999999e-01,1.2391661136721294e-01,1.2539728731988514e-01,9.4580296247515427e-01,1.0541970375248455e+00,8.9717854329756963e-01,9.4580296247515527e-01,0,512,1536,1536,512,0.0000000000000000e+00,0.0000000000000000e+00,0.0000000000000000e+00,1.2867865703620934e-01,2.1330513621211487e+00,8.8857658763167340e+00,2.4005261806485118e-01,9.0989550984280951e-02,1.2632189142747062e-14,4.9737991503207013e-14,1.7770259365621599e-16,6.9968633255032440e-16,5.0405590471356398e-02,8.8817841970012523e-15,2.4319097117013976e-15,3.7715806099403721e+01,3.9478417604357432e+01,-4.4647470995878069e-02,-8.9991288769597744e-16,1.1297272612386186e+01,1.2566370614359172e+01,1.2690980019729867e+00,4.1633363423443370e-16,4.1633363423443370e-16,4.1633363423443370e-16,1.9428902930940239e-16,1.1102230246251565e-16,2.0816681711721685e-16,1.7347234759768071e-17,4.1633363423443370e-17,38,8.7365162999999996e-02,1.9028910000000038e-03,1.1213089200863920e-05,9.5750946299999995e-01,1.6264092780000001e+00,3.0433154370000000e+00,3.1535156250000000e+01,3.1535156250000000e+01
exp2_distort,8,1,2,abc,0,int,0.0000000000000000e+00,2.0000000000000000e+00,2.9999999999999999e-01,2,1,1,1.2499999999999999e-01,1.2246392022943711e-01,1.2595779861530765e-01,8.7805666556909445e-01,1.1219433344309040e+00,7.8262122392703704e-01,8.7805666556909934e-01,0,512,1536,1536,512,0.0000000000000000e+00,0.0000000000000000e+00,0.0000000000000000e+00,1.7343990856986222e-01,2.3050669076405055e+00,8.8857658763166683e+00,2.5941116834782091e-01,1.2264053547812448e-01,1.3096789920788709e-14,6.3948846218409017e-14,1.8423833835887642e-16,8.9959671327899528e-16,7.7043543546800389e-02,1.2434497875801753e-14,2.6545402054333125e-15,3.8020835575647517e+01,3.9478417604357432e+01,-3.6920984101172137e-02,-1.0978937229890926e-14,1.1276754039674968e+01,1.2566370614359172e+01,1.2896165746842048e+00,9.1593399531575415e-16,9.1593399531575415e-16,9.1593399531575415e-16,5.2735593669694936e-16,5.5511151231257827e-16,4.0245584642661925e-16,2.3592239273284576e-16,1.7347234759768071e-16,40,6.6810770000000005e-02,1.3531741000000000e-02,1.1186813145029869e-05,7.7248902900000005e-01,2.1772820560000001e+00,3.3982983239999998e+00,3.1523437500000000e+01,3.1523437500000000e+01
exp2_distort,8,1,2,abc,0,int,0.0000000000000000e+00,2.0000000000000000e+00,4.0000000000000002e-01,2,1,1,1.2499999999999988e-01,1.2028502851761673e-01,1.2681109449073022e-01,7.8321184990061732e-01,1.2167881500993827e+00,6.4367149683093805e-01,7.8321184990061865e-01,0,512,1536,1536,512,0.0000000000000000e+00,0.0000000000000000e+00,0.0000000000000000e+00,2.2392496638735457e-01,2.5450862053049659e+00,8.8857658763167233e+00,2.8642282958280468e-01,1.5833886220946841e-01,1.3599012339677548e-14,5.6843418860808015e-14,1.9130332332864872e-16,7.9964152291465678e-16,1.0555008782193281e-01,1.0658141036401503e-14,2.5844932326643652e-15,3.8495655768131101e+01,3.9478417604357432e+01,-2.4893648121242288e-02,9.8990417646557526e-15,1.1248077052841658e+01,1.2566370614359172e+01,1.3182935615175140e+00,4.0245584642661925e-16,4.0245584642661925e-16,2.7755575615628914e-16,4.0245584642661925e-16,1.3877787807814457e-17,1.5265566588595902e-16,8.3266726846886741e-17,9.7144514654701197e-17,42,6.3430619999999993e-02,1.6641449999999919e-03,4.6718899789768771e-06,7.8366469400000005e-01,1.1236653539999999e+00,2.2403924150000001e+00,3.1238281250000000e+01,3.1238281250000000e+01
exp2_distort,8,1,2,abc,0,int,0.0000000000000000e+00,2.0000000000000000e+00,5.9999999999999998e-01,2,1,1,1.2500000000000003e-01,1.1315150380376204e-01,1.2951646268080960e-01,5.1222666227639035e-01,1.4877733377236098e+00,3.4429079301833093e-01,5.1222666227639246e-01,0,512,1536,1536,512,0.0000000000000000e+00,0.0000000000000000e+00,0.0000000000000000e+00,3.4174285845835023e-01,3.2530666371417190e+00,8.8857658763167517e+00,3.6609862137062643e-01,2.4164869263797567e-01,1.4611335002117457e-14,7.1054273576010019e-14,2.0554411411318351e-16,9.9955190364331908e-16,1.7237867100261772e-01,1.1546319456101628e-14,2.4577141423095914e-15,4.0242446572345152e+01,3.9478417604357432e+01,1.9353079843387393e-02,7.1993031015678195e-15,1.1166457241296893e+01,1.2566370614359172e+01,1.3999133730622795e+00,3.0531133177191805e-16,3.0531133177191805e-16,1.1102230246251565e-16,5.5511151231257827e-17,4.1633363423443370e-17,8.3266726846886741e-17,3.4694469519536142e-17,3.0531133177191805e-16,45,7.0648367000000004e-02,1.7208059999999914e-03,1.0182005261851578e-05,3.9874474100000001e-01,1.6199738399999999e+00,2.4943772570000000e+00,3.1511718750000000e+01,3.1511718750000000e+01
exp2_distort,8,1,2,abc,0,int,0.0000000000000000e+00,2.0000000000000000e+00,8.0000000000000004e-01,2,1,1,1.2499999999999999e-01,1.0035784769186733e-01,1.3367930642052733e-01,1.3284739960246761e-01,1.8671526003975307e+00,7.1149727973055688e-02,1.3284739960247438e-01,0,512,1536,1536,512,0.0000000000000000e+00,0.0000000000000000e+00,0.0000000000000000e+00,5.0217402559284019e-01,4.4595284262704196e+00,8.8857658763166363e+00,5.0187327556721550e-01,3.5509065883244029e-01,1.4733162116938026e-14,6.0396132539608516e-14,2.0725791003855025e-16,8.4961911809683190e-16,2.6957181921250706e-01,1.5987211554602254e-14,2.6732546422215583e-15,4.4468720857751926e+01,3.9478417604357432e+01,1.2640585809203481e-01,1.1338902384969317e-14,1.1052969287320918e+01,1.2566370614359172e+01,1.5134013270382543e+00,3.6082248300317588e-16,3.6082248300317588e-16,1.9428902930940239e-16,1.6653345369377348e-16,3.6082248300317588e-16,2.0816681711721685e-16,1.0408340855860843e-16,1.6653345369377348e-16,49,8.5608896000000004e-02,1.3728877000000000e-02,1.3757667791005298e-05,9.4726993199999998e-01,2.1693138810000003e+00,3.6304898510000001e+00,3.1464843750000000e+01,3.1464843750000000e+01
exp2_distort,8,1,2,abc,0,int,0.0000000000000000e+00,2.0000000000000000e+00,1.0000000000000001e-01,3,1,1,1.2499999999999999e-01,1.2456807561938159e-01,1.2524596384015860e-01,9.8162440149022556e-01,1.0109971799858235e+00,9.8010317460247187e-01,9.9470764836168890e-01,0,512,1536,1536,512,0.0000000000000000e+00,0.0000000000000000e+00,0.0000000000000000e+00,8.8703805528878438e-02,2.0167224062347393e+00,8.8857658763167020e+00,2.2696101093659518e-01,6.2723062406523131e-02,1.2701870933652099e-14,5.6843418860808015e-14,1.7868283823888618e-16,7.9964152291465935e-16,1.8478766174723299e-02,1.0658141036401503e-14,2.5472397233871853e-15,3.7514229947661278e+01,3.9478417604357432e+01,-4.9753454568031041e-02,1.0618972074812535e-14,1.1307482662303961e+01,1.2566370614359172e+01,1.2588879520552112e+00,5.4123372450476381e-16,5.4123372450476381e-16,2.7755575615628914e-16,1.2490009027033011e-16,5.4123372450476381e-16,0.0000000000000000e+00,3.1918911957973251e-16,1.7347234759768071e-16,37,8.3665259000000006e-02,1.7088820000000088e-03,4.9706058946334298e-06,8.7479208399999997e-01,2.4039072980000000e+00,3.7523389329999999e+00,3.1468750000000000e+01,3.1468750000000000e+01
exp2_distort,8,1,2,abc,0,int,0.0000000000000000e+00,2.0000000000000000e+00,2.0000000000000001e-01,3,1,1,1.2499999999999993e-01,1.2322952204185134e-01,1.2598475818881844e-01,9.2649746526762466e-01,1.0439887199432931e+00,9.1893997764276392e-01,9.8013872295354376e-01,0,512,1536,1536,512,0.0000000000000000e+00,0.0000000000000000e+00,0.0000000000000000e+00,1.1466301417588985e-01,2.0852493949419615e+00,8.8857658763167464e+00,2.3467300669037228e-01,8.1078994875061303e-02,1.3208029974437665e-14,4.2632564145606011e-14,1.8580320141059889e-16,5.9973114218599133e-16,3.7482310588912847e-02,1.0658141036401503e-14,2.6976367529528665e-15,3.7591904258642998e+01,3.9478417604357432e+01,-4.7785941286213302e-02,-1.7998257753919549e-16,1.1289375128537898e+01,1.2566370614359172e+01,1.2769954858212742e+00,3.3306690738754696e-16,3.3306690738754696e-16,3.3306690738754696e-16,1.3877787807814457e-16,5.5511151231257827e-17,8.3266726846886741e-17,2.1857515797307769e-16,2.1510571102112408e-16,41,9.2686175999999995e-02,1.3847311000000001e-02,1.3797687701612901e-05,9.6551807600000006e-01,2.1580995139999999e+00,3.6280957670000000e+00,3.1257812500000000e+01,3.1257812500000000e+01
exp2_distort,8,1,2,abc,0,int,0.0000000000000000e+00,2.0000000000000000e+00,2.9999999999999999e-01,3,1,1,1.2499999999999994e-01,1.2079403325251239e-01,1.2720910986767026e-01,8.3461898029224957e-01,1.0989746198724100e+00,8.1582289819503484e-01,9.5824946262416799e-01,0,512,1536,1536,512,0.0000000000000000e+00,0.0000000000000000e+00,0.0000000000000000e+00,1.5015289655862857e-01,2.2017785869344584e+00,8.8857658763166576e+00,2.4778714829780585e-01,1.0617413137140870e-01,1.3091187740407735e-14,6.3948846218409017e-14,1.8415953000882901e-16,8.9959671327899607e-16,5.7588354701787796e-02,8.8817841970012523e-15,2.6002720418796709e-15,3.7740710507613109e+01,3.9478417604357432e+01,-4.4016634966456296e-02,6.8393379464894285e-15,1.1260327298204709e+01,1.2566370614359172e+01,1.3060433161544633e+00,4.9960036108132044e-16,4.9960036108132044e-16,3.8857805861880479e-16,2.0816681711721685e-16,4.9960036108132044e-16,2.2204460492503131e-16,1.6306400674181987e-16,4.8572257327350599e-17,44,7.9713906000000001e-02,1.9017450000000102e-03,1.3923981147266013e-05,9.2823883300000010e-01,2.3096511819999996e+00,3.7307857090000001e+00,3.1460937500000000e+01,3.1460937500000000e+01
exp2_distort,8,1,2,abc,0,int,0.0000000000000000e+00,2.0000000000000000e+00,4.0000000000000002e-01,3,1,1,1.2499999999999990e-01,1.1702738289569216e-01,1.2890108385711807e-01,7.0598873552413544e-01,1.1759548797731729e+00,6.7299802743258152e-01,9.3085844961930686e-01,0,512,1536,1536,512,0.0000000000000000e+00,0.0000000000000000e+00,0.0000000000000000e+00,1.9249032563799290e-01,2.3711097167226267e+00,8.8857658763166878e+00,2.6684359567050570e-01,1.3611121457143163e-01,1.3760900452379452e-14,4.9737991503207013e-14,1.9358067503579650e-16,6.9968633255032766e-16,7.9511436342894315e-02,1.0214051826551440e-14,2.7155289273197326e-15,3.7992276363715568e+01,3.9478417604357432e+01,-3.7644397390381494e-02,1.3318710737900466e-14,1.1221378634680786e+01,1.2566370614359172e+01,1.3449919796783867e+00,2.7755575615628914e-16,2.7755575615628914e-16,1.3877787807814457e-17,2.7755575615628914e-16,2.0816681711721685e-16,2.2204460492503131e-16,2.4980018054066022e-16,1.6653345369377348e-16,47,9.1026734999999998e-02,1.6795429999999917e-03,1.5609271719457019e-05,5.4180392700000002e-01,2.5813413629999999e+00,3.6332266730000002e+00,3.1460937500000000e+01,3.1460937500000000e+01
exp2_distort,8,1,2,abc,0,int,0.0000000000000000e+00,2.0000000000000000e+00,5.9999999999999998e-01,3,1,1,1.2500000000000014e-01,1.0362605075555612e-01,1.3357405066663325e-01,3.3847212244994673e-01,1.3958984794896396e+00,2.9520967599170195e-01,8.6558920214453339e-01,0,512,1536,1536,512,0.0000000000000000e+00,0.0000000000000000e+00,0.0000000000000000e+00,3.0080252651951023e-01,2.9190394186867987e+00,8.8857658763167908e+00,3.2850735201868270e-01,2.1269950629999179e-01,1.4735654503912465e-14,5.6843418860808015e-14,2.0729297154884792e-16,7.9964152291465254e-16,1.3387507262040796e-01,1.5987211554602254e-14,3.2627066843406321e-15,3.9081486653205836e+01,3.9478417604357432e+01,-1.0054378448739664e-02,-1.2598780427743684e-15,1.1118287586736571e+01,1.2566370614359172e+01,1.4480830276226015e+00,4.8572257327350599e-16,4.8572257327350599e-16,1.8041124150158794e-16,4.8572257327350599e-16,1.8041124150158794e-16,3.8857805861880479e-16,1.5265566588595902e-16,1.6653345369377348e-16,58,8.3371691999999997e-02,1.8447439999999954e-03,1.5321578782218896e-05,9.5907845999999997e-01,2.0812233510000002e+00,3.5602399889999998e+00,3.1414062500000000e+01,3.1414062500000000e+01
exp2_distort,8,1,2,abc,0,int,0.0000000000000000e+00,2.0000000000000000e+00,8.0000000000000004e-01,3,1,0,1.2499999999999993e-01,7.1580246746905274e-02,1.3972523172114734e-01,-1.7605406227452244e-01,1.7038195190926919e+00,-1.7974263096601131e-01,7.7310165255358376e-01,360,nan,nan,nan,nan,nan,nan,nan,nan,nan,nan,nan,nan,nan,nan,nan,nan,nan,nan,nan,nan,nan,nan,nan,nan,nan,nan,nan,nan,nan,nan,nan,nan,nan,nan,nan,9.6736994999999992e-02,nan,nan,nan,nan,9.6840605999999996e-02,nan,nan
exp2_distort,16,1,1,abc,0,int,0.0000000000000000e+00,2.0000000000000000e+00,0.0000000000000000e+00,1,1,1,6.2499999999999993e-02,6.2500000000000014e-02,6.2500000000000014e-02,9.9999999999999556e-01,1.0000000000000053e+00,9.9999999999999312e-01,1.0000000000000000e+00,0,4096,12288,12288,4096,0.0000000000000000e+00,0.0000000000000000e+00,0.0000000000000000e+00,1.9841839599807239e-02,1.0047270775301724e+00,8.8857658763165617e+00,1.1307152264815967e-01,1.4030299332239666e-02,3.5286354379135993e-14,1.7053025658242404e-13,2.4819437957217568e-16,1.1994622843720081e-15,7.3290236588842551e-16,5.3290705182007514e-15,1.8228039774086677e-15,3.8973679354218937e+01,3.9478417604357432e+01,-1.2785169233398655e-02,4.1216010256475769e-14,1.2245869835682955e+01,1.2566370614359172e+01,3.2050077867621773e-01,1.0130785099704553e-15,1.0130785099704553e-15,1.0130785099704553e-15,9.2287288921966137e-16,2.9143354396410359e-16,3.3306690738754696e-16,1.7000290064572710e-16,7.3552275381416621e-16,34,2.2549172000000001e-01,6.0901244000000021e-02,1.0528058894736841e-04,2.3213387459999999e+00,5.1654529870000001e+00,8.7154197599999996e+00,4.9417968750000000e+01,4.9417968750000000e+01
exp2_distort,16,1,1,abc,0,int,0.0000000000000000e+00,2.0000000000000000e+00,5.0000000000000003e-02,1,1,1,6.2499999999999840e-02,6.2453443999219288e-02,6.2545767414417239e-02,9.9736002554318515e-01,1.0024432607287006e+00,9.9814690021505637e-01,9.9995910619986650e-01,0,4096,12288,12288,4096,0.0000000000000000e+00,0.0000000000000000e+00,0.0000000000000000e+00,2.0631094403534542e-02,1.0059393010108542e+00,8.8857658763167020e+00,1.1320794572046870e-01,1.4588386756039103e-02,3.8038696644088082e-14,1.8474111129762605e-13,2.6755358776580533e-16,1.2994174747363183e-15,2.4409611856044881e-03,2.6645352591003757e-14,4.6961300024698675e-15,3.8973693294230578e+01,3.9478417604357432e+01,-1.2784816128778792e-02,-3.5276585197682319e-14,1.2245492526741495e+01,1.2566370614359172e+01,3.2087808761767711e-01,8.8470897274817162e-16,8.8470897274817162e-16,4.5102810375396984e-16,2.0122792321330962e-16,5.1347814888913490e-16,8.8470897274817162e-16,1.4224732503009818e-16,1.1102230246251565e-16,39,2.5274216899999996e-01,4.8343996000000000e-02,3.7633508184383840e-05,1.8100335410000001e+00,4.7843242579999998e+00,7.9441173819999999e+00,4.9316406250000000e+01,4.9316406250000000e+01
exp2_distort,16,1,1,abc,0,int,0.0000000000000000e+00,2.0000000000000000e+00,1.0000000000000001e-01,1,1,1,6.2499999999999868e-02,6.2313221999530100e-02,6.2682803612639365e-02,9.8926606797771144e-01,1.0097730429147949e+00,9.9240220501219678e-01,9.9983784958133215e-01,0,4096,12288,12288,4096,0.0000000000000000e+00,0.0000000000000000e+00,0.0000000000000000e+00,2.2817429510682677e-02,1.0095929430660415e+00,8.8857658763168477e+00,1.1361912491492721e-01,1.6134359136250130e-02,3.7660429723535307e-14,1.7053025658242404e-13,2.6489296369989354e-16,1.1994622843719671e-15,4.8931995956041727e-03,3.5527136788005009e-14,4.8713657945173971e-15,3.8973761180045145e+01,3.9478417604357432e+01,-1.2783096561007699e-02,-1.2598780427743684e-15,1.2244360655758836e+01,1.2566370614359172e+01,3.2200995860033643e-01,9.0899510141184692e-16,9.0899510141184692e-16,1.1102230246251565e-16,5.5511151231257827e-16,9.0899510141184692e-16,3.1225022567582528e-17,1.3010426069826053e-16,1.4571677198205180e-16,41,2.3946402600000000e-01,4.8434537999999971e-02,1.0555519336734689e-04,2.3972763370000001e+00,3.5806560330000003e+00,6.9189699600000001e+00,4.9574218750000000e+01,4.9574218750000000e+01
exp2_distort,16,1,1,abc,0,int,0.0000000000000000e+00,2.0000000000000000e+00,1.4999999999999999e-01,1,1,1,6.2500000000000236e-02,6.2077855381677427e-02,6.2910119154426944e-02,9.7545707601103460e-01,1.0219893465582903e+00,9.8245777385918753e-01,9.9963820379332546e-01,0,4096,12288,12288,4096,0.0000000000000000e+00,0.0000000000000000e+00,0.0000000000000000e+00,2.6044194891867156e-02,1.0157377047263971e+00,8.8857658763167215e+00,1.1431065356264317e-01,1.8416026818583113e-02,3.9373778567082546e-14,1.8474111129762605e-13,2.7694418181798089e-16,1.2994174747363238e-15,7.3682314603449456e-03,2.6645352591003757e-14,4.9292058489594769e-15,3.8973960597639746e+01,3.9478417604357432e+01,-1.2778045254326680e-02,-6.4793727914110376e-15,1.2242474390248475e+01,1.2566370614359172e+01,3.2389622411069752e-01,1.1796119636642288e-15,1.1796119636642288e-15,4.2327252813834093e-16,1.1796119636642288e-15,1.3183898417423734e-16,2.3592239273284576e-16,3.1745439610375570e-16,3.1918911957973251e-16,43,1.1872706299999999e-01,2.4504028000000011e-02,1.1124163433242508e-04,1.9363981319999999e+00,5.4904000520000000e+00,8.6664441459999999e+00,4.9539062500000000e+01,4.9539062500000000e+01
exp2_distort,16,1,1,abc,0,int,0.0000000000000000e+00,2.0000000000000000e+00,2.0000000000000001e-01,1,1,1,6.2499999999999951e-02,6.1744953199452605e-02,6.3225970533920609e-02,9.5567199835061045e-01,1.0390921716591794e+00,9.6795938372818990e-01,9.9936193649606264e-01,0,4096,12288,12288,4096,0.0000000000000000e+00,0.0000000000000000e+00,0.0000000000000000e+00,2.9990785022752927e-02,1.0244560747208142e+00,8.8857658763169276e+00,1.1529181490717402e-01,2.1206687462696387e-02,3.8497461986779388e-14,1.9184653865522705e-13,2.7078041529167699e-16,1.3493950699184526e-15,9.8780660426121946e-03,2.6645352591003757e-14,4.9801710100146961e-15,3.8974422544618491e+01,3.9478417604357432e+01,-1.2766344000660051e-02,2.0518013839468287e-14,1.2239834009363019e+01,1.2566370614359172e+01,3.2653660499615356e-01,1.3600232051658168e-15,1.3600232051658168e-15,1.3600232051658168e-15,5.0653925498522767e-16,1.1796119636642288e-16,1.3877787807814457e-17,2.7408630920433552e-16,2.6367796834847468e-16,45,2.4628163100000003e-01,4.7983951000000080e-02,1.1552527231638407e-04,2.3054526680000000e+00,4.7340202690000002e+00,8.4669572659999996e+00,4.9292968750000000e+01,4.9292968750000000e+01
exp2_distort,16,1,1,abc,0,int,0.0000000000000000e+00,2.0000000000000000e+00,2.5000000000000000e-01,1,1,1,6.2500000000000083e-02,6.1311118619166535e-02,6.3627922146904381e-02,9.2964978370389384e-01,1.0610815182174702e+00,9.4849783958563738e-01,9.9901062303923804e-01,0,4096,12288,12288,4096,0.0000000000000000e+00,0.0000000000000000e+00,0.0000000000000000e+00,3.4440387706025095e-02,1.0358648129815196e+00,8.8857658763166825e+00,1.1657574905753706e-01,2.4353031693624558e-02,3.9726975954064756e-14,1.9895196601282805e-13,2.7942847377363882e-16,1.3993726651006593e-15,1.2435491791893969e-02,3.6415315207705135e-14,4.9351706453784300e-15,3.8975336076657882e+01,3.9478417604357432e+01,-1.2743203963778479e-02,-2.4117665390252197e-14,1.2236439903838040e+01,1.2566370614359172e+01,3.2993071052113265e-01,4.7878367936959876e-16,4.7878367936959876e-16,9.0205620750793969e-17,3.1225022567582528e-16,3.0531133177191805e-16,5.5511151231257827e-17,4.7878367936959876e-16,1.1796119636642288e-16,47,2.4863814400000003e-01,5.2673132000000011e-02,1.0868621534391524e-04,2.3901651959999999e+00,5.0658825990000000e+00,8.9694414610000006e+00,4.9675781250000000e+01,4.9675781250000000e+01
exp2_distort,16,1,1,abc,0,int,0.0000000000000000e+00,2.0000000000000000e+00,2.9999999999999999e-01,1,1,1,6.2500000000000000e-02,6.0771808530394017e-02,6.4112928746966780e-02,8.9709733619746757e-01,1.0879573862331546e+00,9.2359805625160762e-01,9.9858565864071169e-01,0,4096,12288,12288,4096,0.0000000000000000e+00,0.0000000000000000e+00,0.0000000000000000e+00,3.9266089886091031e-02,1.0501178308483947e+00,8.8857658763164675e+00,1.1817977712504324e-01,2.7765318429135481e-02,3.9682395102110540e-14,1.9895196601282805e-13,2.7911490448925010e-16,1.3993726651006912e-15,1.5054416378749439e-02,2.4868995751603507e-14,4.8629243623591372e-15,3.8976955918984849e+01,3.9478417604357432e+01,-1.2702172878307914e-02,-6.2993902138718421e-15,1.2232292575914807e+01,1.2566370614359172e+01,3.3407803844436579e-01,1.0338951916821770e-15,1.0338951916821770e-15,9.3675067702747583e-16,1.0338951916821770e-15,4.5796699765787707e-16,3.8163916471489756e-17,5.2041704279304213e-17,1.1796119636642288e-16,48,2.5908875300000000e-01,4.8854589000000004e-02,1.1779574310344836e-04,2.4593356959999997e+00,5.3292462589999996e+00,9.3483039090000002e+00,4.9515625000000000e+01,4.9515625000000000e+01
exp2_distort,16,1,1,abc,0,int,0.0000000000000000e+00,2.0000000000000000e+00,4.0000000000000002e-01,1,1,1,6.2499999999999861e-02,5.9351569496545645e-02,6.5317468160762587e-02,8.1068279831774293e-01,1.1565164544832771e+00,8.5516939354265997e-01,9.9751952103679487e-01,0,4096,12288,12288,4096,0.0000000000000000e+00,0.0000000000000000e+00,0.0000000000000000e+00,4.9821911389224795e-02,1.0879897675461783e+00,8.8857658763167819e+00,1.2244186744172449e-01,3.5229411394996198e-02,3.9403448975001407e-14,1.9184653865522705e-13,2.7715287519576160e-16,1.3493950699184729e-15,2.0540660935242167e-02,3.9079850466805510e-14,5.2142402243670267e-15,3.8983736562614851e+01,3.9478417604357432e+01,-1.2530417168695749e-02,-8.9991288769597744e-16,1.2221740818752481e+01,1.2566370614359172e+01,3.4462979560669105e-01,1.4294121442048890e-15,1.4294121442048890e-15,1.4294121442048890e-15,5.6205040621648550e-16,3.1918911957973251e-16,4.9960036108132044e-16,3.1745439610375570e-16,3.4694469519536142e-16,52,2.2585399100000000e-01,1.4274266000000008e-02,1.1507446630136985e-04,2.0263051459999999e+00,4.6303839159999995e+00,8.1566364839999999e+00,4.9449218750000000e+01,4.9449218750000000e+01
exp2_distort,16,1,1,abc,0,int,0.0000000000000000e+00,2.0000000000000000e+00,5.0000000000000000e-01,1,1,1,6.2499999999999771e-02,5.7414979668536939e-02,6.6806877875325729e-02,6.9422447752775529e-01,1.2501119952531929e+00,7.5694696263559491e-01,9.9617146529149747e-01,0,4096,12288,12288,4096,0.0000000000000000e+00,0.0000000000000000e+00,0.0000000000000000e+00,6.1536859552350394e-02,1.1403097741036077e+00,8.8857658763167215e+00,1.2832993688736288e-01,4.3513130682390891e-02,4.0559463654839113e-14,1.9428902930940239e-13,2.8528396017994292e-16,1.3665748682623496e-15,2.6490351403320060e-02,2.6645352591003757e-14,5.1852264500506274e-15,3.8998713947616700e+01,3.9478417604357432e+01,-1.2151035574632162e-02,1.3678675892978857e-14,1.2208184981596172e+01,1.2566370614359172e+01,3.5818563276299997e-01,4.2327252813834093e-16,4.2327252813834093e-16,2.2898349882893854e-16,1.8041124150158794e-16,2.0122792321330962e-16,3.0531133177191805e-16,3.4694469519536142e-18,4.2327252813834093e-16,56,2.5579935000000004e-01,4.8805290999999973e-02,1.0099358292682915e-04,2.4483271759999998e+00,2.7110720429999997e+00,6.2720935510000002e+00,4.9492187500000000e+01,4.9492187500000000e+01
exp2_distort,16,1,1,abc,0,int,0.0000000000000000e+00,2.0000000000000000e+00,5.9999999999999998e-01,1,1,1,6.2500000000000153e-02,5.4849075741275836e-02,6.8545246512750846e-02,5.4533019906501323e-01,1.3681605237418204e+00,6.2082011048479779e-01,9.9454712863415828e-01,0,4096,12288,12288,4096,0.0000000000000000e+00,0.0000000000000000e+00,0.0000000000000000e+00,7.4656381752666229e-02,1.2106643419424830e+00,8.8857658763167144e+00,1.3624760755505319e-01,5.2790033796162386e-02,4.2539815343253369e-14,2.5579538487363607e-13,2.9921320187376238e-16,1.7991934265579858e-15,3.3123564622616140e-02,3.3750779948604759e-14,5.1843092596308527e-15,3.9028507918827728e+01,3.9478417604357432e+01,-1.1396345467505394e-02,-1.0259006919734144e-14,1.2191633083592231e+01,1.2566370614359172e+01,3.7473753076694116e-01,9.2287288921966137e-16,9.2287288921966137e-16,9.2287288921966137e-16,7.0776717819853729e-16,1.4571677198205180e-16,1.8388068845354155e-16,6.0888794006785929e-16,2.9143354396410359e-16,67,2.2089043200000000e-01,4.7728167999999987e-02,1.1338400163934408e-04,2.3524113080000002e+00,5.0965839810000002e+00,9.0591273090000008e+00,4.9378906250000000e+01,4.9378906250000000e+01
exp2_distort,16,1,1,abc,0,int,0.0000000000000000e+00,2.0000000000000000e+00,6.9999999999999996e-01,1,1,1,6.2499999999999896e-02,5.1460741444642216e-02,7.0496326618054161e-02,3.6160778816702449e-01,1.5119952483786983e+00,4.3494041822302815e-01,9.9265004505353172e-01,0,4096,12288,12288,4096,0.0000000000000000e+00,0.0000000000000000e+00,0.0000000000000000e+00,8.9787354140977063e-02,1.3053159522928384e+00,8.8857658763166576e+00,1.4689965619867537e-01,6.3489246977883190e-02,4.4501441163773992e-14,2.8421709430404007e-13,3.1301073103321461e-16,1.9991038072866555e-15,4.0798392681783431e-02,4.0856207306205761e-14,5.9110358933501375e-15,3.9085099935165708e+01,3.9478417604357432e+01,-9.9628529474877301e-03,1.2598780427743684e-15,1.2172094912964003e+01,1.2566370614359172e+01,3.9427570139516988e-01,7.7715611723760958e-16,7.7715611723760958e-16,2.2204460492503131e-16,4.8572257327350599e-17,5.7592819402429996e-16,7.7715611723760958e-16,1.1275702593849246e-16,1.5959455978986625e-16,83,2.4206298400000001e-01,4.8257353999999975e-02,1.1589120676056352e-04,2.4252475460000000e+00,5.3411291279999995e+00,9.8385524479999997e+00,4.9460937500000000e+01,4.9460937500000000e+01
exp2_distort,16,1,1,abc,0,int,0.0000000000000000e+00,2.0000000000000000e+00,8.0000000000000004e-01,1,1,1,6.2500000000000000e-02,4.6884158476633860e-02,7.2625647356813205e-02,1.4066507007129958e-01,1.6829493775933648e+00,1.8133063562085219e-01,9.9048179802884873e-01,0,4096,12288,12288,4096,0.0000000000000000e+00,0.0000000000000000e+00,0.0000000000000000e+00,1.0827197580932574e-01,1.4373896572014360e+00,8.8857658763168867e+00,1.6176317013173749e-01,7.6559848307241496e-02,4.7303263078041679e-14,4.6895820560166612e-13,3.3271796528618901e-16,3.2985212820229020e-15,5.0222066720940199e-02,3.9079850466805510e-14,5.5329793200620790e-15,3.9194192679168737e+01,3.9478417604357432e+01,-7.1995014601933822e-03,2.6457438898261738e-14,1.2149582019248756e+01,1.2566370614359172e+01,4.1678859511041644e-01,1.0824674490095276e-15,1.0824674490095276e-15,4.8572257327350599e-17,1.0824674490095276e-15,8.1878948066105295e-16,6.0715321659188248e-16,3.5388358909926865e-16,1.7347234759768071e-16,105,2.5752118000000002e-01,4.8766540999999997e-02,1.2217078898550722e-04,2.3987354810000001e+00,5.2457221690000004e+00,1.0301946125000001e+01,4.9285156250000000e+01,4.9285156250000000e+01
exp2_distort,16,1,1,abc,0,int,0.0000000000000000e+00,2.0000000000000000e+00,1.0000000000000001e-01,2,1,1,6.2499999999999674e-02,6.2357816231788189e-02,6.2624126950540940e-02,9.8732543341198631e-01,1.0097844390282029e+00,9.8732543341198631e-01,9.9797683111956292e-01,0,4096,12288,12288,4096,0.0000000000000000e+00,0.0000000000000000e+00,0.0000000000000000e+00,2.2802636958417853e-02,1.0158706353799334e+00,8.8857658763165350e+00,1.1432561351718258e-01,1.6123899222232521e-02,3.8895880004561535e-14,1.7824630660356888e-13,2.7358277655778344e-16,1.2537348291401399e-15,9.4123315231326478e-03,3.3750779948604759e-14,4.9127349498485714e-15,3.8980645859909245e+01,3.9478417604357432e+01,-1.2608705582800393e-02,8.2791985668029925e-15,1.2244539567232383e+01,1.2566370614359172e+01,3.2183104712678912e-01,1.0789980020575740e-15,1.0789980020575740e-15,1.0789980020575740e-15,2.2204460492503131e-16,8.1185058675714572e-16,5.8980598183211441e-16,1.7347234759768071e-16,1.1796119636642288e-16,40,2.5232046100000000e-01,4.8689466000000015e-02,1.0910834684210519e-04,2.5076710410000000e+00,5.2695174890000001e+00,9.1809462560000004e+00,4.9437500000000000e+01,4.9437500000000000e+01
exp2_distort,16,1,1,abc,0,int,0.0000000000000000e+00,2.0000000000000000e+00,2.0000000000000001e-01,2,1,1,6.2499999999999854e-02,6.1921850917493096e-02,6.2998877141289530e-02,9.4723763544422535e-01,1.0391377561128050e+00,9.4723763544422535e-01,9.9212875253198973e-01,0,4096,12288,12288,4096,0.0000000000000000e+00,0.0000000000000000e+00,0.0000000000000000e+00,3.0111425934937722e-02,1.0493546681764290e+00,8.8857658763169081e+00,1.1809389114935578e-01,2.1291993469790747e-02,3.8162673681403563e-14,1.7763568394002505e-13,2.6842560768395502e-16,1.2494398795541237e-15,1.8991029337113149e-02,2.3092638912203256e-14,4.5706932912829335e-15,3.9002347901531948e+01,3.9478417604357432e+01,-1.2058986446633507e-02,2.9877107871506453e-14,1.2240549458669594e+01,1.2566370614359172e+01,3.2582115568957803e-01,1.3808398868775384e-15,1.3808398868775384e-15,3.1918911957973251e-16,7.6327832942979512e-17,1.3808398868775384e-15,1.8041124150158794e-16,3.1918911957973251e-16,6.9388939039072284e-18,42,2.2542672000000000e-01,5.1717989000000020e-02,1.0368454164588531e-04,2.1872505190000000e+00,5.6007954990000002e+00,8.8715069680000003e+00,4.9675781250000000e+01,4.9675781250000000e+01
exp2_distort,16,1,1,abc,0,int,0.0000000000000000e+00,2.0000000000000000e+00,2.9999999999999999e-01,2,1,1,6.2500000000000083e-02,6.1171007113111790e-02,6.3623243603558144e-02,8.7664045879113095e-01,1.0880599512538129e+00,8.7664045879113095e-01,9.8272859466258999e-01,0,4096,12288,12288,4096,0.0000000000000000e+00,0.0000000000000000e+00,0.0000000000000000e+00,3.9737583119820029e-02,1.1054413230810665e+00,8.8857658763167784e+00,1.2440585746552224e-01,2.8098714491988377e-02,3.9652064648808295e-14,1.9895196601282805e-13,2.7890156853623720e-16,1.3993726651006441e-15,2.8915843702147188e-02,2.6645352591003757e-14,4.6991325044240470e-15,3.9041323759625357e+01,3.9478417604357432e+01,-1.1071716427758520e-02,-1.4038641048057248e-14,1.2233901599872050e+01,1.2566370614359172e+01,3.3246901448712229e-01,1.2420620087993939e-15,1.2420620087993939e-15,1.2420620087993939e-15,7.9797279894933126e-16,1.0408340855860843e-16,2.9143354396410359e-16,1.7347234759768071e-18,5.9327542878406803e-16,45,1.8942925599999999e-01,4.6155192000000012e-02,8.5929143035343047e-05,1.9185386570000000e+00,4.8859224059999997e+00,8.1600780929999992e+00,4.9371093750000000e+01,4.9371093750000000e+01
exp2_distort,16,1,1,abc,0,int,0.0000000000000000e+00,2.0000000000000000e+00,4.0000000000000002e-01,2,1,1,6.2500000000000180e-02,6.0072678207159225e-02,6.4490419959218545e-02,7.7243775614710841e-01,1.1565510244512187e+00,7.7243775614710841e-01,9.6998276322651444e-01,0,4096,12288,12288,4096,0.0000000000000000e+00,0.0000000000000000e+00,0.0000000000000000e+00,5.0832063013752572e-02,1.1848954333481583e+00,8.8857658763166185e+00,1.3334758644792566e-01,3.5943696458726235e-02,3.8639157238338274e-14,1.9895196601282805e-13,2.7177706018934716e-16,1.3993726651006713e-15,3.9396695192533727e-02,1.9539925233402755e-14,4.6555264557393851e-15,3.9102289801358204e+01,3.9478417604357432e+01,-9.5274285501684656e-03,-1.0618972074812535e-14,1.2224599472335841e+01,1.2566370614359172e+01,3.4177114202333136e-01,5.4817261840867104e-16,5.4817261840867104e-16,5.3429483060085659e-16,5.4817261840867104e-16,6.9388939039072284e-18,2.4286128663675299e-17,4.6837533851373792e-17,1.2490009027033011e-16,48,2.4658567899999997e-01,3.6442919999999934e-02,1.1166167391304359e-04,2.4279336659999999e+00,5.4065472870000004e+00,9.3144160070000002e+00,4.9523437500000000e+01,4.9523437500000000e+01
exp2_distort,16,1,1,abc,0,int,0.0000000000000000e+00,2.0000000000000000e+00,5.9999999999999998e-01,2,1,1,6.2500000000000056e-02,5.6614261817012020e-02,6.6902014581022462e-02,4.5083118366396002e-01,1.3570975285082230e+00,4.5083118366396002e-01,9.3501958623622949e-01,0,4096,12288,12288,4096,0.0000000000000000e+00,0.0000000000000000e+00,0.0000000000000000e+00,7.7165500761610578e-02,1.4227492631226670e+00,8.8857658763168654e+00,1.6011554692372720e-01,5.4564248862190759e-02,4.2337908004526620e-14,2.1316282072803006e-13,2.9779304194088532e-16,1.4993278554649602e-15,6.3197185885294827e-02,2.3092638912203256e-14,4.4522043332099619e-15,3.9326696593788306e+01,3.9478417604357432e+01,-3.8431380935688778e-03,-1.3678675892978857e-14,1.2198053279451656e+01,1.2566370614359172e+01,3.6831733490751617e-01,8.6042284408449632e-16,8.6042284408449632e-16,7.4246164771807344e-16,8.3266726846886741e-16,8.6042284408449632e-16,7.0429773124658368e-16,1.9428902930940239e-16,2.5326962749261384e-16,52,2.2870969199999996e-01,4.8013904999999912e-02,9.9474022330096936e-05,2.3275872760000000e+00,5.0905097460000004e+00,9.0050717900000006e+00,4.9390625000000000e+01,4.9390625000000000e+01
exp2_distort,16,1,1,abc,0,int,0.0000000000000000e+00,2.0000000000000000e+00,8.0000000000000004e-01,2,1,0,6.2499999999999924e-02,5.0747461855756161e-02,7.0100255897353761e-02,-4.2351260449933092e-02,1.6735319141587932e+00,-4.2351260449933092e-02,8.8821642240754106e-01,64,nan,nan,nan,nan,nan,nan,nan,nan,nan,nan,nan,nan,nan,nan,nan,nan,nan,nan,nan,nan,nan,nan,nan,nan,nan,nan,nan,nan,nan,nan,nan,nan,nan,nan,nan,2.5254307000000004e-01,nan,nan,nan,nan,2.5264689400000001e-01,nan,nan
exp2_distort,16,1,1,abc,0,int,0.0000000000000000e+00,2.0000000000000000e+00,1.0000000000000001e-01,3,1,1,6.2500000000000153e-02,6.2202640079233464e-02,6.2675555514349571e-02,9.7964789139308650e-01,1.0094964120355179e+00,9.8482809656801817e-01,9.9921575492657988e-01,0,4096,12288,12288,4096,0.0000000000000000e+00,0.0000000000000000e+00,0.0000000000000000e+00,2.3476281199196251e-02,1.0123217050383992e+00,8.8857658763164729e+00,1.1392621853075985e-01,1.6600237632993842e-02,3.9232328814340669e-14,1.7763568394002505e-13,2.7594926369056713e-16,1.2494398795541907e-15,6.8010446996131972e-03,3.0198066269804258e-14,4.7074128826031897e-15,3.8975532658402649e+01,3.9478417604357432e+01,-1.2738224490012915e-02,1.1878850117586902e-14,1.2244055692016969e+01,1.2566370614359172e+01,3.2231492234220305e-01,1.2420620087993939e-15,1.2420620087993939e-15,4.8572257327350599e-16,1.2420620087993939e-15,5.3429483060085659e-16,6.0715321659188248e-16,1.9949319973733282e-16,4.8572257327350599e-17,41,1.9284435999999999e-01,4.7308501000000031e-02,8.3661102016129171e-05,1.9896972150000001e+00,4.6246649030000002e+00,7.9283353940000003e+00,4.9210937500000000e+01,4.9210937500000000e+01
exp2_distort,16,1,1,abc,0,int,0.0000000000000000e+00,2.0000000000000000e+00,2.0000000000000001e-01,3,1,1,6.2500000000000180e-02,6.1290249691411107e-02,6.3196675322892928e-02,9.1544510522402722e-01,1.0379856481420713e+00,9.3554825436489297e-01,9.9687010367644802e-01,0,4096,12288,12288,4096,0.0000000000000000e+00,0.0000000000000000e+00,0.0000000000000000e+00,3.1955600120268809e-02,1.0353545465181715e+00,8.8857658763169152e+00,1.1651832390471652e-01,2.2596021541927521e-02,3.8382080776480485e-14,1.9895196601282805e-13,2.6996885602441229e-16,1.3993726651006245e-15,1.3799364759274974e-02,2.3092638912203256e-14,4.6601418304580849e-15,3.8982070908142255e+01,3.9478417604357432e+01,-1.2572608689371398e-02,2.5197560855487368e-15,1.2238733922719755e+01,1.2566370614359172e+01,3.2763669163941778e-01,1.1032841307212493e-15,1.1032841307212493e-15,8.0491169285323849e-16,1.1032841307212493e-15,6.1062266354383610e-16,4.7878367936959876e-16,7.9797279894933126e-17,2.2898349882893854e-16,46,2.0647829200000001e-01,3.4435096999999915e-02,1.0928892287234030e-04,2.2260398899999996e+00,5.3241231669999998e+00,8.9701775050000006e+00,4.9351562500000000e+01,4.9351562500000000e+01
exp2_distort,16,1,1,abc,0,int,0.0000000000000000e+00,2.0000000000000000e+00,2.9999999999999999e-01,3,1,1,6.2499999999999743e-02,5.9700849683223645e-02,6.4047062246030906e-02,8.0267195097032951e-01,1.0854677083196607e+00,8.4472794011650221e-01,9.9298413878866931e-01,0,4096,12288,12288,4096,0.0000000000000000e+00,0.0000000000000000e+00,0.0000000000000000e+00,4.2693402587152270e-02,1.0751257421250735e+00,8.8857658763168974e+00,1.2099415594446288e-01,3.0188794481302787e-02,4.0277242092669994e-14,1.9184653865522705e-13,2.8329889238937310e-16,1.3493950699184526e-15,2.1212742205770570e-02,2.5757174171303632e-14,4.7855083407213370e-15,3.8996377878011060e+01,3.9478417604357432e+01,-1.2210208909010747e-02,-1.2598780427743684e-14,1.2230104250112358e+01,1.2566370614359172e+01,3.3626636424681422e-01,5.8980598183211441e-16,5.8980598183211441e-16,1.8041124150158794e-16,5.8980598183211441e-16,6.9388939039072284e-18,5.4123372450476381e-16,3.1225022567582528e-17,3.4694469519536142e-17,49,7.5744766000000005e-02,1.4206244000000007e-02,1.1633269637883007e-04,2.2108497840000001e+00,5.5611021990000005e+00,9.0245966190000004e+00,4.9382812500000000e+01,4.9382812500000000e+01
exp2_distort,16,1,1,abc,0,int,0.0000000000000000e+00,2.0000000000000000e+00,4.0000000000000002e-01,3,1,1,6.2500000000000083e-02,5.7314094687656553e-02,6.5201606202579102e-02,6.3660873810950935e-01,1.1519425925682856e+00,7.0174044379635792e-01,9.8759248991517312e-01,0,4096,12288,12288,4096,0.0000000000000000e+00,0.0000000000000000e+00,0.0000000000000000e+00,5.4872804881641896e-02,1.1344372539097485e+00,8.8857658763167322e+00,1.2766904616892605e-01,3.8800932434535224e-02,4.0290536397291180e-14,2.1316282072803006e-13,2.8339240082189881e-16,1.4993278554649836e-15,2.9312763586312931e-02,3.5527136788005009e-14,5.0564062914592202e-15,3.9024304000309968e+01,3.9478417604357432e+01,-1.1502831967544242e-02,-2.2677804769938633e-14,1.2218385155264688e+01,1.2566370614359172e+01,3.4798545909448464e-01,7.4940054162198066e-16,7.4940054162198066e-16,6.5225602696727947e-16,2.0816681711721685e-16,7.4940054162198066e-16,2.0816681711721685e-16,3.1918911957973251e-16,2.7755575615628914e-17,53,2.4313706000000002e-01,4.8505662000000005e-02,1.1125721715817704e-04,2.4338968450000000e+00,5.6496122870000001e+00,9.5283751910000003e+00,4.9609375000000000e+01,4.9609375000000000e+01
exp2_distort,16,1,1,abc,0,int,0.0000000000000000e+00,2.0000000000000000e+00,5.9999999999999998e-01,3,1,1,6.2500000000000014e-02,4.9030131312614460e-02,6.8295968542112812e-02,1.2573337447653643e-01,1.3418708332786431e+00,1.6181127186876143e-01,9.7683082270955313e-01,0,4096,12288,12288,4096,0.0000000000000000e+00,0.0000000000000000e+00,0.0000000000000000e+00,8.4524400495600532e-02,1.3383755369433392e+00,8.8857658763166505e+00,1.5062016663195338e-01,5.9767776766165390e-02,4.3455246471006957e-14,3.3395508580724709e-13,3.0565208922247213e-16,2.3489469735618263e-15,4.9568026885694970e-02,6.5725203057809267e-14,5.5314674107836248e-15,3.9174306437505436e+01,3.9478417604357432e+01,-7.7032258460741788e-03,2.8437247251192889e-14,1.2186601281232939e+01,1.2566370614359172e+01,3.7976933312623373e-01,1.3322676295501878e-15,1.3322676295501878e-15,1.3322676295501878e-15,1.2281842209915794e-15,3.6082248300317588e-16,3.7816971776294395e-16,3.0184188481996443e-16,3.4694469519536142e-17,84,2.7676069399999997e-01,6.1354159999999991e-02,1.0837289738219889e-04,2.4506156059999999e+00,5.6344197129999998e+00,9.7591582900000002e+00,4.9441406250000000e+01,4.9441406250000000e+01
exp2_distort,16,1,2,abc,0,int,0.0000000000000000e+00,2.0000000000000000e+00,0.0000000000000000e+00,1,1,1,6.2499999999999993e-02,6.2500000000000014e-02,6.2500000000000014e-02,9.9999999999996447e-01,1.0000000000000235e+00,9.9999999999994538e-01,9.9999999999999811e-01,0,4096,12288,12288,4096,0.0000000000000000e+00,0.0000000000000000e+00,0.0000000000000000e+00,1.9841839822959895e-02,1.0047270775053303e+00,8.8857658763163592e+00,1.1307152264536652e-01,1.4030299490032764e-02,3.5264788680976157e-14,1.7053025658242404e-13,2.4804269246341090e-16,1.1994622843720353e-15,3.4378036338802460e-15,2.5757174171303632e-14,5.9915410197544609e-15,3.8973679354221396e+01,3.9478417604357432e+01,-1.2785169233336382e-02,-1.9798083529311505e-14,1.2245869835682788e+01,1.2566370614359172e+01,3.2050077867638471e-01,1.0928757898653885e-15,1.0928757898653885e-15,3.4694469519536142e-18,1.3877787807814457e-16,8.8817841970012523e-16,1.0928757898653885e-15,1.0755285551056204e-16,4.7184478546569153e-16,34,7.0238834699999997e-01,5.0686754000000001e-02,1.0490534452926186e-04,6.6526757439999997e+00,1.6322029690999997e+01,2.5286727276000001e+01,7.5031250000000000e+01,7.5031250000000000e+01
exp2_distort,16,1,2,abc,0,int,0.0000000000000000e+00,2.0000000000000000e+00,5.0000000000000003e-02,1,1,1,6.2499999999999827e-02,6.2451599841802860e-02,6.2547577563409992e-02,9.9743620642957043e-01,1.0025637935704295e+00,9.9774343288164169e-01,9.9958463636545325e-01,0,4096,12288,12288,4096,0.0000000000000000e+00,0.0000000000000000e+00,0.0000000000000000e+00,2.1407481297467799e-02,1.0065814584697252e+00,8.8857658763167748e+00,1.1328021382518821e-01,1.5137375193563894e-02,3.8759723763525984e-14,1.7053025658242404e-13,2.7262509151597259e-16,1.1994622843719762e-15,3.4716102860875057e-03,5.7731597280508140e-14,7.9490867386892450e-15,3.8974309680672377e+01,3.9478417604357432e+01,-1.2769202877812764e-02,9.3590940320381654e-15,1.2245484908308729e+01,1.2566370614359172e+01,3.2088570605044353e-01,5.8286708792820718e-16,5.8286708792820718e-16,5.8980598183211441e-17,6.2450045135165055e-17,5.8286708792820718e-16,2.9837243786801082e-16,3.0878077872387166e-16,3.4694469519536142e-16,39,6.8288048599999995e-01,4.9610359999999964e-02,1.1188447923497270e-04,7.2065424139999994e+00,1.4625373649999998e+01,2.4265091352999999e+01,7.5066406250000000e+01,7.5066406250000000e+01
exp2_distort,16,1,2,abc,0,int,0.0000000000000000e+00,2.0000000000000000e+00,1.0000000000000001e-01,1,1,1,6.2499999999999889e-02,6.2305803326123448e-02,6.2690020009804559e-02,9.8974482571828171e-01,1.0102551742817161e+00,9.9090923473071324e-01,9.9837697665462266e-01,0,4096,12288,12288,4096,0.0000000000000000e+00,0.0000000000000000e+00,0.0000000000000000e+00,2.5556619237262306e-02,1.0121666677035295e+00,8.8857658763168867e+00,1.1390877070047994e-01,1.8071258766870685e-02,3.7898088026582295e-14,2.1316282072803006e-13,2.6656458594913787e-16,1.4993278554649527e-15,6.9628738626421266e-03,4.8849813083506888e-14,7.8953816125867962e-15,3.8976243746463503e+01,3.9478417604357432e+01,-1.2720212419013008e-02,-5.0395121710974737e-15,1.2244330183885548e+01,1.2566370614359172e+01,3.2204043047362418e-01,2.2100377083944522e-15,2.2100377083944522e-15,2.2100377083944522e-15,1.2767564783189300e-15,6.2450045135165055e-17,4.8572257327350599e-16,1.5612511283791264e-17,1.6653345369377348e-16,41,6.0947811699999999e-01,6.0459778000000020e-02,1.0471417230769238e-04,6.7185460140000002e+00,1.6405411866000001e+01,2.5531849584000000e+01,7.5117187500000000e+01,7.5117187500000000e+01
exp2_distort,16,1,2,abc,0,int,0.0000000000000000e+00,2.0000000000000000e+00,1.4999999999999999e-01,1,1,1,6.2500000000000180e-02,6.2061015525274703e-02,6.2926254614181137e-02,9.7692585786613828e-01,1.0230741421338612e+00,9.7943539734406160e-01,9.9642336693762779e-01,0,4096,12288,12288,4096,0.0000000000000000e+00,0.0000000000000000e+00,0.0000000000000000e+00,3.1330717756489775e-02,1.0215485916955327e+00,8.8857658763165546e+00,1.1496460810635251e-01,2.2154162985055938e-02,3.8150168290446962e-14,1.6342482922482304e-13,2.6833764825023154e-16,1.1494846891898454e-15,1.0493623136396145e-02,5.1514348342607263e-14,7.9907475267723602e-15,3.8979611726498199e+01,3.9478417604357432e+01,-1.2634900488113219e-02,1.3498693315439662e-14,1.2242405835506519e+01,1.2566370614359172e+01,3.2396477885265362e-01,1.5473733405713119e-15,1.5473733405713119e-15,6.8695049648681561e-16,2.3592239273284576e-16,1.5473733405713119e-15,4.9266146717741321e-16,1.1796119636642288e-16,2.8449465006019636e-16,43,7.0822472000000003e-01,4.9886096999999907e-02,1.0636194833759592e-04,7.4949017070000004e+00,1.7937670459000000e+01,2.8011643321000001e+01,7.4898437500000000e+01,7.4898437500000000e+01
exp2_distort,16,1,2,abc,0,int,0.0000000000000000e+00,2.0000000000000000e+00,2.0000000000000001e-01,1,1,1,6.2499999999999944e-02,6.1714652152181547e-02,6.3254396053279080e-02,9.5897930287313560e-01,1.0410206971268647e+00,9.6331357210378477e-01,9.9353590809540948e-01,0,4096,12288,12288,4096,0.0000000000000000e+00,0.0000000000000000e+00,0.0000000000000000e+00,3.8070209689137387e-02,1.0348367807043395e+00,8.8857658763171194e+00,1.1646005477844618e-01,2.6919703432382376e-02,4.0242698746903218e-14,2.2026824808563106e-13,2.8305592412523816e-16,1.5493054506470789e-15,1.4084070973758489e-02,3.9079850466805510e-14,7.7811687757179940e-15,3.8984634440254581e+01,3.9478417604357432e+01,-1.2507673662389893e-02,1.6198431978527596e-14,1.2239712151619543e+01,1.2566370614359172e+01,3.2665846273962984e-01,1.7763568394002505e-15,1.7763568394002505e-15,4.9960036108132044e-16,1.7763568394002505e-15,2.7755575615628914e-17,2.9837243786801082e-16,3.0878077872387166e-16,1.2490009027033011e-16,45,6.6428164099999998e-01,4.8925805000000100e-02,1.0949161909814295e-04,7.3615446859999993e+00,1.7089341370000000e+01,2.7175687305000000e+01,7.5089843750000000e+01,7.5089843750000000e+01
exp2_distort,16,1,2,abc,0,int,0.0000000000000000e+00,2.0000000000000000e+00,2.5000000000000000e-01,1,1,1,6.2499999999999979e-02,6.1263034122561809e-02,6.3671815881768207e-02,9.3590516073927177e-01,1.0640948392607281e+00,9.4259704223949436e-01,9.8961708522472425e-01,0,4096,12288,12288,4096,0.0000000000000000e+00,0.0000000000000000e+00,0.0000000000000000e+00,4.5436440797585687e-02,1.0521848702847032e+00,8.8857658763168583e+00,1.1841240079136914e-01,3.2128415400953833e-02,3.8972270624755735e-14,1.7053025658242404e-13,2.7412008688404196e-16,1.1994622843719677e-15,1.7755058263402731e-02,5.1514348342607263e-14,7.7366448107784055e-15,3.8991630086698848e+01,3.9478417604357432e+01,-1.2330471867870785e-02,-1.0079024342194947e-14,1.2236249535969931e+01,1.2566370614359172e+01,3.3012107838924187e-01,1.2212453270876722e-15,1.2212453270876722e-15,1.2212453270876722e-15,9.7838404045091920e-16,2.3592239273284576e-16,9.7144514654701197e-16,2.3592239273284576e-16,6.9388939039072284e-17,47,7.0427695199999996e-01,6.2172237000000075e-02,1.0608085655527024e-04,7.4464608359999991e+00,1.7518647412000000e+01,2.7206748399999999e+01,7.5035156250000000e+01,7.5035156250000000e+01
exp2_distort,16,1,2,abc,0,int,0.0000000000000000e+00,2.0000000000000000e+00,2.9999999999999999e-01,1,1,1,6.2500000000000153e-02,6.0701228719248650e-02,6.4175234653488927e-02,9.0770343146455312e-01,1.0922965685354458e+00,9.1740670614189301e-01,9.8456987756111569e-01,0,4096,12288,12288,4096,0.0000000000000000e+00,0.0000000000000000e+00,0.0000000000000000e+00,5.3272647588855283e-02,1.0737920581290301e+00,8.8857658763166114e+00,1.2084406376168734e-01,3.7669450361842063e-02,3.9413612798142150e-14,1.8829382497642655e-13,2.7722436469426936e-16,1.3244062723274215e-15,2.1528375799828567e-02,5.0626169922907138e-14,8.1222027816502911e-15,3.9001024912346672e+01,3.9478417604357432e+01,-1.2092498154183050e-02,1.0618972074812535e-14,1.2232018507521504e+01,1.2566370614359172e+01,3.3435210683766847e-01,1.4085954624931674e-15,1.4085954624931674e-15,1.4085954624931674e-15,1.0755285551056204e-15,3.9551695252271202e-16,8.6042284408449632e-16,9.3675067702747583e-17,1.5265566588595902e-16,49,6.5159520800000004e-01,4.9019256999999983e-02,1.0795393842105296e-04,7.2874023380000006e+00,1.5798864396000001e+01,2.5631846837000001e+01,7.4988281250000000e+01,7.4988281250000000e+01
exp2_distort,16,1,2,abc,0,int,0.0000000000000000e+00,2.0000000000000000e+00,4.0000000000000002e-01,1,1,1,6.2500000000000083e-02,5.9219589595898202e-02,6.5424352449515666e-02,8.3591721149254272e-01,1.1640827885074572e+00,8.5444375633885183e-01,9.7483085820585968e-01,0,4096,12288,12288,4096,0.0000000000000000e+00,0.0000000000000000e+00,0.0000000000000000e+00,7.0151124346188976e-02,1.1308312165992966e+00,8.8857658763165865e+00,1.2726322439051924e-01,4.9604335733052118e-02,3.9251841469215047e-14,1.8474111129762605e-13,2.7608651026521134e-16,1.2994174747363404e-15,2.9476666646669075e-02,6.5725203057809267e-14,8.0321408761286377e-15,3.9029360322301869e+01,3.9478417604357432e+01,-1.1374753835270186e-02,1.9618100951772307e-14,1.2221253863518745e+01,1.2566370614359172e+01,3.4511675084042714e-01,7.6327832942979512e-16,7.6327832942979512e-16,3.3306690738754696e-16,9.0205620750793969e-17,7.6327832942979512e-16,3.3306690738754696e-16,3.1225022567582528e-16,2.5673907444456745e-16,52,2.5765223700000006e-01,5.1318022999999990e-02,8.7639960253699465e-05,5.9205710570000001e+00,1.7445701983999999e+01,2.5573580813000000e+01,7.5101562500000000e+01,7.5101562500000000e+01
exp2_distort,16,1,2,abc,0,int,0.0000000000000000e+00,2.0000000000000000e+00,5.0000000000000000e-01,1,1,1,6.2499999999999882e-02,5.7193773995715867e-02,6.6966753701566809e-02,7.4362064295708730e-01,1.2563793570429020e+00,7.7679654532644959e-01,9.6499439754980953e-01,0,4096,12288,12288,4096,0.0000000000000000e+00,0.0000000000000000e+00,0.0000000000000000e+00,8.8698314450177354e-02,1.2086734510989876e+00,8.8857658763163414e+00,1.3602355361629806e-01,6.2719179627535690e-02,4.1441747276628294e-14,2.2737367544323206e-13,2.9148969721257299e-16,1.5992830458293810e-15,3.8143319922765213e-02,6.3948846218409017e-14,8.6313947857008311e-15,3.9076031426423988e+01,3.9478417604357432e+01,-1.0192560957383218e-02,-8.6391637218813834e-15,1.2207424671136760e+01,1.2566370614359172e+01,3.5894594322241247e-01,1.2975731600306517e-15,1.2975731600306517e-15,6.8348104953486200e-16,1.2975731600306517e-15,5.3429483060085659e-16,6.9388939039072284e-17,1.3357370765021415e-16,3.4000580129145419e-16,57,5.4125823199999989e-01,4.7867652999999954e-02,4.1953955345912001e-05,4.3635676640000005e+00,1.5584988297999999e+01,2.2770861297000000e+01,7.4957031250000000e+01,7.4957031250000000e+01
exp2_distort,16,1,2,abc,0,int,0.0000000000000000e+00,2.0000000000000000e+00,5.9999999999999998e-01,1,1,1,6.2499999999999993e-02,5.4498388359651262e-02,6.8764246409559068e-02,6.3081372585822115e-01,1.3691862741417788e+00,6.8451138391524535e-01,9.5566552440878572e-01,0,4096,12288,12288,4096,0.0000000000000000e+00,0.0000000000000000e+00,0.0000000000000000e+00,1.0933567139100830e-01,1.3114741080030174e+00,8.8857658763167553e+00,1.4759269220658755e-01,7.7311994666165382e-02,4.1813163839533290e-14,2.5579538487363607e-13,2.9410213777251579e-16,1.7991934265579728e-15,4.7810867122670846e-02,7.6383344094210770e-14,8.7889957326315554e-15,3.9151354466254425e+01,3.9478417604357432e+01,-8.2846060695935166e-03,-1.7638292598841159e-14,1.2190539216324240e+01,1.2566370614359172e+01,3.7583139803493282e-01,1.0200174038743626e-15,1.0200174038743626e-15,1.3877787807814457e-16,1.0200174038743626e-15,3.4694469519536142e-17,7.3205330686221259e-16,5.6725457664441592e-16,1.3877787807814457e-17,68,5.6103005900000003e-01,5.1392160000000020e-02,3.7219676651162765e-05,6.0383552510000005e+00,7.3044308869999997e+00,1.5305161902000000e+01,7.4867187500000000e+01,7.4867187500000000e+01
exp2_distort,16,1,2,abc,0,int,0.0000000000000000e+00,2.0000000000000000e+00,6.9999999999999996e-01,1,1,1,6.2500000000000180e-02,5.0915013197485683e-02,7.0778532071046785e-02,4.9749646019591209e-01,1.5025035398040880e+00,5.7526056892486588e-01,9.4747009560947348e-01,0,4096,12288,12288,4096,0.0000000000000000e+00,0.0000000000000000e+00,0.0000000000000000e+00,1.3293151930640337e-01,1.4462057112571018e+00,8.8857658763166683e+00,1.6275532479554636e-01,9.3996778734988976e-02,4.4685865453829164e-14,2.7711166694643907e-13,3.1430792007565595e-16,1.9491262121044956e-15,5.8907763721259401e-02,7.0166095156309893e-14,8.7306265410923423e-15,3.9273107031959405e+01,3.9478417604357432e+01,-5.2005775524134852e-03,-3.2576846534594386e-14,1.2170607612816189e+01,1.2566370614359172e+01,3.9576300154298316e-01,1.4571677198205180e-15,1.4571677198205180e-15,1.4571677198205180e-15,1.1657341758564144e-15,1.5265566588595902e-16,6.9735883734267645e-16,7.8062556418956319e-17,1.3877787807814457e-17,85,2.9963629599999997e-01,2.3588938000000004e-02,2.8690640573476693e-05,3.0754965510000001e+00,8.2112612400000007e+00,1.4886768695000001e+01,7.5222656250000000e+01,7.5222656250000000e+01
exp2_distort,16,1,2,abc,0,int,0.0000000000000000e+00,2.0000000000000000e+00,8.0000000000000004e-01,1,1,1,6.2499999999999924e-02,4.6016704064357837e-02,7.2973436626978305e-02,3.4366884597017089e-01,1.6563311540298298e+00,4.4572165864543689e-01,9.3832601523091541e-01,0,4096,12288,12288,4096,0.0000000000000000e+00,0.0000000000000000e+00,0.0000000000000000e+00,1.6128515938002330e-01,1.6267470287395775e+00,8.8857658763167073e+00,1.8307336152929232e-01,1.1404582990236739e-01,4.8017390616321384e-14,3.5527136788005009e-13,3.3774093930596355e-16,2.4988797591083065e-15,7.2221458568835953e-02,7.8159700933611020e-14,8.8647099231561272e-15,3.9476701131539450e+01,3.9478417604357432e+01,-4.3478764401962632e-05,-1.0438989497273338e-14,1.2147641794033934e+01,1.2566370614359172e+01,4.1872882032523862e-01,2.3175905639050143e-15,2.3175905639050143e-15,4.5796699765787707e-16,2.3175905639050143e-15,8.3266726846886741e-17,3.9898639947466563e-16,1.1449174941446927e-16,6.9388939039072284e-18,107,6.9895038700000001e-01,5.0015371999999947e-02,9.8653403286384707e-05,6.3808063800000001e+00,1.1686975706999998e+01,2.0909116138000002e+01,7.5031250000000000e+01,7.5031250000000000e+01
exp2_distort,16,1,2,abc,0,int,0.0000000000000000e+00,2.0000000000000000e+00,9.0000000000000002e-01,1,1,1,6.2500000000000056e-02,3.8753985859946057e-02,7.5316251639389084e-02,1.6933088318097811e-01,1.8306691168189995e+00,2.8841295280026386e-01,9.2395974774665424e-01,0,4096,12288,12288,4096,0.0000000000000000e+00,0.0000000000000000e+00,0.0000000000000000e+00,1.9938705107675445e-01,1.8908244992568308e+00,8.8857658763166008e+00,2.1279251845881750e-01,1.4098793589716310e-01,5.5173264507156088e-14,7.3896444519050419e-13,3.8807336133941526e-16,5.1976698989453505e-15,8.9744777367719505e-02,1.7763568394002505e-13,1.0413253390989761e-14,3.9857599355905350e+01,3.9478417604357432e+01,9.6047859706024762e-03,5.2194947486366692e-15,1.2121655503525345e+01,1.2566370614359172e+01,4.4471511083382786e-01,1.1241008124329710e-15,1.1241008124329710e-15,4.7184478546569153e-16,3.4694469519536142e-17,1.1241008124329710e-15,9.0205620750793969e-17,2.4286128663675299e-17,4.7184478546569153e-16,147,3.5603910999999999e-01,2.5751921999999983e-02,4.1811167816091932e-05,3.0842366999999999e+00,9.0443801900000000e+00,1.5201027632000001e+01,7.5175781250000000e+01,7.5175781250000000e+01
exp2_distort,16,1,2,abc,0,int,0.0000000000000000e+00,2.0000000000000000e+00,1.0000000000000000e+00,1,1,0,6.2500000000000000e-02,2.3515657117768672e-02,7.7778337067253026e-02,-3.3075761250195956e-02,2.0255174281716082e+00,-1.9119930274911909e-01,9.0775129698509871e-01,344,nan,nan,nan,nan,nan,nan,nan,nan,nan,nan,nan,nan,nan,nan,nan,nan,nan,nan,nan,nan,nan,nan,nan,nan,nan,nan,nan,nan,nan,nan,nan,nan,nan,nan,nan,3.4273247400000001e-01,nan,nan,nan,nan,3.4283338800000002e-01,nan,nan
exp2_distort,16,1,2,abc,0,int,0.0000000000000000e+00,2.0000000000000000e+00,1.0000000000000001e-01,2,1,1,6.2500000000000541e-02,6.2333225683735276e-02,6.2645503488869339e-02,9.8900282001417561e-01,1.0109971799858239e+00,9.8493552836574993e-01,9.9447100834892532e-01,0,4096,12288,12288,4096,0.0000000000000000e+00,0.0000000000000000e+00,0.0000000000000000e+00,3.2383076370666244e-02,1.0259217913958512e+00,8.8857658763168139e+00,1.1545676598685041e-01,2.2898292897380025e-02,3.8402283168330357e-14,1.8474111129762605e-13,2.7011095401666569e-16,1.2994174747363165e-15,1.3620916375720053e-02,4.9737991503207013e-14,7.8002919902478317e-15,3.8990466191762067e+01,3.9478417604357432e+01,-1.2359953671028271e-02,3.5276585197682319e-14,1.2244427646511770e+01,1.2566370614359172e+01,3.2194296784740217e-01,1.6132928326584306e-15,1.6132928326584306e-15,1.6132928326584306e-15,4.8572257327350599e-16,3.3306690738754696e-16,5.2388648974499574e-16,1.7867651802561113e-16,1.4571677198205180e-16,40,3.4069909999999998e-01,2.9507908000000027e-02,5.2731329644268818e-05,3.8200337270000002e+00,7.6598089280000003e+00,1.2347565565000000e+01,7.5117187500000000e+01,7.5117187500000000e+01
exp2_distort,16,1,2,abc,0,int,0.0000000000000000e+00,2.0000000000000000e+00,2.0000000000000001e-01,2,1,1,6.2499999999999972e-02,6.1820504196803121e-02,6.3084699306932723e-02,9.5601128005670544e-01,1.0439887199432945e+00,9.4107365484566141e-01,9.7751100906636079e-01,0,4096,12288,12288,4096,0.0000000000000000e+00,0.0000000000000000e+00,0.0000000000000000e+00,5.5260448901947694e-02,1.0888345146950569e+00,8.8857658763166771e+00,1.2253693489687126e-01,3.9075038149981409e-02,3.8204923508626160e-14,1.9895196601282805e-13,2.6872278119023846e-16,1.3993726651006575e-15,2.7555225041347577e-02,3.5527136788005009e-14,7.6075707684044662e-15,3.9042792435378196e+01,3.9478417604357432e+01,-1.1034514436342397e-02,3.0597038181663233e-15,1.2240101874515920e+01,1.2566370614359172e+01,3.2626873984325222e-01,1.0130785099704553e-15,1.0130785099704553e-15,1.0130785099704553e-15,8.6736173798840355e-16,7.0082828429463007e-16,9.8532293435482643e-16,5.1694759584108851e-16,1.3530843112619095e-16,43,1.7428607300000001e-01,1.3475236000000002e-02,5.5833357601115853e-05,2.9173432499999996e+00,8.9105558949999999e+00,1.3089962326000000e+01,7.4875000000000000e+01,7.4875000000000000e+01
exp2_distort,16,1,2,abc,0,int,0.0000000000000000e+00,2.0000000000000000e+00,2.9999999999999999e-01,2,1,1,6.2499999999999743e-02,6.0933420431978844e-02,6.3815378355298186e-02,9.0102538012758737e-01,1.0989746198724115e+00,8.7212521931713349e-01,9.4793619227442238e-01,0,4096,12288,12288,4096,0.0000000000000000e+00,0.0000000000000000e+00,0.0000000000000000e+00,8.0841568867642571e-02,1.1920204634906546e+00,8.8857658763167091e+00,1.3414943405922439e-01,5.7163621548069803e-02,3.9170985806724255e-14,2.2737367544323206e-13,2.7551779407618914e-16,1.5992830458293110e-15,4.2130812912005579e-02,4.2632564145606011e-14,7.6862528945073533e-15,3.9136813782696848e+01,3.9478417604357432e+01,-8.6529258868491121e-03,0.0000000000000000e+00,1.2232894905672239e+01,1.2566370614359172e+01,3.3347570868693310e-01,9.7838404045091920e-16,9.7838404045091920e-16,6.9388939039072284e-17,1.7347234759768071e-16,9.7838404045091920e-16,6.4878658001532585e-16,3.5041414214731503e-16,4.4755865680201623e-16,46,3.6871301299999998e-01,3.0160442000000010e-02,5.1247265300896234e-05,3.3415045289999998e+00,9.0950512000000003e+00,1.3925160398999999e+01,7.5089843750000000e+01,7.5089843750000000e+01
exp2_distort,16,1,2,abc,0,int,0.0000000000000000e+00,2.0000000000000000e+00,4.0000000000000002e-01,2,1,1,6.2500000000000805e-02,5.9626874769999914e-02,6.4827522549814859e-02,8.2404512022682641e-01,1.1759548797731738e+00,7.7635182074792308e-01,9.0353589512561627e-01,0,4096,12288,12288,4096,0.0000000000000000e+00,0.0000000000000000e+00,0.0000000000000000e+00,1.0829200095046235e-01,1.3345594603102315e+00,8.8857658763167944e+00,1.5019070712488936e-01,7.6574008220333376e-02,3.9863960848514151e-14,2.2737367544323206e-13,2.8039198733254356e-16,1.5992830458293228e-15,5.7711540601883597e-02,4.6185277824406512e-14,8.3348951384780805e-15,3.9283777289558536e+01,3.9478417604357432e+01,-4.9302967699853435e-03,4.2475888299250138e-14,1.2222810714657040e+01,1.2566370614359172e+01,3.4355989970213230e-01,7.0776717819853729e-16,7.0776717819853729e-16,7.0776717819853729e-16,3.1918911957973251e-16,2.3592239273284576e-16,2.1163626406917047e-16,7.4593109467002705e-17,1.2143064331837650e-16,49,3.5421491900000002e-01,2.5983964999999998e-02,5.2113214062500060e-05,3.4872517849999998e+00,9.4437839979999989e+00,1.4461035690999999e+01,7.5156250000000000e+01,7.5156250000000000e+01
exp2_distort,16,1,2,abc,0,int,0.0000000000000000e+00,2.0000000000000000e+00,5.9999999999999998e-01,2,1,1,6.2500000000000111e-02,5.5437363096016434e-02,6.7625281434774476e-02,6.0410152051035815e-01,1.3958984794896403e+00,5.2110526419784375e-01,7.8434038024660568e-01,0,4096,12288,12288,4096,0.0000000000000000e+00,0.0000000000000000e+00,0.0000000000000000e+00,1.7040423059107498e-01,1.7451398395045910e+00,8.8857658763168121e+00,1.9639723393522032e-01,1.2049398699382671e-01,4.2368762061281980e-14,2.4158453015843406e-13,2.9801006077460996e-16,1.6992382361936334e-15,9.3796889419023574e-02,4.4408920985006262e-14,8.2499961699879922e-15,3.9821502360417490e+01,3.9478417604357432e+01,8.6904383934119558e-03,4.3375801186946112e-14,1.2194034489646274e+01,1.2566370614359172e+01,3.7233612471289845e-01,5.8286708792820718e-16,5.8286708792820718e-16,3.7470027081099033e-16,5.5511151231257827e-16,3.1225022567582528e-16,5.8286708792820718e-16,5.0306980803327406e-17,2.7408630920433552e-16,55,3.5983936299999997e-01,2.8673747999999999e-02,5.2720809749670633e-05,3.5124299520000002e+00,8.8465737309999994e+00,1.3861611490000000e+01,7.5167968750000000e+01,7.5167968750000000e+01
exp2_distort,16,1,2,abc,0,int,0.0000000000000000e+00,2.0000000000000000e+00,8.0000000000000004e-01,2,1,1,6.2499999999999729e-02,4.7978994087916095e-02,7.1300123356517198e-02,2.9618048090729954e-01,1.7038195190926946e+00,2.2428370082126201e-01,6.7444748401996624e-01,0,4096,12288,12288,4096,0.0000000000000000e+00,0.0000000000000000e+00,0.0000000000000000e+00,2.5094015124884100e-01,2.3913799134942293e+00,8.8857658763167571e+00,2.6912479428115221e-01,1.7744148262003751e-01,4.7555090148365875e-14,2.9842794901924208e-13,3.3448924669449642e-16,2.0990589976509592e-15,1.4260942384083591e-01,1.0125233984581428e-13,9.2317814919968768e-15,4.1025977754181071e+01,3.9478417604357432e+01,3.9200156534461163e-02,-5.6514529347307382e-14,1.2153836630886785e+01,1.2566370614359172e+01,4.1253398347238779e-01,9.7144514654701197e-16,9.7144514654701197e-16,2.6367796834847468e-16,5.2735593669694936e-16,9.7144514654701197e-16,6.3837823915946501e-16,3.2959746043559335e-16,1.9081958235744878e-17,76,3.1882443300000002e-01,2.4220666000000002e-02,5.1497877777777749e-05,3.2859029909999999e+00,9.1062254300000003e+00,1.4050886491000000e+01,7.5101562500000000e+01,7.5101562500000000e+01
exp2_distort,16,1,2,abc,0,int,0.0000000000000000e+00,2.0000000000000000e+00,1.0000000000000000e+00,2,1,0,6.2500000000000028e-02,3.1498082568182491e-02,7.5654866440596782e-02,-1.4881519841778190e-01,2.0997179985823333e+00,-2.7720425578411984e-01,5.6031251551594741e-01,2752,nan,nan,nan,nan,nan,nan,nan,nan,nan,nan,nan,nan,nan,nan,nan,nan,nan,nan,nan,nan,nan,nan,nan,nan,nan,nan,nan,nan,nan,nan,nan,nan,nan,nan,nan,3.6119982299999998e-01,nan,nan,nan,nan,3.6131253900000004e-01,nan,nan
exp2_distort,16,1,2,abc,0,int,0.0000000000000000e+00,2.0000000000000000e+00,1.0000000000000001e-01,3,1,1,6.2500000000000028e-02,6.2178974677161603e-02,6.2682364768115839e-02,9.8262910212874699e-01,1.0102551742817161e+00,9.8607913693805516e-01,9.9892991214893079e-01,0,4096,12288,12288,4096,0.0000000000000000e+00,0.0000000000000000e+00,0.0000000000000000e+00,2.8675801692196176e-02,1.0174346105201379e+00,8.8857658763166203e+00,1.1450162255928027e-01,2.0276853832512473e-02,3.9453189060340619e-14,1.8829382497642655e-13,2.7750273308950128e-16,1.3244062723274176e-15,9.7487745748110703e-03,4.7961634663806763e-14,7.9059961620362166e-15,3.8980532634725677e+01,3.9478417604357432e+01,-1.2611573610204712e-02,-1.8178240331458744e-14,1.2244008994489883e+01,1.2566370614359172e+01,3.2236161986928913e-01,1.4085954624931674e-15,1.4085954624931674e-15,6.3490879220751140e-16,1.1796119636642288e-15,1.4085954624931674e-15,3.3653635433950058e-16,1.1622647289044608e-16,1.1102230246251565e-16,41,1.8346625499999999e-01,1.3616096999999994e-02,5.7234707582260485e-05,2.6059227979999999e+00,9.0977603299999998e+00,1.2864659820000000e+01,7.5136718750000000e+01,7.5136718750000000e+01
exp2_distort,16,1,2,abc,0,int,0.0000000000000000e+00,2.0000000000000000e+00,2.0000000000000001e-01,3,1,1,6.2500000000000028e-02,6.1192635667198299e-02,6.3223380588072517e-02,9.3051621213106117e-01,1.0410206971268647e+00,9.4278836049919990e-01,9.9577550079125099e-01,0,4096,12288,12288,4096,0.0000000000000000e+00,0.0000000000000000e+00,0.0000000000000000e+00,4.6546284186284703e-02,1.0558396589535648e+00,8.8857658763166061e+00,1.1882370902520778e-01,3.2913193187158254e-02,3.8610188058678854e-14,1.7941204077942530e-13,2.7157329905565110e-16,1.2619342783497113e-15,1.9777231699809869e-02,3.7303493627405260e-14,7.7186849170033392e-15,3.9002897499995527e+01,3.9478417604357432e+01,-1.2045064954919058e-02,-8.9991288769597744e-15,1.2238594719014804e+01,1.2566370614359172e+01,3.2777589534436835e-01,9.9920072216264089e-16,9.9920072216264089e-16,9.9920072216264089e-16,3.3306690738754696e-16,1.5959455978986625e-16,2.7755575615628914e-17,4.7184478546569153e-16,1.8735013540549517e-16,46,3.6094257099999993e-01,2.9352453999999972e-02,4.9751743105590149e-05,3.5976702510000003e+00,9.0027814379999995e+00,1.4000190192000000e+01,7.5082031250000000e+01,7.5082031250000000e+01
exp2_distort,16,1,2,abc,0,int,0.0000000000000000e+00,2.0000000000000000e+00,2.9999999999999999e-01,3,1,1,6.2499999999999722e-02,5.9468848458715855e-02,6.4105369141270449e-02,8.4366103543093218e-01,1.0922965685354458e+00,8.6843223667552960e-01,9.9063843617082104e-01,0,4096,12288,12288,4096,0.0000000000000000e+00,0.0000000000000000e+00,0.0000000000000000e+00,6.7715631958396125e-02,1.1212368396446675e+00,8.8857658763165759e+00,1.2618347762606758e-01,4.7882182550113978e-02,3.9715019467008629e-14,1.8474111129762605e-13,2.7934437517691746e-16,1.2994174747363345e-15,3.0392206610792293e-02,6.0396132539608516e-14,8.2126270498529934e-15,3.9046052596287879e+01,3.9478417604357432e+01,-1.0951933595784006e-02,-1.3858658470518053e-14,1.2229898880200752e+01,1.2566370614359172e+01,3.3647173415842069e-01,7.8409501114151681e-16,7.8409501114151681e-16,7.8409501114151681e-16,2.4286128663675299e-16,1.3877787807814457e-16,3.4694469519536142e-16,1.0408340855860843e-17,6.9388939039072284e-17,50,3.5178045100000005e-01,2.9854602999999980e-02,5.3365425333333388e-05,3.6993595969999999e+00,8.9049564080000003e+00,1.4108481320999999e+01,7.4937500000000000e+01,7.4937500000000000e+01
exp2_distort,16,1,2,abc,0,int,0.0000000000000000e+00,2.0000000000000000e+00,4.0000000000000002e-01,3,1,1,6.2500000000000153e-02,5.6864829568938992e-02,6.5301277372043748e-02,7.2206327745238030e-01,1.1640827885074572e+00,7.5619772464066681e-01,9.8364121807735538e-01,0,4096,12288,12288,4096,0.0000000000000000e+00,0.0000000000000000e+00,0.0000000000000000e+00,9.1460736990763847e-02,1.2164375118640192e+00,8.8857658763165830e+00,1.3689731743959352e-01,6.4672507338487742e-02,4.0579516066223057e-14,2.4158453015843406e-13,2.8542500325141205e-16,1.6992382361936784e-15,4.1969797433366901e-02,5.0626169922907138e-14,8.2796231435289508e-15,3.9119633164765013e+01,3.9478417604357432e+01,-9.0881160229891907e-03,2.3577717657634610e-14,1.2218212089686759e+01,1.2566370614359172e+01,3.4815852467241371e-01,1.0061396160665481e-15,1.0061396160665481e-15,3.1918911957973251e-16,1.0061396160665481e-15,8.3266726846886741e-16,2.8449465006019636e-16,5.2041704279304213e-17,3.7470027081099033e-16,54,3.6711305000000005e-01,2.5704445000000020e-02,5.2777195250659451e-05,3.7596987040000003e+00,9.1862977119999982e+00,1.4589565730000000e+01,7.4933593750000000e+01,7.4933593750000000e+01
exp2_distort,16,1,2,abc,0,int,0.0000000000000000e+00,2.0000000000000000e+00,5.9999999999999998e-01,3,1,1,6.2499999999999882e-02,4.7619606016285627e-02,6.8498904584052403e-02,3.7463883935602676e-01,1.3691862741417788e+00,4.0846330977861045e-01,9.6463583576389311e-01,0,4096,12288,12288,4096,0.0000000000000000e+00,0.0000000000000000e+00,0.0000000000000000e+00,1.4995920218017098e-01,1.5244061270404361e+00,8.8857658763163805e+00,1.7155596357805267e-01,1.0603716876292264e-01,4.4707035035319483e-14,4.1211478674085811e-13,3.1445682101021120e-16,2.8987005205657405e-15,7.0592012774931143e-02,7.4606987254810520e-14,8.9070684351917122e-15,3.9441102192925591e+01,3.9478417604357432e+01,-9.4521041359373883e-04,3.0777020759202426e-14,1.2187065396012194e+01,1.2566370614359172e+01,3.7930521834697828e-01,9.4368957093138306e-16,9.4368957093138306e-16,2.6367796834847468e-16,3.0531133177191805e-16,3.1225022567582528e-16,9.4368957093138306e-16,1.4571677198205180e-16,1.4571677198205180e-16,87,3.7723999800000002e-01,2.6986371000000009e-02,5.6444509142053317e-05,3.8986544310000002e+00,9.0425528419999992e+00,1.5074088655000001e+01,7.4875000000000000e+01,7.4875000000000000e+01
exp2_distort,16,1,2,abc,0,int,0.0000000000000000e+00,2.0000000000000000e+00,8.0000000000000004e-01,3,1,0,6.2499999999999993e-02,1.0242201894700383e-02,7.2531219426399715e-02,-1.1175945876586393e-01,1.6563311540298298e+00,-4.0785031767503171e-01,9.3999839206703961e-01,2008,nan,nan,nan,nan,nan,nan,nan,nan,nan,nan,nan,nan,nan,nan,nan,nan,nan,nan,nan,nan,nan,nan,nan,nan,nan,nan,nan,nan,nan,nan,nan,nan,nan,nan,nan,3.6852400899999999e-01,nan,nan,nan,nan,3.6862808499999999e-01,nan,nan
exp2_distort,8,2,1,abc,0,int,0.0000000000000000e+00,2.0000000000000000e+00,0.0000000000000000e+00,1,1,1,1.2499999999999999e-01,1.2500000000000003e-01,1.2500000000000003e-01,9.9999999999999756e-01,1.0000000000000029e+00,9.9999999999999623e-01,1.0000000000000000e+00,0,4096,12288,12288,4096,4.5474735088646412e-13,8.8817841970012582e-16,0.0000000000000000e+00,3.9059351600949162e-03,2.0254441739406695e-01,8.8857658763166754e+00,2.2794255465801851e-02,2.7619132385781212e-03,8.3048211969527051e-14,4.1211478674085811e-13,1.1682759416224929e-15,5.7974010411312980e-15,5.4665313845116514e-16,1.4210854715202004e-14,3.8686029305444679e-15,3.9468128469587320e+01,3.9478417604357432e+01,-2.6062682839081338e-04,-1.1338902384969317e-14,1.2556590281248871e+01,1.2566370614359172e+01,9.7803331103012425e-03,4.9960036108132044e-16,4.9960036108132044e-16,2.7755575615628914e-16,2.2204460492503131e-16,1.9428902930940239e-16,4.9960036108132044e-16,1.7694179454963432e-16,3.4694469519536142e-17,21,1.6491493999999999e-02,3.8095039999999997e-02,9.1386341552511435e-05,9.6061654500000004e-01,1.1852545729999997e+00,2.4819849370000000e+00,5.2136718750000000e+01,5.2136718750000000e+01
exp2_distort,8,2,1,abc,0,int,0.0000000000000000e+00,2.0000000000000000e+00,5.0000000000000003e-02,1,1,1,1.2500000000000014e-01,1.2492936577049045e-01,1.2506182028436430e-01,9.9689586142186304e-01,1.0024461097570514e+00,9.9689586142186304e-01,9.9948659727824796e-01,0,4096,12288,12288,4096,4.5474735088646412e-13,8.8667361118824551e-16,0.0000000000000000e+00,3.9884638672374271e-03,2.0282649243073933e-01,8.8857658763167642e+00,2.2826000060538719e-02,2.8202698470410946e-03,8.7687351279555411e-14,3.9790393202565610e-13,1.2335367668372382e-15,5.5974906604025842e-15,5.2231155148951278e-16,2.1538326677728037e-14,6.0152144078524873e-15,3.9468185601644663e+01,3.9478417604357432e+01,-2.5917965647233944e-04,-2.3397735080095413e-15,1.2556590268388385e+01,1.2566370614359172e+01,9.7803459707872520e-03,7.3552275381416621e-16,7.3552275381416621e-16,7.3552275381416621e-16,3.1918911957973251e-16,1.2490009027033011e-16,6.5225602696727947e-16,1.7694179454963432e-16,2.4286128663675299e-16,31,1.6711357999999999e-02,3.3834714000000002e-02,8.0995640890688277e-05,9.3011446199999992e-01,1.1722900760000001e+00,2.4620070549999999e+00,5.2601562500000000e+01,5.2601562500000000e+01
exp2_distort,8,2,1,abc,0,int,0.0000000000000000e+00,2.0000000000000000e+00,1.0000000000000001e-01,1,1,1,1.2500000000000011e-01,1.2471563246357642e-01,1.2524825390108182e-01,9.8732543341198842e-01,1.0097844390282011e+00,9.8732543341198842e-01,9.9797683111956292e-01,0,4096,12288,12288,4096,4.5474735088646412e-13,8.8213054053572155e-16,0.0000000000000000e+00,4.2344096225457569e-03,2.0367499790603952e-01,8.8857658763166771e+00,2.2921490476009117e-02,2.9941797584236759e-03,8.8246288845327356e-14,3.6948222259525210e-13,1.2413995888712750e-15,5.1976698989453055e-15,5.1485999461067964e-16,2.1316282072803006e-14,5.9743049072180386e-15,3.9468357454309178e+01,3.9478417604357432e+01,-2.5482657762715427e-04,4.4995644384798872e-15,1.2556590075496400e+01,1.2566370614359172e+01,9.7805388627723033e-03,2.4980018054066022e-16,2.4980018054066022e-16,2.4980018054066022e-16,1.2490009027033011e-16,1.0408340855860843e-16,1.2490009027033011e-16,1.3877787807814457e-17,1.1796119636642288e-16,34,1.6782103999999999e-02,3.4032846999999998e-02,8.3697627196652736e-05,9.0337763599999998e-01,1.1902624860000002e+00,2.4726112850000002e+00,5.2515625000000000e+01,5.2515625000000000e+01
exp2_distort,8,2,1,abc,0,int,0.0000000000000000e+00,2.0000000000000000e+00,1.4999999999999999e-01,1,1,1,1.2499999999999993e-01,1.2435528437710124e-01,1.2556019067413698e-01,9.7090169755717326e-01,1.0220149878134535e+00,9.7090169755717326e-01,9.9551212513006659e-01,0,4096,12288,12288,4096,4.5474735088646412e-13,8.7450624006722433e-16,0.0000000000000000e+00,4.6315838052088032e-03,2.0509694678937365e-01,8.8857658763167287e+00,2.3081515948559870e-02,3.2750243162969353e-03,8.7267531006773109e-14,4.2099657093785936e-13,1.2276309693147497e-15,5.9223450290866756e-15,5.1942565377196547e-16,3.0198066269804258e-14,6.2801839937034285e-15,3.9468645452037620e+01,3.9478417604357432e+01,-2.4753150994413629e-04,-1.0259006919734144e-14,1.2556589239771977e+01,1.2566370614359172e+01,9.7813745871953017e-03,6.2450045135165055e-16,6.2450045135165055e-16,4.4408920985006262e-16,2.7755575615628914e-17,6.2450045135165055e-16,3.7470027081099033e-16,3.1225022567582528e-17,1.6653345369377348e-16,36,1.6612557000000000e-02,3.3399432000000000e-02,8.2702283471074449e-05,9.3400706599999994e-01,1.1873627549999999e+00,2.4992224480000003e+00,5.2957031250000000e+01,5.2957031250000000e+01
exp2_distort,8,2,1,abc,0,int,0.0000000000000000e+00,2.0000000000000000e+00,2.0000000000000001e-01,1,1,1,1.2499999999999993e-01,1.2384370183498619e-01,1.2599775428257898e-01,9.4723763544422535e-01,1.0391377561128043e+00,9.4723763544422535e-01,9.9212875253198929e-01,0,4096,12288,12288,4096,4.5474735088646412e-13,8.6375774210742423e-16,0.0000000000000000e+00,5.1612016778489929e-03,2.0710476414229842e-01,8.8857658763167020e+00,2.3307474788897633e-02,3.6495207054784099e-03,8.7427436519235916e-14,3.9745984281580604e-13,1.2298804309071554e-15,5.5912434610048430e-15,5.2332981520427504e-16,2.2093438190040615e-14,5.9543035254818456e-15,3.9469052189231611e+01,3.9478417604357432e+01,-2.3722873646250114e-04,7.3792856791070158e-15,1.2556586990307910e+01,1.2566370614359172e+01,9.7836240512627626e-03,5.8286708792820718e-16,5.8286708792820718e-16,3.4694469519536142e-16,5.8286708792820718e-16,2.0816681711721685e-16,1.3877787807814457e-17,2.5673907444456745e-16,3.4694469519536142e-17,38,1.6590647000000000e-02,3.3994844999999996e-02,8.2157481314168351e-05,9.3042367800000003e-01,1.1943800850000001e+00,2.5102706140000000e+00,5.2953125000000000e+01,5.2953125000000000e+01
exp2_distort,8,2,1,abc,0,int,0.0000000000000000e+00,2.0000000000000000e+00,2.5000000000000000e-01,1,1,1,1.2500000000000014e-01,1.2317503216963989e-01,1.2656030937190149e-01,9.1594622865994679e-01,1.0611527439262580e+00,9.1594622865994679e-01,9.8785838993208297e-01,0,4096,12288,12288,4096,4.5474735088646412e-13,8.4984207898099508e-16,0.0000000000000000e+00,5.8051228493292677e-03,2.0971759640279652e-01,8.8857658763168494e+00,2.3601521728335757e-02,4.1048417323817313e-03,8.8631797641811800e-14,4.2632564145606011e-13,1.2468227116758925e-15,5.9973114218598541e-15,5.2951841667685605e-16,2.6645352591003757e-14,6.2126163667569686e-15,3.9469581817403984e+01,3.9478417604357432e+01,-2.2381309813371080e-04,-1.4398606203135639e-15,1.2556582248735232e+01,1.2566370614359172e+01,9.7883656239403649e-03,4.3021142204224816e-16,4.3021142204224816e-16,3.6082248300317588e-16,4.3021142204224816e-16,3.9551695252271202e-16,2.6367796834847468e-16,2.7755575615628914e-17,2.7061686225238191e-16,39,1.6630841000000000e-02,3.3701839000000004e-02,8.9955994157303357e-05,9.3761452499999998e-01,1.1929076629999997e+00,2.5202682049999998e+00,5.3027343750000000e+01,5.3027343750000000e+01
exp2_distort,8,2,1,abc,0,int,0.0000000000000000e+00,2.0000000000000000e+00,2.9999999999999999e-01,1,1,1,1.2500000000000003e-01,1.2234201422622361e-01,1.2724648720711620e-01,8.7664045879113228e-01,1.0880599512538096e+00,8.7664045879113228e-01,9.8272859466258999e-01,0,4096,12288,12288,4096,4.5474735088646412e-13,8.3271628301260549e-16,0.0000000000000000e+00,6.5496972179936684e-03,2.1296329119190510e-01,8.8857658763166789e+00,2.3966790725323778e-02,4.6313353175619597e-03,8.7762833800247978e-14,4.1211478674085811e-13,1.2345986128523142e-15,5.7974010411312980e-15,5.2660412486996897e-16,2.6978419498391304e-14,5.9836024055400455e-15,3.9470240651361038e+01,3.9478417604357432e+01,-2.0712463904558846e-04,1.1698867540047708e-14,1.2556573630122623e+01,1.2566370614359172e+01,9.7969842365497328e-03,7.0776717819853729e-16,7.0776717819853729e-16,1.9428902930940239e-16,4.4408920985006262e-16,7.0776717819853729e-16,1.1102230246251565e-16,1.5959455978986625e-16,9.7144514654701197e-17,41,1.1929620000000000e-02,3.3048787000000003e-02,8.3697732217573149e-05,9.7646262199999989e-01,1.2455498110000001e+00,2.6187672989999999e+00,5.2425781250000000e+01,5.2425781250000000e+01
exp2_distort,8,2,1,abc,0,int,0.0000000000000000e+00,2.0000000000000000e+00,4.0000000000000002e-01,1,1,1,1.2499999999999999e-01,1.2014535641431855e-01,1.2898083991843701e-01,7.7243775614711430e-01,1.1565510244512174e+00,7.7243775614711430e-01,9.6998276322651400e-01,0,4096,12288,12288,4096,9.0949470177292824e-13,1.5773248436972685e-15,0.0000000000000000e+00,8.3130737746646959e-03,2.2152529531785184e-01,8.8857658763167464e+00,2.4930354727022885e-02,5.8782308385694135e-03,9.1032348234163298e-14,4.4941828036826337e-13,1.2805923189580094e-15,6.3221657905439944e-15,5.4466730069690470e-16,2.8643754035329039e-14,6.4065506455754155e-15,3.9471987643552580e+01,3.9478417604357432e+01,-1.6287280988034759e-04,-5.3994773261758646e-15,1.2556537696423931e+01,1.2566370614359172e+01,9.8329179352418805e-03,4.9960036108132044e-16,4.9960036108132044e-16,3.4694469519536142e-16,2.7755575615628914e-17,1.8041124150158794e-16,4.9960036108132044e-16,2.0122792321330962e-16,4.2327252813834093e-16,44,1.6799344999999997e-02,3.7832323000000001e-02,8.8883158169934597e-05,8.0417745100000004e-01,1.2239436859999999e+00,2.4352039350000001e+00,5.2496093750000000e+01,5.2496093750000000e+01
exp2_distort,8,2,1,abc,0,int,0.0000000000000000e+00,2.0000000000000000e+00,5.0000000000000000e-01,1,1,1,1.2499999999999999e-01,1.1715631749504950e-01,1.3117715789437867e-01,6.3153338020658778e-01,1.2446109757050268e+00,6.3153338020658778e-01,9.5404373906563611e-01,0,4096,12288,12288,4096,4.5474735088646412e-13,7.3125241721288161e-16,0.0000000000000000e+00,1.0443802880235411e-02,2.3331405587012802e-01,8.8857658763167215e+00,2.6257056411083394e-02,7.3848838379900871e-03,9.2133562025422523e-14,4.9737991503207013e-13,1.2960835805806364e-15,6.9968633255032539e-15,5.5899424300261746e-16,3.0420110874729289e-14,6.2953481263266041e-15,3.9474430530720994e+01,3.9478417604357432e+01,-1.0099375502825942e-04,5.5794599037150601e-15,1.2556462028771250e+01,1.2566370614359172e+01,9.9085855879224027e-03,2.7755575615628914e-16,2.7755575615628914e-16,1.5265566588595902e-16,1.5265566588595902e-16,2.7755575615628914e-16,1.3877787807814457e-16,2.2030988144905450e-16,1.3877787807814457e-17,49,1.6796255000000000e-02,3.4257989000000003e-02,8.2527305979381498e-05,9.3623006700000000e-01,1.1939845160000000e+00,2.5536155549999999e+00,5.2683593750000000e+01,5.2683593750000000e+01
exp2_distort,8,2,1,abc,0,int,0.0000000000000000e+00,2.0000000000000000e+00,5.9999999999999998e-01,1,1,1,1.2500000000000008e-01,1.1322852363402411e-01,1.3380402916204487e-01,4.5083118366396169e-01,1.3570975285082225e+00,4.5083118366396169e-01,9.3501958623622883e-01,0,4096,12288,12288,4096,4.5474735088646412e-13,6.6014252770271758e-16,0.0000000000000000e+00,1.3005377861617816e-02,2.4928547696639983e-01,8.8857658763168352e+00,2.8054472786731701e-02,9.1961908778433448e-03,9.6085443524898294e-14,8.4021678503631847e-13,1.3516764461040179e-15,1.1819701260582140e-14,5.7561298816197712e-16,3.3750779948604759e-14,6.5706955967537783e-15,3.9477852069345509e+01,3.9478417604357432e+01,-1.4325169199797664e-05,-1.9798083529311505e-14,1.2556324662059106e+01,1.2566370614359172e+01,1.0045952300066219e-02,4.7184478546569153e-16,4.7184478546569153e-16,1.8041124150158794e-16,4.7184478546569153e-16,4.5796699765787707e-16,1.2490009027033011e-16,5.5511151231257827e-17,6.9388939039072284e-17,61,1.8861888000000000e-02,4.0005848999999996e-02,8.3178370478170517e-05,9.3716552599999992e-01,1.2019148170000000e+00,2.6056342199999998e+00,5.2750000000000000e+01,5.2750000000000000e+01
exp2_distort,8,2,1,abc,0,int,0.0000000000000000e+00,2.0000000000000000e+00,6.9999999999999996e-01,1,1,1,1.2499999999999999e-01,1.0813421268418641e-01,1.3682488239701379e-01,2.2723501921365169e-01,1.5008611427903404e+00,2.2723501921365169e-01,9.1298133589605668e-01,0,4096,12288,12288,4096,9.0949470177292824e-13,1.1499780238310260e-15,0.0000000000000000e+00,1.6148068529941356e-02,2.7121621588413375e-01,8.8857658763166736e+00,3.0522548045859414e-02,1.1418408760586640e-02,1.0193621396931417e-13,9.2725827016693074e-13,1.4339818225602510e-15,1.3044152342545423e-14,6.1925625348958460e-16,4.3964831775156199e-14,6.8744965699123968e-15,3.9482848779590690e+01,3.9478417604357432e+01,1.1224297989006639e-04,-1.6378414556066790e-14,1.2556098899816424e+01,1.2566370614359172e+01,1.0271714542748001e-02,4.9960036108132044e-16,4.9960036108132044e-16,1.2490009027033011e-16,3.7470027081099033e-16,4.9960036108132044e-16,4.9960036108132044e-16,1.2316536679435330e-16,8.3266726846886741e-17,77,1.6588759000000002e-02,3.8535278999999999e-02,8.1321455691056886e-05,9.1991186199999997e-01,1.1759685759999998e+00,2.5944802000000000e+00,5.2500000000000000e+01,5.2500000000000000e+01
exp2_distort,8,2,1,abc,0,int,0.0000000000000000e+00,2.0000000000000000e+00,8.0000000000000004e-01,1,1,0,1.2499999999999978e-01,1.0149492371151264e-01,1.4020051179470738e-01,-4.2351260449924988e-02,1.6735319141587890e+00,-4.2351260449924988e-02,8.8821642240753973e-01,8,nan,nan,nan,nan,nan,nan,nan,nan,nan,nan,nan,nan,nan,nan,nan,nan,nan,nan,nan,nan,nan,nan,nan,nan,nan,nan,nan,nan,nan,nan,nan,nan,nan,nan,nan,1.6645055999999998e-02,nan,nan,nan,nan,1.6718612000000001e-02,nan,nan
exp2_distort,8,2,1,abc,0,int,0.0000000000000000e+00,2.0000000000000000e+00,1.0000000000000001e-01,2,1,1,1.2500000000000028e-01,1.2487052683247059e-01,1.2504488866585226e-01,9.8732543341198764e-01,1.0081056946913880e+00,9.8732543341198764e-01,9.8835748251385069e-01,0,4096,12288,12288,4096,4.5474735088646412e-13,8.8542139080326585e-16,0.0000000000000000e+00,4.1924142045277188e-03,2.0532457981600533e-01,8.8857658763166647e+00,2.3107133664556627e-02,2.9644845135643580e-03,8.4565623679744149e-14,4.0500935938325711e-13,1.1896220435136896e-15,5.6974458507669853e-15,5.0782909706517551e-16,2.2981616609740740e-14,5.4185787644675931e-15,3.9468695236518599e+01,3.9478417604357432e+01,-2.4627045430919382e-04,1.0798954652351729e-15,1.2556590216913948e+01,1.2566370614359172e+01,9.7803974452244091e-03,5.4123372450476381e-16,5.4123372450476381e-16,5.4123372450476381e-16,6.9388939039072284e-17,0.0000000000000000e+00,4.9960036108132044e-16,7.2858385991025898e-17,1.4571677198205180e-16,33,1.6730125000000002e-02,3.3648672000000004e-02,7.8030229629629693e-05,9.3010548999999998e-01,1.1673691910000001e+00,2.4573111210000000e+00,5.2671875000000000e+01,5.2671875000000000e+01
exp2_distort,8,2,1,abc,0,int,0.0000000000000000e+00,2.0000000000000000e+00,2.0000000000000001e-01,2,1,1,1.2500000000000028e-01,1.2446964603864856e-01,1.2519008047116392e-01,9.4723763544422712e-01,1.0324227787655484e+00,9.4723763544422712e-01,9.5549402825912766e-01,0,4096,12288,12288,4096,4.5474735088646412e-13,8.7692114317760080e-16,0.0000000000000000e+00,4.9673117502337556e-03,2.1359231682503174e-01,8.8857658763166896e+00,2.4037580980421872e-02,3.5124198228579416e-03,8.5838247113228144e-14,3.9790393202565610e-13,1.2075246004119602e-15,5.5974906604026370e-15,5.1275986080863015e-16,2.1760371282653068e-14,6.1152162862946295e-15,3.9470423922923565e+01,3.9478417604357432e+01,-2.0248231613478554e-04,-2.3397735080095413e-15,1.2556589252093721e+01,1.2566370614359172e+01,9.7813622654516763e-03,4.5102810375396984e-16,4.5102810375396984e-16,1.6653345369377348e-16,2.3592239273284576e-16,4.5102810375396984e-16,1.2490009027033011e-16,2.7061686225238191e-16,9.0205620750793969e-17,36,1.5121826000000000e-02,3.0368516999999998e-02,6.5575550819672109e-05,7.4203996500000002e-01,1.1306513010000001e+00,2.2454471290000000e+00,5.2578125000000000e+01,5.2578125000000000e+01
exp2_distort,8,2,1,abc,0,int,0.0000000000000000e+00,2.0000000000000000e+00,2.9999999999999999e-01,2,1,1,1.2500000000000003e-01,1.2377561697838868e-01,1.2545089200673626e-01,8.7664045879113173e-01,1.0729512522224840e+00,8.7664045879113173e-01,9.0450578454141750e-01,0,4096,12288,12288,4096,4.5474735088646412e-13,8.6233393542050135e-16,0.0000000000000000e+00,6.0814628046529720e-03,2.2717845013593807e-01,8.8857658763168050e+00,2.5566558167083364e-02,4.3002435887039203e-03,8.7536523152755972e-14,5.5067062021407764e-13,1.2314150008451539e-15,7.7465272532356761e-15,4.9089269005828852e-16,2.2870594307278225e-14,5.6695963065142204e-15,3.9473404848181566e+01,3.9478417604357432e+01,-1.2697459726228831e-04,1.1338902384969317e-14,1.2556585072870147e+01,1.2566370614359172e+01,9.7855414890251069e-03,2.0122792321330962e-16,2.0122792321330962e-16,8.3266726846886741e-17,9.7144514654701197e-17,2.0122792321330962e-16,1.1102230246251565e-16,1.3877787807814457e-17,2.0816681711721685e-17,38,1.6833201999999998e-02,3.3522667000000006e-02,8.4614408823529405e-05,9.2989441600000000e-01,1.1869442619999999e+00,2.5074523810000002e+00,5.2648437500000000e+01,5.2648437500000000e+01
exp2_distort,8,2,1,abc,0,int,0.0000000000000000e+00,2.0000000000000000e+00,4.0000000000000002e-01,2,1,1,1.2499999999999988e-01,1.2276172848837512e-01,1.2584180098422693e-01,7.7243775614711263e-01,1.1296911150621927e+00,7.7243775614711263e-01,8.3848889866630782e-01,0,4096,12288,12288,4096,4.5474735088646412e-13,8.4131602612933796e-16,0.0000000000000000e+00,7.4368346653393693e-03,2.4594080776272170e-01,8.8857658763167162e+00,2.7678065254704627e-02,5.2586362224245264e-03,8.7485189227706243e-14,4.1922021409845911e-13,1.2306928638093109e-15,5.8973562314955990e-15,5.1428508689734273e-16,2.3092638912203256e-14,5.8872342210162517e-15,3.9477807581656080e+01,3.9478417604357432e+01,-1.5452055537417933e-05,-3.4196689732447143e-15,1.2556573827808686e+01,1.2566370614359172e+01,9.7967865504866580e-03,2.9837243786801082e-16,2.9837243786801082e-16,2.7755575615628914e-17,2.2204460492503131e-16,1.9428902930940239e-16,2.7755575615628914e-17,7.6327832942979512e-17,2.9837243786801082e-16,41,1.2905002000000000e-02,3.4449407000000001e-02,8.3345445416666640e-05,8.3550015099999997e-01,9.3958761399999990e-01,2.1729832770000002e+00,5.2628906250000000e+01,5.2628906250000000e+01
exp2_distort,8,2,1,abc,0,int,0.0000000000000000e+00,2.0000000000000000e+00,5.9999999999999998e-01,2,1,1,1.2499999999999999e-01,1.1963286858306915e-01,1.2706601006461854e-01,4.5083118366396197e-01,1.2918050088899342e+00,4.5083118366396197e-01,6.7375378966623878e-01,0,4096,12288,12288,4096,4.5474735088646412e-13,7.7861313733430112e-16,0.0000000000000000e+00,1.0772439580601680e-02,2.9952927475853275e-01,8.8857658763167766e+00,3.3708886653976318e-02,7.6172650773657421e-03,9.0540204857396673e-14,6.0573768223548541e-13,1.2736691203331356e-15,8.5211799785592672e-15,5.4010058543555814e-16,2.7755575615628914e-14,6.4479446193496863e-15,3.9492211218504409e+01,3.9478417604357432e+01,3.4939632801933991e-04,1.2058832695126098e-14,1.2556507095654828e+01,1.2566370614359172e+01,9.8635187043445427e-03,4.7184478546569153e-16,4.7184478546569153e-16,1.3877787807814457e-16,4.7184478546569153e-16,1.3877787807814457e-17,8.3266726846886741e-17,1.2490009027033011e-16,1.3877787807814457e-17,46,1.0955613999999999e-02,2.6630635999999999e-02,6.5796644407894753e-05,7.3506268199999991e-01,9.5201744300000002e-01,2.0566544150000001e+00,5.2644531250000000e+01,5.2644531250000000e+01
exp2_distort,8,2,1,abc,0,int,0.0000000000000000e+00,2.0000000000000000e+00,8.0000000000000004e-01,2,1,0,1.2499999999999999e-01,1.1469148542687341e-01,1.2895171857455889e-01,-4.2351260449925321e-02,1.5235868002011557e+00,-4.2351260449925321e-02,4.8764491747081323e-01,64,nan,nan,nan,nan,nan,nan,nan,nan,nan,nan,nan,nan,nan,nan,nan,nan,nan,nan,nan,nan,nan,nan,nan,nan,nan,nan,nan,nan,nan,nan,nan,nan,nan,nan,nan,1.4900684000000001e-02,nan,nan,nan,nan,1.4980820000000001e-02,nan,nan
exp2_distort,8,2,1,abc,0,int,0.0000000000000000e+00,2.0000000000000000e+00,1.0000000000000001e-01,3,1,1,1.2500000000000000e-01,1.2465034479120081e-01,1.2521570409696728e-01,9.7090169755717326e-01,1.0104561096747942e+00,9.7090169755717326e-01,9.9802351170599846e-01,0,4096,12288,12288,4096,4.5474735088646412e-13,8.8074590001998058e-16,0.0000000000000000e+00,4.3041139277428730e-03,2.0440050949786329e-01,8.8857658763167642e+00,2.3003139216468897e-02,3.0434681453064653e-03,8.6278375590827733e-14,3.6948222259525210e-13,1.2137160824367646e-15,5.1976698989452503e-15,5.1520181411186454e-16,2.2093438190040615e-14,5.9822056464607888e-15,3.9468499978238391e+01,3.9478417604357432e+01,-2.5121640432584441e-04,8.9991288769597744e-16,1.2556588320887926e+01,1.2566370614359172e+01,9.7822934712468168e-03,2.2898349882893854e-16,2.2898349882893854e-16,1.6653345369377348e-16,1.3877787807814457e-17,1.6653345369377348e-16,6.9388939039072284e-17,2.2898349882893854e-16,2.0122792321330962e-16,34,1.5275552999999999e-02,3.1012962000000002e-02,7.7239345559845587e-05,7.5980961199999997e-01,9.5128491800000003e-01,2.0707795029999998e+00,5.2910156250000000e+01,5.2910156250000000e+01
exp2_distort,8,2,1,abc,0,int,0.0000000000000000e+00,2.0000000000000000e+00,2.0000000000000001e-01,3,1,1,1.2499999999999999e-01,1.2358530588133138e-01,1.2586502526015433e-01,8.7664045879113228e-01,1.0432397086281109e+00,8.7664045879113228e-01,9.9230302520732883e-01,0,4096,12288,12288,4096,9.0949470177292824e-13,1.7167248112577811e-15,0.0000000000000000e+00,5.4043227814617508e-03,2.1014748933555896e-01,8.8857658763167766e+00,2.3649901681031781e-02,3.8214332864925701e-03,8.8865068231021484e-14,4.1300296516055823e-13,1.2501042322625426e-15,5.8098954399267732e-15,5.1948413469021517e-16,2.3980817331903381e-14,5.9251366990921225e-15,3.9469641405605827e+01,3.9478417604357432e+01,-2.2230371134824694e-04,1.3138728160361271e-14,1.2556572473822259e+01,1.2566370614359172e+01,9.7981405369136354e-03,4.1633363423443370e-16,4.1633363423443370e-16,2.0816681711721685e-16,4.1633363423443370e-16,1.4571677198205180e-16,1.6653345369377348e-16,7.9797279894933126e-17,9.0205620750793969e-17,39,1.7722183999999998e-02,3.3496660000000004e-02,9.1183992710706143e-05,9.5123322300000002e-01,1.0666294460000001e+00,2.3896085540000001e+00,5.2652343750000000e+01,5.2652343750000000e+01
exp2_distort,8,2,1,abc,0,int,0.0000000000000000e+00,2.0000000000000000e+00,2.9999999999999999e-01,3,1,1,1.2500000000000006e-01,1.2176052785751108e-01,1.2694451857408307e-01,7.0676678654551106e-01,1.1004737017533521e+00,7.0676678654551106e-01,9.8289884903664149e-01,0,4096,12288,12288,4096,4.5474735088646412e-13,8.2089903350086872e-16,0.0000000000000000e+00,7.0320987332986055e-03,2.2018215714935183e-01,8.8857658763167358e+00,2.4779198576028671e-02,4.9724447002887587e-03,8.6689606247474743e-14,3.9790393202565610e-13,1.2195010460286955e-15,5.5974906604025976e-15,5.4079088080806148e-16,2.7866597918091429e-14,6.1882447522657936e-15,3.9471647003536233e+01,3.9478417604357432e+01,-1.7150132229340438e-04,-1.0618972074812535e-14,1.2556523610760520e+01,1.2566370614359172e+01,9.8470035986526483e-03,8.6042284408449632e-16,8.6042284408449632e-16,8.6042284408449632e-16,6.3837823915946501e-16,2.3592239273284576e-16,1.1102230246251565e-16,2.7061686225238191e-16,2.7755575615628914e-16,42,1.1100766000000001e-02,3.4775031000000005e-02,6.4145455448717941e-05,7.3468543600000003e-01,1.0786287170000000e+00,2.2005106959999998e+00,5.2773437500000000e+01,5.2773437500000000e+01
exp2_distort,8,2,1,abc,0,int,0.0000000000000000e+00,2.0000000000000000e+00,4.0000000000000002e-01,3,1,1,1.2500000000000008e-01,1.1909854079212462e-01,1.2844219375643293e-01,4.5083118366396169e-01,1.1842809939439276e+00,4.5083118366396169e-01,9.6947744710732664e-01,0,4096,12288,12288,4096,9.0949470177292824e-13,1.5364537612198573e-15,0.0000000000000000e+00,9.1120519275898100e-03,2.3518016821656518e-01,8.8857658763167890e+00,2.6467067835243142e-02,6.4431937085227238e-03,9.1164131590361319e-14,6.0573768223548541e-13,1.2824461737358639e-15,8.5211799785592625e-15,5.5025016284912744e-16,2.5979218776228663e-14,6.2796363799965585e-15,3.9474730343744362e+01,3.9478417604357432e+01,-9.3399402428506349e-05,-1.9798083529311504e-15,1.2556418141405135e+01,1.2566370614359172e+01,9.9524729540370060e-03,4.7184478546569153e-16,4.7184478546569153e-16,1.1102230246251565e-16,4.7184478546569153e-16,1.0408340855860843e-16,2.7755575615628914e-17,1.0408340855860843e-17,9.7144514654701197e-17,47,1.6946915000000000e-02,3.3544514999999997e-02,8.3978832365145181e-05,9.4072239599999996e-01,1.2166887629999998e+00,2.5751335420000001e+00,5.2906250000000000e+01,5.2906250000000000e+01
exp2_distort,8,2,1,abc,0,int,0.0000000000000000e+00,2.0000000000000000e+00,5.9999999999999998e-01,3,1,0,1.2500000000000000e-01,1.1069061282075300e-01,1.3260859153406629e-01,-3.6102380263236133e-01,1.4401070950946893e+00,-3.6102380263236133e-01,9.2399915410836919e-01,16,nan,nan,nan,nan,nan,nan,nan,nan,nan,nan,nan,nan,nan,nan,nan,nan,nan,nan,nan,nan,nan,nan,nan,nan,nan,nan,nan,nan,nan,nan,nan,nan,nan,nan,nan,1.7335354999999997e-02,nan,nan,nan,nan,1.7419546000000001e-02,nan,nan
exp2_distort,8,2,2,abc,0,int,0.0000000000000000e+00,2.0000000000000000e+00,0.0000000000000000e+00,1,1,1,1.2499999999999999e-01,1.2500000000000003e-01,1.2500000000000003e-01,9.9999999999998312e-01,1.0000000000000142e+00,9.9999999999997358e-01,9.9999999999999811e-01,0,4096,12288,12288,4096,4.5474735088646412e-13,8.8817841970012582e-16,0.0000000000000000e+00,3.9059358009371293e-03,2.0254441727229255e-01,8.8857658763166345e+00,2.2794255452097522e-02,2.7619136917219826e-03,8.4184036536465105e-14,4.0856207306205761e-13,1.1842540883397861e-15,5.7474234459491582e-15,2.2960382887441433e-15,2.7755575615628914e-14,5.3066980263933788e-15,3.9468128469587135e+01,3.9478417604357432e+01,-2.6062682839549290e-04,-6.6593553689502331e-15,1.2556590281248960e+01,1.2566370614359172e+01,9.7803331102124247e-03,3.3306690738754696e-16,3.3306690738754696e-16,3.3306690738754696e-16,2.7755575615628914e-17,1.7347234759768071e-16,7.6327832942979512e-17,7.6327832942979512e-17,1.3877787807814457e-17,21,4.2182688999999995e-02,3.8513487000000006e-02,8.6849731019522769e-05,2.6657371940000001e+00,2.1972238649999998e+00,5.2604176300000001e+00,5.3550781250000000e+01,5.3550781250000000e+01
exp2_distort,8,2,2,abc,0,int,0.0000000000000000e+00,2.0000000000000000e+00,5.0000000000000003e-02,1,1,1,1.2500000000000000e-01,1.2491720635019765e-01,1.2507245321906210e-01,9.9725070500354407e-01,1.0027492949964558e+00,9.9621248575359100e-01,9.9862346024484150e-01,0,4096,12288,12288,4096,4.5474735088646412e-13,8.8641473559785015e-16,0.0000000000000000e+00,4.3792833473260484e-03,2.0303915446341966e-01,8.8857658763168388e+00,2.2849932947769682e-02,3.0966209516315847e-03,8.6839353356662110e-14,3.4972025275692431e-13,1.2216076048677238e-15,4.9196695257444116e-15,4.9554202071136792e-04,5.2402526762307389e-14,8.3687832800297019e-15,3.9468184321277832e+01,3.9478417604357432e+01,-2.5921208854304847e-04,-4.1395992834014962e-15,1.2556576131472434e+01,1.2566370614359172e+01,9.7944828867380096e-03,8.7430063189231078e-16,8.7430063189231078e-16,6.6613381477509392e-16,8.7430063189231078e-16,3.1918911957973251e-16,1.8041124150158794e-16,5.2041704279304213e-17,1.4571677198205180e-16,32,3.7410709000000000e-02,3.3639264000000002e-02,8.5582339662447292e-05,2.4922371520000000e+00,2.8775316369999997e+00,5.8188552119999999e+00,5.3535156250000000e+01,5.3535156250000000e+01
exp2_distort,8,2,2,abc,0,int,0.0000000000000000e+00,2.0000000000000000e+00,1.0000000000000001e-01,1,1,1,1.2499999999999996e-01,1.2466645136747069e-01,1.2529100697773868e-01,9.8900282001417639e-01,1.0109971799858235e+00,9.8493552836575804e-01,9.9447100834892510e-01,0,4096,12288,12288,4096,9.0949470177292824e-13,1.7621747167597161e-15,0.0000000000000000e+00,5.5761095220487108e-03,2.0454813391989490e-01,8.8857658763167873e+00,2.3019752800946130e-02,3.9429048556795382e-03,8.8397313210182451e-14,4.1922021409845911e-13,1.2435241154308880e-15,5.8973562314955548e-15,9.9699946366044894e-04,3.6970426720017713e-14,7.7660976533850039e-15,3.9468357818990377e+01,3.9478417604357432e+01,-2.5481734014447011e-04,-2.0877978994546677e-14,1.2556533494977558e+01,1.2566370614359172e+01,9.8371193816149116e-03,6.3837823915946501e-16,6.3837823915946501e-16,6.3837823915946501e-16,4.3021142204224816e-16,2.2898349882893854e-16,1.1102230246251565e-16,2.3592239273284576e-16,9.7144514654701197e-17,34,4.6730029999999999e-02,3.8385644999999996e-02,8.2038126229508213e-05,2.5689226469999999e+00,2.7600128040000000e+00,5.7959662390000002e+00,5.3523437500000000e+01,5.3523437500000000e+01
exp2_distort,8,2,2,abc,0,int,0.0000000000000000e+00,2.0000000000000000e+00,1.4999999999999999e-01,1,1,1,1.2500000000000006e-01,1.2424310834297929e-01,1.2565666966028019e-01,9.7525634503189684e-01,1.0247436549681026e+00,9.6642109411991806e-01,9.8747319302108005e-01,0,4096,12288,12288,4096,4.5474735088646412e-13,8.7214180067938622e-16,0.0000000000000000e+00,7.1667682048884591e-03,2.0712603650907396e-01,8.8857658763167695e+00,2.3309868771258870e-02,5.0676703968687512e-03,8.6662359985386697e-14,4.2277292777725961e-13,1.2191177608050633e-15,5.9473338266777372e-15,1.5102838442082407e-03,4.2299497238218464e-14,7.6422624047025726e-15,3.9468663103352526e+01,3.9478417604357432e+01,-2.4708439691436347e-04,-8.8191462994205797e-15,1.2556461810441023e+01,1.2566370614359172e+01,9.9088039181491894e-03,4.0245584642661925e-16,4.0245584642661925e-16,4.1633363423443370e-17,4.0245584642661925e-16,9.0205620750793969e-17,8.3266726846886741e-17,3.1918911957973251e-16,5.5511151231257827e-17,36,4.7001804000000001e-02,3.8300714999999999e-02,8.6947305376344105e-05,2.6467336090000004e+00,2.8620581249999999e+00,5.9836382769999998e+00,5.3406250000000000e+01,5.3406250000000000e+01
exp2_distort,8,2,2,abc,0,int,0.0000000000000000e+00,2.0000000000000000e+00,2.0000000000000001e-01,1,1,1,1.2500000000000014e-01,1.2364100839360631e-01,1.2616939861386536e-01,9.5601128005670688e-01,1.0439887199432931e+00,9.4107365484566330e-01,9.7751100906636046e-01,0,4096,12288,12288,4096,9.0949470177292824e-13,1.7190471502593624e-15,0.0000000000000000e+00,8.9743091545681740e-03,2.1084849499907041e-01,8.8857658763167109e+00,2.3728792535604191e-02,6.3457948596596786e-03,8.6941991294589990e-14,4.4053649617126212e-13,1.2230514581516989e-15,6.1972218025886130e-15,2.0413106519088457e-03,4.0856207306205761e-14,7.8738487787430749e-15,3.9469121428340934e+01,3.9478417604357432e+01,-2.3547488933477848e-04,-2.1597909304703459e-15,1.2556360142902591e+01,1.2566370614359172e+01,1.0010471456581627e-02,8.3266726846886741e-16,8.3266726846886741e-16,8.3266726846886741e-16,3.3306690738754696e-16,3.8163916471489756e-16,2.6367796834847468e-16,4.5102810375396984e-17,7.6327832942979512e-17,38,4.6766035000000004e-02,3.8460679999999990e-02,8.3125891322314080e-05,2.4319837070000001e+00,2.7926231659999998e+00,5.7024478060000003e+00,5.3582031250000000e+01,5.3582031250000000e+01
exp2_distort,8,2,2,abc,0,int,0.0000000000000000e+00,2.0000000000000000e+00,2.5000000000000000e-01,1,1,1,1.2499999999999979e-01,1.2285223531656370e-01,1.2682811646334705e-01,9.3126762508860228e-01,1.0687323749113968e+00,9.0942862817311043e-01,9.6441074555462436e-01,0,4096,12288,12288,4096,9.0949470177292824e-13,1.6863563887279631e-15,0.0000000000000000e+00,1.0925927050221948e-02,2.1580954254017437e-01,8.8857658763167695e+00,2.4287106541414905e-02,7.7257971079614657e-03,8.6771711792905850e-14,4.0056846728475648e-13,1.2206560610630417e-15,5.6349738567891896e-15,2.5960302338181186e-03,4.9737991503207013e-14,8.2797178177958082e-15,3.9469761728037270e+01,3.9478417604357432e+01,-2.1925590855513164e-04,-7.9192334117246015e-15,1.2556227184632212e+01,1.2566370614359172e+01,1.0143429726960917e-02,4.9960036108132044e-16,4.9960036108132044e-16,5.5511151231257827e-17,4.9960036108132044e-16,1.6653345369377348e-16,2.3592239273284576e-16,1.1796119636642288e-16,3.4694469519536142e-17,40,4.2396482999999999e-02,3.3698188000000004e-02,7.4810685233644725e-05,2.5367394049999996e+00,2.4996621690000000e+00,5.5099910740000002e+00,5.3304687500000000e+01,5.3304687500000000e+01
exp2_distort,8,2,2,abc,0,int,0.0000000000000000e+00,2.0000000000000000e+00,2.9999999999999999e-01,1,1,1,1.2499999999999999e-01,1.2186684086395777e-01,1.2763075671059632e-01,9.0102538012759037e-01,1.0989746198724100e+00,8.7212521931715004e-01,9.4793619227442238e-01,0,4096,12288,12288,4096,9.0949470177292824e-13,1.6461023420310700e-15,0.0000000000000000e+00,1.2994606168960256e-02,2.2212000830443882e-01,8.8857658763167500e+00,2.4997283452679722e-02,9.1885741409203966e-03,8.9545822293161086e-14,4.5474735088646412e-13,1.2596807008474605e-15,6.3971321833172408e-15,3.1804922025540144e-03,3.5860203695392556e-14,8.2364733101348263e-15,3.9470621735166603e+01,3.9478417604357432e+01,-1.9747167348391488e-04,1.5118536513292421e-14,1.2556061256342890e+01,1.2566370614359172e+01,1.0309358016282744e-02,6.5225602696727947e-16,6.5225602696727947e-16,3.3306690738754696e-16,3.0531133177191805e-16,4.1633363423443370e-17,6.5225602696727947e-16,1.6653345369377348e-16,6.2450045135165055e-17,42,4.2123225000000000e-02,3.4305193999999997e-02,8.2031756967213210e-05,2.5737023300000001e+00,2.8405488750000001e+00,5.9170094879999997e+00,5.3394531250000000e+01,5.3394531250000000e+01
exp2_distort,8,2,2,abc,0,int,0.0000000000000000e+00,2.0000000000000000e+00,4.0000000000000002e-01,1,1,1,1.2500000000000000e-01,1.1925374953999987e-01,1.2965504509962972e-01,8.2404512022682730e-01,1.1759548797731729e+00,7.7635182074793141e-01,9.0353589512561516e-01,0,4096,12288,12288,4096,4.5474735088646412e-13,7.7123424710335762e-16,0.0000000000000000e+00,1.7466366026351213e-02,2.3931724329117718e-01,8.8857658763166363e+00,2.6932652359098610e-02,1.2350585859919251e-02,9.0097509610796132e-14,4.4764192352886312e-13,1.2674415304331610e-15,6.2971769929529904e-15,4.4640455746695262e-03,4.7961634663806763e-14,8.1437592798533702e-15,3.9473207646892504e+01,3.9478417604357432e+01,-1.3196976426817407e-04,-2.8797212406271278e-15,1.2555621924464921e+01,1.2566370614359172e+01,1.0748689894251484e-02,4.3021142204224816e-16,4.3021142204224816e-16,2.0816681711721685e-16,6.9388939039072284e-17,5.5511151231257827e-17,4.3021142204224816e-16,1.5092094240998222e-16,2.7755575615628914e-17,46,4.6974959999999996e-02,3.8573891999999943e-02,8.5901766952789651e-05,2.6829787980000002e+00,2.8812759550000000e+00,6.1070331580000001e+00,5.3738281250000000e+01,5.3738281250000000e+01
exp2_distort,8,2,2,abc,0,int,0.0000000000000000e+00,2.0000000000000000e+00,5.0000000000000000e-01,1,1,1,1.2500000000000000e-01,1.1566256267683621e-01,1.3220917259830650e-01,7.2507050035441667e-01,1.2749294996455833e+00,6.5718573056783702e-01,8.4062709344974906e-01,0,4096,12288,12288,4096,9.0949470177292824e-13,1.4072738089181774e-15,0.0000000000000000e+00,2.2437078687702408e-02,2.6370790878492695e-01,8.8857658763167642e+00,2.9677566622342340e-02,1.5865410490090437e-02,9.3725426146381306e-14,5.6488147492927965e-13,1.3184770374744472e-15,7.9464376339643742e-15,5.9480448495133160e-03,5.3290705182007514e-14,8.1477209637777322e-15,3.9477452543274872e+01,3.9478417604357432e+01,-2.4445282793039481e-05,5.3994773261758646e-15,1.2555021349596270e+01,1.2566370614359172e+01,1.1349264762902322e-02,3.4694469519536142e-16,3.4694469519536142e-16,2.0816681711721685e-16,2.4980018054066022e-16,3.4694469519536142e-16,2.3592239273284576e-16,4.3368086899420177e-17,5.5511151231257827e-17,55,4.3656599000000004e-02,4.0300727000000008e-02,8.4795809322033900e-05,2.6579841730000000e+00,2.7182796750000002e+00,5.8975957100000000e+00,5.3394531250000000e+01,5.3394531250000000e+01
exp2_distort,8,2,2,abc,0,int,0.0000000000000000e+00,2.0000000000000000e+00,5.9999999999999998e-01,1,1,1,1.2499999999999989e-01,1.1087472619203297e-01,1.3525056286954887e-01,6.0410152051035815e-01,1.3958984794896396e+00,5.2110526419784420e-01,7.8434038024659747e-01,0,4096,12288,12288,4096,9.0949470177292824e-13,1.2396464882973352e-15,0.0000000000000000e+00,2.8044590436761080e-02,2.9707590603272371e-01,8.8857658763166700e+00,3.3432785667302289e-02,1.9830520073433024e-02,9.3579019602774206e-14,5.8264504332328215e-13,1.3164174718494346e-15,8.1963256098752839e-15,7.7051509290764009e-03,4.6629367034256575e-14,8.0482976258749768e-15,3.9484326855145490e+01,3.9478417604357432e+01,1.4968307107135885e-04,3.4196689732447143e-15,1.2554232924391290e+01,1.2566370614359172e+01,1.2137689967882892e-02,5.6898930012039273e-16,5.6898930012039273e-16,8.3266726846886741e-17,3.0531133177191805e-16,5.6898930012039273e-16,2.3592239273284576e-16,1.4484941024406339e-16,2.4980018054066022e-16,69,4.3154872000000004e-02,3.9822896000000003e-02,8.3232748024947951e-05,2.6498800089999999e+00,2.7950102630000004e+00,6.1152603069999998e+00,5.3539062500000000e+01,5.3539062500000000e+01
exp2_distort,8,2,2,abc,0,int,0.0000000000000000e+00,2.0000000000000000e+00,6.9999999999999996e-01,1,1,1,1.2499999999999999e-01,1.0452785529107315e-01,1.3873101527970078e-01,4.6113818069465251e-01,1.5388618193053423e+00,3.7457200505491889e-01,7.2887498113598237e-01,0,4096,12288,12288,4096,9.0949470177292824e-13,1.0387147344760644e-15,0.0000000000000000e+00,3.4531513023391323e-02,3.4226688338533789e-01,8.8857658763167588e+00,3.8518557449007541e-02,2.4417467023471653e-02,1.0448923528527713e-13,6.8212102632969618e-13,1.4698963029705235e-15,9.5956982749758518e-15,9.8470129691644523e-03,6.0396132539608516e-14,8.7693714502165530e-15,3.9495596700988358e+01,3.9478417604357432e+01,4.3515160113787943e-04,9.3590940320381654e-15,1.2553224330573840e+01,1.2566370614359172e+01,1.3146283785332002e-02,2.6367796834847468e-16,2.6367796834847468e-16,1.2490009027033011e-16,2.6367796834847468e-16,1.8041124150158794e-16,2.6367796834847468e-16,7.1991024253037494e-17,0.0000000000000000e+00,91,4.6811792999999997e-02,3.8585729000000006e-02,9.0553101357466215e-05,2.3800487450000003e+00,2.8729383500000001e+00,5.9767054460000004e+00,5.3507812500000000e+01,5.3507812500000000e+01
exp2_distort,8,2,2,abc,0,int,0.0000000000000000e+00,2.0000000000000000e+00,8.0000000000000004e-01,1,1,1,1.2499999999999990e-01,9.5957988175832329e-02,1.4260024671303434e-01,2.9618048090730542e-01,1.7038195190926919e+00,2.2428370082126872e-01,6.7444748401995391e-01,0,4096,12288,12288,4096,1.8189894035458565e-12,1.6072134991724892e-15,0.0000000000000000e+00,4.2367596113133191e-02,4.0472805274009088e-01,8.8857658763167855e+00,4.5547908686049424e-02,2.9958414514169470e-02,1.1330509947076439e-13,1.1084466677857563e-12,1.5939129649583183e-15,1.5593009696835703e-14,1.2586252959864342e-02,9.3702823278363212e-14,9.1118822579226062e-15,3.9514934436289117e+01,3.9478417604357432e+01,9.2498215854666232e-04,-1.0978937229890926e-14,1.2551957658910128e+01,1.2566370614359172e+01,1.4412955449044418e-02,4.5796699765787707e-16,4.5796699765787707e-16,3.0531133177191805e-16,4.5796699765787707e-16,1.6653345369377348e-16,2.3592239273284576e-16,4.3368086899420177e-17,2.6367796834847468e-16,127,4.6929591000000000e-02,3.8812823999999996e-02,8.2313797530864140e-05,2.6566665089999999e+00,2.8460733499999997e+00,6.3873918190000003e+00,5.3312500000000000e+01,5.3312500000000000e+01
exp2_distort,8,2,2,abc,0,int,0.0000000000000000e+00,2.0000000000000000e+00,9.0000000000000002e-01,1,1,1,1.2500000000000011e-01,8.3707566203959638e-02,1.4680873559235227e-01,9.3812616720414410e-02,1.8907715788516875e+00,7.6416208791220144e-02,6.2239777049805745e-01,0,4096,12288,12288,4096,3.6379788070917130e-12,2.1338029430390448e-15,0.0000000000000000e+00,5.2825657619713563e-02,4.9907166136173325e-01,8.8857658763166505e+00,5.6165294956950822e-02,3.7353380723538547e-02,1.2884553498859217e-13,1.9042545318370685e-12,1.8125271470972183e-15,2.6787991017641272e-14,1.6506401969344782e-02,1.4921397450962104e-13,1.0154219264862530e-14,3.9552624216936316e+01,3.9478417604357432e+01,1.8796754551452255e-03,-1.7818275176380354e-14,1.2550389549985150e+01,1.2566370614359172e+01,1.5981064374022580e-02,4.8572257327350599e-16,4.8572257327350599e-16,2.4980018054066022e-16,4.8572257327350599e-16,4.0245584642661925e-16,4.5796699765787707e-16,6.0715321659188248e-17,0.0000000000000000e+00,213,4.0590625999999998e-02,3.2124023999999994e-02,8.5264471278826133e-05,2.6345087530000000e+00,2.9619714740000003e+00,6.8101644040000000e+00,5.3546875000000000e+01,5.3546875000000000e+01
exp2_distort,8,2,2,abc,0,int,0.0000000000000000e+00,2.0000000000000000e+00,1.0000000000000001e-01,2,1,1,1.2500000000000022e-01,1.2473854880879214e-01,1.2509196839718559e-01,9.8645074061878801e-01,1.0135492593812117e+00,9.7326373778915520e-01,9.8645074061878879e-01,0,4096,12288,12288,4096,4.5474735088646412e-13,8.8261690112276620e-16,0.0000000000000000e+00,8.3292528827055359e-03,2.1426095706303555e-01,8.8857658763167251e+00,2.4112829444911027e-02,5.8896711955787147e-03,8.5290391416626608e-14,3.9790393202565610e-13,1.1998176719346114e-15,5.5974906604026126e-15,3.8440829521947661e-03,3.6637359812630166e-14,7.4052568834780456e-15,3.9469919139341656e+01,3.9478417604357432e+01,-2.1526863363536709e-04,2.1237944149625069e-14,1.2556383581577666e+01,1.2566370614359172e+01,9.9870327815061444e-03,5.2735593669694936e-16,5.2735593669694936e-16,1.2490009027033011e-16,1.6653345369377348e-16,9.7144514654701197e-17,5.2735593669694936e-16,3.8163916471489756e-17,1.5265566588595902e-16,34,4.7502452999999993e-02,3.9288639000000014e-02,9.0786287981859518e-05,2.6965036539999998e+00,2.8831059130000001e+00,6.0526691509999999e+00,5.3660156250000000e+01,5.3660156250000000e+01
exp2_distort,8,2,2,abc,0,int,0.0000000000000000e+00,2.0000000000000000e+00,2.0000000000000001e-01,2,1,1,1.2499999999999999e-01,1.2391661136721294e-01,1.2539728731988514e-01,9.4580296247515427e-01,1.0541970375248455e+00,8.9717854329756963e-01,9.4580296247515527e-01,0,4096,12288,12288,4096,4.5474735088646412e-13,8.6528418038596052e-16,0.0000000000000000e+00,1.5403643104775594e-02,2.4860538702857404e-01,8.8857658763167411e+00,2.7977935778297144e-02,1.0892020494364246e-02,8.4222024254456799e-14,4.8316906031686813e-13,1.1847884783760452e-15,6.7969529447745747e-15,7.9575723410034247e-03,2.5424107263916085e-14,6.8855342434178792e-15,3.9475910145522150e+01,3.9478417604357432e+01,-6.3514674281308823e-05,-1.5478501668370814e-14,1.2555762293743552e+01,1.2566370614359172e+01,1.0608320615620670e-02,2.2204460492503131e-16,2.2204460492503131e-16,2.2204460492503131e-16,1.3877787807814457e-16,6.2450045135165055e-17,1.6653345369377348e-16,9.0205620750793969e-17,2.7755575615628914e-17,37,4.7090487000000000e-02,3.8763866000000001e-02,5.5406072022160606e-05,2.6294788549999999e+00,2.7469126460000002e+00,5.8568458769999996e+00,5.3289062500000000e+01,5.3289062500000000e+01
exp2_distort,8,2,2,abc,0,int,0.0000000000000000e+00,2.0000000000000000e+00,2.9999999999999999e-01,2,1,1,1.2499999999999999e-01,1.2246392022943711e-01,1.2595779861530765e-01,8.7805666556909445e-01,1.1219433344309040e+00,7.8262122392703704e-01,8.7805666556909934e-01,0,4096,12288,12288,4096,9.0949470177292824e-13,1.6704160199652258e-15,0.0000000000000000e+00,2.3158830618781032e-02,3.0431915141971572e-01,8.8857658763168690e+00,3.4247937167781350e-02,1.6375766174890651e-02,8.8195508946188251e-14,4.8139270347746788e-13,1.2406852455630009e-15,6.7719641471833940e-15,1.2599705251364595e-02,6.0396132539608516e-14,9.0120006140499981e-15,3.9488036622525343e+01,3.9478417604357432e+01,2.4365257656246218e-04,-2.5197560855487368e-15,1.2554722853949835e+01,1.2566370614359172e+01,1.1647760409337238e-02,2.4980018054066022e-16,2.4980018054066022e-16,2.4980018054066022e-16,1.3877787807814457e-16,3.4694469519536142e-17,2.7755575615628914e-17,2.3592239273284576e-16,4.8572257327350599e-17,41,4.3057048000000001e-02,3.9028413999999997e-02,8.4433464135021252e-05,2.6452524970000000e+00,2.8303825469999997e+00,5.9799030289999999e+00,5.3406250000000000e+01,5.3406250000000000e+01
exp2_distort,8,2,2,abc,0,int,0.0000000000000000e+00,2.0000000000000000e+00,4.0000000000000002e-01,2,1,1,1.2499999999999988e-01,1.2028502851761673e-01,1.2681109449073022e-01,7.8321184990061732e-01,1.2167881500993827e+00,6.4367149683093805e-01,7.8321184990061865e-01,0,4096,12288,12288,4096,4.5474735088646412e-13,7.9141614240562606e-16,0.0000000000000000e+00,3.1598572062447185e-02,3.8135149462470525e-01,8.8857658763167962e+00,4.2917121600189824e-02,2.2343564581168106e-02,8.7335785513988184e-14,4.5830006456526462e-13,1.2285911356662555e-15,6.4471097784993680e-15,1.8022630287338484e-02,3.5527136788005009e-14,7.8033327180829166e-15,3.9509830109921317e+01,3.9478417604357432e+01,7.9568806122609788e-04,9.5390766095773617e-15,1.2553259331420584e+01,1.2566370614359172e+01,1.3111282938588431e-02,4.4408920985006262e-16,4.4408920985006262e-16,4.4408920985006262e-16,1.1102230246251565e-16,2.1510571102112408e-16,6.9388939039072284e-17,2.9143354396410359e-16,1.4571677198205180e-16,44,4.7564526999999995e-02,3.7442775999999997e-02,8.2519602061855774e-05,2.7482417340000000e+00,2.9831732990000002e+00,6.2355135270000002e+00,5.3691406250000000e+01,5.3691406250000000e+01
exp2_distort,8,2,2,abc,0,int,0.0000000000000000e+00,2.0000000000000000e+00,5.9999999999999998e-01,2,1,1,1.2500000000000003e-01,1.1315150380376204e-01,1.2951646268080960e-01,5.1222666227639035e-01,1.4877733377236098e+00,3.4429079301833093e-01,5.1222666227639246e-01,0,4096,12288,12288,4096,9.0949470177292824e-13,1.3175926514047263e-15,0.0000000000000000e+00,5.1519806545963207e-02,6.0919137665621370e-01,8.8857658763166985e+00,6.8558117008225061e-02,3.6430004574069662e-02,9.5760818028986755e-14,5.8264504332328215e-13,1.3471097956257607e-15,8.1963256098752649e-15,3.2372325465390435e-02,4.2188474935755949e-14,8.0513026290665819e-15,3.9609297447272141e+01,3.9478417604357432e+01,3.3152251497603849e-03,1.9438118374233113e-14,1.2549024565291663e+01,1.2566370614359172e+01,1.7346049067509028e-02,3.8857805861880479e-16,3.8857805861880479e-16,3.8857805861880479e-16,1.3877787807814457e-16,2.7755575615628914e-17,1.6653345369377348e-16,2.7755575615628914e-17,4.1633363423443370e-17,55,4.2029185999999996e-02,3.3875837999999998e-02,7.0343033975481581e-05,2.5296964009999998e+00,2.8436138249999994e+00,5.9177742080000000e+00,5.3617187500000000e+01,5.3617187500000000e+01
exp2_distort,8,2,2,abc,0,int,0.0000000000000000e+00,2.0000000000000000e+00,8.0000000000000004e-01,2,1,1,1.2499999999999999e-01,1.0035784769186733e-01,1.3367930642052733e-01,1.3284739960246761e-01,1.8671526003975307e+00,7.1149727973055688e-02,1.3284739960247438e-01,0,4096,12288,12288,4096,9.0949470177292824e-13,9.1929350043880541e-16,0.0000000000000000e+00,7.9290410227926461e-02,9.9489764489168853e-01,8.8857658763167855e+00,1.1196532282528254e-01,5.6066786755230316e-02,1.0902735026416994e-13,1.3784529073745944e-12,1.5337359742219900e-15,1.9391306930680307e-14,5.5407813373669013e-02,8.3488771451811772e-14,9.6271657483973421e-15,3.9899462153125477e+01,3.9478417604357432e+01,1.0665183011833071e-02,1.4758571358214032e-14,1.2542963847135450e+01,1.2566370614359172e+01,2.3406767223722369e-02,5.3429483060085659e-16,5.3429483060085659e-16,3.6082248300317588e-16,2.9143354396410359e-16,5.3429483060085659e-16,2.7755575615628914e-16,7.6327832942979512e-17,4.4755865680201623e-16,86,4.7321948000000003e-02,3.8375950999999998e-02,8.3338567213114741e-05,2.6289900350000002e+00,2.7906718450000003e+00,6.1172098820000000e+00,5.3343750000000000e+01,5.3343750000000000e+01
exp2_distort,8,2,2,abc,0,int,0.0000000000000000e+00,2.0000000000000000e+00,1.0000000000000001e-01,3,1,1,1.2499999999999999e-01,1.2456807561938159e-01,1.2524596384015860e-01,9.8162440149022556e-01,1.0109971799858235e+00,9.8010317460247187e-01,9.9470764836168890e-01,0,4096,12288,12288,4096,4.5474735088646412e-13,8.7900317502350776e-16,0.0000000000000000e+00,6.6713194942026920e-03,2.0748627056186786e-01,8.8857658763166523e+00,2.3350409345679893e-02,4.7173352538127308e-03,8.8101863008681746e-14,4.4053649617126212e-13,1.2393678867274228e-15,6.1972218025886445e-15,2.1620536729820643e-03,3.5527136788005009e-14,7.4621549163414721e-15,3.9468815273102003e+01,3.9478417604357432e+01,-2.4322989213148102e-04,1.2238815272665293e-14,1.2556486579855799e+01,1.2566370614359172e+01,9.8840345033739396e-03,7.7715611723760958e-16,7.7715611723760958e-16,7.7715611723760958e-16,2.0816681711721685e-16,2.0816681711721685e-17,4.9960036108132044e-16,5.2041704279304213e-17,7.6327832942979512e-17,35,4.7955313999999999e-02,3.8954415999999999e-02,7.9418448015872967e-05,2.7041285679999998e+00,2.8318988459999996e+00,6.0073513380000003e+00,5.3363281250000000e+01,5.3363281250000000e+01
exp2_distort,8,2,2,abc,0,int,0.0000000000000000e+00,2.0000000000000000e+00,2.0000000000000001e-01,3,1,1,1.2499999999999993e-01,1.2322952204185134e-01,1.2598475818881844e-01,9.2649746526762466e-01,1.0439887199432931e+00,9.1893997764276392e-01,9.8013872295354376e-01,0,4096,12288,12288,4096,9.0949470177292824e-13,1.7019408624587339e-15,0.0000000000000000e+00,1.1648376036112171e-02,2.2269168430248698e-01,8.8857658763166789e+00,2.5061619606254693e-02,8.2366456849457641e-03,8.6310006525743506e-14,4.9027448767446913e-13,1.2141610487930251e-15,6.8969081351389522e-15,4.4489862253303761e-03,3.5527136788005009e-14,7.6328441996509910e-15,3.9471153242626897e+01,3.9478417604357432e+01,-1.8400843223596606e-04,-3.9596167058623007e-15,1.2556190396515118e+01,1.2566370614359172e+01,1.0180217844053985e-02,7.7715611723760958e-16,7.7715611723760958e-16,6.9388939039072284e-17,7.7715611723760958e-16,9.0205620750793969e-17,5.4123372450476381e-16,5.2041704279304213e-17,2.3592239273284576e-16,40,4.7079950999999995e-02,3.7997820999999994e-02,8.7158207826086901e-05,2.6446778740000001e+00,2.4726910979999999e+00,5.5748615609999996e+00,5.3648437500000000e+01,5.3648437500000000e+01
exp2_distort,8,2,2,abc,0,int,0.0000000000000000e+00,2.0000000000000000e+00,2.9999999999999999e-01,3,1,1,1.2499999999999994e-01,1.2079403325251239e-01,1.2720910986767026e-01,8.3461898029224957e-01,1.0989746198724100e+00,8.1582289819503484e-01,9.5824946262416799e-01,0,4096,12288,12288,4096,9.0949470177292824e-13,1.6030114357889099e-15,0.0000000000000000e+00,1.7318451849948620e-02,2.4931308918287523e-01,8.8857658763167251e+00,2.8057580252859309e-02,1.2245994742751308e-02,8.7529022406580608e-14,4.2632564145606011e-13,1.2313094845300856e-15,5.9973114218599283e-15,6.9941610773293023e-03,4.2632564145606011e-14,7.4011677134666886e-15,3.9475937787091254e+01,3.9478417604357432e+01,-6.2814505156453125e-05,8.6391637218813834e-15,1.2555714968349886e+01,1.2566370614359172e+01,1.0655646009286812e-02,1.5265566588595902e-16,1.5265566588595902e-16,2.7755575615628914e-17,1.5265566588595902e-16,1.4571677198205180e-16,1.3877787807814457e-16,5.8980598183211441e-17,9.7144514654701197e-17,44,4.6455987999999997e-02,3.1812940999999997e-02,9.7502760096153921e-05,2.3053540299999997e+00,2.6447844620000001e+00,5.4195002280000004e+00,5.3585937500000000e+01,5.3585937500000000e+01
exp2_distort,8,2,2,abc,0,int,0.0000000000000000e+00,2.0000000000000000e+00,4.0000000000000002e-01,3,1,1,1.2499999999999990e-01,1.1702738289569216e-01,1.2890108385711807e-01,7.0598873552413544e-01,1.1759548797731729e+00,6.7299802743258152e-01,9.3085844961930686e-01,0,4096,12288,12288,4096,9.0949470177292824e-13,1.4576815343259905e-15,0.0000000000000000e+00,2.3630155936607385e-02,2.8936918338602990e-01,8.8857658763166789e+00,3.2565474649437758e-02,1.6709043503270675e-02,9.1266767024120407e-14,4.6895820560166612e-13,1.2838899917925837e-15,6.5970425640459531e-15,9.9550614483577722e-03,5.0404125317982107e-14,8.0403915806730989e-15,3.9484652213226155e+01,3.9478417604357432e+01,1.5792448753152070e-04,-7.5592682566462105e-15,1.2555057485563870e+01,1.2566370614359172e+01,1.1313128795302774e-02,3.9204750557075840e-16,3.9204750557075840e-16,1.6653345369377348e-16,8.3266726846886741e-17,2.9837243786801082e-16,1.5265566588595902e-16,3.9204750557075840e-16,1.6653345369377348e-16,52,4.7622749999999998e-02,3.9125738000000000e-02,8.4597286680761043e-05,2.7036478940000004e+00,2.9561999469999996e+00,6.2269842500000001e+00,5.3601562500000000e+01,5.3601562500000000e+01
exp2_distort,8,2,2,abc,0,int,0.0000000000000000e+00,2.0000000000000000e+00,5.9999999999999998e-01,3,1,1,1.2500000000000014e-01,1.0362605075555612e-01,1.3357405066663325e-01,3.3847212244994673e-01,1.3958984794896396e+00,2.9520967599170195e-01,8.6558920214453339e-01,0,4096,12288,12288,4096,9.0949470177292824e-13,1.0120617590397447e-15,0.0000000000000000e+00,3.9247338671103568e-02,4.2706187493839670e-01,8.8857658763167446e+00,4.8061346751960443e-02,2.7752059317862558e-02,1.0669863530622948e-13,1.7124079931818414e-12,1.5009769105921101e-15,2.4089200877804032e-14,1.8198170055462603e-02,1.1013412404281553e-13,9.2453389055764750e-15,3.9527724653413749e+01,3.9478417604357432e+01,1.2489621430742130e-03,-1.2598780427743684e-15,1.2553080426168103e+01,1.2566370614359172e+01,1.3290188191069419e-02,3.8163916471489756e-16,3.8163916471489756e-16,1.9428902930940239e-16,2.7755575615628914e-17,3.8163916471489756e-16,8.3266726846886741e-17,6.2450045135165055e-17,8.3266726846886741e-17,102,4.3851748000000003e-02,4.2978200999999994e-02,9.2885125290023178e-05,2.7088069520000002e+00,2.5867568839999997e+00,6.0658459520000001e+00,5.3308593750000000e+01,5.3308593750000000e+01
exp2_distort,8,2,2,abc,0,int,0.0000000000000000e+00,2.0000000000000000e+00,8.0000000000000004e-01,3,1,0,1.2499999999999993e-01,7.1580246746905274e-02,1.3972523172114734e-01,-1.7605406227452244e-01,1.7038195190926919e+00,-1.7974263096601131e-01,7.7310165255358376e-01,360,nan,nan,nan,nan,nan,nan,nan,nan,nan,nan,nan,nan,nan,nan,nan,nan,nan,nan,nan,nan,nan,nan,nan,nan,nan,nan,nan,nan,nan,nan,nan,nan,nan,nan,nan,4.6935116999999998e-02,nan,nan,nan,nan,4.7022369000000001e-02,nan,nan
exp2_distort,16,2,1,abc,0,int,0.0000000000000000e+00,2.0000000000000000e+00,0.0000000000000000e+00,1,1,1,6.2499999999999993e-02,6.2500000000000014e-02,6.2500000000000014e-02,9.9999999999999556e-01,1.0000000000000053e+00,9.9999999999999312e-01,1.0000000000000000e+00,0,32768,98304,98304,32768,3.6379788070917130e-12,8.8817841970012582e-16,0.0000000000000000e+00,4.9143021334480325e-04,5.0959653832467644e-02,8.8857658763163681e+00,5.7349759763863127e-03,3.4749363633607502e-04,3.2816089662022464e-13,1.8385293287792592e-12,2.3081922621245753e-15,1.2931702753385994e-14,8.9768684246372598e-16,5.3290705182007514e-14,1.0177128844825175e-14,3.9477767860837425e+01,3.9478417604357432e+01,-1.6458195627773757e-05,nan,1.2565750866815165e+01,1.2566370614359172e+01,6.1974754400750953e-04,1.2594092435591620e-15,1.2594092435591620e-15,1.2594092435591620e-15,5.6205040621648550e-16,3.5735303605122226e-16,5.6551985316843911e-16,2.1944251971106610e-16,6.8695049648681561e-16,28,1.2673645200000000e-01,2.9714235899999997e-01,8.7584169787233992e-04,7.1122347899999996e+00,5.3325219439999998e+00,1.3907370710000000e+01,1.1061718750000000e+02,1.1061718750000000e+02
exp2_distort,16,2,1,abc,0,int,0.0000000000000000e+00,2.0000000000000000e+00,5.0000000000000003e-02,1,1,1,6.2499999999999840e-02,6.2453443999219288e-02,6.2545767414417239e-02,9.9736002554318515e-01,1.0024432607287006e+00,9.9814690021505637e-01,9.9995910619986650e-01,0,32768,98304,98304,32768,7.2759576141834259e-12,1.7723901922284809e-15,0.0000000000000000e+00,5.3247087312466594e-04,5.1037065088121933e-02,8.8857658763166967e+00,5.7436878034510712e-03,3.7651376517077925e-04,3.2836419007555550e-13,1.8758328224066645e-12,2.3096221716151275e-15,1.3194085128091856e-14,1.0085156304280703e-15,8.5265128291212022e-14,1.5179099935147227e-14,3.9477771805500687e+01,3.9478417604357432e+01,-1.6358276140061939e-05,nan,1.2565750865801665e+01,1.2566370614359172e+01,6.1974855750790425e-04,1.2420620087993939e-15,1.2420620087993939e-15,6.9388939039072284e-17,1.2420620087993939e-15,1.0026701691145945e-15,4.7531423241764514e-16,1.2034644114589099e-17,3.8163916471489756e-17,34,1.1156097800000001e-01,2.7944341200000000e-01,9.8332424878048736e-04,5.9706765969999998e+00,6.5815089969999994e+00,1.4204569183000000e+01,1.1089453125000000e+02,1.1089453125000000e+02
exp2_distort,16,2,1,abc,0,int,0.0000000000000000e+00,2.0000000000000000e+00,1.0000000000000001e-01,1,1,1,6.2499999999999868e-02,6.2313221999530100e-02,6.2682803612639365e-02,9.8926606797771144e-01,1.0097730429147949e+00,9.9240220501219678e-01,9.9983784958133215e-01,0,32768,98304,98304,32768,7.2759576141834259e-12,1.7604787347960205e-15,0.0000000000000000e+00,6.4398189547840319e-04,5.1269933583412378e-02,8.8857658763167535e+00,5.7698947166796525e-03,4.5536396525414899e-04,3.2857907217593523e-13,1.8758328224066645e-12,2.3111335924043477e-15,1.3194085128091777e-14,1.0020757145554825e-15,8.5265128291212022e-14,1.5428521720521987e-14,3.9477783669792366e+01,3.9478417604357432e+01,-1.6057750121066532e-05,nan,1.2565750850604964e+01,1.2566370614359172e+01,6.1976375420869090e-04,8.7083118494035716e-16,8.7083118494035716e-16,2.4286128663675299e-16,8.7083118494035716e-16,4.2327252813834093e-16,5.2041704279304213e-17,5.5413573035734132e-16,1.4918621893400541e-16,36,1.0376077300000000e-01,2.4243884300000004e-01,8.8947588888888874e-04,6.5399727860000008e+00,5.3242214369999994e+00,1.3433881139000000e+01,1.1055078125000000e+02,1.1055078125000000e+02
exp2_distort,16,2,1,abc,0,int,0.0000000000000000e+00,2.0000000000000000e+00,1.4999999999999999e-01,1,1,1,6.2500000000000236e-02,6.2077855381677427e-02,6.2910119154426944e-02,9.7545707601103460e-01,1.0219893465582903e+00,9.8245777385918753e-01,9.9963820379332546e-01,0,32768,98304,98304,32768,7.2759576141834259e-12,1.7406051932271384e-15,0.0000000000000000e+00,8.0293950187564165e-04,5.1660221895966127e-02,8.8857658763167997e+00,5.8138175836543174e-03,5.6776396665882210e-04,3.3193070340632818e-13,1.7905676941154525e-12,2.3347080321111034e-15,1.2594353985905798e-14,1.0123639109884396e-15,9.1260332624187868e-14,1.5299574183960166e-14,3.9477803549118420e+01,3.9478417604357432e+01,-1.5554200909622307e-05,nan,1.2565750784754014e+01,1.2566370614359172e+01,6.1982960515827301e-04,7.7021722333370235e-16,7.7021722333370235e-16,6.2796989830360417e-16,7.7021722333370235e-16,2.0816681711721685e-16,3.4694469519536142e-16,6.4835289914633165e-17,3.1571967262777889e-16,38,1.2362768400000000e-01,2.9249802999999996e-01,8.5297072916666887e-04,5.9861545180000002e+00,5.9402498470000005e+00,1.3742797133000000e+01,1.1053906250000000e+02,1.1053906250000000e+02
exp2_distort,16,2,1,abc,0,int,0.0000000000000000e+00,2.0000000000000000e+00,2.0000000000000001e-01,1,1,1,6.2499999999999951e-02,6.1744953199452605e-02,6.3225970533920609e-02,9.5567199835061045e-01,1.0390921716591794e+00,9.6795938372818990e-01,9.9936193649606264e-01,0,32768,98304,98304,32768,7.2759576141834259e-12,1.7127522936461063e-15,0.0000000000000000e+00,9.9298140543376922e-04,5.2211445335717352e-02,8.8857658763166931e+00,5.8758520157364217e-03,7.0214388537438331e-04,3.2938902357961206e-13,1.8296475445822580e-12,2.3168305647795589e-15,1.2869230759407805e-14,1.0157733688167090e-15,7.8159700933611020e-14,1.5237310407579099e-14,3.9477831620379376e+01,3.9478417604357432e+01,-1.4843147563008189e-05,nan,1.2565750607475026e+01,1.2566370614359172e+01,6.2000688414620697e-04,1.0547118733938987e-15,1.0547118733938987e-15,1.0547118733938987e-15,9.7144514654701197e-17,4.0245584642661925e-16,6.4184768611141862e-16,7.1947656166138074e-16,2.5326962749261384e-16,40,1.2765414900000005e-01,2.7944613200000001e-01,8.7108833478260800e-04,7.1613299860000001e+00,6.4026435159999995e+00,1.5501031676000000e+01,1.1067968750000000e+02,1.1067968750000000e+02
exp2_distort,16,2,1,abc,0,int,0.0000000000000000e+00,2.0000000000000000e+00,2.5000000000000000e-01,1,1,1,6.2500000000000083e-02,6.1311118619166535e-02,6.3627922146904381e-02,9.2964978370389384e-01,1.0610815182174702e+00,9.4849783958563738e-01,9.9901062303923804e-01,0,32768,98304,98304,32768,7.2759576141834259e-12,1.6769027621771908e-15,0.0000000000000000e+00,1.2059893137170426e-03,5.2929097660554494e-02,8.8857658763168814e+00,5.9566162779086653e-03,8.5276322176783509e-04,3.3400488937516916e-13,1.9966250874858815e-12,2.3492972779742922e-15,1.4043704246188445e-14,1.0081752666678381e-15,7.6161299489285739e-14,1.4882703114741912e-14,3.9477868173201223e+01,3.9478417604357432e+01,-1.3917253769265180e-05,nan,1.2565750233704263e+01,1.2566370614359172e+01,6.2038065490988004e-04,9.1246454836380053e-16,9.1246454836380053e-16,8.4654505627668186e-16,1.9081958235744878e-16,7.7368667028565596e-16,9.1246454836380053e-16,3.8380756905986857e-17,1.6653345369377348e-16,42,1.2824607200000002e-01,2.9649005800000006e-01,9.3621619999999922e-04,6.7561158969999999e+00,5.9062107709999996e+00,1.3948006486000001e+01,1.1080468750000000e+02,1.1080468750000000e+02
exp2_distort,16,2,1,abc,0,int,0.0000000000000000e+00,2.0000000000000000e+00,2.9999999999999999e-01,1,1,1,6.2500000000000000e-02,6.0771808530394017e-02,6.4112928746966780e-02,8.9709733619746757e-01,1.0879573862331546e+00,9.2359805625160762e-01,9.9858565864071169e-01,0,32768,98304,98304,32768,7.2759576141834259e-12,1.6330393249446631e-15,0.0000000000000000e+00,1.4386596153558695e-03,5.3821285013003740e-02,8.8857658763168903e+00,6.0570226317185416e-03,1.0172859698373800e-03,3.3335544334612407e-13,1.9042545318370685e-12,2.3447292556585623e-15,1.3393995508820264e-14,1.0286971510298256e-15,9.4591001698063337e-14,1.5413022080836836e-14,3.9477913658601743e+01,3.9478417604357432e+01,-1.2765095114485895e-05,nan,1.2565749554107123e+01,1.2566370614359172e+01,6.2106025204933246e-04,9.9920072216264089e-16,9.9920072216264089e-16,9.9920072216264089e-16,5.3776427755281020e-16,9.5409791178724390e-17,3.6429192995512949e-16,2.6172640443800077e-16,9.0205620750793969e-17,44,5.2490160000000001e-02,1.1962433300000000e-01,8.8984785333333133e-04,5.3418161269999995e+00,5.5237600580000006e+00,1.2411172645000001e+01,1.1072265625000000e+02,1.1072265625000000e+02
exp2_distort,16,2,1,abc,0,int,0.0000000000000000e+00,2.0000000000000000e+00,4.0000000000000002e-01,1,1,1,6.2499999999999861e-02,5.9351569496545645e-02,6.5317468160762587e-02,8.1068279831774293e-01,1.1565164544832771e+00,8.5516939354265997e-01,9.9751952103679487e-01,0,32768,98304,98304,32768,7.2759576141834259e-12,1.5212016376858521e-15,0.0000000000000000e+00,1.9615623541095048e-03,5.6180137605264434e-02,8.8857658763168672e+00,6.3224868162462767e-03,1.3870340423110855e-03,3.4449220678308775e-13,2.0605739337042905e-12,2.4230621449670015e-15,1.4493502602827903e-14,1.0432955193432335e-15,8.6153306710912148e-14,1.5395638924632111e-14,3.9478034488780757e+01,3.9478417604357432e+01,-9.7044309251242894e-06,nan,1.2565746718902144e+01,1.2566370614359172e+01,6.2389545702856708e-04,1.9290125052862095e-15,1.9290125052862095e-15,1.2559397966072083e-15,3.8163916471489756e-17,1.9290125052862095e-15,1.3877787807814457e-16,3.7643499428696714e-16,5.9327542878406803e-16,48,1.2815291700000001e-01,3.0627681200000001e-01,9.6315063809523428e-04,7.4176636110000000e+00,6.7469525170000004e+00,1.6330284596999999e+01,1.1094531250000000e+02,1.1094531250000000e+02
exp2_distort,16,2,1,abc,0,int,0.0000000000000000e+00,2.0000000000000000e+00,5.0000000000000000e-01,1,1,1,6.2499999999999771e-02,5.7414979668536939e-02,6.6806877875325729e-02,6.9422447752775529e-01,1.2501119952531929e+00,7.5694696263559491e-01,9.9617146529149747e-01,0,32768,98304,98304,32768,7.2759576141834259e-12,1.3771010408638280e-15,0.0000000000000000e+00,2.5718751252668073e-03,5.9444501429100523e-02,8.8857658763170591e+00,6.6898568178052056e-03,1.8185903414411481e-03,3.5717154601294489e-13,2.7871038810189930e-12,2.5122450823632804e-15,1.9603711710203841e-14,1.0905232275135292e-15,9.9253938401488995e-14,1.5875597684245878e-14,3.9478204431253445e+01,3.9478417604357432e+01,-5.3997378041613823e-06,nan,1.2565740742878843e+01,1.2566370614359172e+01,6.2987148032966900e-04,7.8756445809347042e-16,7.8756445809347042e-16,3.5041414214731503e-16,7.8756445809347042e-16,5.4817261840867104e-16,3.2265856653168612e-16,4.6664061503776111e-16,1.3530843112619095e-16,61,1.2794722900000002e-01,2.8656948900000001e-01,9.1426564545454738e-04,6.9856172490000006e+00,6.7316202350000003e+00,1.6270271669000000e+01,1.1063671875000000e+02,1.1063671875000000e+02
exp2_distort,16,2,1,abc,0,int,0.0000000000000000e+00,2.0000000000000000e+00,5.9999999999999998e-01,1,1,1,6.2500000000000153e-02,5.4849075741275836e-02,6.8545246512750846e-02,5.4533019906501323e-01,1.3681605237418204e+00,6.2082011048479779e-01,9.9454712863415828e-01,0,32768,98304,98304,32768,7.2759576141834259e-12,1.2005993434727449e-15,0.0000000000000000e+00,3.2975605186860639e-03,6.3902255176894018e-02,8.8857658763167962e+00,7.1915303718740210e-03,2.3317274041359491e-03,3.7378786865960255e-13,3.6664005165221170e-12,2.6291196635611560e-15,2.5788439113997557e-14,1.1164495502728395e-15,1.0236256287043943e-13,1.6180040475830166e-14,3.9478445223235674e+01,3.9478417604357432e+01,6.9959435859353633e-07,nan,1.2565729880927446e+01,1.2566370614359172e+01,6.4073343172665886e-04,5.8286708792820718e-16,5.8286708792820718e-16,2.4286128663675299e-17,2.3939183968479938e-16,2.7929047963226594e-16,4.0245584642661925e-16,4.1633363423443370e-16,5.8286708792820718e-16,80,1.2857532400000002e-01,3.0540547200000001e-01,8.5047372083333348e-04,7.3324113369999999e+00,5.7282753080000006e+00,1.5711439447000000e+01,1.1077343750000000e+02,1.1077343750000000e+02
exp2_distort,16,2,1,abc,0,int,0.0000000000000000e+00,2.0000000000000000e+00,6.9999999999999996e-01,1,1,1,6.2499999999999896e-02,5.1460741444642216e-02,7.0496326618054161e-02,3.6160778816702449e-01,1.5119952483786983e+00,4.3494041822302815e-01,9.9265004505353172e-01,0,32768,98304,98304,32768,7.2759576141834259e-12,9.9155835450677417e-16,0.0000000000000000e+00,4.1906324173133181e-03,7.0081841840279782e-02,8.8857658763167500e+00,7.8869782093931896e-03,2.9632245997423773e-03,3.9497117619383297e-13,5.1363358011258242e-12,2.7781171432739822e-15,3.6127554117308153e-14,1.1804029923705133e-15,1.6120438317557273e-13,1.7660348582504344e-14,3.9478803023680001e+01,3.9478417604357432e+01,9.7627854903346200e-06,nan,1.2565712003420190e+01,1.2566370614359172e+01,6.5861093898256229e-04,1.3496148643099559e-15,1.3496148643099559e-15,8.3093254499289060e-16,4.6490589156178430e-16,1.3496148643099559e-15,6.9735883734267645e-16,1.1015494072452725e-16,9.3675067702747583e-17,109,1.0508754899999999e-01,2.3934045900000006e-01,8.2406432653061310e-04,6.9555659369999994e+00,6.5641615450000002e+00,1.7046351477999998e+01,1.1068359375000000e+02,1.1068359375000000e+02
exp2_distort,16,2,1,abc,0,int,0.0000000000000000e+00,2.0000000000000000e+00,8.0000000000000004e-01,1,1,1,6.2500000000000000e-02,4.6884158476633860e-02,7.2625647356813205e-02,1.4066507007129958e-01,1.6829493775933648e+00,1.8133063562085219e-01,9.9048179802884873e-01,0,32768,98304,98304,32768,1.4551915228366852e-11,1.4996797659201370e-15,0.0000000000000000e+00,5.3544919757972887e-03,7.9041738600186540e-02,8.8857658763168850e+00,8.8953208648964565e-03,3.7861975858951517e-03,4.3480695512391219e-13,5.6843418860808015e-12,3.0583109068487658e-15,3.9982076145732153e-14,1.2324506186485632e-15,2.2204460492503131e-13,1.7834953781160698e-14,3.9479384957080839e+01,3.9478417604357432e+01,2.4503330733811309e-05,nan,1.2565684598180821e+01,1.2566370614359172e+01,6.8601617835106765e-04,7.3899220076611982e-16,7.3899220076611982e-16,3.0531133177191805e-16,6.6960326172704754e-16,7.3899220076611982e-16,5.3776427755281020e-16,3.5561831257524545e-17,2.4286128663675299e-17,156,1.2940441699999999e-01,2.8867191999999997e-01,8.9209236444444590e-04,7.2738529370000000e+00,5.5019842949999997e+00,1.8065758352000000e+01,1.1082812500000000e+02,1.1082812500000000e+02
exp2_distort,16,2,1,abc,0,int,0.0000000000000000e+00,2.0000000000000000e+00,1.0000000000000001e-01,2,1,1,6.2499999999999674e-02,6.2357816231788189e-02,6.2624126950540940e-02,9.8732543341198631e-01,1.0097844390282029e+00,9.8732543341198631e-01,9.9797683111956292e-01,0,32768,98304,98304,32768,7.2759576141834259e-12,1.7642610810714413e-15,0.0000000000000000e+00,6.3533119037292461e-04,5.1927729474654627e-02,8.8857658763164924e+00,5.8439227633781364e-03,4.4924699301201071e-04,3.3272551780817765e-13,2.1316282072803006e-12,2.3402985350353955e-15,1.4993278554650142e-14,9.8893706037086026e-16,8.1712414612411521e-14,1.4718733310350171e-14,3.9477817621758781e+01,3.9478417604357432e+01,-1.5197736765023236e-05,nan,1.2565750853945728e+01,1.2566370614359172e+01,6.1976041344458110e-04,1.4294121442048890e-15,1.4294121442048890e-15,1.2281842209915794e-15,1.4294121442048890e-15,1.8735013540549517e-16,1.6306400674181987e-16,3.9638431426070042e-16,6.4531713306337224e-16,36,1.2460573000000000e-01,3.0326016299999992e-01,8.5137579574467992e-04,7.2796654099999998e+00,5.7788296140000011e+00,1.4698552109000000e+01,1.1053515625000000e+02,1.1053515625000000e+02
exp2_distort,16,2,1,abc,0,int,0.0000000000000000e+00,2.0000000000000000e+00,2.0000000000000001e-01,2,1,1,6.2499999999999854e-02,6.1921850917493096e-02,6.2998877141289530e-02,9.4723763544422535e-01,1.0391377561128050e+00,9.4723763544422535e-01,9.9212875253198973e-01,0,32768,98304,98304,32768,7.2759576141834259e-12,1.7275154842148485e-15,0.0000000000000000e+00,9.5256480228574720e-04,5.4782497258799009e-02,8.8857658763167411e+00,6.1651970152410800e-03,6.7356503121587385e-04,3.3220563151028998e-13,2.1671553440683056e-12,2.3366417997499087e-15,1.5243166530560592e-14,9.8705190492081669e-16,6.8167693711984612e-14,1.4986404546152198e-14,3.9477969331291057e+01,3.9478417604357432e+01,-1.1354889420031238e-05,nan,1.2565750660912983e+01,1.2566370614359172e+01,6.1995344618992476e-04,1.0061396160665481e-15,1.0061396160665481e-15,1.0061396160665481e-15,6.5225602696727947e-16,5.4296844798074062e-16,2.9143354396410359e-16,8.3613671542082102e-16,6.5919492087118670e-17,39,1.0395991300000004e-01,2.4012224800000004e-01,9.5254922380952421e-04,6.8845619579999999e+00,6.8793413440000002e+00,1.5608674255000000e+01,1.1082812500000000e+02,1.1082812500000000e+02
exp2_distort,16,2,1,abc,0,int,0.0000000000000000e+00,2.0000000000000000e+00,2.9999999999999999e-01,2,1,1,6.2500000000000083e-02,6.1171007113111790e-02,6.3623243603558144e-02,8.7664045879113095e-01,1.0880599512538129e+00,8.7664045879113095e-01,9.8272859466258999e-01,0,32768,98304,98304,32768,3.6379788070917130e-12,8.3271628301260500e-16,0.0000000000000000e+00,1.3447961822890815e-03,5.9417053179565055e-02,8.8857658763167588e+00,6.6867678044420899e-03,9.5091449981039757e-04,3.3168036873556318e-13,2.1316282072803006e-12,2.3329472478252528e-15,1.4993278554649792e-14,1.0018419606479790e-15,9.4146912488213275e-14,1.5178626315649065e-14,3.9478231333753797e+01,3.9478417604357432e+01,-4.7182895095140052e-06,nan,1.2565749824578347e+01,1.2566370614359172e+01,6.2078978082524827e-04,1.5265566588595902e-15,1.5265566588595902e-15,1.5265566588595902e-15,8.9164786665207885e-16,4.8225312632155237e-16,3.7123082385903672e-16,3.3697003520849478e-16,6.6960326172704754e-16,42,1.2864626299999998e-01,2.9773514400000001e-01,1.8351377913043436e-03,8.3814457850000004e+00,1.2827778095999999e+01,2.4515384848000000e+01,1.1096093750000000e+02,1.1096093750000000e+02
exp2_distort,16,2,1,abc,0,int,0.0000000000000000e+00,2.0000000000000000e+00,4.0000000000000002e-01,2,1,1,6.2500000000000180e-02,6.0072678207159225e-02,6.4490419959218545e-02,7.7243775614710841e-01,1.1565510244512187e+00,7.7243775614710841e-01,9.6998276322651444e-01,0,32768,98304,98304,32768,7.2759576141834259e-12,1.5773248436972647e-15,0.0000000000000000e+00,1.7927866441449006e-03,6.5761653814400717e-02,8.8857658763167535e+00,7.4007862383225018e-03,1.2676915932955828e-03,3.4016129128460073e-13,2.1316282072803006e-12,2.3925996927234077e-15,1.4993278554649820e-14,1.0201733808621770e-15,6.8611782921834674e-14,1.4959557731201119e-14,3.9478621359939424e+01,3.9478417604357432e+01,5.1611891853029175e-06,nan,1.2565747573473658e+01,1.2566370614359172e+01,6.2304088551456971e-04,5.0306980803327406e-16,5.0306980803327406e-16,3.2612801348363973e-16,5.0306980803327406e-16,2.6454533008646308e-16,8.6736173798840355e-17,8.5001450322863548e-17,3.1225022567582528e-17,45,2.4135229599999999e-01,6.5981504199999996e-01,1.8902699454545510e-03,1.3858006033000001e+01,1.2964003504999999e+01,3.0909526818000000e+01,1.1080859375000000e+02,1.1080859375000000e+02
exp2_distort,16,2,1,abc,0,int,0.0000000000000000e+00,2.0000000000000000e+00,5.9999999999999998e-01,2,1,1,6.2500000000000056e-02,5.6614261817012020e-02,6.6902014581022462e-02,4.5083118366396002e-01,1.3570975285082230e+00,4.5083118366396002e-01,9.3501958623622949e-01,0,32768,98304,98304,32768,7.2759576141834259e-12,1.3202850554054326e-15,0.0000000000000000e+00,2.9009987373038769e-03,8.4085819464953540e-02,8.8857658763169400e+00,9.4629794027170852e-03,2.0513158793611726e-03,3.6408975903438080e-13,2.9878322038712213e-12,2.5609058640965215e-15,2.1015578774100348e-14,1.0694374139342589e-15,9.1926466438962962e-14,1.5325472758314041e-14,3.9479952231633575e+01,3.9478417604357432e+01,3.8872563017166420e-05,nan,1.2565734203540890e+01,1.2566370614359172e+01,6.3641081828258450e-04,1.3929829512093761e-15,1.3929829512093761e-15,1.2906342661267445e-15,5.3082538364890297e-16,1.3929829512093761e-15,1.9775847626135601e-16,1.5959455978986625e-16,3.2612801348363973e-16,61,2.0717250500000001e-01,5.5366335700000002e-01,1.8055980782608664e-03,1.3419796731000000e+01,1.3343657583000001e+01,3.1625185644999998e+01,1.1065625000000000e+02,1.1065625000000000e+02
exp2_distort,16,2,1,abc,0,int,0.0000000000000000e+00,2.0000000000000000e+00,8.0000000000000004e-01,2,1,0,6.2499999999999924e-02,5.0747461855756161e-02,7.0100255897353761e-02,-4.2351260449933092e-02,1.6735319141587932e+00,-4.2351260449933092e-02,8.8821642240754106e-01,64,nan,nan,nan,nan,nan,nan,nan,nan,nan,nan,nan,nan,nan,nan,nan,nan,nan,nan,nan,nan,nan,nan,nan,nan,nan,nan,nan,nan,nan,nan,nan,nan,nan,nan,nan,2.6049581700000002e-01,nan,nan,nan,nan,2.6059004500000005e-01,nan,nan
exp2_distort,16,2,1,abc,0,int,0.0000000000000000e+00,2.0000000000000000e+00,1.0000000000000001e-01,3,1,1,6.2500000000000153e-02,6.2202640079233464e-02,6.2675555514349571e-02,9.7964789139308650e-01,1.0094964120355179e+00,9.8482809656801817e-01,9.9921575492657988e-01,0,32768,98304,98304,32768,7.2759576141834259e-12,1.7511228465667853e-15,0.0000000000000000e+00,6.7545377613867287e-04,5.1524037195067242e-02,8.8857658763167890e+00,5.7984914201255448e-03,4.7761794548572411e-04,3.3112529236279391e-13,1.6928680679484387e-12,2.3290429953633919e-15,1.1907162052151013e-14,1.0091623439210225e-15,9.4591001698063337e-14,1.5010420107122780e-14,3.9477796202632248e+01,3.9478417604357432e+01,-1.5740289578246888e-05,nan,1.2565750682714739e+01,1.2566370614359172e+01,6.1993164443308046e-04,1.8492152253912764e-15,1.8492152253912764e-15,8.4654505627668186e-16,1.8492152253912764e-15,6.5572547391923308e-16,1.4224732503009818e-16,4.0755159663730112e-16,4.3021142204224816e-16,37,2.9174098799999998e-01,6.0998511099999997e-01,1.7929841913043461e-03,1.1083510657000001e+01,1.3169862982999998e+01,2.7520029403999999e+01,1.1080078125000000e+02,1.1080078125000000e+02
exp2_distort,16,2,1,abc,0,int,0.0000000000000000e+00,2.0000000000000000e+00,2.0000000000000001e-01,3,1,1,6.2500000000000180e-02,6.1290249691411107e-02,6.3196675322892928e-02,9.1544510522402722e-01,1.0379856481420713e+00,9.3554825436489297e-01,9.9687010367644802e-01,0,32768,98304,98304,32768,7.2759576141834259e-12,1.6751910048400840e-15,0.0000000000000000e+00,1.0812675411540672e-03,5.3279196607632980e-02,8.8857658763167962e+00,5.9960162521992457e-03,7.6457161062694009e-04,3.3425920833858574e-13,1.9042545318370685e-12,2.3510860866639439e-15,1.3393995508820443e-14,1.0128399760210589e-15,8.1712414612411521e-14,1.4965792789888130e-14,3.9477883553637980e+01,3.9478417604357432e+01,-1.3527662754974207e-05,nan,1.2565749211191587e+01,1.2566370614359172e+01,6.2140316758529934e-04,1.1796119636642288e-15,1.1796119636642288e-15,1.1761425167122752e-15,1.1796119636642288e-15,2.6020852139652106e-17,2.7755575615628914e-17,7.8984128265568998e-16,3.3306690738754696e-16,42,2.0870335800000001e-01,5.1378123500000006e-01,1.9865802857142833e-03,1.3286871487000001e+01,1.3495791274000000e+01,3.0476587436999999e+01,1.1083203125000000e+02,1.1083203125000000e+02
exp2_distort,16,2,1,abc,0,int,0.0000000000000000e+00,2.0000000000000000e+00,2.9999999999999999e-01,3,1,1,6.2499999999999743e-02,5.9700849683223645e-02,6.4047062246030906e-02,8.0267195097032951e-01,1.0854677083196607e+00,8.4472794011650221e-01,9.9298413878866931e-01,0,32768,98304,98304,32768,7.2759576141834259e-12,1.5482165193806986e-15,0.0000000000000000e+00,1.5990675598865868e-03,5.6355403549123752e-02,8.8857658763167944e+00,6.3422111648617305e-03,1.1307115151712312e-03,3.4426169087922582e-13,2.1600499167107046e-12,2.4214407603624808e-15,1.5193188935378310e-14,1.0421829281190990e-15,8.5265128291212022e-14,1.5474236562364787e-14,3.9478038121583722e+01,3.9478417604357432e+01,-9.6124109510330911e-06,nan,1.2565744734794693e+01,1.2566370614359172e+01,6.2587956447934801e-04,8.7083118494035716e-16,8.7083118494035716e-16,4.8572257327350599e-16,7.2511441295830537e-16,5.2562121322097255e-16,8.7083118494035716e-16,2.3483819056036026e-16,2.3245294578089215e-16,46,2.4521929700000000e-01,5.7637366300000004e-01,2.1602969999999998e-03,1.2552811900000000e+01,1.3010096932000000e+01,2.9566513523000001e+01,1.1070703125000000e+02,1.1070703125000000e+02
exp2_distort,16,2,1,abc,0,int,0.0000000000000000e+00,2.0000000000000000e+00,4.0000000000000002e-01,3,1,1,6.2500000000000083e-02,5.7314094687656553e-02,6.5201606202579102e-02,6.3660873810950935e-01,1.1519425925682856e+00,7.0174044379635792e-01,9.8759248991517312e-01,0,32768,98304,98304,32768,7.2759576141834259e-12,1.3698545953491669e-15,0.0000000000000000e+00,2.2244263581991616e-03,6.0967326187204254e-02,8.8857658763166860e+00,6.8612348148515854e-03,1.5729069621327316e-03,3.5124087340409594e-13,2.6574298317427747e-12,2.4705303845857986e-15,1.8691620598130225e-14,1.0627128303294515e-15,1.0058620603103918e-13,1.5867972194422146e-14,3.9478278772217408e+01,3.9478417604357432e+01,-3.5166591887124796e-06,nan,1.2565735219576817e+01,1.2566370614359172e+01,6.3539478235519198e-04,1.2073675392798577e-15,1.2073675392798577e-15,1.2073675392798577e-15,2.4286128663675299e-16,2.7235158572835871e-16,4.9266146717741321e-16,6.3534247307650560e-17,1.3877787807814457e-16,59,2.4584578800000001e-01,6.0826263300000005e-01,8.3756240416666588e-04,1.1062293151000000e+01,6.4735466800000001e+00,2.0509046525999999e+01,1.1081250000000000e+02,1.1081250000000000e+02
exp2_distort,16,2,1,abc,0,int,0.0000000000000000e+00,2.0000000000000000e+00,5.9999999999999998e-01,3,1,1,6.2500000000000014e-02,4.9030131312614460e-02,6.8295968542112812e-02,1.2573337447653643e-01,1.3418708332786431e+00,1.6181127186876143e-01,9.7683082270955313e-01,0,32768,98304,98304,32768,7.2759576141834259e-12,8.5758925221183772e-16,0.0000000000000000e+00,3.9928511756168062e-03,7.7016290533774845e-02,8.8857658763167304e+00,8.6673778721816988e-03,2.8233721425473006e-03,3.9365561149698873e-13,4.7064574459909636e-12,2.7688638279495469e-15,3.3103909608787250e-14,1.1554867057417826e-15,1.7053025658242404e-13,1.7045383170976194e-14,3.9479251462763123e+01,3.9478417604357432e+01,2.1121880163693895e-05,nan,1.2565692391100514e+01,1.2566370614359172e+01,6.7822325865840583e-04,1.3600232051658168e-15,1.3600232051658168e-15,1.3600232051658168e-15,3.1225022567582528e-16,4.3715031594615539e-16,1.1796119636642288e-16,8.7169854667834556e-16,1.3183898417423734e-16,121,1.3053547300000001e-01,2.9571995600000001e-01,9.3626687906976592e-04,7.1870849909999999e+00,1.2358495348000000e+01,2.6913194871999998e+01,1.1076953125000000e+02,1.1076953125000000e+02
exp2_distort,16,2,2,abc,0,int,0.0000000000000000e+00,2.0000000000000000e+00,0.0000000000000000e+00,1,1,1,6.2499999999999993e-02,6.2500000000000014e-02,6.2500000000000014e-02,9.9999999999996447e-01,1.0000000000000235e+00,9.9999999999994538e-01,9.9999999999999811e-01,0,32768,98304,98304,32768,3.6379788070917130e-12,8.8817841970012582e-16,0.0000000000000000e+00,4.9143021836894787e-04,5.0959653831986397e-02,8.8857658763170093e+00,5.7349759763317401e-03,3.4749363988867421e-04,3.2974887641700471e-13,2.0179413695586845e-12,2.3193616693179157e-15,1.4193637031734714e-14,4.7656950327160049e-15,7.6827433304060833e-14,1.5970812350305019e-14,3.9477767860838142e+01,3.9478417604357432e+01,-1.6458195609595515e-05,nan,1.2565750866815559e+01,1.2566370614359172e+01,6.1974754361315831e-04,1.0477729794899915e-15,1.0477729794899915e-15,4.3368086899420177e-16,1.0477729794899915e-15,4.1112946380650328e-16,6.3143934525555778e-16,3.2135752392470351e-16,2.7755575615628914e-16,28,5.4245375300000009e-01,5.3017060199999999e-01,1.9240778636363390e-03,4.0442229923999996e+01,3.2841063551999994e+01,7.7396609216000002e+01,1.4626562500000000e+02,1.4626562500000000e+02
exp2_distort,16,2,2,abc,0,int,0.0000000000000000e+00,2.0000000000000000e+00,5.0000000000000003e-02,1,1,1,6.2499999999999827e-02,6.2451599841802860e-02,6.2547577563409992e-02,9.9743620642957043e-01,1.0025637935704295e+00,9.9774343288164169e-01,9.9958463636545325e-01,0,32768,98304,98304,32768,7.2759576141834259e-12,1.7722331887170550e-15,0.0000000000000000e+00,6.9985724551557122e-04,5.1087130776960005e-02,8.8857658763173042e+00,5.7493221730182485e-03,4.9487380416660294e-04,3.3028995118973197e-13,1.7621459846850485e-12,2.3231674384283586e-15,1.2394443605176349e-14,1.2510606551748002e-04,2.0405899192610377e-13,2.2506227285777902e-14,3.9477771527853157e+01,3.9478417604357432e+01,-1.6365309034152038e-05,nan,1.2565749963709324e+01,1.2566370614359172e+01,6.2065064984828666e-04,7.7715611723760958e-16,7.7715611723760958e-16,7.7715611723760958e-16,7.5286998857393428e-16,1.2490009027033011e-16,1.0061396160665481e-16,1.2500851048757866e-16,1.7000290064572710e-16,34,6.5603874100000004e-01,5.9261735999999998e-01,1.8135484347826284e-03,3.9715713307000001e+01,1.9902133630000002e+01,6.1976127104000000e+01,1.4605078125000000e+02,1.4605078125000000e+02
exp2_distort,16,2,2,abc,0,int,0.0000000000000000e+00,2.0000000000000000e+00,1.0000000000000001e-01,1,1,1,6.2499999999999889e-02,6.2305803326123448e-02,6.2690020009804559e-02,9.8974482571828171e-01,1.0102551742817161e+00,9.9090923473071324e-01,9.9837697665462266e-01,0,32768,98304,98304,32768,7.2759576141834259e-12,1.7598500305733885e-15,0.0000000000000000e+00,1.1155613336130243e-03,5.1476000543591277e-02,8.8857658763166061e+00,5.7930853974884934e-03,7.8882098382726952e-04,3.2915731769341096e-13,1.8154366898670560e-12,2.3152008101710129e-15,1.2769275569043585e-14,2.5172656354782708e-04,1.8429702208777599e-13,2.1980451832950599e-14,3.9477782917650224e+01,3.9478417604357432e+01,-1.6076802104098981e-05,nan,1.2565747241619873e+01,1.2566370614359172e+01,6.2337273929990999e-04,9.6624097611908155e-16,9.6624097611908155e-16,3.1918911957973251e-16,6.8348104953486200e-16,9.6624097611908155e-16,2.6714741530042829e-16,1.0636023312082798e-16,7.7368667028565596e-16,36,1.7629198700000001e-01,1.5211389700000000e-01,4.8965389268292123e-04,1.6854032770000000e+01,7.0732212030000028e+00,2.5213871994000002e+01,1.4606640625000000e+02,1.4606640625000000e+02
exp2_distort,16,2,2,abc,0,int,0.0000000000000000e+00,2.0000000000000000e+00,1.4999999999999999e-01,1,1,1,6.2500000000000180e-02,6.2061015525274703e-02,6.2926254614181137e-02,9.7692585786613828e-01,1.0230741421338612e+00,9.7943539734406160e-01,9.9642336693762779e-01,0,32768,98304,98304,32768,7.2759576141834259e-12,1.7391890558280763e-15,0.0000000000000000e+00,1.5902752987093792e-03,5.2140402969073740e-02,8.8857658763166754e+00,5.8678569405079756e-03,1.1244944476708578e-03,3.2871928664571315e-13,1.7621459846850485e-12,2.3121198218958046e-15,1.2394443605177295e-14,3.8137434937173491e-04,1.8540724511240114e-13,2.2906953385988934e-14,3.9477802951813402e+01,3.9478417604357432e+01,-1.5569330822474361e-05,nan,1.2565742662236463e+01,1.2566370614359172e+01,6.2795212270927436e-04,1.7243151351209463e-15,1.7243151351209463e-15,2.6714741530042829e-16,4.3021142204224816e-16,1.7243151351209463e-15,6.4531713306337224e-16,4.2500725161431774e-16,4.0245584642661925e-16,38,1.7957084500000001e-01,1.6049536499999995e-01,4.4790454888888812e-04,1.0253847059000000e+01,9.0545552020000013e+00,2.0789650601000002e+01,1.4616015625000000e+02,1.4616015625000000e+02
exp2_distort,16,2,2,abc,0,int,0.0000000000000000e+00,2.0000000000000000e+00,2.0000000000000001e-01,1,1,1,6.2499999999999944e-02,6.1714652152181547e-02,6.3254396053279080e-02,9.5897930287313560e-01,1.0410206971268647e+00,9.6331357210378477e-01,9.9353590809540948e-01,0,32768,98304,98304,32768,7.2759576141834259e-12,1.7102319553399768e-15,0.0000000000000000e+00,2.0925649876841379e-03,5.3099806898200638e-02,8.8857658763166629e+00,5.9758278169052574e-03,1.4796668928649676e-03,3.3340870623190310e-13,1.9575452370190760e-12,2.3451038919485616e-15,1.3768827472686843e-14,5.1556208406748855e-04,1.2079226507921703e-13,1.9939817391592683e-14,3.9477833012300231e+01,3.9478417604357432e+01,-1.4807889795888901e-05,nan,1.2565736161716780e+01,1.2566370614359172e+01,6.3445264239270216e-04,1.4328815911568427e-15,1.4328815911568427e-15,1.4328815911568427e-15,1.0165479569224090e-15,3.6776137690708310e-16,7.1470607210244452e-16,9.6277152916712794e-17,1.1102230246251565e-16,40,1.7069030700000001e-01,1.5146562200000002e-01,4.9339502682926883e-04,9.3429118859999996e+00,1.3807700474000001e+01,2.5576188851000001e+01,1.4603515625000000e+02,1.4603515625000000e+02
exp2_distort,16,2,2,abc,0,int,0.0000000000000000e+00,2.0000000000000000e+00,2.5000000000000000e-01,1,1,1,6.2499999999999979e-02,6.1263034122561809e-02,6.3671815881768207e-02,9.3590516073927177e-01,1.0640948392607281e+00,9.4259704223949436e-01,9.8961708522472425e-01,0,32768,98304,98304,32768,7.2759576141834259e-12,1.6729604199679212e-15,0.0000000000000000e+00,2.6158306803458074e-03,5.4378327518122070e-02,8.8857658763168317e+00,6.1197119387374627e-03,1.8496716125083244e-03,3.3312898819656275e-13,2.1245227799226996e-12,2.3431364332677343e-15,1.4943300959467477e-14,6.5580938252239173e-04,2.0961010704922955e-13,2.2200197337538554e-14,3.9477874978126913e+01,3.9478417604357432e+01,-1.3744882987897884e-05,nan,1.2565727650706004e+01,1.2566370614359172e+01,6.4296365316884874e-04,1.5785983631388945e-15,1.5785983631388945e-15,1.5785983631388945e-15,5.9674487573602164e-16,5.8980598183211441e-16,4.5102810375396984e-17,3.0639553394440355e-16,1.0408340855860843e-17,42,2.6716913999999997e-01,4.7854606000000011e-01,8.4194999583333543e-04,1.8570394792000002e+01,1.7107491863999996e+01,3.8782453859999997e+01,1.4600781250000000e+02,1.4600781250000000e+02
exp2_distort,16,2,2,abc,0,int,0.0000000000000000e+00,2.0000000000000000e+00,2.9999999999999999e-01,1,1,1,6.2500000000000153e-02,6.0701228719248650e-02,6.4175234653488927e-02,9.0770343146455312e-01,1.0922965685354458e+00,9.1740670614189301e-01,9.8456987756111569e-01,0,32768,98304,98304,32768,7.2759576141834259e-12,1.6273561405707797e-15,0.0000000000000000e+00,3.1596219893167787e-03,5.6004293072095673e-02,8.8857658763166540e+00,6.3026973534565699e-03,2.2341901346319862e-03,3.3432748143901366e-13,2.0055068716828828e-12,2.3515663006192143e-15,1.4106176240166525e-14,8.0365833228609898e-04,2.1671553440683056e-13,2.2638736447410287e-14,3.9477931298048027e+01,3.9478417604357432e+01,-1.2318282720411314e-05,nan,1.2565717014352334e+01,1.2566370614359172e+01,6.5360000683867270e-04,1.2038980923279041e-15,1.2038980923279041e-15,5.9674487573602164e-16,1.1449174941446927e-15,1.7347234759768071e-16,1.2038980923279041e-15,2.0079424234431542e-16,4.1286418728248009e-16,44,3.4882360600000001e-01,2.8541506000000000e-01,5.9885307250000077e-03,1.8896411987999997e+01,1.8038982974000000e+01,4.0060282420000000e+01,1.4630468750000000e+02,1.4630468750000000e+02
exp2_distort,16,2,2,abc,0,int,0.0000000000000000e+00,2.0000000000000000e+00,4.0000000000000002e-01,1,1,1,6.2500000000000083e-02,5.9219589595898202e-02,6.5424352449515666e-02,8.3591721149254272e-01,1.1640827885074572e+00,8.5444375633885183e-01,9.7483085820585968e-01,0,32768,98304,98304,32768,7.2759576141834259e-12,1.5110761131365601e-15,0.0000000000000000e+00,4.3166809707913135e-03,6.0433054931859340e-02,8.8857658763170591e+00,6.8011081737962041e-03,3.0523543866654637e-03,3.4068582934751478e-13,2.3590018827235326e-12,2.3962891472271262e-15,1.6592561600478543e-14,1.1286145760853511e-03,2.1871393585115584e-13,2.3026831015499530e-14,3.9478100414521215e+01,3.9478417604357432e+01,-8.0345124112031068e-06,nan,1.2565688778913373e+01,1.2566370614359172e+01,6.8183544579980548e-04,9.1940344226770776e-16,9.1940344226770776e-16,8.6042284408449632e-16,9.1940344226770776e-16,9.5409791178724390e-17,2.7061686225238191e-16,2.9837243786801082e-16,1.1102230246251565e-16,49,2.8249668700000002e-01,3.0106951199999998e-01,8.7864577391303181e-04,2.0972782222999999e+01,1.8335400861000004e+01,4.2620145457000000e+01,1.4587500000000000e+02,1.4587500000000000e+02
exp2_distort,16,2,2,abc,0,int,0.0000000000000000e+00,2.0000000000000000e+00,5.0000000000000000e-01,1,1,1,6.2499999999999882e-02,5.7193773995715867e-02,6.6966753701566809e-02,7.4362064295708730e-01,1.2563793570429020e+00,7.7679654532644959e-01,9.6499439754980953e-01,0,32768,98304,98304,32768,7.2759576141834259e-12,1.3612453999080802e-15,0.0000000000000000e+00,5.5888328521455557e-03,6.6708202642640588e-02,8.8857658763165368e+00,7.5073104075856533e-03,3.9519016086704030e-03,3.5956674030570802e-13,2.7213786779611837e-12,2.5290922112864095e-15,1.9141418954769983e-14,1.5046068211308715e-03,2.1627144519698049e-13,2.3193457174912594e-14,3.9478377557355920e+01,3.9478417604357432e+01,-1.0144023986376195e-06,nan,1.2565650027902379e+01,1.2566370614359172e+01,7.2058645679362598e-04,8.3960616237277463e-16,8.3960616237277463e-16,8.3960616237277463e-16,6.6960326172704754e-16,3.9898639947466563e-17,2.7755575615628914e-17,3.3306690738754696e-16,5.8980598183211441e-17,63,3.0894744200000002e-01,2.6354875099999997e-01,9.7687029523810124e-04,2.1156921824999998e+01,1.7702871690000002e+01,4.2518394059000002e+01,1.4611328125000000e+02,1.4611328125000000e+02
exp2_distort,16,2,2,abc,0,int,0.0000000000000000e+00,2.0000000000000000e+00,5.9999999999999998e-01,1,1,1,6.2499999999999993e-02,5.4498388359651262e-02,6.8764246409559068e-02,6.3081372585822115e-01,1.3691862741417788e+00,6.8451138391524535e-01,9.5566552440878572e-01,0,32768,98304,98304,32768,7.2759576141834259e-12,1.1777175277561086e-15,0.0000000000000000e+00,7.0151413706379265e-03,7.5282174262365414e-02,8.8857658763169365e+00,8.4722212255235723e-03,4.9604540341603763e-03,3.7334849043898726e-13,3.9008796193229500e-12,2.6260291996471701e-15,2.7437699755008525e-14,1.9498186593003750e-03,1.9806378759312793e-13,2.2872710041444700e-14,3.9478825674866783e+01,3.9478417604357432e+01,1.0336546754254702e-05,nan,1.2565598928287674e+01,1.2566370614359172e+01,7.7168607149857849e-04,1.6757428777935957e-15,1.6757428777935957e-15,1.6757428777935957e-15,7.5286998857393428e-16,3.7990444123892075e-16,8.0838113980519211e-16,3.3827107781547738e-16,8.6736173798840355e-17,83,2.8426031599999996e-01,2.5990221799999991e-01,9.0099995555555600e-04,2.0195694223000000e+01,1.8396332003000001e+01,4.3377659424000001e+01,1.4597265625000000e+02,1.4597265625000000e+02
exp2_distort,16,2,2,abc,0,int,0.0000000000000000e+00,2.0000000000000000e+00,6.9999999999999996e-01,1,1,1,6.2500000000000180e-02,5.0915013197485683e-02,7.0778532071046785e-02,4.9749646019591209e-01,1.5025035398040880e+00,5.7526056892486588e-01,9.4747009560947348e-01,0,32768,98304,98304,32768,7.2759576141834259e-12,9.6034602355140549e-16,0.0000000000000000e+00,8.6571123680586164e-03,8.6875277340190196e-02,8.8857658763165563e+00,9.7769037075060624e-03,6.1215028609482866e-03,4.0432520822964360e-13,3.8795633372501470e-12,2.8439107968966858e-15,2.7287766969463281e-14,2.4917804135128896e-03,3.5171865420124959e-13,2.4091038171212753e-14,3.9479559173495616e+01,3.9478417604357432e+01,2.8916284072596530e-05,nan,1.2565533243246701e+01,1.2566370614359172e+01,8.3737111247117468e-04,1.3322676295501878e-15,1.3322676295501878e-15,1.3322676295501878e-15,8.5001450322863548e-16,7.0429773124658368e-16,4.0939474033052647e-16,2.0469737016526324e-16,1.5959455978986625e-16,114,3.4971494300000000e-01,3.2534600599999997e-01,8.7704685652173248e-04,1.8088470522000001e+01,1.8404637854000001e+01,4.2863913660999998e+01,1.4621093750000000e+02,1.4621093750000000e+02
exp2_distort,16,2,2,abc,0,int,0.0000000000000000e+00,2.0000000000000000e+00,8.0000000000000004e-01,1,1,1,6.2499999999999924e-02,4.6016704064357837e-02,7.2973436626978305e-02,3.4366884597017089e-01,1.6563311540298298e+00,4.4572165864543689e-01,9.3832601523091541e-01,0,32768,98304,98304,32768,1.4551915228366852e-11,1.4179688283294692e-15,0.0000000000000000e+00,1.0628058972689203e-02,1.0285273819638283e-01,8.8857658763166363e+00,1.1574999794954959e-02,7.5151725704392051e-03,4.3546447620224785e-13,5.0661697059695143e-12,3.0629357268101198e-15,3.5634025364884737e-14,3.1816159825898550e-03,2.4868995751603507e-13,2.4475356243355335e-14,3.9480814234148873e+01,3.9478417604357432e+01,6.0707341805330025e-05,nan,1.2565450334291759e+01,1.2566370614359172e+01,9.2028006741351476e-04,8.7430063189231078e-16,8.7430063189231078e-16,2.7408630920433552e-16,8.7430063189231078e-16,7.6327832942979512e-17,2.3245294578089215e-16,1.9081958235744878e-17,5.8286708792820718e-16,167,3.3598631400000001e-01,3.1405046800000003e-01,9.4092707906975924e-04,2.0828054210000001e+01,1.7766409826999997e+01,4.7378252926999998e+01,1.4627734375000000e+02,1.4627734375000000e+02
exp2_distort,16,2,2,abc,0,int,0.0000000000000000e+00,2.0000000000000000e+00,9.0000000000000002e-01,1,1,1,6.2500000000000056e-02,3.8753985859946057e-02,7.5316251639389084e-02,1.6933088318097811e-01,1.8306691168189995e+00,2.8841295280026386e-01,9.2395974774665424e-01,0,32768,98304,98304,32768,1.4551915228366852e-11,8.4697245293372646e-16,0.0000000000000000e+00,1.3211950717517565e-02,1.2670647684637346e-01,8.8857658763168068e+00,1.4259488558446456e-02,9.3422599450593315e-03,4.8868099693150603e-13,1.3296030942910875e-11,3.4372458979168143e-15,9.3520574984627517e-14,4.1500434370455672e-03,6.1106675275368616e-13,2.8122866924076684e-14,3.9483227794227403e+01,3.9478417604357432e+01,1.2184353279246828e-04,nan,1.2565347163772001e+01,1.2566370614359172e+01,1.0234505871711264e-03,7.6674777638174874e-16,7.6674777638174874e-16,3.0357660829594124e-17,2.6367796834847468e-16,1.1275702593849246e-16,7.6674777638174874e-16,1.4224732503009818e-16,2.7755575615628914e-17,298,3.4845104000000005e-01,3.1213905799999997e-01,8.8817411304348238e-04,2.1212204277999998e+01,1.7279982518999997e+01,5.2972031655000002e+01,1.4625781250000000e+02,1.4625781250000000e+02
exp2_distort,16,2,2,abc,0,int,0.0000000000000000e+00,2.0000000000000000e+00,1.0000000000000000e+00,1,1,0,6.2500000000000000e-02,2.3515657117768672e-02,7.7778337067253026e-02,-3.3075761250195956e-02,2.0255174281716082e+00,-1.9119930274911909e-01,9.0775129698509871e-01,344,nan,nan,nan,nan,nan,nan,nan,nan,nan,nan,nan,nan,nan,nan,nan,nan,nan,nan,nan,nan,nan,nan,nan,nan,nan,nan,nan,nan,nan,nan,nan,nan,nan,nan,nan,3.5375693499999999e-01,nan,nan,nan,nan,3.5386592900000002e-01,nan,nan
exp2_distort,16,2,2,abc,0,int,0.0000000000000000e+00,2.0000000000000000e+00,1.0000000000000001e-01,2,1,1,6.2500000000000541e-02,6.2333225683735276e-02,6.2645503488869339e-02,9.8900282001417561e-01,1.0109971799858239e+00,9.8493552836574993e-01,9.9447100834892532e-01,0,32768,98304,98304,32768,7.2759576141834259e-12,1.7621747167597102e-15,0.0000000000000000e+00,1.9285202538537596e-03,5.4179892685427514e-02,8.8857658763168050e+00,6.0973801740413797e-03,1.3636697491555669e-03,3.3119543617372972e-13,2.2168933355715126e-12,2.3295363673748313e-15,1.5593009696835813e-14,9.9699946366045892e-04,1.9184653865522705e-13,2.2661065227396993e-14,3.9477892654859211e+01,3.9478417604357432e+01,-1.3297126128048366e-05,nan,1.2565736706715478e+01,1.2566370614359172e+01,6.3390764369408714e-04,5.5164206536062466e-16,5.5164206536062466e-16,3.5388358909926865e-16,5.5164206536062466e-16,9.5409791178724390e-17,1.2490009027033011e-16,2.9858927830250792e-16,2.0816681711721685e-16,36,3.5165055000000001e-01,3.0731060000000004e-01,9.8096509523809593e-04,2.1098431488000003e+01,1.7530461910000003e+01,4.1389762142999999e+01,1.4613281250000000e+02,1.4613281250000000e+02
exp2_distort,16,2,2,abc,0,int,0.0000000000000000e+00,2.0000000000000000e+00,2.0000000000000001e-01,2,1,1,6.2499999999999972e-02,6.1820504196803121e-02,6.3084699306932723e-02,9.5601128005670544e-01,1.0439887199432945e+00,9.4107365484566141e-01,9.7751100906636079e-01,0,32768,98304,98304,32768,7.2759576141834259e-12,1.7190471502593596e-15,0.0000000000000000e+00,3.8031078636752333e-03,6.3347639033617342e-02,8.8857658763166114e+00,7.1291141264996551e-03,2.6892033599887821e-03,3.2932085599000411e-13,2.0747847884194925e-12,2.3163510929580411e-15,1.4593457793192679e-14,2.0413106519088426e-03,1.6342482922482304e-13,2.1339442164199835e-14,3.9478297314451630e+01,3.9478417604357432e+01,-3.0469789090079442e-06,nan,1.2565694039115673e+01,1.2566370614359172e+01,6.7657524349939990e-04,2.5587171270657905e-16,2.5587171270657905e-16,2.3592239273284576e-16,2.5326962749261384e-16,2.7755575615628914e-17,5.2041704279304213e-17,2.5587171270657905e-16,1.5439038936193583e-16,40,3.5280325600000001e-01,3.2628574600000004e-01,9.7294851627906199e-04,2.1460921059000000e+01,1.5284599145000001e+01,3.9604101995000001e+01,1.4631250000000000e+02,1.4631250000000000e+02
exp2_distort,16,2,2,abc,0,int,0.0000000000000000e+00,2.0000000000000000e+00,2.9999999999999999e-01,2,1,1,6.2499999999999743e-02,6.0933420431978844e-02,6.3815378355298186e-02,9.0102538012758737e-01,1.0989746198724115e+00,8.7212521931713349e-01,9.4793619227442238e-01,0,32768,98304,98304,32768,7.2759576141834259e-12,1.6461023420310666e-15,0.0000000000000000e+00,5.7835893834804536e-03,7.7612196587910978e-02,8.8857658763168264e+00,8.7344408651110483e-03,4.0896152726575177e-03,3.3446402952798437e-13,1.9610979506978765e-12,2.3525267418100936e-15,1.3793816270277627e-14,3.1804922025540031e-03,1.6453505224944820e-13,2.1444871578253930e-14,3.9479077253327198e+01,3.9478417604357432e+01,1.6709103601276577e-05,nan,1.2565622302282536e+01,1.2566370614359172e+01,7.4831207663628163e-04,1.5334955527634975e-15,1.5334955527634975e-15,1.5334955527634975e-15,4.1980308118638732e-16,6.1062266354383610e-16,3.4000580129145419e-16,1.9212062496443139e-16,3.0357660829594124e-16,43,3.5917971099999996e-01,3.1424890399999994e-01,1.0542280000000058e-03,1.9857802111000002e+01,1.8153487461999998e+01,4.1091364873000003e+01,1.4628515625000000e+02,1.4628515625000000e+02
exp2_distort,16,2,2,abc,0,int,0.0000000000000000e+00,2.0000000000000000e+00,4.0000000000000002e-01,2,1,1,6.2500000000000805e-02,5.9626874769999914e-02,6.4827522549814859e-02,8.2404512022682641e-01,1.1759548797731738e+00,7.7635182074792308e-01,9.0353589512561627e-01,0,32768,98304,98304,32768,7.2759576141834259e-12,1.5424684942067137e-15,0.0000000000000000e+00,7.9029077398525844e-03,9.6572569303063655e-02,8.8857658763166434e+00,1.0868232479595246e-02,5.5881996539418142e-03,3.3996799734995734e-13,2.1032064978498966e-12,2.3912401170736670e-15,1.4793368173921488e-14,4.4640455746695010e-03,1.5698553568199713e-13,2.1555482637431037e-14,3.9480408819089369e+01,3.9478417604357432e+01,5.0438058381489890e-05,nan,1.2565520560573097e+01,1.2566370614359172e+01,8.5005378607583282e-04,1.4589024432964948e-15,1.4589024432964948e-15,7.8409501114151681e-16,6.3837823915946501e-16,1.4589024432964948e-15,4.1980308118638732e-16,1.7260498585969231e-16,2.6367796834847468e-16,46,3.6118540100000002e-01,3.4268027499999998e-01,9.0403211999999815e-04,2.0735880874999999e+01,1.8270132789000002e+01,4.2186183223999997e+01,1.4621484375000000e+02,1.4621484375000000e+02
exp2_distort,16,2,2,abc,0,int,0.0000000000000000e+00,2.0000000000000000e+00,5.9999999999999998e-01,2,1,1,6.2500000000000111e-02,5.5437363096016434e-02,6.7625281434774476e-02,6.0410152051035815e-01,1.3958984794896403e+00,5.2110526419784375e-01,7.8434038024660568e-01,0,32768,98304,98304,32768,7.2759576141834259e-12,1.2396464882973319e-15,0.0000000000000000e+00,1.2797183384716660e-02,1.5019173981791889e-01,8.8857658763166576e+00,1.6902509238762051e-02,9.0489751514205782e-03,3.6806951209559076e-13,3.1863400806741993e-12,2.5888983376535082e-15,2.2411827839502817e-14,7.7051509290763870e-03,2.0250467969162855e-13,2.3646490186897156e-14,3.9486084326012765e+01,3.9478417604357432e+01,1.9420032819367626e-04,nan,1.2565221455963286e+01,1.2566370614359172e+01,1.1491583958864737e-03,9.4368957093138306e-16,9.4368957093138306e-16,9.4368957093138306e-16,3.0878077872387166e-16,2.2898349882893854e-16,5.4817261840867104e-16,4.6837533851373792e-16,1.9255430583342559e-16,69,3.4864274699999998e-01,3.1377827299999994e-01,9.6206979523810580e-04,2.1151451872999999e+01,1.7370546393000001e+01,4.2803990562999999e+01,1.4614843750000000e+02,1.4614843750000000e+02
exp2_distort,16,2,2,abc,0,int,0.0000000000000000e+00,2.0000000000000000e+00,8.0000000000000004e-01,2,1,1,6.2499999999999729e-02,4.7978994087916095e-02,7.1300123356517198e-02,2.9618048090729954e-01,1.7038195190926946e+00,2.2428370082126201e-01,6.7444748401996624e-01,0,32768,98304,98304,32768,1.4551915228366852e-11,1.6072134991724821e-15,0.0000000000000000e+00,1.9316556059910523e-02,2.3604059205096078e-01,8.8857658763165688e+00,2.6563899537358403e-02,1.3658867779132755e-02,4.1342391475282302e-13,5.5528914799651830e-12,2.9079085620430959e-15,3.9057490634863314e-14,1.2586252959864291e-02,2.8932412021731579e-13,2.5750165014609738e-14,3.9501280811358626e+01,3.9478417604357432e+01,5.7913179880519103e-04,nan,1.2564781803572641e+01,1.2566370614359172e+01,1.5888107865311696e-03,1.6445178552260131e-15,1.6445178552260131e-15,1.6445178552260131e-15,2.2898349882893854e-16,4.7184478546569153e-16,2.6367796834847468e-16,2.1770779623508929e-16,7.2511441295830537e-16,128,3.5290185499999999e-01,3.0331567499999995e-01,1.0003921951219508e-03,2.1161865685999999e+01,1.7553073864000002e+01,4.5309741750999997e+01,1.4628515625000000e+02,1.4628515625000000e+02
exp2_distort,16,2,2,abc,0,int,0.0000000000000000e+00,2.0000000000000000e+00,1.0000000000000000e+00,2,1,0,6.2500000000000028e-02,3.1498082568182491e-02,7.5654866440596782e-02,-1.4881519841778190e-01,2.0997179985823333e+00,-2.7720425578411984e-01,5.6031251551594741e-01,2752,nan,nan,nan,nan,nan,nan,nan,nan,nan,nan,nan,nan,nan,nan,nan,nan,nan,nan,nan,nan,nan,nan,nan,nan,nan,nan,nan,nan,nan,nan,nan,nan,nan,nan,nan,2.7774970399999999e-01,nan,nan,nan,nan,2.7784351499999999e-01,nan,nan
exp2_distort,16,2,2,abc,0,int,0.0000000000000000e+00,2.0000000000000000e+00,1.0000000000000001e-01,3,1,1,6.2500000000000028e-02,6.2178974677161603e-02,6.2682364768115839e-02,9.8262910212874699e-01,1.0102551742817161e+00,9.8607913693805516e-01,9.9892991214893079e-01,0,32768,98304,98304,32768,7.2759576141834259e-12,1.7491249283910651e-15,0.0000000000000000e+00,1.4518007965889997e-03,5.2288901004803885e-02,8.8857658763164959e+00,5.8845688410687361e-03,1.0265781882000836e-03,3.2751159679618080e-13,1.8993695505287178e-12,2.3036252681740386e-15,1.3359635912133123e-14,5.5894462625321131e-04,1.5965007094109751e-13,2.1754134755374245e-14,3.9477814970369394e+01,3.9478417604357432e+01,-1.5264897242774024e-05,nan,1.2565744020348692e+01,1.2566370614359172e+01,6.2659401048037466e-04,8.3960616237277463e-16,8.3960616237277463e-16,8.3960616237277463e-16,3.5735303605122226e-16,3.4694469519536142e-17,7.9797279894933126e-17,5.9858801942924700e-16,3.3653635433950058e-16,37,2.8416454600000002e-01,2.5525542600000006e-01,9.6266764761905740e-04,1.7624659590000000e+01,1.5395428749000001e+01,3.5407487476000000e+01,1.4603125000000000e+02,1.4603125000000000e+02
exp2_distort,16,2,2,abc,0,int,0.0000000000000000e+00,2.0000000000000000e+00,2.0000000000000001e-01,3,1,1,6.2500000000000028e-02,6.1192635667198299e-02,6.3223380588072517e-02,9.3051621213106117e-01,1.0410206971268647e+00,9.4278836049919990e-01,9.9577550079125099e-01,0,32768,98304,98304,32768,7.2759576141834259e-12,1.6671997579171583e-15,0.0000000000000000e+00,2.8168115535723032e-03,5.6353912896612630e-02,8.8857658763170768e+00,6.3420434075143438e-03,1.9917865508556078e-03,3.3320720497178139e-13,1.9326762412674725e-12,2.3436865882592848e-15,1.3593905889548645e-14,1.1477649652215851e-03,1.8651746813702630e-13,2.1807205445071652e-14,3.9477974414831543e+01,3.9478417604357432e+01,-1.1226121835238830e-05,nan,1.2565724489385381e+01,1.2566370614359172e+01,6.4612497379101796e-04,1.0269562977782698e-15,1.0269562977782698e-15,7.4593109467002705e-16,1.0269562977782698e-15,5.9501015226004483e-16,2.7408630920433552e-16,5.3863163929079860e-16,3.8163916471489756e-17,42,3.4275515500000003e-01,3.0366632500000001e-01,9.8246475714286615e-04,1.8625571675000000e+01,1.6813210951999995e+01,3.8342471013999997e+01,1.4614843750000000e+02,1.4614843750000000e+02
exp2_distort,16,2,2,abc,0,int,0.0000000000000000e+00,2.0000000000000000e+00,2.9999999999999999e-01,3,1,1,6.2499999999999722e-02,5.9468848458715855e-02,6.4105369141270449e-02,8.4366103543093218e-01,1.0922965685354458e+00,8.6843223667552960e-01,9.9063843617082104e-01,0,32768,98304,98304,32768,7.2759576141834259e-12,1.5302371718090071e-15,0.0000000000000000e+00,4.2976048220306432e-03,6.3398707621745182e-02,8.8857658763168246e+00,7.1348613618913096e-03,3.0388655125179113e-03,3.3812377854368071e-13,2.1529444893531036e-12,2.3782683961215880e-15,1.5143211340196090e-14,1.7982724127074043e-03,1.7652546091539989e-13,2.1562872646031980e-14,3.9478298240093103e+01,3.9478417604357432e+01,-3.0235321365947027e-06,nan,1.2565693310045500e+01,1.2566370614359172e+01,6.7730431367252208e-04,1.2698175844150228e-15,1.2698175844150228e-15,1.2698175844150228e-15,3.1225022567582528e-16,1.9081958235744878e-16,1.2143064331837650e-16,4.2804301769727715e-16,4.4755865680201623e-16,47,3.3725370699999996e-01,4.6925770899999997e-01,9.7385693809525062e-04,2.0902308133999998e+01,1.8139478916999998e+01,4.2336310070000003e+01,1.4608593750000000e+02,1.4608593750000000e+02
exp2_distort,16,2,2,abc,0,int,0.0000000000000000e+00,2.0000000000000000e+00,4.0000000000000002e-01,3,1,1,6.2500000000000153e-02,5.6864829568938992e-02,6.5301277372043748e-02,7.2206327745238030e-01,1.1640827885074572e+00,7.5619772464066681e-01,9.8364121807735538e-01,0,32768,98304,98304,32768,7.2759576141834259e-12,1.3378930138970634e-15,0.0000000000000000e+00,5.9292398510541631e-03,7.3880336414563305e-02,8.8857658763169329e+00,8.3144590396507286e-03,4.1926057059618856e-03,3.5130460124044559e-13,2.7853275241795927e-12,2.4709786284205680e-15,1.9591217311408696e-14,2.5476486058855679e-03,1.9118040484045196e-13,2.2512650435220029e-14,3.9478884006581303e+01,3.9478417604357432e+01,1.1814106344017170e-05,nan,1.2565650782194924e+01,1.2566370614359172e+01,7.1983216424875707e-04,4.8745729674948279e-16,4.8745729674948279e-16,9.7144514654701197e-17,1.7347234759768071e-16,4.8745729674948279e-16,3.6776137690708310e-16,2.8015784137025435e-16,1.9775847626135601e-16,62,3.5315354699999996e-01,2.9499339500000005e-01,8.7322466956521482e-04,2.1270525889999998e+01,1.7030762382999999e+01,4.2117089819999997e+01,1.4601562500000000e+02,1.4601562500000000e+02
exp2_distort,16,2,2,abc,0,int,0.0000000000000000e+00,2.0000000000000000e+00,5.9999999999999998e-01,3,1,1,6.2499999999999882e-02,4.7619606016285627e-02,6.8498904584052403e-02,3.7463883935602676e-01,1.3691862741417788e+00,4.0846330977861045e-01,9.6463583576389311e-01,0,32768,98304,98304,32768,1.4551915228366852e-11,1.5713667159673836e-15,0.0000000000000000e+00,9.9853347112082488e-03,1.0934376089392601e-01,8.8857658763169258e+00,1.2305496500347596e-02,7.0606978867127019e-03,3.9367288466126071e-13,4.3769432522822171e-12,2.7689853225715561e-15,3.0786198632213561e-14,4.5842632384889732e-03,2.7333690866271354e-13,2.4823717014300024e-14,3.9481748694869268e+01,3.9478417604357432e+01,8.4377508369734799e-05,nan,1.2565528625698615e+01,1.2566370614359172e+01,8.4198866055729127e-04,1.1830814106161824e-15,1.1830814106161824e-15,1.1830814106161824e-15,1.6306400674181987e-16,2.6888213877640510e-16,1.4224732503009818e-16,6.6266436782314031e-16,4.1633363423443370e-17,132,3.6354782899999999e-01,3.0411030999999999e-01,9.4820927441860426e-04,1.9139529245000002e+01,1.6915711108999997e+01,4.2659407420999997e+01,1.4607031250000000e+02,1.4607031250000000e+02
exp2_distort,16,2,2,abc,0,int,0.0000000000000000e+00,2.0000000000000000e+00,8.0000000000000004e-01,3,1,0,6.2499999999999993e-02,1.0242201894700383e-02,7.2531219426399715e-02,-1.1175945876586393e-01,1.6563311540298298e+00,-4.0785031767503171e-01,9.3999839206703961e-01,2008,nan,nan,nan,nan,nan,nan,nan,nan,nan,nan,nan,nan,nan,nan,nan,nan,nan,nan,nan,nan,nan,nan,nan,nan,nan,nan,nan,nan,nan,nan,nan,nan,nan,nan,nan,3.7413435800000000e-01,nan,nan,nan,nan,3.7423891700000000e-01,nan,nan
exp2_distort,8,1,2,abc,0,pt,0.0000000000000000e+00,2.0000000000000000e+00,0.0000000000000000e+00,1,1,1,1.2499999999999999e-01,1.2500000000000003e-01,1.2500000000000003e-01,9.9999999999998312e-01,1.0000000000000142e+00,9.9999999999997358e-01,9.9999999999999811e-01,0,512,1536,1536,512,0.0000000000000000e+00,0.0000000000000000e+00,0.0000000000000000e+00,7.8568695537528641e-02,1.9940338995277025e+00,8.8857658763166683e+00,2.2440765683939790e-01,5.5556457403568626e-02,1.0231836115232649e-14,2.8421709430404007e-14,1.4393576560608684e-16,3.9982076145733120e-16,1.7566630771344252e-15,0.0000000000000000e+00,0.0000000000000000e+00,3.7490332008120916e+01,3.9478417604357432e+01,-5.0358796448241656e-02,2.8077282096114496e-14,1.1313708498984729e+01,1.2566370614359172e+01,1.2526621153744433e+00,1.9428902930940239e-16,1.9428902930940239e-16,2.7755575615628914e-17,1.6653345369377348e-16,1.9428902930940239e-16,1.3877787807814457e-17,4.8572257327350599e-17,1.0408340855860843e-16,15,3.4266201999999996e-02,1.8716489999999961e-03,7.1179133096085406e-06,1.6919814399999999e-01,1.1868465860000001e+00,1.6323853870000000e+00,3.1335937500000000e+01,3.1335937500000000e+01
exp2_distort,8,1,2,abc,0,pt,0.0000000000000000e+00,2.0000000000000000e+00,5.0000000000000003e-02,1,1,1,1.2500000000000000e-01,1.2491720635019765e-01,1.2507245321906210e-01,9.9725070500354407e-01,1.0027492949964558e+00,9.9621248575359100e-01,9.9862346024484150e-01,0,512,1536,1536,512,0.0000000000000000e+00,0.0000000000000000e+00,0.0000000000000000e+00,8.0191698204546039e-02,1.9975822606563094e+00,8.8857658763167677e+00,2.2480698776685817e-01,5.6704093595299890e-02,1.1935355784251918e-14,5.6843418860808015e-14,1.6789993049534456e-16,7.9964152291465363e-16,6.8124482872644792e-03,6.6844796672960172e-04,2.4116142624222242e-04,3.7493943245777203e+01,3.9478417604357432e+01,-5.0267322729804470e-02,-2.1597909304703459e-15,1.1312672988773985e+01,1.2566370614359172e+01,1.2536976255851879e+00,3.3306690738754696e-16,3.3306690738754696e-16,3.3306690738754696e-16,9.7144514654701197e-17,8.3266726846886741e-17,1.8735013540549517e-16,2.4286128663675299e-17,4.1633363423443370e-17,34,3.4831646000000001e-02,1.7627039999999969e-03,6.7039271325624257e-06,1.5842636200000002e-01,1.1614927009999998e+00,1.6304290040000000e+00,3.1546875000000000e+01,3.1546875000000000e+01
exp2_distort,8,1,2,abc,0,pt,0.0000000000000000e+00,2.0000000000000000e+00,1.0000000000000001e-01,1,1,1,1.2499999999999996e-01,1.2466645136747069e-01,1.2529100697773868e-01,9.8900282001417639e-01,1.0109971799858235e+00,9.8493552836575804e-01,9.9447100834892510e-01,0,512,1536,1536,512,0.0000000000000000e+00,0.0000000000000000e+00,0.0000000000000000e+00,8.4899668536174158e-02,2.0082629006097923e+00,8.8857658763167233e+00,2.2600898206899930e-01,6.0033131342419048e-02,1.2778034941157630e-14,5.6843418860808015e-14,1.7975427103046608e-16,7.9964152291465728e-16,1.3664084576180850e-02,2.6811513850510948e-03,9.6465871618715197e-04,3.7504924913770822e+01,3.9478417604357432e+01,-4.9989153829934310e-02,-1.1878850117586902e-14,1.1309566742471635e+01,1.2566370614359172e+01,1.2568038718875378e+00,3.3306690738754696e-16,3.3306690738754696e-16,1.1102230246251565e-16,2.4980018054066022e-16,3.3306690738754696e-16,1.6653345369377348e-16,5.5511151231257827e-17,3.0531133177191805e-16,37,3.4802706999999995e-02,1.7736689999999986e-03,6.7397596630160074e-06,1.6250962899999999e-01,1.1657215770000000e+00,1.6501056560000000e+00,3.1445312500000000e+01,3.1445312500000000e+01
exp2_distort,8,1,2,abc,0,pt,0.0000000000000000e+00,2.0000000000000000e+00,1.4999999999999999e-01,1,1,1,1.2500000000000006e-01,1.2424310834297929e-01,1.2565666966028019e-01,9.7525634503189684e-01,1.0247436549681026e+00,9.6642109411991806e-01,9.8747319302108005e-01,0,512,1536,1536,512,0.0000000000000000e+00,0.0000000000000000e+00,0.0000000000000000e+00,9.2288830068644079e-02,2.0261845060690806e+00,8.8857658763166611e+00,2.2802587129484186e-01,6.5258057569311481e-02,1.2161360579070340e-14,5.6843418860808015e-14,1.7107923993760862e-16,7.9964152291466349e-16,2.0594486014059481e-02,6.0608505175858696e-03,2.1706090955668734e-03,3.7523728767460668e+01,3.9478417604357432e+01,-4.9512846651711170e-02,-5.2194947486366692e-15,1.1304390612981447e+01,1.2566370614359172e+01,1.2619800013777258e+00,2.3592239273284576e-16,2.3592239273284576e-16,5.5511151231257827e-17,8.3266726846886741e-17,1.3877787807814457e-16,2.3592239273284576e-16,1.5959455978986625e-16,1.4571677198205180e-16,39,3.5018852000000003e-02,1.7884200000000058e-03,6.7729345072807320e-06,1.5899034800000000e-01,1.2893959500000001e+00,1.7726369820000001e+00,3.1433593750000000e+01,3.1433593750000000e+01
exp2_distort,8,1,2,abc,0,pt,0.0000000000000000e+00,2.0000000000000000e+00,2.0000000000000001e-01,1,1,1,1.2500000000000014e-01,1.2364100839360631e-01,1.2616939861386536e-01,9.5601128005670688e-01,1.0439887199432931e+00,9.4107365484566330e-01,9.7751100906636046e-01,0,512,1536,1536,512,0.0000000000000000e+00,0.0000000000000000e+00,0.0000000000000000e+00,1.0187973043024864e-01,2.0515302521171481e+00,8.8857658763166327e+00,2.3087826988387383e-01,7.2039848252685570e-02,1.1855867345167623e-14,4.2632564145606011e-14,1.6678173145388712e-16,5.9973114218600001e-16,2.7644056585791443e-02,1.0847147870344465e-02,3.8594694915805561e-03,3.7551124903681099e+01,3.9478417604357432e+01,-4.8818894414440955e-02,-5.2194947486366692e-15,1.1297146021520025e+01,1.2566370614359172e+01,1.2692245928391479e+00,2.9143354396410359e-16,2.9143354396410359e-16,2.9143354396410359e-16,1.9428902930940239e-16,1.1102230246251565e-16,1.1102230246251565e-16,8.6736173798840355e-17,1.6653345369377348e-16,41,3.5152638000000000e-02,1.8512470000000003e-03,6.7162979516454004e-06,1.6400321699999998e-01,1.1810677509999998e+00,1.6698267190000000e+00,3.1308593750000000e+01,3.1308593750000000e+01
exp2_distort,8,1,2,abc,0,pt,0.0000000000000000e+00,2.0000000000000000e+00,2.5000000000000000e-01,1,1,1,1.2499999999999979e-01,1.2285223531656370e-01,1.2682811646334705e-01,9.3126762508860228e-01,1.0687323749113968e+00,9.0942862817311043e-01,9.6441074555462436e-01,0,512,1536,1536,512,0.0000000000000000e+00,0.0000000000000000e+00,0.0000000000000000e+00,1.1324724207257865e-01,2.0845602874425917e+00,8.8857658763166434e+00,2.3459545484971639e-01,8.0077892820195187e-02,1.2271585202532141e-14,5.6843418860808015e-14,1.7262981848362318e-16,7.9964152291466349e-16,3.4854565948283310e-02,1.7098570234887589e-02,6.0324331260445544e-03,3.7588227113270662e+01,3.9478417604357432e+01,-4.7879084466600809e-02,8.6391637218813834e-15,1.1287834957183925e+01,1.2566370614359172e+01,1.2785356571752473e+00,2.3592239273284576e-16,2.3592239273284576e-16,2.3592239273284576e-16,1.5265566588595902e-16,9.7144514654701197e-17,1.1102230246251565e-16,1.7347234759768071e-17,1.3877787807814457e-17,42,3.5457894999999996e-02,5.7904169999999991e-03,6.6680516086014327e-06,1.5800437800000003e-01,1.1535305940000002e+00,1.6436715749999999e+00,3.1414062500000000e+01,3.1414062500000000e+01
exp2_distort,8,1,2,abc,0,pt,0.0000000000000000e+00,2.0000000000000000e+00,2.9999999999999999e-01,1,1,1,1.2499999999999999e-01,1.2186684086395777e-01,1.2763075671059632e-01,9.0102538012759037e-01,1.0989746198724100e+00,8.7212521931715004e-01,9.4793619227442238e-01,0,512,1536,1536,512,0.0000000000000000e+00,0.0000000000000000e+00,0.0000000000000000e+00,1.2607288346074499e-01,2.1256169923371599e+00,8.8857658763167979e+00,2.3921595751274066e-01,8.9146990818833913e-02,1.2385127033030953e-14,5.3290705182007514e-14,1.7422706164868957e-16,7.4966392773248512e-16,4.2269851484921149e-02,2.4895343683655646e-02,8.6919972600637829e-03,3.7636533561253088e+01,3.9478417604357432e+01,-4.6655467844816695e-02,1.4398606203135639e-14,1.1276459976342398e+01,1.2566370614359172e+01,1.2899106380167744e+00,7.3552275381416621e-16,7.3552275381416621e-16,7.3552275381416621e-16,1.9428902930940239e-16,3.0531133177191805e-16,2.7755575615628914e-17,3.4694469519536142e-18,1.3877787807814457e-16,43,4.2192627000000052e-02,1.7766970000000493e-03,6.6711149766510995e-06,1.5704022600000000e-01,1.1583114690000000e+00,1.6590839540000000e+00,3.1539062500000000e+01,3.1539062500000000e+01
exp2_distort,8,1,2,abc,0,pt,0.0000000000000000e+00,2.0000000000000000e+00,4.0000000000000002e-01,1,1,1,1.2500000000000000e-01,1.1925374953999987e-01,1.2965504509962972e-01,8.2404512022682730e-01,1.1759548797731729e+00,7.7635182074793141e-01,9.0353589512561516e-01,0,512,1536,1536,512,0.0000000000000000e+00,0.0000000000000000e+00,0.0000000000000000e+00,1.5534810822624423e-01,2.2336539802688029e+00,8.8857658763167748e+00,2.5137439038565706e-01,1.0984770077127864e-01,1.2318686470361408e-14,4.2632564145606011e-14,1.7329241285765803e-16,5.9973114218598975e-16,5.7906467652153688e-02,4.5577690384380531e-02,1.5492240491830228e-02,3.7775069273289198e+01,3.9478417604357432e+01,-4.3146317264758531e-02,0.0000000000000000e+00,1.1247531322132314e+01,1.2566370614359172e+01,1.3188392922268584e+00,3.6082248300317588e-16,3.6082248300317588e-16,1.9428902930940239e-16,9.7144514654701197e-17,9.7144514654701197e-17,3.6082248300317588e-16,4.1633363423443370e-17,0.0000000000000000e+00,45,3.1168251000000001e-02,1.7999220000000024e-03,6.4813097537265072e-06,1.5645165000000000e-01,1.2026548879999999e+00,1.6888798100000000e+00,3.1332031250000000e+01,3.1332031250000000e+01
exp2_distort,8,1,2,abc,0,pt,0.0000000000000000e+00,2.0000000000000000e+00,5.0000000000000000e-01,1,1,1,1.2500000000000000e-01,1.1566256267683621e-01,1.3220917259830650e-01,7.2507050035441667e-01,1.2749294996455833e+00,6.5718573056783702e-01,8.4062709344974906e-01,0,512,1536,1536,512,0.0000000000000000e+00,0.0000000000000000e+00,0.0000000000000000e+00,1.8901969647831798e-01,2.3805675153037944e+00,8.8857658763166274e+00,2.6790797196770161e-01,1.3365710915764173e-01,1.2933965973622824e-14,5.6843418860808015e-14,1.8194782185427495e-16,7.9964152291466625e-16,7.4992251590589309e-02,7.4143608496657798e-02,2.4341827120908387e-02,3.7989562876849746e+01,3.9478417604357432e+01,-3.7713130815642253e-02,-1.5658484245910008e-14,1.1210391821349369e+01,1.2566370614359172e+01,1.3559787930098040e+00,6.8001160258290838e-16,6.8001160258290838e-16,2.4980018054066022e-16,4.7184478546569153e-16,6.8001160258290838e-16,4.1633363423443370e-17,1.8041124150158794e-16,1.3877787807814457e-17,48,3.4853200000000001e-02,1.7713580000000007e-03,6.6591053104711184e-06,1.6309009800000002e-01,1.2054069760000001e+00,1.7099014500000000e+00,3.1679687500000000e+01,3.1679687500000000e+01
exp2_distort,8,1,2,abc,0,pt,0.0000000000000000e+00,2.0000000000000000e+00,5.9999999999999998e-01,1,1,1,1.2499999999999989e-01,1.1087472619203297e-01,1.3525056286954887e-01,6.0410152051035815e-01,1.3958984794896396e+00,5.2110526419784420e-01,7.8434038024659747e-01,0,512,1536,1536,512,0.0000000000000000e+00,0.0000000000000000e+00,0.0000000000000000e+00,2.2746217958570614e-01,2.5742259495192314e+00,8.8857658763167375e+00,2.8970220297839772e-01,1.6084004964852505e-01,1.5340824464455257e-14,5.6843418860808015e-14,2.1580616513517418e-16,7.9964152291465570e-16,9.4116407731687654e-02,1.1259384508348713e-01,3.5426861960180626e-02,3.8317516352959316e+01,3.9478417604357432e+01,-2.9405972220882051e-02,-6.6593553689502331e-15,1.1165082244969554e+01,1.2566370614359172e+01,1.4012883693896185e+00,7.6327832942979512e-16,7.6327832942979512e-16,3.8857805861880479e-16,7.6327832942979512e-16,1.8041124150158794e-16,1.9428902930940239e-16,2.7755575615628914e-17,3.6082248300317588e-16,52,2.7611651000000001e-02,1.8453899999999988e-03,4.7655426018584706e-06,8.6536519999999992e-02,6.5498219800000002e-01,1.0270608850000000e+00,3.1218750000000000e+01,3.1218750000000000e+01
exp2_distort,8,1,2,abc,0,pt,0.0000000000000000e+00,2.0000000000000000e+00,6.9999999999999996e-01,1,1,1,1.2499999999999999e-01,1.0452785529107315e-01,1.3873101527970078e-01,4.6113818069465251e-01,1.5388618193053423e+00,3.7457200505491889e-01,7.2887498113598237e-01,0,512,1536,1536,512,0.0000000000000000e+00,0.0000000000000000e+00,0.0000000000000000e+00,2.7215350294103263e-01,2.8283957181963455e+00,8.8857658763167429e+00,3.1830635170513288e-01,1.9244158745327750e-01,1.3898232052177899e-14,5.6843418860808015e-14,1.9551257941114696e-16,7.9964152291465570e-16,1.1619834693657220e-01,1.6414605401211269e-01,4.9147267740870124e-02,3.8825104386523378e+01,3.9478417604357432e+01,-1.6548617130032695e-02,1.0079024342194947e-14,1.1111652322750222e+01,1.2566370614359172e+01,1.4547182916089501e+00,4.1633363423443370e-16,4.1633363423443370e-16,1.3877787807814457e-17,4.1633363423443370e-17,4.0245584642661925e-16,4.1633363423443370e-16,2.2204460492503131e-16,1.3877787807814457e-17,60,2.3335107000000001e-02,1.8228840000000003e-03,3.5453734999556866e-06,8.0759413000000002e-02,6.1291057999999998e-01,9.8455588800000005e-01,3.1300781250000000e+01,3.1300781250000000e+01
exp2_distort,8,1,2,abc,0,pt,0.0000000000000000e+00,2.0000000000000000e+00,8.0000000000000004e-01,1,1,1,1.2499999999999990e-01,9.5957988175832329e-02,1.4260024671303434e-01,2.9618048090730542e-01,1.7038195190926919e+00,2.2428370082126872e-01,6.7444748401995391e-01,0,512,1536,1536,512,0.0000000000000000e+00,0.0000000000000000e+00,0.0000000000000000e+00,3.2668641802289355e-01,3.1716692438797662e+00,8.8857658763167127e+00,3.5693819621482892e-01,2.3100218150553073e-01,1.6002393840713082e-14,8.8817841970012523e-14,2.2511275425571853e-16,1.2494398795541530e-15,1.4300847581687065e-01,2.6723168289595023e-01,6.6399814287450121e-02,3.9648950261276951e+01,3.9478417604357432e+01,4.3196426621896012e-03,5.5794599037150601e-15,1.1050160682578666e+01,1.2566370614359172e+01,1.5162099317805069e+00,6.3837823915946501e-16,6.3837823915946501e-16,6.3837823915946501e-16,5.5511151231257827e-17,2.9143354396410359e-16,1.5265566588595902e-16,1.3877787807814457e-16,4.1633363423443370e-17,72,2.7210968999999998e-02,2.1917800000000008e-03,7.0396822998089291e-06,1.2173147899999999e-01,1.2002391840000000e+00,1.7050529719999998e+00,3.1566406250000000e+01,3.1566406250000000e+01
exp2_distort,8,1,2,abc,0,pt,0.0000000000000000e+00,2.0000000000000000e+00,9.0000000000000002e-01,1,1,1,1.2500000000000011e-01,8.3707566203959638e-02,1.4680873559235227e-01,9.3812616720414410e-02,1.8907715788516875e+00,7.6416208791220144e-02,6.2239777049805745e-01,0,512,1536,1536,512,0.0000000000000000e+00,0.0000000000000000e+00,0.0000000000000000e+00,4.0235700291388204e-01,3.6887133386428967e+00,8.8857658763167091e+00,4.1512610055082017e-01,2.8450936521830156e-01,1.6276140936600579e-14,1.1368683772161603e-13,2.2896367577022116e-16,1.5992830458293191e-15,1.7955933881848074e-01,5.0949772468158727e-01,8.9609838834551203e-02,4.1189778714125268e+01,3.9478417604357432e+01,4.3349283320285467e-02,2.6997386630879323e-15,1.0980674778981379e+01,1.2566370614359172e+01,1.5856958353777930e+00,5.6898930012039273e-16,5.6898930012039273e-16,5.6898930012039273e-16,8.3266726846886741e-17,2.3592239273284576e-16,1.1102230246251565e-16,1.5959455978986625e-16,1.9428902930940239e-16,91,3.5105256000000001e-02,5.9274669999999988e-03,6.7037963800904979e-06,1.6018555599999998e-01,1.1926377189999999e+00,1.7784075570000000e+00,3.1593750000000000e+01,3.1593750000000000e+01
exp2_distort,8,1,2,abc,0,pt,0.0000000000000000e+00,2.0000000000000000e+00,1.0000000000000001e-01,3,1,1,1.2499999999999999e-01,1.2456807561938159e-01,1.2524596384015860e-01,9.8162440149022556e-01,1.0109971799858235e+00,9.8010317460247187e-01,9.9470764836168890e-01,0,512,1536,1536,512,0.0000000000000000e+00,0.0000000000000000e+00,0.0000000000000000e+00,8.8688194195424452e-02,2.0174288904776740e+00,8.8857658763167020e+00,2.2704051834797295e-01,6.2712023526774449e-02,1.3132602787846291e-14,4.6185277824406512e-14,1.8474213380481800e-16,6.4970873736816072e-16,1.8613137747182627e-02,1.4223246448215932e-02,2.9751783234993373e-03,3.7520775870626096e+01,3.9478417604357432e+01,-4.9587644402324299e-02,4.1395992834014962e-15,1.1308813771705081e+01,1.2566370614359172e+01,1.2575568426540915e+00,7.7715611723760958e-16,7.7715611723760958e-16,7.7715611723760958e-16,1.8041124150158794e-16,1.2490009027033011e-16,3.8857805861880479e-16,1.1102230246251565e-16,5.5511151231257827e-17,37,3.6260532999999998e-02,5.8799019999999994e-03,7.3155763350402325e-06,1.7393831800000001e-01,1.2405906890000000e+00,1.7540362610000000e+00,3.1488281250000000e+01,3.1488281250000000e+01
exp2_distort,8,1,2,abc,0,pt,0.0000000000000000e+00,2.0000000000000000e+00,2.0000000000000001e-01,3,1,1,1.2499999999999993e-01,1.2322952204185134e-01,1.2598475818881844e-01,9.2649746526762466e-01,1.0439887199432931e+00,9.1893997764276392e-01,9.8013872295354376e-01,0,512,1536,1536,512,0.0000000000000000e+00,0.0000000000000000e+00,0.0000000000000000e+00,1.1467366413423662e-01,2.0880192893850662e+00,8.8857658763167464e+00,2.3498472933551728e-01,8.1086525532827664e-02,1.2828343789439890e-14,4.7961634663806763e-14,1.8046198785789669e-16,6.7469753495924020e-16,3.7771867337315787e-02,5.8780634591529157e-02,1.1942752012749068e-02,3.7618225968439319e+01,3.9478417604357432e+01,-4.7119204588199973e-02,-3.5996515507839098e-16,1.1294680499062949e+01,1.2566370614359172e+01,1.2716901152962237e+00,5.1347814888913490e-16,5.1347814888913490e-16,3.3306690738754696e-16,1.3877787807814457e-17,5.1347814888913490e-16,2.2204460492503131e-16,4.5102810375396984e-17,6.2450045135165055e-17,41,3.7016171000000000e-02,5.9223259999999986e-03,7.5402849010367559e-06,1.6467487400000000e-01,1.1776168889999998e+00,1.6786585039999999e+00,3.1593750000000000e+01,3.1593750000000000e+01
exp2_distort,8,1,2,abc,0,pt,0.0000000000000000e+00,2.0000000000000000e+00,2.9999999999999999e-01,3,1,1,1.2499999999999994e-01,1.2079403325251239e-01,1.2720910986767026e-01,8.3461898029224957e-01,1.0989746198724100e+00,8.1582289819503484e-01,9.5824946262416799e-01,0,512,1536,1536,512,0.0000000000000000e+00,0.0000000000000000e+00,0.0000000000000000e+00,1.5034956400939739e-01,2.2078680515992288e+00,8.8857658763166576e+00,2.4847245384710023e-01,1.0631319625948601e-01,1.3401594226708366e-14,6.3948846218409017e-14,1.8852615538785178e-16,8.9959671327899607e-16,5.8074106507863051e-02,1.4041859828499970e-01,2.7046981284787275e-02,3.7800309578554767e+01,3.9478417604357432e+01,-4.2506972863508179e-02,1.2598780427743684e-15,1.1272177346777140e+01,1.2566370614359172e+01,1.2941932675820329e+00,3.7470027081099033e-16,3.7470027081099033e-16,9.7144514654701197e-17,6.9388939039072284e-17,3.7470027081099033e-16,2.0816681711721685e-16,1.8735013540549517e-16,1.3877787807814457e-17,44,3.7220852000000040e-02,6.7044930000000891e-03,6.7994521502634731e-06,1.6949277600000001e-01,1.1690905880000000e+00,1.6734442740000000e+00,3.1515625000000000e+01,3.1515625000000000e+01
exp2_distort,8,1,2,abc,0,pt,0.0000000000000000e+00,2.0000000000000000e+00,4.0000000000000002e-01,3,1,1,1.2499999999999990e-01,1.1702738289569216e-01,1.2890108385711807e-01,7.0598873552413544e-01,1.1759548797731729e+00,6.7299802743258152e-01,9.3085844961930686e-01,0,512,1536,1536,512,0.0000000000000000e+00,0.0000000000000000e+00,0.0000000000000000e+00,1.9314268827517880e-01,2.3817315675865074e+00,8.8857658763166878e+00,2.6803897387557307e-01,1.3657250461597853e-01,1.3263701314587622e-14,7.1054273576010019e-14,1.8658635478371473e-16,9.9955190364332519e-16,8.0253897629904300e-02,2.7452131779617339e-01,4.8600863475611433e-02,3.8099129889131014e+01,3.9478417604357432e+01,-3.4937765972519103e-02,2.8797212406271278e-15,1.1242201720084077e+01,1.2566370614359172e+01,1.3241688942750951e+00,6.3837823915946501e-16,6.3837823915946501e-16,6.3837823915946501e-16,2.7755575615628914e-17,1.9428902930940239e-16,2.7755575615628914e-17,7.2858385991025898e-17,2.7755575615628914e-16,47,2.2880116999999998e-02,5.4936689999999996e-03,5.2172339376548856e-06,1.2617457799999998e-01,9.5278620599999997e-01,1.3880613030000000e+00,3.1253906250000000e+01,3.1253906250000000e+01
exp2_distort,8,1,2,abc,0,pt,0.0000000000000000e+00,2.0000000000000000e+00,5.9999999999999998e-01,3,1,1,1.2500000000000014e-01,1.0362605075555612e-01,1.3357405066663325e-01,3.3847212244994673e-01,1.3958984794896396e+00,2.9520967599170195e-01,8.6558920214453339e-01,0,512,1536,1536,512,0.0000000000000000e+00,0.0000000000000000e+00,0.0000000000000000e+00,3.0379399520664846e-01,2.9434175369447964e+00,8.8857658763167908e+00,3.3125085422179301e-01,2.1481479409437446e-01,1.3535514316871123e-14,5.6843418860808015e-14,1.9041006854776738e-16,7.9964152291465254e-16,1.3539833836795015e-01,8.8963985384398647e-01,1.1450937293289733e-01,3.9331230429951020e+01,3.9478417604357432e+01,-3.7282946819572099e-03,4.8595295935582782e-15,1.1163363526222113e+01,1.2566370614359172e+01,1.4030070881370591e+00,8.8817841970012523e-16,8.8817841970012523e-16,8.8817841970012523e-16,6.6613381477509392e-16,3.4694469519536142e-16,3.3306690738754696e-16,0.0000000000000000e+00,2.7755575615628914e-17,58,2.7576866999999998e-02,1.4292810000000010e-03,5.4122381815721826e-06,1.3070562399999996e-01,1.2307896600000001e+00,1.7131636989999999e+00,3.1343750000000000e+01,3.1343750000000000e+01
exp2_distort,8,1,2,abc,0,pt,0.0000000000000000e+00,2.0000000000000000e+00,8.0000000000000004e-01,3,1,0,1.2499999999999993e-01,7.1580246746905274e-02,1.3972523172114734e-01,-1.7605406227452244e-01,1.7038195190926919e+00,-1.7974263096601131e-01,7.7310165255358376e-01,360,nan,nan,nan,nan,nan,nan,nan,nan,nan,nan,nan,nan,nan,nan,nan,nan,nan,nan,nan,nan,nan,nan,nan,nan,nan,nan,nan,nan,nan,nan,nan,nan,nan,nan,nan,3.4819895000000003e-02,nan,nan,nan,nan,3.4910468000000000e-02,nan,nan
exp2_distort,8,1,2,abc,1,int,0.0000000000000000e+00,2.0000000000000000e+00,0.0000000000000000e+00,1,1,1,1.2499999999999999e-01,1.2500000000000003e-01,1.2500000000000003e-01,9.9999999999998312e-01,1.0000000000000142e+00,9.9999999999997358e-01,9.9999999999999811e-01,0,512,1536,1536,512,0.0000000000000000e+00,0.0000000000000000e+00,0.0000000000000000e+00,7.8568695537528571e-02,1.9940338995277025e+00,8.9071227233441945e+00,2.2386958858236536e-01,5.5556457403568571e-02,1.2128074999795021e-14,4.2632564145606011e-14,1.7020191840414983e-16,5.9829315074261623e-16,1.6961344113925233e-15,7.1054273576010019e-15,1.9409067394445911e-15,3.7680332008122704e+01,3.9668417604357430e+01,-5.0117592692085142e-02,-1.4867002676106275e-14,1.1313708498984731e+01,1.2566370614359172e+01,1.2526621153744415e+00,5.5511151231257827e-16,8.8817841970012523e-16,5.5511151231257827e-17,4.4408920985006262e-16,1.1102230246251565e-16,2.2204460492503131e-16,5.5511151231257827e-16,3.8857805861880479e-16,15,1.7763317000000001e-02,1.4548579999999998e-03,5.4618828782086286e-06,3.9234025400000000e-01,1.0323484790000002e+00,1.6721861430000000e+00,3.1300781250000000e+01,3.1300781250000000e+01
exp2_distort,8,1,2,abc,1,int,0.0000000000000000e+00,2.0000000000000000e+00,1.0000000000000001e-01,1,1,1,1.2499999999999996e-01,1.2466645136747069e-01,1.2529100697773868e-01,9.8900282001417639e-01,1.0109971799858235e+00,9.8493552836575804e-01,9.9447100834892510e-01,0,512,1536,1536,512,0.0000000000000000e+00,0.0000000000000000e+00,0.0000000000000000e+00,8.4918109349409063e-02,2.0081060727343565e+00,8.9071227233441519e+00,2.2544946725292445e-01,6.0046170966508050e-02,1.3762395911425209e-14,4.9737991503207013e-14,1.9313750830215003e-16,6.9800867586638879e-16,1.3620916375720009e-02,8.8817841970012523e-15,2.6482822537428343e-15,3.7690282883644180e+01,3.9668417604357430e+01,-4.9866741356881322e-02,1.4329641133596408e-15,1.1308379597718515e+01,1.2566370614359172e+01,1.2579910166406574e+00,6.3837823915946501e-16,4.3021142204224816e-16,5.5511151231257827e-17,1.6653345369377348e-16,2.7755575615628914e-17,6.3837823915946501e-16,5.5511151231257827e-17,1.1102230246251565e-16,37,2.2359103000000002e-02,1.4805940000000017e-03,5.7365455040871927e-06,4.4110377300000003e-01,1.2053208060000000e+00,1.9561620529999999e+00,3.1312500000000000e+01,3.1312500000000000e+01
exp2_distort,8,1,2,abc,1,int,0.0000000000000000e+00,2.0000000000000000e+00,2.0000000000000001e-01,1,1,1,1.2500000000000014e-01,1.2364100839360631e-01,1.2616939861386536e-01,9.5601128005670688e-01,1.0439887199432931e+00,9.4107365484566330e-01,9.7751100906636046e-01,0,512,1536,1536,512,0.0000000000000000e+00,0.0000000000000000e+00,0.0000000000000000e+00,1.0192582823969089e-01,2.0509469889159977e+00,8.9071227233442816e+00,2.3025920407953535e-01,7.2072444326340024e-02,1.3156832719609400e-14,5.5511151231257827e-14,1.8463920853373977e-16,7.7902754002944168e-16,2.7555225041347688e-02,1.2434497875801753e-14,2.9551628135815768e-15,3.7722630610534942e+01,3.9668417604357430e+01,-4.9051288438809564e-02,-1.4150520619426453e-14,1.1292404649031939e+01,1.2566370614359172e+01,1.2739659653272337e+00,1.2212453270876722e-15,7.0776717819853729e-16,1.2212453270876722e-15,6.6613381477509392e-16,2.2204460492503131e-16,3.8857805861880479e-16,1.1102230246251565e-16,2.2204460492503131e-16,41,3.5113979000000003e-02,1.8431749999999955e-03,7.1505980693600291e-06,4.8098522600000004e-01,1.1826021280000001e+00,1.9892969970000001e+00,3.1472656250000000e+01,3.1472656250000000e+01
exp2_distort,8,1,2,abc,1,int,0.0000000000000000e+00,2.0000000000000000e+00,2.9999999999999999e-01,1,1,1,1.2499999999999999e-01,1.2186684086395777e-01,1.2763075671059632e-01,9.0102538012759037e-01,1.0989746198724100e+00,8.7212521931715004e-01,9.4793619227442238e-01,0,512,1536,1536,512,0.0000000000000000e+00,0.0000000000000000e+00,0.0000000000000000e+00,1.2610023503644302e-01,2.1244369262190941e+00,8.9071227233442265e+00,2.3850989732646941e-01,8.9166331303486127e-02,1.5065519523987299e-14,5.6843418860808015e-14,2.1142517050571841e-16,7.9772420099015208e-16,4.2130812912005711e-02,1.0658141036401503e-14,2.7668571657777158e-15,3.7785144937139620e+01,3.9668417604357430e+01,-4.7475366575019093e-02,-1.3075797534406723e-14,1.1265818883721488e+01,1.2566370614359172e+01,1.3005517306376841e+00,3.6082248300317588e-16,4.3021142204224816e-16,3.3306690738754696e-16,5.5511151231257827e-17,1.6653345369377348e-16,3.6082248300317588e-16,1.1102230246251565e-16,3.3306690738754696e-16,43,3.5660764999999997e-02,1.8068040000000021e-03,6.8670332360515008e-06,4.8467726099999997e-01,1.2087895069999999e+00,2.0261297300000001e+00,3.1574218750000000e+01,3.1574218750000000e+01
exp2_distort,8,1,2,abc,1,int,0.0000000000000000e+00,2.0000000000000000e+00,4.0000000000000002e-01,1,1,1,1.2500000000000000e-01,1.1925374953999987e-01,1.2965504509962972e-01,8.2404512022682730e-01,1.1759548797731729e+00,7.7635182074793141e-01,9.0353589512561516e-01,0,512,1536,1536,512,0.0000000000000000e+00,0.0000000000000000e+00,0.0000000000000000e+00,1.5525557716203073e-01,2.2318220932184314e+00,8.9071227233442407e+00,2.5056599785800171e-01,1.0978227142830287e-01,1.3358387006113577e-14,5.6843418860808015e-14,1.8746776345495998e-16,7.9772420099015100e-16,5.7711540601883791e-02,1.3322676295501878e-14,3.0390027655384695e-15,3.7891955121160905e+01,3.9668417604357430e+01,-4.4782791713914680e-02,-5.5527359392686087e-15,1.1228680904762250e+01,1.2566370614359172e+01,1.3376897095969227e+00,8.3266726846886741e-16,3.0531133177191805e-16,7.7715611723760958e-16,8.3266726846886741e-16,1.6653345369377348e-16,1.1102230246251565e-16,5.5511151231257827e-17,2.2204460492503131e-16,45,3.1378315000000004e-02,1.8165310000000032e-03,6.7901178068239716e-06,4.8261685900000006e-01,1.2233200060000000e+00,2.0400103580000000e+00,3.1355468750000000e+01,3.1355468750000000e+01
exp2_distort,8,1,2,abc,1,int,0.0000000000000000e+00,2.0000000000000000e+00,5.0000000000000000e-01,1,1,1,1.2500000000000000e-01,1.1566256267683621e-01,1.3220917259830650e-01,7.2507050035441667e-01,1.2749294996455833e+00,6.5718573056783702e-01,8.4062709344974906e-01,0,512,1536,1536,512,0.0000000000000000e+00,0.0000000000000000e+00,0.0000000000000000e+00,1.8864498472528932e-01,2.3781034130199372e+00,8.9071227233441661e+00,2.6698895781320076e-01,1.3339214793608484e-01,1.3706705156750271e-14,5.6843418860808015e-14,1.9235596025901769e-16,7.9772420099015761e-16,7.4736134823064487e-02,1.1102230246251565e-14,2.6937413093043975e-15,3.8066045834607301e+01,3.9668417604357430e+01,-4.0394143919018174e-02,8.9560257084977549e-16,1.1181072515194408e+01,1.2566370614359172e+01,1.3852980991647641e+00,6.1062266354383610e-16,7.2164496600635175e-16,1.6653345369377348e-16,1.6653345369377348e-16,2.2204460492503131e-16,6.1062266354383610e-16,0.0000000000000000e+00,1.1102230246251565e-16,48,3.5105196999999998e-02,1.8946389999999966e-03,6.9477854918733941e-06,4.8941767800000002e-01,1.2002596010000000e+00,2.0393050840000000e+00,3.1433593750000000e+01,3.1433593750000000e+01
exp2_distort,8,1,2,abc,1,int,0.0000000000000000e+00,2.0000000000000000e+00,5.9999999999999998e-01,1,1,1,1.2499999999999989e-01,1.1087472619203297e-01,1.3525056286954887e-01,6.0410152051035815e-01,1.3958984794896396e+00,5.2110526419784420e-01,7.8434038024659747e-01,0,512,1536,1536,512,0.0000000000000000e+00,0.0000000000000000e+00,0.0000000000000000e+00,2.2655808318060433e-01,2.5711050307973911e+00,8.9071227233442105e+00,2.8865719162697923e-01,1.6020075694963118e-01,1.5828607162647520e-14,7.1054273576010019e-14,2.2213412308167627e-16,9.9715525123769129e-16,9.3796889419023685e-02,1.0214051826551440e-14,2.7202545322736320e-15,3.8344809581261892e+01,3.9668417604357430e+01,-3.3366796636479512e-02,9.4933872510076214e-15,1.1123098477993880e+01,1.2566370614359172e+01,1.4432721363652927e+00,8.3266726846886741e-16,5.4123372450476381e-16,1.6653345369377348e-16,8.3266726846886741e-16,5.2735593669694936e-16,1.6653345369377348e-16,2.2204460492503131e-16,5.5511151231257827e-17,52,3.5690508999999968e-02,5.9217209999999909e-03,6.7787224199288251e-06,4.8718822100000003e-01,1.2061531580000002e+00,2.0412233359999998e+00,3.1222656250000000e+01,3.1222656250000000e+01
exp2_distort,8,1,2,abc,1,int,0.0000000000000000e+00,2.0000000000000000e+00,2.0000000000000001e-01,3,1,1,1.2499999999999993e-01,1.2322952204185134e-01,1.2598475818881844e-01,9.2649746526762466e-01,1.0439887199432931e+00,9.1893997764276392e-01,9.8013872295354376e-01,0,512,1536,1536,512,0.0000000000000000e+00,0.0000000000000000e+00,0.0000000000000000e+00,1.1466301417588985e-01,2.0855862395769935e+00,8.9071227233441856e+00,2.3414814237497769e-01,8.1078994875061303e-02,1.4023835729920855e-14,5.6843418860808015e-14,1.9680647956559743e-16,7.9772420099015544e-16,3.7482310588912847e-02,1.0658141036401503e-14,2.6976367529528665e-15,3.7782606720446658e+01,3.9668417604357430e+01,-4.7539352406727263e-02,-1.7912051416995510e-15,1.1289375128537898e+01,1.2566370614359172e+01,1.2769954858212742e+00,8.3266726846886741e-16,3.3306690738754696e-16,6.1062266354383610e-16,8.3266726846886741e-16,5.5511151231257827e-17,4.9960036108132044e-16,1.1102230246251565e-16,1.6653345369377348e-16,41,3.5856908999999999e-02,5.8426230000000051e-03,6.5836106978275200e-06,4.8296694899999998e-01,1.1859540250000000e+00,1.9996169380000000e+00,3.1312500000000000e+01,3.1312500000000000e+01
exp2_distort,8,1,2,abc,1,int,0.0000000000000000e+00,2.0000000000000000e+00,4.0000000000000002e-01,3,1,1,1.2499999999999990e-01,1.1702738289569216e-01,1.2890108385711807e-01,7.0598873552413544e-01,1.1759548797731729e+00,6.7299802743258152e-01,9.3085844961930686e-01,0,512,1536,1536,512,0.0000000000000000e+00,0.0000000000000000e+00,0.0000000000000000e+00,1.9249032563799290e-01,2.3724424876581880e+00,8.9071227233441981e+00,2.6635340741857988e-01,1.3611121457143163e-01,1.4098540724738942e-14,4.9737991503207013e-14,1.9785486798936800e-16,6.9800867586638485e-16,7.9511436342894315e-02,1.0214051826551440e-14,2.7155289273197326e-15,3.8185437397970858e+01,3.9668417604357430e+01,-3.7384405427446935e-02,-4.6571333684188326e-15,1.1221378634680786e+01,1.2566370614359172e+01,1.3449919796783867e+00,6.1062266354383610e-16,2.7755575615628914e-16,6.1062266354383610e-16,2.7755575615628914e-16,1.1102230246251565e-16,4.9960036108132044e-16,3.3306690738754696e-16,3.3306690738754696e-16,47,3.1742467999999996e-02,1.7919389999999993e-03,6.9352223994452155e-06,4.7202789999999994e-01,1.1933399620000000e+00,2.0058909350000000e+00,3.1296875000000000e+01,3.1296875000000000e+01
exp2_distort,8,1,2,abc,1,int,0.0000000000000000e+00,2.0000000000000000e+00,5.9999999999999998e-01,3,1,1,1.2500000000000014e-01,1.0362605075555612e-01,1.3357405066663325e-01,3.3847212244994673e-01,1.3958984794896396e+00,2.9520967599170195e-01,8.6558920214453339e-01,0,512,1536,1536,512,0.0000000000000000e+00,0.0000000000000000e+00,0.0000000000000000e+00,3.0080252651951023e-01,2.9221077432080560e+00,8.9071227233441768e+00,3.2806416100562624e-01,2.1269950629999179e-01,1.5060915793863893e-14,6.3948846218409017e-14,2.1136056308048282e-16,8.9743972611392731e-16,1.3387507262040796e-01,1.5987211554602254e-14,3.2627066843406321e-15,3.9280447920740407e+01,3.9668417604357430e+01,-9.7803166107237292e-03,2.1494461700394613e-15,1.1118287586736571e+01,1.2566370614359172e+01,1.4480830276226015e+00,1.1379786002407855e-15,4.8572257327350599e-16,1.6653345369377348e-16,8.3266726846886741e-16,1.3877787807814457e-16,1.1379786002407855e-15,1.1102230246251565e-16,1.1102230246251565e-16,58,2.3913154999999998e-02,5.9468309999999996e-03,7.7402754256965952e-06,4.8346148699999997e-01,1.2091994669999999e+00,2.0460639220000001e+00,3.1546875000000000e+01,3.1546875000000000e+01
exp2_distort,8,1,2,abc,1,pt,0.0000000000000000e+00,2.0000000000000000e+00,0.0000000000000000e+00,1,1,1,1.2499999999999999e-01,1.2500000000000003e-01,1.2500000000000003e-01,9.9999999999998312e-01,1.0000000000000142e+00,9.9999999999997358e-01,9.9999999999999811e-01,0,512,1536,1536,512,0.0000000000000000e+00,0.0000000000000000e+00,0.0000000000000000e+00,7.8568695537528641e-02,1.9940338995277025e+00,8.9071227233441945e+00,2.2386958858236536e-01,5.5556457403568626e-02,1.0694796317893329e-14,3.7303493627405260e-14,1.5008769736976785e-16,5.2350650689978920e-16,1.7566630771344252e-15,0.0000000000000000e+00,0.0000000000000000e+00,3.7680332008122711e+01,3.9668417604357430e+01,-5.0117592692084961e-02,-1.6299966789465915e-14,1.1313708498984729e+01,1.2566370614359172e+01,1.2526621153744433e+00,1.0547118733938987e-15,1.9428902930940239e-16,7.7715611723760958e-16,1.0547118733938987e-15,0.0000000000000000e+00,8.3266726846886741e-17,2.2204460492503131e-16,1.6653345369377348e-16,15,2.9891733000000000e-02,1.7759810000000029e-03,6.9290068941624811e-06,1.5849829700000001e-01,1.1636812239999998e+00,1.5942447970000000e+00,3.1613281250000000e+01,3.1613281250000000e+01
exp2_distort,8,1,2,abc,1,pt,0.0000000000000000e+00,2.0000000000000000e+00,1.0000000000000001e-01,1,1,1,1.2499999999999996e-01,1.2466645136747069e-01,1.2529100697773868e-01,9.8900282001417639e-01,1.0109971799858235e+00,9.8493552836575804e-01,9.9447100834892510e-01,0,512,1536,1536,512,0.0000000000000000e+00,0.0000000000000000e+00,0.0000000000000000e+00,8.4899668536174158e-02,2.0083093848242006e+00,8.9071227233441519e+00,2.2547229304034860e-01,6.0033131342419048e-02,9.6465871618769440e-04,2.6811513850688584e-03,1.3537743137571757e-05,3.7626507857048857e-05,1.3664084576180850e-02,2.6811513850510948e-03,9.6465871618715197e-04,3.7695018267373982e+01,3.9668417604357430e+01,-4.9747367204450256e-02,2.8659282267192817e-15,1.1309566742471635e+01,1.2566370614359172e+01,1.2568038718875378e+00,1.3877787807814457e-15,3.3306690738754696e-16,1.3877787807814457e-15,3.8857805861880479e-16,5.5511151231257827e-17,1.3877787807814457e-16,1.6653345369377348e-16,0.0000000000000000e+00,37,3.4939768000000003e-02,1.7543400000000001e-03,6.7286450462573595e-06,1.6337848800000002e-01,1.1751501039999999e+00,1.6563124220000001e+00,3.1476562500000000e+01,3.1476562500000000e+01
exp2_distort,8,1,2,abc,1,pt,0.0000000000000000e+00,2.0000000000000000e+00,2.0000000000000001e-01,1,1,1,1.2500000000000014e-01,1.2364100839360631e-01,1.2616939861386536e-01,9.5601128005670688e-01,1.0439887199432931e+00,9.4107365484566330e-01,9.7751100906636046e-01,0,512,1536,1536,512,0.0000000000000000e+00,0.0000000000000000e+00,0.0000000000000000e+00,1.0187973043024864e-01,2.0517164933821559e+00,8.9071227233442816e+00,2.3034559611544403e-01,7.2039848252685570e-02,3.8594694915806819e-03,1.0847147870350682e-02,5.4162685463308687e-05,1.5222575526440608e-04,2.7644056585791443e-02,1.0847147870344465e-02,3.8594694915805561e-03,3.7741507000613083e+01,3.9668417604357430e+01,-4.8575434063512592e-02,3.0450487408892370e-15,1.1297146021520025e+01,1.2566370614359172e+01,1.2692245928391479e+00,2.7755575615628914e-16,2.9143354396410359e-16,2.7755575615628914e-16,2.2204460492503131e-16,1.3877787807814457e-16,1.1102230246251565e-16,2.2204460492503131e-16,2.2204460492503131e-16,41,3.5016502999999997e-02,1.8010970000000015e-03,6.8251667292270931e-06,1.6493080399999999e-01,1.2306176750000000e+00,1.7220425270000002e+00,3.1414062500000000e+01,3.1414062500000000e+01
exp2_distort,8,1,2,abc,1,pt,0.0000000000000000e+00,2.0000000000000000e+00,2.9999999999999999e-01,1,1,1,1.2499999999999999e-01,1.2186684086395777e-01,1.2763075671059632e-01,9.0102538012759037e-01,1.0989746198724100e+00,8.7212521931715004e-01,9.4793619227442238e-01,0,512,1536,1536,512,0.0000000000000000e+00,0.0000000000000000e+00,0.0000000000000000e+00,1.2607288346074499e-01,2.1260372382573718e+00,8.9071227233442265e+00,2.3868956387962956e-01,8.9146990818833913e-02,8.6919972600641420e-03,2.4895343683692062e-02,1.2198099108486130e-04,3.4937409723856606e-04,4.2269851484921149e-02,2.4895343683655646e-02,8.6919972600637829e-03,3.7827426931425663e+01,3.9668417604357430e+01,-4.6409480995519739e-02,4.6571333684188326e-15,1.1276459976342398e+01,1.2566370614359172e+01,1.2899106380167744e+00,1.0547118733938987e-15,7.3552275381416621e-16,6.6613381477509392e-16,1.0547118733938987e-15,3.3306690738754696e-16,8.3266726846886741e-17,0.0000000000000000e+00,0.0000000000000000e+00,43,3.5218370999999998e-02,1.7975219999999958e-03,6.7455710623946035e-06,1.6378871600000000e-01,1.1827173259999999e+00,1.6789807190000001e+00,3.1308593750000000e+01,3.1308593750000000e+01
exp2_distort,8,1,2,abc,1,pt,0.0000000000000000e+00,2.0000000000000000e+00,4.0000000000000002e-01,1,1,1,1.2500000000000000e-01,1.1925374953999987e-01,1.2965504509962972e-01,8.2404512022682730e-01,1.1759548797731729e+00,7.7635182074793141e-01,9.0353589512561516e-01,0,512,1536,1536,512,0.0000000000000000e+00,0.0000000000000000e+00,0.0000000000000000e+00,1.5534810822624423e-01,2.2344044536669330e+00,8.9071227233442407e+00,2.5085591869200274e-01,1.0984770077127864e-01,1.5492240491830865e-02,4.5577690384387637e-02,2.1741364991003230e-04,6.3962420581866613e-04,5.7906467652153688e-02,4.5577690384380531e-02,1.5492240491830228e-02,3.7966745852786879e+01,3.9668417604357430e+01,-4.2897394308555138e-02,7.7021821093080693e-15,1.1247531322132314e+01,1.2566370614359172e+01,1.3188392922268584e+00,8.3266726846886741e-16,3.6082248300317588e-16,8.3266726846886741e-16,5.5511151231257827e-17,4.4408920985006262e-16,1.1102230246251565e-16,1.6653345369377348e-16,1.1102230246251565e-16,45,3.4941704999999997e-02,1.7702350000000019e-03,6.7419790662396774e-06,1.6320192700000002e-01,1.1831609770000000e+00,1.6801771550000000e+00,3.1277343750000000e+01,3.1277343750000000e+01
exp2_distort,8,1,2,abc,1,pt,0.0000000000000000e+00,2.0000000000000000e+00,5.0000000000000000e-01,1,1,1,1.2500000000000000e-01,1.1566256267683621e-01,1.3220917259830650e-01,7.2507050035441667e-01,1.2749294996455833e+00,6.5718573056783702e-01,8.4062709344974906e-01,0,512,1536,1536,512,0.0000000000000000e+00,0.0000000000000000e+00,0.0000000000000000e+00,1.8901969647831798e-01,2.3817484192748624e+00,8.9071227233441661e+00,2.6739818157357087e-01,1.3365710915764173e-01,2.4341827120908099e-02,7.4143608496685331e-02,3.4160620490149984e-04,1.0405100895035191e-03,7.4992251590589309e-02,7.4143608496657798e-02,2.4341827120908387e-02,3.8182374795749112e+01,3.9668417604357430e+01,-3.7461610478888401e-02,-1.5583484732786096e-14,1.1210391821349369e+01,1.2566370614359172e+01,1.3559787930098040e+00,7.2164496600635175e-16,6.8001160258290838e-16,7.2164496600635175e-16,3.8857805861880479e-16,3.8857805861880479e-16,0.0000000000000000e+00,5.5511151231257827e-16,4.4408920985006262e-16,48,3.5705014000000000e-02,5.8282119999999993e-03,6.7264204136539432e-06,1.6500910799999999e-01,1.2336355380000001e+00,1.7430820990000000e+00,3.1468750000000000e+01,3.1468750000000000e+01
exp2_distort,8,1,2,abc,1,pt,0.0000000000000000e+00,2.0000000000000000e+00,5.9999999999999998e-01,1,1,1,1.2499999999999989e-01,1.1087472619203297e-01,1.3525056286954887e-01,6.0410152051035815e-01,1.3958984794896396e+00,5.2110526419784420e-01,7.8434038024659747e-01,0,512,1536,1536,512,0.0000000000000000e+00,0.0000000000000000e+00,0.0000000000000000e+00,2.2746217958570614e-01,2.5759458723704789e+00,8.9071227233442105e+00,2.8920067146030420e-01,1.6084004964852505e-01,3.5426861960180384e-02,1.1259384508348980e-01,4.9717039750855733e-04,1.5801096574710710e-03,9.4116407731687654e-02,1.1259384508348713e-01,3.5426861960180626e-02,3.8511945302061413e+01,3.9668417604357430e+01,-2.9153477051451188e-02,-1.7912051416995510e-15,1.1165082244969554e+01,1.2566370614359172e+01,1.4012883693896185e+00,6.1062266354383610e-16,7.6327832942979512e-16,4.9960036108132044e-16,6.1062266354383610e-16,1.1102230246251565e-16,2.2204460492503131e-16,2.2204460492503131e-16,1.1102230246251565e-16,52,3.5150744000000005e-02,1.8508060000000034e-03,7.6150096325908988e-06,1.6768631200000000e-01,1.2259379360000002e+00,1.7524946020000001e+00,3.1335937500000000e+01,3.1335937500000000e+01
exp2_distort,8,1,2,abc,1,pt,0.0000000000000000e+00,2.0000000000000000e+00,2.0000000000000001e-01,3,1,1,1.2499999999999993e-01,1.2322952204185134e-01,1.2598475818881844e-01,9.2649746526762466e-01,1.0439887199432931e+00,9.1893997764276392e-01,9.8013872295354376e-01,0,512,1536,1536,512,0.0000000000000000e+00,0.0000000000000000e+00,0.0000000000000000e+00,1.1467366413423662e-01,2.0883609043472995e+00,8.9071227233441856e+00,2.3445965315758249e-01,8.1086525532827664e-02,1.1942752012748737e-02,5.8780634591542480e-02,1.6760114887393198e-04,8.2491052971415122e-04,3.7771867337315787e-02,5.8780634591529157e-02,1.1942752012749068e-02,3.7808939325420326e+01,3.9668417604357430e+01,-4.6875534524292370e-02,2.3285666842094163e-15,1.1294680499062949e+01,1.2566370614359172e+01,1.2716901152962237e+00,3.3306690738754696e-16,5.1347814888913490e-16,5.5511151231257827e-17,5.5511151231257827e-17,5.5511151231257827e-17,3.3306690738754696e-16,1.6653345369377348e-16,2.2204460492503131e-16,41,3.6389760999999965e-02,5.9532930000000261e-03,7.2299348273992425e-06,1.6706144199999995e-01,9.9250820100000003e-01,1.4745885210000000e+00,3.1312500000000000e+01,3.1312500000000000e+01
exp2_distort,8,1,2,abc,1,pt,0.0000000000000000e+00,2.0000000000000000e+00,4.0000000000000002e-01,3,1,1,1.2499999999999990e-01,1.1702738289569216e-01,1.2890108385711807e-01,7.0598873552413544e-01,1.1759548797731729e+00,6.7299802743258152e-01,9.3085844961930686e-01,0,512,1536,1536,512,0.0000000000000000e+00,0.0000000000000000e+00,0.0000000000000000e+00,1.9314268827517880e-01,2.3830832860231448e+00,8.9071227233441981e+00,2.6754804666353704e-01,1.3657250461597853e-01,4.8600863475611489e-02,2.7452131779620714e-01,6.8205054798779275e-04,3.8525532644330925e-03,8.0253897629904300e-02,2.7452131779617339e-01,4.8600863475611433e-02,3.8292350233173330e+01,3.9668417604357430e+01,-3.4689242835664394e-02,7.1648205667982039e-15,1.1242201720084077e+01,1.2566370614359172e+01,1.3241688942750951e+00,3.8857805861880479e-16,6.3837823915946501e-16,3.8857805861880479e-16,2.2204460492503131e-16,5.5511151231257827e-17,1.1102230246251565e-16,5.5511151231257827e-17,1.1102230246251565e-16,47,2.8239152999999999e-02,5.5886140000000022e-03,5.5304073828287009e-06,1.2778732400000006e-01,1.0487310170000002e+00,1.5146440050000001e+00,3.1359375000000000e+01,3.1359375000000000e+01
exp2_distort,8,1,2,abc,1,pt,0.0000000000000000e+00,2.0000000000000000e+00,5.9999999999999998e-01,3,1,1,1.2500000000000014e-01,1.0362605075555612e-01,1.3357405066663325e-01,3.3847212244994673e-01,1.3958984794896396e+00,2.9520967599170195e-01,8.6558920214453339e-01,0,512,1536,1536,512,0.0000000000000000e+00,0.0000000000000000e+00,0.0000000000000000e+00,3.0379399520664846e-01,2.9465300790636704e+00,8.9071227233441768e+00,3.3080604933636709e-01,2.1481479409437446e-01,1.1450937293289723e-01,8.8963985384400401e-01,1.6069916247025849e-03,1.2484949987165862e-02,1.3539833836795015e-01,8.8963985384398647e-01,1.1450937293289733e-01,3.9530396784968467e+01,3.9668417604357430e+01,-3.4793628716312057e-03,-1.8449412959505376e-14,1.1163363526222113e+01,1.2566370614359172e+01,1.4030070881370591e+00,7.7715611723760958e-16,8.8817841970012523e-16,1.6653345369377348e-16,7.7715611723760958e-16,0.0000000000000000e+00,0.0000000000000000e+00,1.1102230246251565e-16,3.3306690738754696e-16,58,3.6242591999999997e-02,6.0341279999999997e-03,6.8799954592363247e-06,1.6326665699999998e-01,1.2169799459999999e+00,1.7432942210000000e+00,3.1460937500000000e+01,3.1460937500000000e+01
exp2_distort,8,1,2,mod2,0,int,0.0000000000000000e+00,2.0000000000000000e+00,0.0000000000000000e+00,1,1,1,1.2499999999999999e-01,1.2500000000000003e-01,1.2500000000000003e-01,9.9999999999998312e-01,1.0000000000000142e+00,9.9999999999997358e-01,9.9999999999999811e-01,0,512,1536,1536,512,0.0000000000000000e+00,0.0000000000000000e+00,0.0000000000000000e+00,1.2952432418468823e-01,2.8250247863297289e+00,8.9741836348992550e+00,3.1479462659351332e-01,1.4325422988455158e-01,1.1545686900632161e-14,5.6843418860808015e-14,1.6081806672270322e-16,7.9176308917605146e-16,1.6961344113925233e-15,7.1054273576010019e-15,1.9409067394445911e-15,3.1132583002029072e+01,4.0267985956444576e+01,-2.2686515695860013e-01,2.5762212079139749e-14,7.4081501566861108e-16,0.0000000000000000e+00,7.4081501566861108e-16,2.9143354396410359e-16,2.9143354396410359e-16,2.2204460492503131e-16,1.8041124150158794e-16,6.9388939039072284e-17,6.9388939039072284e-18,2.9143354396410359e-16,1.9428902930940239e-16,15,3.7345419999999997e-02,5.7071409999999989e-03,7.1429882142857168e-06,4.8243975500000003e-01,1.3063351449999998e+00,2.0728861770000000e+00,3.1328125000000000e+01,3.1328125000000000e+01
exp2_distort,8,1,2,mod2,0,int,0.0000000000000000e+00,2.0000000000000000e+00,1.0000000000000001e-01,1,1,1,1.2499999999999996e-01,1.2466645136747069e-01,1.2529100697773868e-01,9.8900282001417639e-01,1.0109971799858235e+00,9.8493552836575804e-01,9.9447100834892510e-01,0,512,1536,1536,512,0.0000000000000000e+00,0.0000000000000000e+00,0.0000000000000000e+00,1.3194559844227424e-01,2.8456680671640218e+00,8.9741836348990027e+00,3.1709492282927276e-01,1.4593216533253150e-01,1.1282560342574648e-14,4.2632564145606011e-14,1.5715301805696809e-16,5.9382231688205521e-16,1.3620916375720009e-02,8.8817841970012523e-15,2.6482822537428343e-15,3.1196324733410083e+01,4.0267985956444576e+01,-2.2528221880395893e-01,-2.1174420886964180e-15,1.3576957948975847e-05,0.0000000000000000e+00,1.3576957948975847e-05,2.1510571102112408e-16,2.1510571102112408e-16,0.0000000000000000e+00,6.9388939039072284e-18,2.1510571102112408e-16,7.6327832942979512e-17,6.9388939039072284e-17,5.5511151231257827e-17,37,3.6418959000000001e-02,6.0412840000000009e-03,6.8639020590253919e-06,4.9259019800000003e-01,1.1073363930000000e+00,1.9082574080000001e+00,3.1175781250000000e+01,3.1175781250000000e+01
exp2_distort,8,1,2,mod2,0,int,0.0000000000000000e+00,2.0000000000000000e+00,2.0000000000000001e-01,1,1,1,1.2500000000000014e-01,1.2364100839360631e-01,1.2616939861386536e-01,9.5601128005670688e-01,1.0439887199432931e+00,9.4107365484566330e-01,9.7751100906636046e-01,0,512,1536,1536,512,0.0000000000000000e+00,0.0000000000000000e+00,0.0000000000000000e+00,1.3904468828860608e-01,2.9081407758490392e+00,8.9741836348989459e+00,3.2405630352156112e-01,1.5378377664353021e-01,1.0392874740166704e-14,4.2632564145606011e-14,1.4476072647642766e-16,5.9382231688205984e-16,2.7555225041347688e-02,1.2434497875801753e-14,2.9551628135815768e-15,3.1389735207257058e+01,4.0267985956444576e+01,-2.2047913592675286e-01,-8.9991288769597760e-15,1.1515999637196444e-04,0.0000000000000000e+00,1.1515999637196444e-04,1.9428902930940239e-16,1.9428902930940239e-16,1.3877787807814457e-16,1.9428902930940239e-16,4.1633363423443370e-17,1.2490009027033011e-16,1.5265566588595902e-16,2.7755575615628914e-17,41,6.5121193000000008e-02,6.1738560000000053e-03,5.4172293878656554e-06,4.3090900299999996e-01,1.0008015299999999e+00,1.7834063540000000e+00,3.1511718750000000e+01,3.1511718750000000e+01
exp2_distort,8,1,2,mod2,0,int,0.0000000000000000e+00,2.0000000000000000e+00,2.9999999999999999e-01,1,1,1,1.2499999999999999e-01,1.2186684086395777e-01,1.2763075671059632e-01,9.0102538012759037e-01,1.0989746198724100e+00,8.7212521931715004e-01,9.4793619227442238e-01,0,512,1536,1536,512,0.0000000000000000e+00,0.0000000000000000e+00,0.0000000000000000e+00,1.5041552841092698e-01,3.0142341035484064e+00,8.9741836348989050e+00,3.3587836244253116e-01,1.6635995455541566e-01,1.0621403352361366e-14,4.2632564145606011e-14,1.4794386576647391e-16,5.9382231688206172e-16,4.2130812912005711e-02,1.0658141036401503e-14,2.7668571657777158e-15,3.1720220850616240e+01,4.0267985956444576e+01,-2.1227197990666660e-01,-3.3526166404359950e-15,4.2402184601877257e-04,0.0000000000000000e+00,4.2402184601877257e-04,1.6653345369377348e-16,1.6653345369377348e-16,6.9388939039072284e-17,3.4694469519536142e-17,2.0816681711721685e-17,1.6653345369377348e-16,4.1633363423443370e-17,1.3877787807814457e-17,43,2.7150024999999998e-02,2.3074769999999988e-03,7.7504534780081372e-06,4.6095465400000002e-01,1.2689815789999999e+00,2.0489444350000001e+00,3.1355468750000000e+01,3.1355468750000000e+01
exp2_distort,8,1,2,mod2,0,int,0.0000000000000000e+00,2.0000000000000000e+00,4.0000000000000002e-01,1,1,1,1.2500000000000000e-01,1.1925374953999987e-01,1.2965504509962972e-01,8.2404512022682730e-01,1.1759548797731729e+00,7.7635182074793141e-01,9.0353589512561516e-01,0,512,1536,1536,512,0.0000000000000000e+00,0.0000000000000000e+00,0.0000000000000000e+00,1.6560977665564730e-01,3.1674583332611279e+00,8.9741836348988588e+00,3.5295225305436106e-01,1.8316483151326771e-01,1.1412002580813656e-14,4.2632564145606011e-14,1.5895599874447899e-16,5.9382231688206497e-16,5.7711540601883791e-02,1.3322676295501878e-14,3.0390027655384695e-15,3.2202819166537530e+01,4.0267985956444576e+01,-2.0028731505545486e-01,1.2175292010004402e-14,1.1153263563584591e-03,0.0000000000000000e+00,1.1153263563584591e-03,1.7347234759768071e-16,1.7347234759768071e-16,6.9388939039072284e-18,1.7347234759768071e-16,7.6327832942979512e-17,6.9388939039072284e-17,1.5265566588595902e-16,5.5511151231257827e-17,45,3.5707278000000002e-02,5.8608340000000023e-03,6.9873404716157184e-06,4.9271541100000005e-01,1.2930842339999997e+00,2.1241488270000000e+00,3.1460937500000000e+01,3.1460937500000000e+01
exp2_distort,8,1,2,mod2,0,int,0.0000000000000000e+00,2.0000000000000000e+00,5.0000000000000000e-01,1,1,1,1.2500000000000000e-01,1.1566256267683621e-01,1.3220917259830650e-01,7.2507050035441667e-01,1.2749294996455833e+00,6.5718573056783702e-01,8.4062709344974906e-01,0,512,1536,1536,512,0.0000000000000000e+00,0.0000000000000000e+00,0.0000000000000000e+00,1.8434123396577770e-01,3.3738831659606880e+00,8.9741836348987416e+00,3.7595432667996176e-01,2.0388187063676247e-01,1.1278316325285460e-14,4.2632564145606011e-14,1.5709390380405220e-16,5.9382231688207266e-16,7.4736134823064487e-02,1.1102230246251565e-14,2.6937413093043975e-15,3.2864607368830754e+01,4.0267985956444576e+01,-1.8385271604151263e-01,3.5290701478273630e-15,2.4322200482871019e-03,0.0000000000000000e+00,2.4322200482871019e-03,1.8041124150158794e-16,1.8041124150158794e-16,7.6327832942979512e-17,1.6653345369377348e-16,8.3266726846886741e-17,2.7755575615628914e-17,1.8041124150158794e-16,4.1633363423443370e-17,48,3.1121898000000002e-02,1.7261500000000027e-03,7.3710474295190722e-06,4.8856460600000007e-01,1.3297465070000001e+00,2.1568519899999998e+00,3.1472656250000000e+01,3.1472656250000000e+01
exp2_distort,8,1,2,mod2,0,int,0.0000000000000000e+00,2.0000000000000000e+00,5.9999999999999998e-01,1,1,1,1.2499999999999989e-01,1.1087472619203297e-01,1.3525056286954887e-01,6.0410152051035815e-01,1.3958984794896396e+00,5.2110526419784420e-01,7.8434038024659747e-01,0,512,1536,1536,512,0.0000000000000000e+00,0.0000000000000000e+00,0.0000000000000000e+00,2.0667656362437498e-01,3.6438262614175896e+00,8.9741836349006618e+00,4.0603428787067875e-01,2.2858480168544018e-01,1.1215719740424312e-14,4.2632564145606011e-14,1.5622200576560374e-16,5.9382231688194516e-16,9.3796889419023685e-02,1.0214051826551440e-14,2.7202545322736320e-15,3.3754673563093313e+01,4.0267985956444576e+01,-1.6174914733496520e-01,2.9997096256532585e-15,4.6813162417816290e-03,0.0000000000000000e+00,4.6813162417816290e-03,1.1102230246251565e-16,1.1102230246251565e-16,6.9388939039072284e-18,1.3877787807814457e-17,1.3877787807814457e-17,9.7144514654701197e-17,1.1102230246251565e-16,0.0000000000000000e+00,52,3.4821838000000001e-02,1.7417880000000011e-03,7.1000350727724516e-06,5.0553351400000002e-01,1.0980520780000000e+00,1.9341465000000000e+00,3.1167968750000000e+01,3.1167968750000000e+01
exp2_distort,8,2,2,abc,0,pt,0.0000000000000000e+00,2.0000000000000000e+00,0.0000000000000000e+00,1,1,1,1.2499999999999999e-01,1.2500000000000003e-01,1.2500000000000003e-01,9.9999999999998312e-01,1.0000000000000142e+00,9.9999999999997358e-01,9.9999999999999811e-01,0,4096,12288,12288,4096,4.5474735088646412e-13,8.8817841970012582e-16,0.0000000000000000e+00,3.9059358009371960e-03,2.0254441727229247e-01,8.8857658763166345e+00,2.2794255452097512e-02,2.7619136917220299e-03,8.5116536381636568e-14,3.9435121834685560e-13,1.1973719762370025e-15,5.5475130652204917e-15,3.2704720879970294e-15,1.5820678100908481e-13,2.9481391063616810e-14,3.9468128469587100e+01,3.9478417604357432e+01,-2.6062682839639285e-04,-5.0395121710974737e-15,1.2556590281248949e+01,1.2566370614359172e+01,9.7803331102230828e-03,1.0963452368173421e-15,1.0963452368173421e-15,1.0963452368173421e-15,4.7184478546569153e-16,1.5265566588595902e-16,1.8735013540549517e-16,2.7061686225238191e-16,2.0122792321330962e-16,21,2.6989530000000001e-02,3.5726964999999999e-02,6.7140458053691274e-05,3.1292668700000004e-01,2.4056339610000004e+00,3.1009350590000002e+00,5.3156250000000000e+01,5.3156250000000000e+01
exp2_distort,8,2,2,abc,0,pt,0.0000000000000000e+00,2.0000000000000000e+00,5.0000000000000003e-02,1,1,1,1.2500000000000000e-01,1.2491720635019765e-01,1.2507245321906210e-01,9.9725070500354407e-01,1.0027492949964558e+00,9.9621248575359100e-01,9.9862346024484150e-01,0,4096,12288,12288,4096,4.5474735088646412e-13,8.8641473559785015e-16,0.0000000000000000e+00,4.3826975193607181e-03,2.0303978320274435e-01,8.8857658763168388e+00,2.2850003705803760e-02,3.0990351358294375e-03,8.8074542041678929e-14,4.1922021409845911e-13,1.2389835505966810e-15,5.8973562314955232e-15,4.9555016579581012e-04,4.0814937444011434e-05,1.6833554562394490e-05,3.9468197160295794e+01,3.9478417604357432e+01,-2.5888687241885542e-04,4.1395992834014962e-15,1.2556580175908197e+01,1.2566370614359172e+01,9.7904384509757136e-03,7.7715611723760958e-16,7.7715611723760958e-16,4.1633363423443370e-16,7.7715611723760958e-16,1.3183898417423734e-16,8.3266726846886741e-17,2.4286128663675299e-17,3.3306690738754696e-16,32,3.4862214000000002e-02,3.9387043999999996e-02,8.4457189873417737e-05,3.9229297399999996e-01,2.8664141640000000e+00,3.7087662950000002e+00,5.3441406250000000e+01,5.3441406250000000e+01
exp2_distort,8,2,2,abc,0,pt,0.0000000000000000e+00,2.0000000000000000e+00,1.0000000000000001e-01,1,1,1,1.2499999999999996e-01,1.2466645136747069e-01,1.2529100697773868e-01,9.8900282001417639e-01,1.0109971799858235e+00,9.8493552836575804e-01,9.9447100834892510e-01,0,4096,12288,12288,4096,9.0949470177292824e-13,1.7621747167597161e-15,0.0000000000000000e+00,5.5869099107020677e-03,2.0455081963140537e-01,8.8857658763167873e+00,2.3020055049682801e-02,3.9505418837357774e-03,8.6814772010725779e-14,4.1922021409845911e-13,1.2212618081986743e-15,5.8973562314955548e-15,9.9706415002098953e-04,1.6410151545009910e-04,6.7335613071915640e-05,3.9468409309046706e+01,3.9478417604357432e+01,-2.5351308178120710e-04,-1.1878850117586902e-14,1.2556549701293083e+01,1.2566370614359172e+01,9.8209130660897870e-03,5.4123372450476381e-16,5.4123372450476381e-16,5.4123372450476381e-16,9.7144514654701197e-17,1.4571677198205180e-16,4.0245584642661925e-16,9.7144514654701197e-17,1.4571677198205180e-16,34,3.5025698000000001e-02,3.8308089000000003e-02,8.3230478586278600e-05,3.8496189000000003e-01,2.8541779539999999e+00,3.7016590229999999e+00,5.3406250000000000e+01,5.3406250000000000e+01
exp2_distort,8,2,2,abc,0,pt,0.0000000000000000e+00,2.0000000000000000e+00,1.4999999999999999e-01,1,1,1,1.2500000000000006e-01,1.2424310834297929e-01,1.2565666966028019e-01,9.7525634503189684e-01,1.0247436549681026e+00,9.6642109411991806e-01,9.8747319302108005e-01,0,4096,12288,12288,4096,4.5474735088646412e-13,8.7214180067938622e-16,0.0000000000000000e+00,7.1858876503008672e-03,2.0713251394410809e-01,8.8857658763167695e+00,2.3310597738814876e-02,5.0811898863723911e-03,8.6456721254820912e-14,4.8672177399566863e-13,1.2162249497994039e-15,6.8469305399567232e-15,1.5104995677567665e-03,3.7243789911300951e-04,1.5151874195271225e-04,3.9468779418692741e+01,3.9478417604357432e+01,-2.4413809492778707e-04,5.2194947486366692e-15,1.2556498381739299e+01,1.2566370614359172e+01,9.8722326198732446e-03,3.4694469519536142e-16,3.4694469519536142e-16,3.3306690738754696e-16,2.7755575615628914e-16,1.0408340855860843e-16,3.4694469519536142e-16,2.3592239273284576e-16,1.7347234759768071e-16,36,2.7196142999999999e-02,4.2641722000000000e-02,8.2349195473251023e-05,3.9165224100000001e-01,2.8849740549999998e+00,3.7402553620000001e+00,5.3527343750000000e+01,5.3527343750000000e+01
exp2_distort,8,2,2,abc,0,pt,0.0000000000000000e+00,2.0000000000000000e+00,2.0000000000000001e-01,1,1,1,1.2500000000000014e-01,1.2364100839360631e-01,1.2616939861386536e-01,9.5601128005670688e-01,1.0439887199432931e+00,9.4107365484566330e-01,9.7751100906636046e-01,0,4096,12288,12288,4096,9.0949470177292824e-13,1.7190471502593624e-15,0.0000000000000000e+00,9.0018692751850770e-03,2.1086086100889945e-01,8.8857658763167109e+00,2.3730184200656049e-02,6.3652828078382103e-03,8.6415766185386899e-14,4.5208281562736374e-13,1.2156488167175255e-15,6.3596489869306528e-15,2.0418137516831276e-03,6.7029206981139566e-04,2.6943192462759209e-04,3.9469329321826137e+01,3.9478417604357432e+01,-2.3020888583668680e-04,-1.0978937229890926e-14,1.2556425424853458e+01,1.2566370614359172e+01,9.9451895057143247e-03,4.7184478546569153e-16,4.7184478546569153e-16,2.7755575615628914e-17,2.7755575615628914e-17,4.7184478546569153e-16,1.8041124150158794e-16,2.2551405187698492e-16,2.0816681711721685e-17,38,2.5341710000000000e-02,3.7861168000000001e-02,8.1808124335378338e-05,3.7845749600000000e-01,2.7657920560000000e+00,3.6064931400000000e+00,5.3339843750000000e+01,5.3339843750000000e+01
exp2_distort,8,2,2,abc,0,pt,0.0000000000000000e+00,2.0000000000000000e+00,2.5000000000000000e-01,1,1,1,1.2499999999999979e-01,1.2285223531656370e-01,1.2682811646334705e-01,9.3126762508860228e-01,1.0687323749113968e+00,9.0942862817311043e-01,9.6441074555462436e-01,0,4096,12288,12288,4096,9.0949470177292824e-13,1.6863563887279631e-15,0.0000000000000000e+00,1.0961982997100139e-02,2.1583030110665496e-01,8.8857658763167695e+00,2.4289442700927720e-02,7.7512925125011361e-03,8.8919160814737033e-14,3.8369307731045410e-13,1.2508651765703888e-15,5.3975802796739026e-15,2.5969932893788886e-03,1.0642853955449283e-03,4.2120310482670118e-04,3.9470088751307223e+01,3.9478417604357432e+01,-2.1097231235756291e-04,1.6918362288684377e-14,1.2556329722085096e+01,1.2566370614359172e+01,1.0040892274076896e-02,1.9428902930940239e-16,1.9428902930940239e-16,1.8041124150158794e-16,1.6653345369377348e-16,1.9428902930940239e-16,8.3266726846886741e-17,8.3266726846886741e-17,5.5511151231257827e-17,40,3.4718666000000002e-02,3.8167075999999994e-02,7.9209431287128698e-05,3.7655052899999997e-01,2.8137322259999999e+00,3.6753621340000002e+00,5.3539062500000000e+01,5.3539062500000000e+01
exp2_distort,8,2,2,abc,0,pt,0.0000000000000000e+00,2.0000000000000000e+00,2.9999999999999999e-01,1,1,1,1.2499999999999999e-01,1.2186684086395777e-01,1.2763075671059632e-01,9.0102538012759037e-01,1.0989746198724100e+00,8.7212521931715004e-01,9.4793619227442238e-01,0,4096,12288,12288,4096,9.0949470177292824e-13,1.6461023420310700e-15,0.0000000000000000e+00,1.3039287046295362e-02,2.2215211169089055e-01,8.8857658763167500e+00,2.5000896353008020e-02,9.2201682922734146e-03,8.7586113779364075e-14,4.9737991503207013e-13,1.2321126141305318e-15,6.9968633255032318e-15,3.1821178800748658e-03,1.5635949608352462e-03,6.0710021578834386e-04,3.9471096465630382e+01,3.9478417604357432e+01,-1.8544661035862679e-04,7.5592682566462105e-15,1.2556209849524690e+01,1.2566370614359172e+01,1.0160764834482805e-02,5.2735593669694936e-16,5.2735593669694936e-16,5.2735593669694936e-16,5.5511151231257827e-17,0.0000000000000000e+00,1.6653345369377348e-16,2.7061686225238191e-16,6.2450045135165055e-17,42,3.5248702000000000e-02,4.0061902999999996e-02,1.0873767445652173e-04,4.2451954899999994e-01,2.6757509480000001e+00,3.5668639689999999e+00,5.3402343750000000e+01,5.3402343750000000e+01
exp2_distort,8,2,2,abc,0,pt,0.0000000000000000e+00,2.0000000000000000e+00,4.0000000000000002e-01,1,1,1,1.2500000000000000e-01,1.1925374953999987e-01,1.2965504509962972e-01,8.2404512022682730e-01,1.1759548797731729e+00,7.7635182074793141e-01,9.0353589512561516e-01,0,4096,12288,12288,4096,4.5474735088646412e-13,7.7123424710335762e-16,0.0000000000000000e+00,1.7529086398992727e-02,2.3938293808921191e-01,8.8857658763166363e+00,2.6940045621418274e-02,1.2394935860732613e-02,8.9184225314869673e-14,4.7339909770016675e-13,1.2545939561689010e-15,6.6595145580236983e-15,4.4676968657645262e-03,2.9314341434378832e-03,1.0835636964085158e-03,3.9474068833592838e+01,3.9478417604357432e+01,-1.1015565031445758e-04,-1.5118536513292421e-14,1.2555890328982970e+01,1.2566370614359172e+01,1.0480285376202048e-02,1.1657341758564144e-15,1.1657341758564144e-15,1.3877787807814457e-16,1.1657341758564144e-15,5.5511151231257827e-17,5.4123372450476381e-16,9.3675067702747583e-17,2.4286128663675299e-16,46,2.2193975000000001e-02,3.1071662000000003e-02,8.9537137807606276e-05,3.5628944400000007e-01,2.7216191039999997e+00,3.5580295920000000e+00,5.3281250000000000e+01,5.3281250000000000e+01
exp2_distort,8,2,2,abc,0,pt,0.0000000000000000e+00,2.0000000000000000e+00,5.0000000000000000e-01,1,1,1,1.2500000000000000e-01,1.1566256267683621e-01,1.3220917259830650e-01,7.2507050035441667e-01,1.2749294996455833e+00,6.5718573056783702e-01,8.4062709344974906e-01,0,4096,12288,12288,4096,9.0949470177292824e-13,1.4072738089181774e-15,0.0000000000000000e+00,2.2519730765451183e-02,2.6382601662907817e-01,8.8857658763167642e+00,2.9690858424736778e-02,1.5923854334745753e-02,9.5410017660871654e-14,4.9027448767446913e-13,1.3421749316393764e-15,6.8969081351388906e-15,5.9547762647554582e-03,5.0058967714367020e-03,1.7076421087682541e-03,3.9478833141496843e+01,3.9478417604357432e+01,1.0525678703107267e-05,2.8797212406271278e-15,1.2555449209445033e+01,1.2566370614359172e+01,1.0921404914139288e-02,5.6898930012039273e-16,5.6898930012039273e-16,5.6898930012039273e-16,3.7470027081099033e-16,2.7755575615628914e-17,4.1633363423443370e-16,1.6132928326584306e-16,3.1225022567582528e-16,55,3.5384156999999999e-02,3.8385649999999993e-02,8.2373239917695457e-05,3.8414670000000001e-01,2.8717545110000002e+00,3.8152301120000001e+00,5.3457031250000000e+01,5.3457031250000000e+01
exp2_distort,8,2,2,abc,0,pt,0.0000000000000000e+00,2.0000000000000000e+00,5.9999999999999998e-01,1,1,1,1.2499999999999989e-01,1.1087472619203297e-01,1.3525056286954887e-01,6.0410152051035815e-01,1.3958984794896396e+00,5.2110526419784420e-01,7.8434038024659747e-01,0,4096,12288,12288,4096,9.0949470177292824e-13,1.2396464882973352e-15,0.0000000000000000e+00,2.8150612024257397e-02,2.9727293665077731e-01,8.8857658763166700e+00,3.3454959402329308e-02,1.9905488656903832e-02,9.7002473517401681e-14,5.6932236702778027e-13,1.3645767127392948e-15,8.0089096279421596e-15,7.7161827604661842e-03,8.3704303619239750e-03,2.4997074353706734e-03,3.9486378462599191e+01,3.9478417604357432e+01,2.0165089496597510e-04,7.9192334117246015e-15,1.2554863880567380e+01,1.2566370614359172e+01,1.1506733791792456e-02,5.1347814888913490e-16,5.1347814888913490e-16,8.3266726846886741e-17,5.1347814888913490e-16,5.5511151231257827e-17,2.4980018054066022e-16,3.5908775952719907e-16,1.9428902930940239e-16,69,2.2923959000000001e-02,4.3552654000000045e-02,8.4575857928118422e-05,3.8603511400000001e-01,2.8544584650000000e+00,3.7921969180000001e+00,5.3734375000000000e+01,5.3734375000000000e+01
exp2_distort,8,2,2,abc,0,pt,0.0000000000000000e+00,2.0000000000000000e+00,6.9999999999999996e-01,1,1,1,1.2499999999999999e-01,1.0452785529107315e-01,1.3873101527970078e-01,4.6113818069465251e-01,1.5388618193053423e+00,3.7457200505491889e-01,7.2887498113598237e-01,0,4096,12288,12288,4096,9.0949470177292824e-13,1.0387147344760644e-15,0.0000000000000000e+00,3.4667266191051344e-02,3.4258355971014565e-01,8.8857658763167588e+00,3.8554196056778171e-02,2.4513459008891608e-02,1.0653952447094291e-13,1.2452261444195756e-12,1.4987386280751386e-15,1.7517147111349146e-14,9.8639159034390553e-03,1.4078869650818393e-02,3.5047568898359757e-03,3.9498497818087365e+01,3.9478417604357432e+01,5.0863775572699372e-04,1.2058832695126098e-14,1.2554106840649263e+01,1.2566370614359172e+01,1.2263773709909387e-02,1.1934897514720433e-15,1.1934897514720433e-15,3.6082248300317588e-16,1.1934897514720433e-15,2.7755575615628914e-17,2.7755575615628914e-17,1.6566609195578508e-16,1.3877787807814457e-17,91,2.2244485000000001e-02,3.1211912999999997e-02,6.6488140863787395e-05,3.1430906500000000e-01,2.6878913689999999e+00,3.6980499359999999e+00,5.3164062500000000e+01,5.3164062500000000e+01
exp2_distort,8,2,2,abc,0,pt,0.0000000000000000e+00,2.0000000000000000e+00,8.0000000000000004e-01,1,1,1,1.2499999999999990e-01,9.5957988175832329e-02,1.4260024671303434e-01,2.9618048090730542e-01,1.7038195190926919e+00,2.2428370082126872e-01,6.7444748401995391e-01,0,4096,12288,12288,4096,1.8189894035458565e-12,1.6072134991724892e-15,0.0000000000000000e+00,4.2545876494357204e-02,4.0523645421068344e-01,8.8857658763167855e+00,4.5605123953441018e-02,3.0084477780685494e-02,1.1319753114856994e-13,1.3642420526593924e-12,1.5923997537774855e-15,1.9191396549951634e-14,1.2611589975777661e-02,2.5272771963878005e-02,4.8297146153668093e-03,3.9518907841609646e+01,3.9478417604357432e+01,1.0256296910883618e-03,-4.8595295935582782e-15,1.2553145775961067e+01,1.2566370614359172e+01,1.3224838398105732e-02,5.2735593669694936e-16,5.2735593669694936e-16,2.2898349882893854e-16,1.6653345369377348e-16,5.2735593669694936e-16,1.1102230246251565e-16,1.1969591984239969e-16,5.5511151231257827e-17,127,2.6062791000000002e-02,3.5446936999999998e-02,8.5529840170940158e-05,3.0954872600000000e-01,2.8723608189999998e+00,4.0709094669999999e+00,5.3425781250000000e+01,5.3425781250000000e+01
exp2_distort,8,2,2,abc,0,pt,0.0000000000000000e+00,2.0000000000000000e+00,9.0000000000000002e-01,1,1,1,1.2500000000000011e-01,8.3707566203959638e-02,1.4680873559235227e-01,9.3812616720414410e-02,1.8907715788516875e+00,7.6416208791220144e-02,6.2239777049805745e-01,0,4096,12288,12288,4096,3.6379788070917130e-12,2.1338029430390448e-15,0.0000000000000000e+00,5.3076309541584342e-02,4.9993973070440034e-01,8.8857658763166505e+00,5.6262987081045691e-02,3.7530618397210821e-02,1.2473878217043256e-13,2.2026824808563106e-12,1.7547556382126356e-15,3.0986109012943260e-14,1.6546723244005371e-02,5.5615574007193080e-02,6.8071900454252428e-03,3.9557997290876649e+01,3.9478417604357432e+01,2.0157770080033227e-03,8.2791985668029925e-15,1.2551943653974824e+01,1.2566370614359172e+01,1.4426960384348320e-02,5.4123372450476381e-16,5.4123372450476381e-16,5.4123372450476381e-16,2.4980018054066022e-16,1.9428902930940239e-16,6.9388939039072284e-17,1.2836953722228372e-16,6.9388939039072284e-17,213,3.5150916000000004e-02,3.8680430000000002e-02,9.1166504017857128e-05,3.9155649600000003e-01,2.8632678850000000e+00,4.5617188750000004e+00,5.3605468750000000e+01,5.3605468750000000e+01
exp2_distort,8,2,2,abc,0,pt,0.0000000000000000e+00,2.0000000000000000e+00,1.0000000000000001e-01,3,1,1,1.2499999999999999e-01,1.2456807561938159e-01,1.2524596384015860e-01,9.8162440149022556e-01,1.0109971799858235e+00,9.8010317460247187e-01,9.9470764836168890e-01,0,4096,12288,12288,4096,4.5474735088646412e-13,8.7900317502350776e-16,0.0000000000000000e+00,6.6872989333829321e-03,2.0748922520541044e-01,8.8857658763166523e+00,2.3350741859903622e-02,4.7286344236166363e-03,8.5939292134702189e-14,4.5474735088646412e-13,1.2089460454353924e-15,6.3971321833173111e-15,2.1622498585379432e-03,1.2313754855544090e-03,2.6104838660253227e-04,3.9468913775652503e+01,3.9478417604357432e+01,-2.4073479337936222e-04,-1.5478501668370814e-14,1.2556517742734117e+01,1.2566370614359172e+01,9.8528716250552151e-03,6.1062266354383610e-16,6.1062266354383610e-16,6.1062266354383610e-16,3.0531133177191805e-16,5.6898930012039273e-16,2.6367796834847468e-16,1.7347234759768071e-17,2.7755575615628914e-17,35,3.1799770000000005e-02,3.8740619000000004e-02,8.5146548523206729e-05,4.5555721300000007e-01,2.8435488109999998e+00,3.7611088170000002e+00,5.3437500000000000e+01,5.3437500000000000e+01
exp2_distort,8,2,2,abc,0,pt,0.0000000000000000e+00,2.0000000000000000e+00,2.0000000000000001e-01,3,1,1,1.2499999999999993e-01,1.2322952204185134e-01,1.2598475818881844e-01,9.2649746526762466e-01,1.0439887199432931e+00,9.1893997764276392e-01,9.8013872295354376e-01,0,4096,12288,12288,4096,9.0949470177292824e-13,1.7019408624587339e-15,0.0000000000000000e+00,1.1687205302201520e-02,2.2270470619787763e-01,8.8857658763166789e+00,2.5063085084365628e-02,8.2641021223060392e-03,8.9388570369700777e-14,4.6451731350316550e-13,1.2574685684656201e-15,6.5345705700682466e-15,4.4505432752325394e-03,5.1155215501648144e-03,1.0496396925830584e-03,3.9471548861628257e+01,3.9478417604357432e+01,-1.7398728586367625e-04,4.6795470160190827e-15,1.2556315428961785e+01,1.2566370614359172e+01,1.0055185397387589e-02,4.4408920985006262e-16,4.4408920985006262e-16,8.3266726846886741e-17,4.4408920985006262e-16,2.5673907444456745e-16,3.1918911957973251e-16,8.3266726846886741e-17,1.8735013540549517e-16,40,3.5703228999999996e-02,3.8835855000000002e-02,8.5564957627118631e-05,3.8553792799999997e-01,2.8545942589999997e+00,3.7317174140000002e+00,5.3671875000000000e+01,5.3671875000000000e+01
exp2_distort,8,2,2,abc,0,pt,0.0000000000000000e+00,2.0000000000000000e+00,2.9999999999999999e-01,3,1,1,1.2499999999999994e-01,1.2079403325251239e-01,1.2720910986767026e-01,8.3461898029224957e-01,1.0989746198724100e+00,8.1582289819503484e-01,9.5824946262416799e-01,0,4096,12288,12288,4096,9.0949470177292824e-13,1.6030114357889099e-15,0.0000000000000000e+00,1.7382455274908754e-02,2.4934110789284583e-01,8.8857658763167251e+00,2.8060733465577335e-02,1.2291251998559783e-02,8.7193731060233149e-14,4.4142467459096224e-13,1.2265927928147279e-15,6.2097162013841347e-15,6.9993632108612805e-03,1.2311236064160624e-02,2.3849969012052501e-03,3.9476834119866318e+01,3.9478417604357432e+01,-4.0110130729739012e-05,-1.0438989497273338e-14,1.2555998022805298e+01,1.2566370614359172e+01,1.0372591553874599e-02,7.0776717819853729e-16,7.0776717819853729e-16,2.2204460492503131e-16,7.0776717819853729e-16,6.5225602696727947e-16,1.5265566588595902e-16,1.0755285551056204e-16,1.4571677198205180e-16,44,3.5867940000000001e-02,4.2371993999999996e-02,8.5358466950959499e-05,3.8514699699999999e-01,2.6579041250000000e+00,3.4608696820000002e+00,5.3484375000000000e+01,5.3484375000000000e+01
exp2_distort,8,2,2,abc,0,pt,0.0000000000000000e+00,2.0000000000000000e+00,4.0000000000000002e-01,3,1,1,1.2499999999999990e-01,1.1702738289569216e-01,1.2890108385711807e-01,7.0598873552413544e-01,1.1759548797731729e+00,6.7299802743258152e-01,9.3085844961930686e-01,0,4096,12288,12288,4096,9.0949470177292824e-13,1.4576815343259905e-15,0.0000000000000000e+00,2.3724003405947734e-02,2.8940845405281396e-01,8.8857658763166789e+00,3.2569894152194266e-02,1.6775403685238433e-02,9.2134201264246191e-14,5.4001247917767614e-13,1.2960925730359993e-15,7.5965944676892795e-15,9.9673105393735910e-03,2.4282482461256194e-02,4.3110868473428257e-03,3.9486262238307269e+01,3.9478417604357432e+01,1.9870689925958888e-04,2.8797212406271278e-15,1.2555565908321864e+01,1.2566370614359172e+01,1.0804706037308875e-02,3.8163916471489756e-16,3.8163916471489756e-16,9.7144514654701197e-17,1.6653345369377348e-16,2.0816681711721685e-16,1.2490009027033011e-16,2.0816681711721685e-17,3.8163916471489756e-16,52,4.8113103000000004e-02,3.5232641000000002e-02,8.6042465376344110e-05,3.9108163200000001e-01,2.5909411249999996e+00,3.4929762430000002e+00,5.3554687500000000e+01,5.3554687500000000e+01
exp2_distort,8,2,2,abc,0,pt,0.0000000000000000e+00,2.0000000000000000e+00,5.9999999999999998e-01,3,1,1,1.2500000000000014e-01,1.0362605075555612e-01,1.3357405066663325e-01,3.3847212244994673e-01,1.3958984794896396e+00,2.9520967599170195e-01,8.6558920214453339e-01,0,4096,12288,12288,4096,9.0949470177292824e-13,1.0120617590397447e-15,0.0000000000000000e+00,3.9441092890311245e-02,4.2705830662152228e-01,8.8857658763167446e+00,4.8060945175222532e-02,2.7889064240147813e-02,9.9446540653606727e-14,8.0468964824831346e-13,1.3989584864972355e-15,1.1319925308760608e-14,1.8242363738769606e-02,8.0190435591083187e-02,1.0490265344127338e-02,3.9531467787113378e+01,3.9478417604357432e+01,1.3437768273187013e-03,-1.1878850117586902e-14,1.2554267816186504e+01,1.2566370614359172e+01,1.2102798172668017e-02,3.4694469519536142e-16,3.4694469519536142e-16,3.4694469519536142e-16,4.1633363423443370e-17,3.4694469519536142e-17,1.9428902930940239e-16,2.1510571102112408e-16,2.9837243786801082e-16,102,5.0756409000000002e-02,4.0716637000000007e-02,7.5524661886792462e-05,3.3013148500000000e-01,2.5374828250000001e+00,3.6602002479999998e+00,5.3648437500000000e+01,5.3648437500000000e+01
exp2_distort,8,2,2,abc,0,pt,0.0000000000000000e+00,2.0000000000000000e+00,8.0000000000000004e-01,3,1,0,1.2499999999999993e-01,7.1580246746905274e-02,1.3972523172114734e-01,-1.7605406227452244e-01,1.7038195190926919e+00,-1.7974263096601131e-01,7.7310165255358376e-01,360,nan,nan,nan,nan,nan,nan,nan,nan,nan,nan,nan,nan,nan,nan,nan,nan,nan,nan,nan,nan,nan,nan,nan,nan,nan,nan,nan,nan,nan,nan,nan,nan,nan,nan,nan,3.4950091000000003e-02,nan,nan,nan,nan,3.5035483999999999e-02,nan,nan
exp2_distort,8,2,2,abc,1,int,0.0000000000000000e+00,2.0000000000000000e+00,0.0000000000000000e+00,1,1,1,1.2499999999999999e-01,1.2500000000000003e-01,1.2500000000000003e-01,9.9999999999998312e-01,1.0000000000000142e+00,9.9999999999997358e-01,9.9999999999999811e-01,0,4096,12288,12288,4096,4.5474735088646412e-13,8.8817841970012582e-16,0.0000000000000000e+00,3.9059358009371293e-03,2.0254441727229253e-01,8.9071227233441537e+00,2.2739601054497183e-02,2.7619136917219826e-03,8.4647065406536075e-14,3.9257486150745535e-13,1.1879125846201932e-15,5.5092827630882829e-15,2.2960382887441433e-15,2.7755575615628914e-14,5.3066980263933788e-15,3.9658128469587339e+01,3.9668417604357430e+01,-2.5937850288639165e-04,1.8270292445335421e-14,1.2556590281248960e+01,1.2566370614359172e+01,9.7803331102124247e-03,9.4368957093138306e-16,3.3306690738754696e-16,9.4368957093138306e-16,4.9960036108132044e-16,2.4980018054066022e-16,0.0000000000000000e+00,4.4408920985006262e-16,4.4408920985006262e-16,21,3.0238719999999997e-02,3.9793760999999997e-02,8.4395960337552828e-05,2.6318528099999998e+00,2.8656695719999998e+00,5.8923782630000003e+00,5.3523437500000000e+01,5.3523437500000000e+01
exp2_distort,8,2,2,abc,1,int,0.0000000000000000e+00,2.0000000000000000e+00,1.0000000000000001e-01,1,1,1,1.2499999999999996e-01,1.2466645136747069e-01,1.2529100697773868e-01,9.8900282001417639e-01,1.0109971799858235e+00,9.8493552836575804e-01,9.9447100834892510e-01,0,4096,12288,12288,4096,9.0949470177292824e-13,1.7621747167597161e-15,0.0000000000000000e+00,5.5761095220487108e-03,2.0455056367079938e-01,8.9071227233442443e+00,2.2964830509711376e-02,3.9429048556795382e-03,8.8977794487010496e-14,4.1211478674085811e-13,1.2486887916932604e-15,5.7835004571785902e-15,9.9699946366044894e-04,3.6970426720017713e-14,7.7660976533850039e-15,3.9658358315993937e+01,3.9668417604357430e+01,-2.5358431142431424e-04,-8.9560257084977561e-15,1.2556533494977558e+01,1.2566370614359172e+01,9.8371193816149116e-03,6.1062266354383610e-16,6.3837823915946501e-16,6.1062266354383610e-16,4.4408920985006262e-16,5.2735593669694936e-16,3.8857805861880479e-16,0.0000000000000000e+00,1.1102230246251565e-16,34,3.5216221999999998e-02,4.3265757000000002e-02,8.7757692640692801e-05,2.6645765379999999e+00,2.9228980710000005e+00,6.0518483480000000e+00,5.3527343750000000e+01,5.3527343750000000e+01
exp2_distort,8,2,2,abc,1,int,0.0000000000000000e+00,2.0000000000000000e+00,2.0000000000000001e-01,1,1,1,1.2500000000000014e-01,1.2364100839360631e-01,1.2616939861386536e-01,9.5601128005670688e-01,1.0439887199432931e+00,9.4107365484566330e-01,9.7751100906636046e-01,0,4096,12288,12288,4096,9.0949470177292824e-13,1.7190471502593624e-15,0.0000000000000000e+00,8.9743091545681740e-03,2.1085837614984748e-01,8.9071227233442105e+00,2.3673006727213921e-02,6.3457948596596786e-03,8.7521701682225672e-14,4.6895820560166612e-13,1.2282544038161272e-15,6.5812246581687754e-15,2.0413106519088457e-03,4.0856207306205761e-14,7.8738487787430749e-15,3.9659123511815437e+01,3.9668417604357430e+01,-2.3429451193867398e-04,-4.6571333684188326e-15,1.2556360142902591e+01,1.2566370614359172e+01,1.0010471456581627e-02,9.9920072216264089e-16,8.3266726846886741e-16,4.9960036108132044e-16,9.9920072216264089e-16,3.0531133177191805e-16,2.4980018054066022e-16,3.3306690738754696e-16,2.2204460492503131e-16,38,3.5235567000000002e-02,3.8758850000000004e-02,8.3568847599164992e-05,2.6995194340000004e+00,2.8713350660000003e+00,6.0506142809999997e+00,5.3480468750000000e+01,5.3480468750000000e+01
exp2_distort,8,2,2,abc,1,int,0.0000000000000000e+00,2.0000000000000000e+00,2.9999999999999999e-01,1,1,1,1.2499999999999999e-01,1.2186684086395777e-01,1.2763075671059632e-01,9.0102538012759037e-01,1.0989746198724100e+00,8.7212521931715004e-01,9.4793619227442238e-01,0,4096,12288,12288,4096,9.0949470177292824e-13,1.6461023420310700e-15,0.0000000000000000e+00,1.2994606168960256e-02,2.2214277755491951e-01,8.9071227233441981e+00,2.4939903092692041e-02,9.1885741409203966e-03,9.0313107478764970e-14,4.4053649617126212e-13,1.2674281903917776e-15,6.1823625576736982e-15,3.1804922025540144e-03,3.5860203695392556e-14,8.2364733101348263e-15,3.9660626792931808e+01,3.9668417604357430e+01,-1.9639834145453728e-04,2.1673582214564568e-14,1.2556061256342890e+01,1.2566370614359172e+01,1.0309358016282744e-02,7.2164496600635175e-16,6.5225602696727947e-16,7.2164496600635175e-16,1.6653345369377348e-16,1.6653345369377348e-16,1.1102230246251565e-16,4.4408920985006262e-16,2.2204460492503131e-16,42,3.0452747999999998e-02,3.2438098999999998e-02,8.2525288659793781e-05,2.6193665529999999e+00,2.8168394610000003e+00,5.9281836969999997e+00,5.3613281250000000e+01,5.3613281250000000e+01
exp2_distort,8,2,2,abc,1,int,0.0000000000000000e+00,2.0000000000000000e+00,4.0000000000000002e-01,1,1,1,1.2500000000000000e-01,1.1925374953999987e-01,1.2965504509962972e-01,8.2404512022682730e-01,1.1759548797731729e+00,7.7635182074793141e-01,9.0353589512561516e-01,0,4096,12288,12288,4096,4.5474735088646412e-13,7.7123424710335762e-16,0.0000000000000000e+00,1.7466366026351213e-02,2.3935887416049806e-01,8.9071227233442798e+00,2.6872749101477304e-02,1.2350585859919251e-02,8.9893691048467394e-14,4.1922021409845911e-13,1.2615422207677267e-15,5.8832159823023372e-15,4.4640455746695262e-03,4.7961634663806763e-14,8.1437592798533702e-15,3.9663217610743722e+01,3.9668417604357430e+01,-1.3108648964955767e-04,3.4032897692291470e-15,1.2555621924464921e+01,1.2566370614359172e+01,1.0748689894251484e-02,3.8857805861880479e-16,4.3021142204224816e-16,3.8857805861880479e-16,5.5511151231257827e-17,2.7755575615628914e-16,2.4980018054066022e-16,0.0000000000000000e+00,0.0000000000000000e+00,46,3.1034328000000000e-02,4.1983279000000005e-02,8.4608754756871016e-05,2.6040819520000000e+00,2.8854217609999995e+00,5.9929297940000001e+00,5.3714843750000000e+01,5.3714843750000000e+01
exp2_distort,8,2,2,abc,1,int,0.0000000000000000e+00,2.0000000000000000e+00,5.0000000000000000e-01,1,1,1,1.2500000000000000e-01,1.1566256267683621e-01,1.3220917259830650e-01,7.2507050035441667e-01,1.2749294996455833e+00,6.5718573056783702e-01,8.4062709344974906e-01,0,4096,12288,12288,4096,9.0949470177292824e-13,1.4072738089181774e-15,0.0000000000000000e+00,2.2437078687702408e-02,2.6377498060515758e-01,8.9071227233442141e+00,2.9613938058116508e-02,1.5865410490090437e-02,9.5622603281248721e-14,5.8442140016268240e-13,1.3419401283008656e-15,8.2016019414300134e-15,5.9480448495133160e-03,5.3290705182007514e-14,8.1477209637777322e-15,3.9667470232894331e+01,3.9668417604357430e+01,-2.3882260002084603e-05,-2.2031823242904480e-14,1.2555021349596270e+01,1.2566370614359172e+01,1.1349264762902322e-02,8.8817841970012523e-16,3.4694469519536142e-16,2.2204460492503131e-16,1.6653345369377348e-16,1.1102230246251565e-16,0.0000000000000000e+00,5.5511151231257827e-17,8.8817841970012523e-16,55,3.1022806999999999e-02,3.8667377000000003e-02,8.8483235242290694e-05,2.6748631279999997e+00,2.8848741780000005e+00,6.1097645509999996e+00,5.3433593750000000e+01,5.3433593750000000e+01
exp2_distort,8,2,2,abc,1,int,0.0000000000000000e+00,2.0000000000000000e+00,5.9999999999999998e-01,1,1,1,1.2499999999999989e-01,1.1087472619203297e-01,1.3525056286954887e-01,6.0410152051035815e-01,1.3958984794896396e+00,5.2110526419784420e-01,7.8434038024659747e-01,0,4096,12288,12288,4096,9.0949470177292824e-13,1.2396464882973352e-15,0.0000000000000000e+00,2.8044590436761080e-02,2.9717581209782806e-01,8.9071227233441537e+00,3.3363839404500113e-02,1.9830520073433024e-02,9.6544059560497922e-14,5.8975047068088315e-13,1.3548715808567339e-15,8.2763885852728905e-15,7.7051509290764009e-03,4.6629367034256575e-14,8.0482976258749768e-15,3.9674356539821297e+01,3.9668417604357430e+01,1.4971445352572981e-04,-6.9857000526282493e-15,1.2554232924391290e+01,1.2566370614359172e+01,1.2137689967882892e-02,6.1062266354383610e-16,5.6898930012039273e-16,6.1062266354383610e-16,6.1062266354383610e-16,4.4408920985006262e-16,0.0000000000000000e+00,2.2204460492503131e-16,2.2204460492503131e-16,69,3.5231990000000005e-02,3.8478776000000006e-02,6.4873883954619056e-05,2.4369277820000002e+00,2.8470964380000003e+00,5.8985137190000003e+00,5.3445312500000000e+01,5.3445312500000000e+01
exp2_distort,8,2,2,abc,1,int,0.0000000000000000e+00,2.0000000000000000e+00,2.0000000000000001e-01,3,1,1,1.2499999999999993e-01,1.2322952204185134e-01,1.2598475818881844e-01,9.2649746526762466e-01,1.0439887199432931e+00,9.1893997764276392e-01,9.8013872295354376e-01,0,4096,12288,12288,4096,9.0949470177292824e-13,1.7019408624587339e-15,0.0000000000000000e+00,1.1648376036112171e-02,2.2273612130930120e-01,8.9071227233442567e+00,2.5006517618258773e-02,8.2366456849457641e-03,8.8413599257497605e-14,4.8316906031686813e-13,1.2407710380168353e-15,6.7806557084162671e-15,4.4489862253303761e-03,3.5527136788005009e-14,7.6328441996509910e-15,3.9661163139365840e+01,3.9668417604357430e+01,-1.8287759960439900e-04,5.9109769676085187e-15,1.2556190396515118e+01,1.2566370614359172e+01,1.0180217844053985e-02,4.9960036108132044e-16,7.7715611723760958e-16,1.6653345369377348e-16,4.9960036108132044e-16,2.7755575615628914e-17,5.5511151231257827e-17,4.4408920985006262e-16,3.3306690738754696e-16,40,3.5886319999999999e-02,3.8604003000000019e-02,8.3195562162162177e-05,2.6995748709999998e+00,2.8249372020000005e+00,6.0128159390000002e+00,5.3570312500000000e+01,5.3570312500000000e+01
exp2_distort,8,2,2,abc,1,int,0.0000000000000000e+00,2.0000000000000000e+00,4.0000000000000002e-01,3,1,1,1.2499999999999990e-01,1.1702738289569216e-01,1.2890108385711807e-01,7.0598873552413544e-01,1.1759548797731729e+00,6.7299802743258152e-01,9.3085844961930686e-01,0,4096,12288,12288,4096,9.0949470177292824e-13,1.4576815343259905e-15,0.0000000000000000e+00,2.3630155936607385e-02,2.8954037290495160e-01,8.9071227233441981e+00,3.2506610933529731e-02,1.6709043503270675e-02,9.2544436464480719e-14,4.4053649617126212e-13,1.2987420199950754e-15,6.1823625576736942e-15,9.9550614483577722e-03,5.0404125317982107e-14,8.0403915806730989e-15,3.9674701764850845e+01,3.9668417604357430e+01,1.5841722137977763e-04,-2.1494461700394613e-14,1.2555057485563870e+01,1.2566370614359172e+01,1.1313128795302774e-02,1.0269562977782698e-15,3.9204750557075840e-16,5.5511151231257827e-16,5.5511151231257827e-17,1.0269562977782698e-15,7.2164496600635175e-16,3.3306690738754696e-16,2.2204460492503131e-16,52,3.5726097000000005e-02,3.8716804000000000e-02,8.2832272463768191e-05,2.6485504860000000e+00,2.8512910459999996e+00,6.0430990009999999e+00,5.3500000000000000e+01,5.3500000000000000e+01
exp2_distort,8,2,2,abc,1,int,0.0000000000000000e+00,2.0000000000000000e+00,5.9999999999999998e-01,3,1,1,1.2500000000000014e-01,1.0362605075555612e-01,1.3357405066663325e-01,3.3847212244994673e-01,1.3958984794896396e+00,2.9520967599170195e-01,8.6558920214453339e-01,0,4096,12288,12288,4096,9.0949470177292824e-13,1.0120617590397447e-15,0.0000000000000000e+00,3.9247338671103568e-02,4.2744943375710115e-01,8.9071227233442958e+00,4.7989619884411971e-02,2.7752059317862558e-02,1.0726743354931453e-13,1.8278711877428577e-12,1.5053603290457373e-15,2.5651818838089414e-14,1.8198170055462603e-02,1.1013412404281553e-13,9.2453389055764750e-15,3.9717890240111153e+01,3.9668417604357430e+01,1.2471542537227094e-03,-2.0598859129544837e-14,1.2553080426168103e+01,1.2566370614359172e+01,1.3290188191069419e-02,7.2164496600635175e-16,3.8163916471489756e-16,7.2164496600635175e-16,5.5511151231257827e-17,5.5511151231257827e-17,1.9428902930940239e-16,1.1102230246251565e-16,2.2204460492503131e-16,102,3.1698824000000000e-02,3.8434399999999994e-02,7.9527696620278402e-05,2.6271814349999998e+00,2.8065451899999996e+00,6.1930935959999998e+00,5.3628906250000000e+01,5.3628906250000000e+01
exp2_distort,8,2,2,abc,1,pt,0.0000000000000000e+00,2.0000000000000000e+00,0.0000000000000000e+00,1,1,1,1.2499999999999999e-01,1.2500000000000003e-01,1.2500000000000003e-01,9.9999999999998312e-01,1.0000000000000142e+00,9.9999999999997358e-01,9.9999999999999811e-01,0,4096,12288,12288,4096,4.5474735088646412e-13,8.8817841970012582e-16,0.0000000000000000e+00,3.9059358009371960e-03,2.0254441727229253e-01,8.9071227233441537e+00,2.2739601054497183e-02,2.7619136917220299e-03,9.0436514955870976e-14,4.2632564145606011e-13,1.2691600554527449e-15,5.9829315074261891e-15,3.2704720879970294e-15,1.5820678100908481e-13,2.9481391063616810e-14,3.9658128469587346e+01,3.9668417604357430e+01,-2.5937850288621254e-04,1.6299966789465915e-14,1.2556590281248949e+01,1.2566370614359172e+01,9.7803331102230828e-03,4.9960036108132044e-16,1.0963452368173421e-15,2.2204460492503131e-16,4.4408920985006262e-16,3.3306690738754696e-16,3.8857805861880479e-16,4.9960036108132044e-16,3.3306690738754696e-16,21,3.0133115999999998e-02,3.4209181000000005e-02,8.0850025454545468e-05,3.8489283600000002e-01,2.7970127130000000e+00,3.5683575909999998e+00,5.3402343750000000e+01,5.3402343750000000e+01
exp2_distort,8,2,2,abc,1,pt,0.0000000000000000e+00,2.0000000000000000e+00,1.0000000000000001e-01,1,1,1,1.2499999999999996e-01,1.2466645136747069e-01,1.2529100697773868e-01,9.8900282001417639e-01,1.0109971799858235e+00,9.8493552836575804e-01,9.9447100834892510e-01,0,4096,12288,12288,4096,9.0949470177292824e-13,1.7621747167597161e-15,0.0000000000000000e+00,5.5869099107020677e-03,2.0455324966570193e-01,8.9071227233442443e+00,2.2965132065554488e-02,3.9505418837357774e-03,6.7335613072853299e-05,1.6410151553714059e-04,9.4496863864321533e-07,2.3029534990442937e-06,9.9706415002098953e-04,1.6410151545009910e-04,6.7335613071915640e-05,3.9658409806114513e+01,3.9668417604357430e+01,-2.5228629845365085e-04,8.0604231376479800e-15,1.2556549701293083e+01,1.2566370614359172e+01,9.8209130660897870e-03,4.9960036108132044e-16,5.4123372450476381e-16,5.5511151231257827e-17,3.8857805861880479e-16,2.2204460492503131e-16,1.6653345369377348e-16,4.9960036108132044e-16,1.1102230246251565e-16,34,3.0348794999999998e-02,3.8969943000000000e-02,5.0913707888040705e-05,3.2680218200000000e-01,2.6926075149999997e+00,3.4723128719999998e+00,5.3335937500000000e+01,5.3335937500000000e+01
exp2_distort,8,2,2,abc,1,pt,0.0000000000000000e+00,2.0000000000000000e+00,2.0000000000000001e-01,1,1,1,1.2500000000000014e-01,1.2364100839360631e-01,1.2616939861386536e-01,9.5601128005670688e-01,1.0439887199432931e+00,9.4107365484566330e-01,9.7751100906636046e-01,0,4096,12288,12288,4096,9.0949470177292824e-13,1.7190471502593624e-15,0.0000000000000000e+00,9.0018692751850770e-03,2.1087074645102158e-01,8.9071227233442105e+00,2.3674395537221185e-02,6.3652828078382103e-03,2.6943192462686389e-04,6.7029206979896117e-04,3.7811301836103063e-06,9.4066862360926710e-06,2.0418137516831276e-03,6.7029206981139566e-04,2.6943192462759209e-04,3.9659331406326721e+01,3.9668417604357430e+01,-2.2905370517502363e-04,1.3792279591086544e-14,1.2556425424853458e+01,1.2566370614359172e+01,9.9451895057143247e-03,1.1102230246251565e-15,4.7184478546569153e-16,1.1102230246251565e-15,4.9960036108132044e-16,2.7755575615628914e-16,1.6653345369377348e-16,4.9960036108132044e-16,3.3306690738754696e-16,38,3.4969763000000001e-02,3.8497939999999994e-02,8.2701043801652890e-05,3.8935729699999999e-01,2.8557030980000002e+00,3.7160110270000000e+00,5.3445312500000000e+01,5.3445312500000000e+01
exp2_distort,8,2,2,abc,1,pt,0.0000000000000000e+00,2.0000000000000000e+00,2.9999999999999999e-01,1,1,1,1.2499999999999999e-01,1.2186684086395777e-01,1.2763075671059632e-01,9.0102538012759037e-01,1.0989746198724100e+00,8.7212521931715004e-01,9.4793619227442238e-01,0,4096,12288,12288,4096,9.0949470177292824e-13,1.6461023420310700e-15,0.0000000000000000e+00,1.3039287046295362e-02,2.2217490092925571e-01,8.9071227233441981e+00,2.4943509574306133e-02,9.2201682922734146e-03,6.0710021578901736e-04,1.5635949609844602e-03,8.5198699210394421e-06,2.1943042236390742e-05,3.1821178800748658e-03,1.5635949608352462e-03,6.0710021578834386e-04,3.9661101528568096e+01,3.9668417604357430e+01,-1.8443074443508201e-04,-3.5824102833991021e-16,1.2556209849524690e+01,1.2566370614359172e+01,1.0160764834482805e-02,7.4940054162198066e-16,5.2735593669694936e-16,5.5511151231257827e-17,1.1102230246251565e-16,7.4940054162198066e-16,3.3306690738754696e-16,3.3306690738754696e-16,1.1102230246251565e-16,42,3.4746651000000003e-02,3.8405300000000003e-02,8.4069144117647013e-05,3.8811641699999999e-01,2.8372864290000002e+00,3.7129854789999999e+00,5.3382812500000000e+01,5.3382812500000000e+01
exp2_distort,8,2,2,abc,1,pt,0.0000000000000000e+00,2.0000000000000000e+00,4.0000000000000002e-01,1,1,1,1.2500000000000000e-01,1.1925374953999987e-01,1.2965504509962972e-01,8.2404512022682730e-01,1.1759548797731729e+00,7.7635182074793141e-01,9.0353589512561516e-01,0,4096,12288,12288,4096,4.5474735088646412e-13,7.7123424710335762e-16,0.0000000000000000e+00,1.7529086398992727e-02,2.3942462564136502e-01,8.9071227233442798e+00,2.6880131000538224e-02,1.2394935860732613e-02,1.0835636964093653e-03,2.9314341436048608e-03,1.5206421451473629e-05,4.1138904148053280e-05,4.4676968657645262e-03,2.9314341434378832e-03,1.0835636964085158e-03,3.9664078813749761e+01,3.9668417604357430e+01,-1.0937644780648474e-04,6.2692179959484286e-15,1.2555890328982970e+01,1.2566370614359172e+01,1.0480285376202048e-02,8.8817841970012523e-16,1.1657341758564144e-15,3.8857805861880479e-16,8.8817841970012523e-16,4.1633363423443370e-16,1.9428902930940239e-16,4.9960036108132044e-16,2.2204460492503131e-16,46,3.4991605000000002e-02,3.8396607999999999e-02,8.3689381147540983e-05,3.8863219599999999e-01,2.8673122729999996e+00,3.7656639470000002e+00,5.3535156250000000e+01,5.3535156250000000e+01
exp2_distort,8,2,2,abc,1,pt,0.0000000000000000e+00,2.0000000000000000e+00,5.0000000000000000e-01,1,1,1,1.2500000000000000e-01,1.1566256267683621e-01,1.3220917259830650e-01,7.2507050035441667e-01,1.2749294996455833e+00,6.5718573056783702e-01,8.4062709344974906e-01,0,4096,12288,12288,4096,9.0949470177292824e-13,1.4072738089181774e-15,0.0000000000000000e+00,2.2519730765451183e-02,2.6389321023991880e-01,8.9071227233442141e+00,2.9627211663795183e-02,1.5923854334745753e-02,1.7076421087693109e-03,5.0058967716983815e-03,2.3964558502908024e-05,7.0251316378782563e-05,5.9547762647554582e-03,5.0058967714367020e-03,1.7076421087682541e-03,3.9668850871176751e+01,3.9668417604357430e+01,1.0922210803635357e-05,9.6725077651775760e-15,1.2555449209445033e+01,1.2566370614359172e+01,1.0921404914139288e-02,4.9960036108132044e-16,5.6898930012039273e-16,1.6653345369377348e-16,2.7755575615628914e-16,1.1102230246251565e-16,3.8857805861880479e-16,2.2204460492503131e-16,4.9960036108132044e-16,55,2.2095680999999999e-02,3.1107313999999997e-02,6.3901741214057508e-05,3.0615160600000002e-01,2.4818284880000006e+00,3.3211083250000000e+00,5.3539062500000000e+01,5.3539062500000000e+01
exp2_distort,8,2,2,abc,1,pt,0.0000000000000000e+00,2.0000000000000000e+00,5.9999999999999998e-01,1,1,1,1.2499999999999989e-01,1.1087472619203297e-01,1.3525056286954887e-01,6.0410152051035815e-01,1.3958984794896396e+00,5.2110526419784420e-01,7.8434038024659747e-01,0,4096,12288,12288,4096,9.0949470177292824e-13,1.2396464882973352e-15,0.0000000000000000e+00,2.8150612024257397e-02,2.9737306256850171e-01,8.9071227233441537e+00,3.3385984655755797e-02,1.9905488656903832e-02,2.4997074353707914e-03,8.3704303620981690e-03,3.5080175621969559e-05,1.1746821367129861e-04,7.7161827604661842e-03,8.3704303619239750e-03,2.4997074353706734e-03,3.9676408232337472e+01,3.9668417604357430e+01,2.0143551123563935e-04,8.5977846801578453e-15,1.2554863880567380e+01,1.2566370614359172e+01,1.1506733791792456e-02,3.8857805861880479e-16,5.1347814888913490e-16,2.2204460492503131e-16,3.8857805861880479e-16,1.1102230246251565e-16,1.1102230246251565e-16,1.1102230246251565e-16,2.2204460492503131e-16,69,3.0901344000000001e-02,3.4320492999999994e-02,8.3414941666666665e-05,3.9718063599999998e-01,2.7563307220000000e+00,3.7695096580000000e+00,5.3578125000000000e+01,5.3578125000000000e+01
exp2_distort,8,2,2,abc,1,pt,0.0000000000000000e+00,2.0000000000000000e+00,2.0000000000000001e-01,3,1,1,1.2499999999999993e-01,1.2322952204185134e-01,1.2598475818881844e-01,9.2649746526762466e-01,1.0439887199432931e+00,9.1893997764276392e-01,9.8013872295354376e-01,0,4096,12288,12288,4096,9.0949470177292824e-13,1.7019408624587339e-15,0.0000000000000000e+00,1.1687205302201520e-02,2.2274917171142911e-01,8.9071227233442567e+00,2.5007982782996391e-02,8.2641021223060392e-03,1.0496396925836107e-03,5.1155215502234341e-03,1.4730341733036010e-05,7.1789759009612648e-05,4.4505432752325394e-03,5.1155215501648144e-03,1.0496396925830584e-03,3.9661558765296107e+01,3.9668417604357430e+01,-1.7290427689178805e-04,4.1197718259089673e-15,1.2556315428961785e+01,1.2566370614359172e+01,1.0055185397387589e-02,7.2164496600635175e-16,4.4408920985006262e-16,5.5511151231257827e-17,2.7755575615628914e-16,3.8857805861880479e-16,5.5511151231257827e-17,1.1102230246251565e-16,7.2164496600635175e-16,40,4.7999341000000001e-02,3.8664045999999994e-02,8.5187486199575374e-05,3.8623731900000002e-01,2.8548791229999999e+00,3.7433408760000000e+00,5.3402343750000000e+01,5.3402343750000000e+01
exp2_distort,8,2,2,abc,1,pt,0.0000000000000000e+00,2.0000000000000000e+00,4.0000000000000002e-01,3,1,1,1.2499999999999990e-01,1.1702738289569216e-01,1.2890108385711807e-01,7.0598873552413544e-01,1.1759548797731729e+00,6.7299802743258152e-01,9.3085844961930686e-01,0,4096,12288,12288,4096,9.0949470177292824e-13,1.4576815343259905e-15,0.0000000000000000e+00,2.3724003405947734e-02,2.8958004170976304e-01,8.9071227233441981e+00,3.2511064538363020e-02,1.6775403685238433e-02,4.3110868473422758e-03,2.4282482461401855e-02,6.0500553619346364e-05,3.4077337900825685e-04,9.9673105393735910e-03,2.4282482461256194e-02,4.3110868473428257e-03,3.9676311911946456e+01,3.9668417604357430e+01,1.9900737326510796e-04,1.6120846275295960e-14,1.2555565908321864e+01,1.2566370614359172e+01,1.0804706037308875e-02,8.8817841970012523e-16,3.8163916471489756e-16,3.8857805861880479e-16,6.6613381477509392e-16,1.6653345369377348e-16,8.8817841970012523e-16,1.6653345369377348e-16,3.3306690738754696e-16,52,3.5555987999999997e-02,3.7801763999999995e-02,8.6209291810344810e-05,3.9063506200000003e-01,2.6054398850000000e+00,3.4919499350000001e+00,5.3617187500000000e+01,5.3617187500000000e+01
exp2_distort,8,2,2,abc,1,pt,0.0000000000000000e+00,2.0000000000000000e+00,5.9999999999999998e-01,3,1,1,1.2500000000000014e-01,1.0362605075555612e-01,1.3357405066663325e-01,3.3847212244994673e-01,1.3958984794896396e+00,2.9520967599170195e-01,8.6558920214453339e-01,0,4096,12288,12288,4096,9.0949470177292824e-13,1.0120617590397447e-15,0.0000000000000000e+00,3.9441092890311245e-02,4.2744775246715233e-01,8.9071227233442958e+00,4.7989431126493051e-02,2.7889064240147813e-02,1.0490265344126115e-02,8.0190435591191545e-02,1.4721736847512836e-04,1.1253695228233462e-03,1.8242363738769606e-02,8.0190435591083187e-02,1.0490265344127338e-02,3.9721634179030815e+01,3.9668417604357430e+01,1.3415351024120409e-03,-1.5941725761126005e-14,1.2554267816186504e+01,1.2566370614359172e+01,1.2102798172668017e-02,4.9960036108132044e-16,3.4694469519536142e-16,3.8857805861880479e-16,1.1102230246251565e-16,1.6653345369377348e-16,4.9960036108132044e-16,3.8857805861880479e-16,2.7755575615628914e-16,102,3.2001567000000002e-02,4.2762215000000006e-02,8.5289844776119422e-05,3.8606277099999997e-01,2.9071527430000002e+00,4.0766808100000000e+00,5.3542968750000000e+01,5.3542968750000000e+01
exp2_distort,8,2,2,mod2,0,int,0.0000000000000000e+00,2.0000000000000000e+00,0.0000000000000000e+00,1,1,1,1.2499999999999999e-01,1.2500000000000003e-01,1.2500000000000003e-01,9.9999999999998312e-01,1.0000000000000142e+00,9.9999999999997358e-01,9.9999999999999811e-01,0,4096,12288,12288,4096,4.5474735088646412e-13,8.8817841970012582e-16,0.0000000000000000e+00,8.8470963865191123e-03,4.5713716070621407e-01,8.9741836348991271e+00,5.0939136004358399e-02,9.7849109620375876e-03,5.5369730254768340e-14,2.4868995751603507e-13,7.7123631111475893e-16,3.4639635151452744e-15,2.2960382887441433e-15,2.7755575615628914e-14,5.3066980263933788e-15,4.0073312971197808e+01,4.0267985956444576e+01,-4.8344356098994927e-03,-8.6462218621770399e-15,-1.1857986923109742e-15,0.0000000000000000e+00,1.1857986923109742e-15,1.7347234759768071e-16,1.7347234759768071e-16,1.6653345369377348e-16,1.7347234759768071e-16,1.3877787807814457e-16,1.5959455978986625e-16,1.7347234759768071e-16,8.3266726846886741e-17,21,3.0078735999999998e-02,3.8582182000000000e-02,8.3699756485355748e-05,2.6818371829999998e+00,3.0158067490000002e+00,6.0900779780000001e+00,5.3714843750000000e+01,5.3714843750000000e+01
exp2_distort,8,2,2,mod2,0,int,0.0000000000000000e+00,2.0000000000000000e+00,1.0000000000000001e-01,1,1,1,1.2499999999999996e-01,1.2466645136747069e-01,1.2529100697773868e-01,9.8900282001417639e-01,1.0109971799858235e+00,9.8493552836575804e-01,9.9447100834892510e-01,0,4096,12288,12288,4096,9.0949470177292824e-13,1.7621747167597161e-15,0.0000000000000000e+00,9.9034438368073730e-03,4.6840436639474048e-01,8.9741836348990347e+00,5.2194649168220447e-02,1.0953233911677242e-02,6.1127997241245834e-14,2.5579538487363607e-13,8.5144231119153965e-16,3.5629339012923180e-15,9.9699946366044894e-04,3.6970426720017713e-14,7.7660976533850039e-15,4.0075653371053363e+01,4.0267985956444576e+01,-4.7763150011835122e-03,-7.2345938030460941e-15,1.5670887635962729e-06,0.0000000000000000e+00,1.5670887635962729e-06,1.2490009027033011e-16,1.2490009027033011e-16,1.2490009027033011e-16,9.0205620750793969e-17,2.0816681711721685e-17,6.2450045135165055e-17,4.8572257327350599e-17,2.7755575615628914e-17,34,2.7211282000000000e-02,3.1486849999999997e-02,8.6776180911062807e-05,2.1842802600000000e+00,2.6414489550000000e+00,5.2386948210000002e+00,5.3714843750000000e+01,5.3714843750000000e+01
exp2_distort,8,2,2,mod2,0,int,0.0000000000000000e+00,2.0000000000000000e+00,2.0000000000000001e-01,1,1,1,1.2500000000000014e-01,1.2364100839360631e-01,1.2616939861386536e-01,9.5601128005670688e-01,1.0439887199432931e+00,9.4107365484566330e-01,9.7751100906636046e-01,0,4096,12288,12288,4096,9.0949470177292824e-13,1.7190471502593624e-15,0.0000000000000000e+00,1.2633791705278636e-02,5.0212142148181849e-01,8.9741836348990134e+00,5.5951765855242482e-02,1.3973005554392249e-02,6.0247462480199637e-14,3.3395508580724709e-13,8.3917748024884373e-16,4.6516081489094339e-15,2.0413106519088457e-03,4.0856207306205761e-14,7.8738487787430749e-15,4.0083390825799569e+01,4.0267985956444576e+01,-4.5841659636186635e-03,1.3057559546961242e-14,1.4586987222269647e-05,0.0000000000000000e+00,1.4586987222269647e-05,2.5673907444456745e-16,2.5673907444456745e-16,2.5673907444456745e-16,1.6653345369377348e-16,2.7755575615628914e-17,1.5265566588595902e-16,2.0816681711721685e-16,5.5511151231257827e-17,38,2.2237969000000010e-02,3.1570745000000011e-02,6.8183950588235386e-05,2.2501646659999999e+00,2.3088202060000000e+00,4.9775608599999996e+00,5.3656250000000000e+01,5.3656250000000000e+01
exp2_distort,8,2,2,mod2,0,int,0.0000000000000000e+00,2.0000000000000000e+00,2.9999999999999999e-01,1,1,1,1.2499999999999999e-01,1.2186684086395777e-01,1.2763075671059632e-01,9.0102538012759037e-01,1.0989746198724100e+00,8.7212521931715004e-01,9.4793619227442238e-01,0,4096,12288,12288,4096,9.0949470177292824e-13,1.6461023420310700e-15,0.0000000000000000e+00,1.6415622703559219e-02,5.5829849191190917e-01,8.9741836348988109e+00,6.2211618864227117e-02,1.8155720196004435e-02,6.2925896070260443e-14,3.2029934260435766e-13,8.7648496273179336e-16,4.4613994380332455e-15,3.1804922025540144e-03,3.5860203695392556e-14,8.2364733101348263e-15,4.0098814686440647e+01,4.0267985956444576e+01,-4.2011356164400968e-03,5.6465122365237810e-15,5.9832054027668142e-05,0.0000000000000000e+00,5.9832054027668142e-05,2.0816681711721685e-16,2.0816681711721685e-16,0.0000000000000000e+00,1.2490009027033011e-16,1.3877787807814457e-16,2.0816681711721685e-16,9.3675067702747583e-17,4.1633363423443370e-17,42,2.7341339000000003e-02,3.1792257000000004e-02,7.6961115384615366e-05,2.1250387150000001e+00,2.3914100869999997e+00,4.9525889129999996e+00,5.3328125000000000e+01,5.3328125000000000e+01
exp2_distort,8,2,2,mod2,0,int,0.0000000000000000e+00,2.0000000000000000e+00,4.0000000000000002e-01,1,1,1,1.2500000000000000e-01,1.1925374953999987e-01,1.2965504509962972e-01,8.2404512022682730e-01,1.1759548797731729e+00,7.7635182074793141e-01,9.0353589512561516e-01,0,4096,12288,12288,4096,4.5474735088646412e-13,7.7123424710335762e-16,0.0000000000000000e+00,2.0970243017282827e-02,6.3753239915208382e-01,8.9741836348990116e+00,7.1040712457992636e-02,2.3193141773504292e-02,6.2456220649980623e-14,2.9132252166164108e-13,8.6994292727501466e-16,4.0577858320273749e-15,4.4640455746695262e-03,4.7961634663806763e-14,8.1437592798533702e-15,4.0126266346323391e+01,4.0267985956444576e+01,-3.5194114320610714e-03,8.9991288769597760e-15,1.7253953625784332e-04,0.0000000000000000e+00,1.7253953625784332e-04,2.9837243786801082e-16,2.9837243786801082e-16,2.9837243786801082e-16,1.3877787807814457e-16,3.4694469519536142e-17,2.7755575615628914e-17,2.3245294578089215e-16,2.7755575615628914e-16,46,2.2210271000000000e-02,3.5143876999999997e-02,6.4027444479999927e-05,2.1362466479999997e+00,2.3562146220000004e+00,4.9703783750000001e+00,5.3484375000000000e+01,5.3484375000000000e+01
exp2_distort,8,2,2,mod2,0,int,0.0000000000000000e+00,2.0000000000000000e+00,5.0000000000000000e-01,1,1,1,1.2500000000000000e-01,1.1566256267683621e-01,1.3220917259830650e-01,7.2507050035441667e-01,1.2749294996455833e+00,6.5718573056783702e-01,8.4062709344974906e-01,0,4096,12288,12288,4096,9.0949470177292824e-13,1.4072738089181774e-15,0.0000000000000000e+00,2.6279085724122644e-02,7.4143624227569804e-01,8.9741836348989086e+00,8.2618795473762344e-02,2.9064735223875551e-02,6.4191232439857438e-14,4.0611958240788226e-13,8.9410963508465869e-16,5.6567761332150558e-15,5.9480448495133160e-03,5.3290705182007514e-14,8.1477209637777322e-15,4.0173140526380514e+01,4.0267985956444576e+01,-2.3553556953816984e-03,-5.2936052217410449e-16,3.9997065821063507e-04,0.0000000000000000e+00,3.9997065821063507e-04,2.0816681711721685e-16,2.0816681711721685e-16,6.9388939039072284e-18,1.9428902930940239e-16,1.3183898417423734e-16,6.9388939039072284e-17,1.7347234759768071e-16,2.0816681711721685e-16,55,2.6975900000000001e-02,3.1530467999999999e-02,8.1197273833671411e-05,2.3524840320000000e+00,2.8667814229999999e+00,5.7090442369999996e+00,5.3503906250000000e+01,5.3503906250000000e+01
exp2_distort,8,2,2,mod2,0,int,0.0000000000000000e+00,2.0000000000000000e+00,5.9999999999999998e-01,1,1,1,1.2499999999999989e-01,1.1087472619203297e-01,1.3525056286954887e-01,6.0410152051035815e-01,1.3958984794896396e+00,5.2110526419784420e-01,7.8434038024659747e-01,0,4096,12288,12288,4096,9.0949470177292824e-13,1.2396464882973352e-15,0.0000000000000000e+00,3.2499603216408671e-02,8.7347338610053959e-01,8.9741836348987967e+00,9.7331793245658257e-02,3.5944643290952594e-02,6.9687899565577635e-14,3.9790393202565610e-13,9.7067185162357466e-16,5.5423416242326400e-15,7.7051509290764009e-03,4.6629367034256575e-14,8.0482976258749768e-15,4.0251875070786177e+01,4.0267985956444576e+01,-4.0009166775377137e-04,3.5290701478273630e-15,7.8939909618684623e-04,0.0000000000000000e+00,7.8939909618684623e-04,1.7000290064572710e-16,1.7000290064572710e-16,1.7000290064572710e-16,1.1102230246251565e-16,1.1102230246251565e-16,6.9388939039072284e-17,1.4571677198205180e-16,8.3266726846886741e-17,69,3.0706980999999998e-02,4.2785693999999999e-02,8.1503912830957248e-05,2.6783655270000000e+00,2.9614956870000002e+00,6.1413332729999999e+00,5.3476562500000000e+01,5.3476562500000000e+01
exp2_distort,8,3,1,abc,0,int,0.0000000000000000e+00,2.0000000000000000e+00,0.0000000000000000e+00,1,1,1,1.2499999999999999e-01,1.2500000000000003e-01,1.2500000000000003e-01,9.9999999999999756e-01,1.0000000000000029e+00,9.9999999999999623e-01,1.0000000000000000e+00,0,13824,41472,41472,13824,1.8189894035458565e-12,3.5527136788005033e-15,0.0000000000000000e+00,1.7745962773036415e-04,1.3464715464760534e-02,8.8857658763166345e+00,1.5153128781671193e-03,1.2548290615498227e-04,2.1738281532845397e-13,1.2221335055073723e-12,3.0580202420683794e-15,1.7192292742665306e-14,4.4734710190269009e-16,4.4964032497318840e-14,1.0639124912437532e-14,3.9478387313158422e+01,3.9478417604357432e+01,-7.6728503442071785e-07,nan,1.2566332157433360e+01,1.2566370614359172e+01,3.8456925812724307e-05,3.8163916471489756e-16,3.8163916471489756e-16,9.7144514654701197e-17,1.3877787807814457e-16,3.8163916471489756e-16,1.8735013540549517e-16,1.9428902930940239e-16,1.2490009027033011e-16,20,1.5101913000000000e-02,3.7160560499999995e-01,9.0282270212765795e-04,5.1020718990000002e+00,3.6089423930000004e+00,9.4658129790000007e+00,5.5941406250000000e+01,5.5941406250000000e+01
exp2_distort,8,3,1,abc,0,int,0.0000000000000000e+00,2.0000000000000000e+00,5.0000000000000003e-02,1,1,1,1.2500000000000014e-01,1.2492936577049045e-01,1.2506182028436430e-01,9.9689586142186304e-01,1.0024461097570514e+00,9.9689586142186304e-01,9.9948659727824796e-01,0,13824,41472,41472,13824,1.8189894035458565e-12,3.5466944447529821e-15,0.0000000000000000e+00,1.8490808519633175e-04,1.3502339481569283e-02,8.8857658763168050e+00,1.5195470676936259e-03,1.3074976093854499e-04,2.2420123756747967e-13,1.6342482922482304e-12,3.1539380044471261e-15,2.2989693783796223e-14,5.2451408949432228e-16,5.2291504459844873e-14,1.2474640273498505e-14,3.9478387820463020e+01,3.9478417604357432e+01,-7.5443485882823184e-07,nan,1.2566332157433402e+01,1.2566370614359172e+01,3.8456925770091743e-05,7.2164496600635175e-16,7.2164496600635175e-16,2.4980018054066022e-16,7.2164496600635175e-16,2.0122792321330962e-16,7.6327832942979512e-17,1.0061396160665481e-16,2.2204460492503131e-16,29,2.5358643000000000e-02,4.5072433600000000e-01,8.6499724583333215e-04,5.1719072610000003e+00,3.1313394369999994e+00,9.5841935449999998e+00,5.6289062500000000e+01,5.6289062500000000e+01
exp2_distort,8,3,1,abc,0,int,0.0000000000000000e+00,2.0000000000000000e+00,1.0000000000000001e-01,1,1,1,1.2500000000000011e-01,1.2471563246357642e-01,1.2524825390108182e-01,9.8732543341198842e-01,1.0097844390282011e+00,9.8732543341198842e-01,9.9797683111956292e-01,0,13824,41472,41472,13824,1.8189894035458565e-12,3.5285221621428862e-15,0.0000000000000000e+00,2.0518313953974389e-04,1.3614908978174044e-02,8.8857658763167819e+00,1.5322155870054869e-03,1.4508638935369851e-04,2.2448016732083086e-13,1.3926637620897964e-12,3.1578618326971916e-15,1.9591217311408999e-14,5.3371578800374665e-16,5.6843418860808015e-14,1.2714599267584182e-14,3.9478389346735185e+01,3.9478417604357432e+01,-7.1577393325746740e-07,nan,1.2566332157428711e+01,1.2566370614359172e+01,3.8456930461450156e-05,5.0653925498522767e-16,5.0653925498522767e-16,1.3877787807814457e-16,1.3877787807814457e-16,5.0653925498522767e-16,5.5511151231257827e-17,7.6327832942979512e-17,1.3877787807814457e-16,32,9.0092269999999999e-03,3.4131188600000001e-01,7.8980448627450955e-04,4.3780251320000003e+00,3.3162280670000008e+00,8.6181831580000008e+00,5.6046875000000000e+01,5.6046875000000000e+01
exp2_distort,8,3,1,abc,0,int,0.0000000000000000e+00,2.0000000000000000e+00,1.4999999999999999e-01,1,1,1,1.2499999999999993e-01,1.2435528437710124e-01,1.2556019067413698e-01,9.7090169755717326e-01,1.0220149878134535e+00,9.7090169755717326e-01,9.9551212513006659e-01,0,13824,41472,41472,13824,1.8189894035458565e-12,3.4980249602688973e-15,0.0000000000000000e+00,2.3450949056978164e-04,1.3801587966699133e-02,8.8857658763167215e+00,1.5532243544121027e-03,1.6582325103449547e-04,2.2388264379469803e-13,1.6229240173970538e-12,3.1494562048868162e-15,2.2830390199153244e-14,5.2845423914656941e-16,6.0396132539608516e-14,1.2706341194207878e-14,3.9478391905619581e+01,3.9478417604357432e+01,-6.5095663428505477e-07,nan,1.2566332157378787e+01,1.2566370614359172e+01,3.8456980385959127e-05,6.2450045135165055e-16,6.2450045135165055e-16,6.2450045135165055e-16,1.9428902930940239e-16,1.6653345369377348e-16,3.1918911957973251e-16,1.8735013540549517e-16,5.1347814888913490e-16,34,1.6741321000000000e-02,4.5837547300000003e-01,4.3941349462365740e-04,4.3724029670000002e+00,2.8886503230000002e+00,8.2105514789999994e+00,5.6078125000000000e+01,5.6078125000000000e+01
exp2_distort,8,3,1,abc,0,int,0.0000000000000000e+00,2.0000000000000000e+00,2.0000000000000001e-01,1,1,1,1.2499999999999993e-01,1.2384370183498619e-01,1.2599775428257898e-01,9.4723763544422535e-01,1.0391377561128043e+00,9.4723763544422535e-01,9.9212875253198929e-01,0,13824,41472,41472,13824,1.8189894035458565e-12,3.4550309684296969e-15,0.0000000000000000e+00,2.6969391000816214e-04,1.4061192930823229e-02,8.8857658763167713e+00,1.5824401775316320e-03,1.9070239261148676e-04,2.2427242016967856e-13,1.5347723092418164e-12,3.1549393616062913e-15,2.1590321118695626e-14,5.3976737124593409e-16,6.2672089740090087e-14,1.2506775295501907e-14,3.9478395521479889e+01,3.9478417604357432e+01,-5.5936582271057361e-07,nan,1.2566332157124677e+01,1.2566370614359172e+01,3.8457234495581361e-05,5.2735593669694936e-16,5.2735593669694936e-16,2.0816681711721685e-16,4.0245584642661925e-16,5.2735593669694936e-16,1.9428902930940239e-16,5.5511151231257827e-17,2.7755575615628914e-17,36,8.0861150000000014e-03,1.0503822700000000e-01,4.4126303736263843e-04,4.1956066490000001e+00,2.0705052470000007e+00,7.1865504869999999e+00,5.6128906250000000e+01,5.6128906250000000e+01
exp2_distort,8,3,1,abc,0,int,0.0000000000000000e+00,2.0000000000000000e+00,2.5000000000000000e-01,1,1,1,1.2500000000000014e-01,1.2317503216963989e-01,1.2656030937190149e-01,9.1594622865994679e-01,1.0611527439262580e+00,9.1594622865994679e-01,9.8785838993208297e-01,0,13824,41472,41472,13824,1.8189894035458565e-12,3.3993683159239803e-15,0.0000000000000000e+00,3.0867631272575601e-04,1.4392462759414497e-02,8.8857658763168104e+00,1.6197211314980355e-03,2.1826711392004128e-04,2.2825025666418768e-13,2.1627144519698049e-12,3.2108973475283413e-15,3.0423861067143350e-14,5.3792208393977734e-16,6.0396132539608516e-14,1.2883000320453745e-14,3.9478400231668019e+01,3.9478417604357432e+01,-4.4005536360065975e-07,nan,1.2566332156255404e+01,1.2566370614359172e+01,3.8458103768235219e-05,4.3021142204224816e-16,4.3021142204224816e-16,3.6082248300317588e-16,4.3021142204224816e-16,1.7347234759768071e-16,1.6653345369377348e-16,1.7347234759768071e-16,1.6653345369377348e-16,38,2.8328745000000002e-02,3.9977800399999996e-01,1.2276377878787878e-03,5.9826558580000002e+00,3.9294100689999993e+00,1.1092207816000000e+01,5.6031250000000000e+01,5.6031250000000000e+01
exp2_distort,8,3,1,abc,0,int,0.0000000000000000e+00,2.0000000000000000e+00,2.9999999999999999e-01,1,1,1,1.2500000000000003e-01,1.2234201422622361e-01,1.2724648720711620e-01,8.7664045879113228e-01,1.0880599512538096e+00,8.7664045879113228e-01,9.8272859466258999e-01,0,13824,41472,41472,13824,1.8189894035458565e-12,3.3308651320504220e-15,0.0000000000000000e+00,3.5031305335481134e-04,1.4794393831656476e-02,8.8857658763167695e+00,1.6649542692867894e-03,2.4770873556535051e-04,2.2999798897329195e-13,1.7044143874045403e-12,3.2354834711871264e-15,2.3976751288644067e-14,5.4158300303640793e-16,6.3948846218409017e-14,1.3019555223587320e-14,3.9478406089871648e+01,3.9478417604357432e+01,-2.9166533217714479e-07,nan,1.2566332153916333e+01,1.2566370614359172e+01,3.8460442839394204e-05,8.4654505627668186e-16,8.4654505627668186e-16,5.1347814888913490e-16,2.4980018054066022e-16,8.4654505627668186e-16,1.3877787807814457e-17,2.3592239273284576e-16,6.9388939039072284e-18,40,1.6273454000000000e-02,4.3573870399999998e-01,1.0477582700000011e-03,6.3981104680000005e+00,3.5567053749999999e+00,1.1243435116000001e+01,5.6113281250000000e+01,5.6113281250000000e+01
exp2_distort,8,3,1,abc,0,int,0.0000000000000000e+00,2.0000000000000000e+00,4.0000000000000002e-01,1,1,1,1.2499999999999999e-01,1.2014535641431855e-01,1.2898083991843701e-01,7.7243775614711430e-01,1.1565510244512174e+00,7.7243775614711430e-01,9.6998276322651400e-01,0,13824,41472,41472,13824,1.8189894035458565e-12,3.1546496873945369e-15,0.0000000000000000e+00,4.3984935987899495e-04,1.5809884111331992e-02,8.8857658763166736e+00,1.7792370777481594e-03,3.1102046507099676e-04,2.3047311772786630e-13,1.8207657603852567e-12,3.2421673175937022e-15,2.5613517530860266e-14,5.5351165065684187e-16,6.1950444774083735e-14,1.3226016819369326e-14,3.9478421578043296e+01,3.9478417604357432e+01,1.0065463878858897e-07,nan,1.2566332137684771e+01,1.2566370614359172e+01,3.8476674401266564e-05,8.7430063189231078e-16,8.7430063189231078e-16,8.7430063189231078e-16,0.0000000000000000e+00,5.5511151231257827e-17,6.9388939039072284e-17,1.1275702593849246e-16,4.1633363423443370e-17,43,9.5838120000000006e-03,1.3238938200000000e-01,9.8922214761904882e-04,6.3624548079999999e+00,2.7404254520000011e+00,1.0147128658000000e+01,5.6281250000000000e+01,5.6281250000000000e+01
exp2_distort,8,3,1,abc,0,int,0.0000000000000000e+00,2.0000000000000000e+00,5.0000000000000000e-01,1,1,1,1.2499999999999999e-01,1.1715631749504950e-01,1.3117715789437867e-01,6.3153338020658778e-01,1.2446109757050268e+00,6.3153338020658778e-01,9.5404373906563611e-01,0,13824,41472,41472,13824,1.8189894035458565e-12,2.9250096688515264e-15,0.0000000000000000e+00,5.3845207212283182e-04,1.7120877582074971e-02,8.8857658763167837e+00,1.9267756792588039e-03,3.8074311154200085e-04,2.3607359980679388e-13,1.5926010510369792e-12,3.3209517768749734e-15,2.2403823615274061e-14,5.6238322616673513e-16,8.1712414612411521e-14,1.3556645606450202e-14,3.9478442989576614e+01,3.9478417604357432e+01,6.4301511363075346e-07,nan,1.2566332082160512e+01,1.2566370614359172e+01,3.8532198660234940e-05,3.3306690738754696e-16,3.3306690738754696e-16,2.3592239273284576e-16,2.2204460492503131e-16,3.3306690738754696e-16,2.6367796834847468e-16,2.6020852139652106e-16,2.8449465006019636e-16,52,1.6639391999999999e-02,4.4657182499999998e-01,9.1011383555555470e-04,5.8108506679999996e+00,3.2620421840000002e+00,1.0576235168000000e+01,5.6054687500000000e+01,5.6054687500000000e+01
exp2_distort,8,3,1,abc,0,int,0.0000000000000000e+00,2.0000000000000000e+00,5.9999999999999998e-01,1,1,1,1.2500000000000008e-01,1.1322852363402411e-01,1.3380402916204487e-01,4.5083118366396169e-01,1.3570975285082225e+00,4.5083118366396169e-01,9.3501958623622883e-01,0,13824,41472,41472,13824,1.8189894035458565e-12,2.6405701108108703e-15,0.0000000000000000e+00,6.5078938513197680e-04,1.8777079485174406e-02,8.8857658763168317e+00,2.1131638787851505e-03,4.6017758735104246e-04,2.4621639206002666e-13,2.1884716261411086e-12,3.4636349230777283e-15,3.0786198632213959e-14,5.9665561118184007e-16,1.0014211682118912e-13,1.3692456669840184e-14,3.9478472247643268e+01,3.9478417604357432e+01,1.3841305997451647e-06,nan,1.2566331932899182e+01,1.2566370614359172e+01,3.8681459990641542e-05,4.4408920985006262e-16,4.4408920985006262e-16,1.1102230246251565e-16,4.4408920985006262e-16,3.3306690738754696e-16,1.2490009027033011e-16,1.1796119636642288e-16,1.8041124150158794e-16,65,1.6652304000000000e-02,4.1589844600000003e-01,5.5303571506849303e-04,5.8506097079999995e+00,2.7584473989999996e+00,9.9222416379999991e+00,5.6183593750000000e+01,5.6183593750000000e+01
exp2_distort,8,3,1,abc,0,int,0.0000000000000000e+00,2.0000000000000000e+00,6.9999999999999996e-01,1,1,1,1.2499999999999999e-01,1.0813421268418641e-01,1.3682488239701379e-01,2.2723501921365169e-01,1.5008611427903404e+00,2.2723501921365169e-01,9.1298133589605668e-01,0,13824,41472,41472,13824,3.6379788070917130e-12,4.5999120953241041e-15,0.0000000000000000e+00,7.8654378836812480e-04,2.0898516255031814e-02,8.8857658763167429e+00,2.3519093959849528e-03,5.5617044645525648e-04,2.5766636188763615e-13,3.0455638011517294e-12,3.6247067145668754e-15,4.2843293469911785e-14,6.1114463419406594e-16,1.1546319456101628e-13,1.4499734140157689e-14,3.9478513260623302e+01,3.9478417604357432e+01,2.4230015201898480e-06,nan,1.2566331591925234e+01,1.2566370614359172e+01,3.9022433938384893e-05,5.2735593669694936e-16,5.2735593669694936e-16,5.5511151231257827e-17,3.0531133177191805e-16,5.2735593669694936e-16,2.9143354396410359e-16,1.6479873021779667e-16,8.3266726846886741e-17,86,1.6587731000000001e-02,4.5119461500000002e-01,1.0021492571428571e-03,4.9926365620000004e+00,3.4916023400000000e+00,9.9644441449999999e+00,5.6167968750000000e+01,5.6167968750000000e+01
exp2_distort,8,3,1,abc,0,int,0.0000000000000000e+00,2.0000000000000000e+00,8.0000000000000004e-01,1,1,0,1.2499999999999978e-01,1.0149492371151264e-01,1.4020051179470738e-01,-4.2351260449924988e-02,1.6735319141587890e+00,-4.2351260449924988e-02,8.8821642240753973e-01,8,nan,nan,nan,nan,nan,nan,nan,nan,nan,nan,nan,nan,nan,nan,nan,nan,nan,nan,nan,nan,nan,nan,nan,nan,nan,nan,nan,nan,nan,nan,nan,nan,nan,nan,nan,3.6669264000000000e-02,nan,nan,nan,nan,3.6751926999999997e-02,nan,nan
exp2_distort,8,3,1,abc,0,int,0.0000000000000000e+00,2.0000000000000000e+00,1.0000000000000001e-01,2,1,1,1.2500000000000028e-01,1.2487052683247059e-01,1.2504488866585226e-01,9.8732543341198764e-01,1.0081056946913880e+00,9.8732543341198764e-01,9.8835748251385069e-01,0,13824,41472,41472,13824,1.8189894035458565e-12,3.5416855632130634e-15,0.0000000000000000e+00,2.0260239263175989e-04,1.3865749090913629e-02,8.8857658763166700e+00,1.5604450177862737e-03,1.4326152571453641e-04,2.2320137688948296e-13,1.2656542480726785e-12,3.1398725219114839e-15,1.7804518283646820e-14,5.1745472283740113e-16,6.7501559897209518e-14,1.3239656550394061e-14,3.9478392793375114e+01,3.9478417604357432e+01,-6.2846952393574015e-07,nan,1.2566332157432667e+01,1.2566370614359172e+01,3.8456926505503475e-05,4.1633363423443370e-16,4.1633363423443370e-16,5.5511151231257827e-17,4.1633363423443370e-16,3.4694469519536142e-16,1.3877787807814457e-17,9.0205620750793969e-17,9.0205620750793969e-17,31,1.9238191999999998e-02,3.9739089900000002e-01,5.2001543636363704e-04,5.8004505010000003e+00,1.9055373550000008e+00,8.8672583679999999e+00,5.5886718750000000e+01,5.5886718750000000e+01
exp2_distort,8,3,1,abc,0,int,0.0000000000000000e+00,2.0000000000000000e+00,2.0000000000000001e-01,2,1,1,1.2500000000000028e-01,1.2446964603864856e-01,1.2519008047116392e-01,9.4723763544422712e-01,1.0324227787655484e+00,9.4723763544422712e-01,9.5549402825912766e-01,0,13824,41472,41472,13824,1.8189894035458565e-12,3.5076845727104032e-15,0.0000000000000000e+00,2.6478853759342048e-04,1.5017801074348547e-02,8.8857658763166043e+00,1.6900964175047386e-03,1.8723377051277728e-04,2.2398172571546451e-13,1.4779288903810084e-12,3.1508500341040894e-15,2.0790679595781421e-14,5.2191173588814163e-16,5.0459636469213365e-14,1.2225109797815657e-14,3.9478409430902865e+01,3.9478417604357432e+01,-2.0703602280355321e-07,nan,1.2566332157385977e+01,1.2566370614359172e+01,3.8456973195266642e-05,6.3837823915946501e-16,6.3837823915946501e-16,6.3837823915946501e-16,4.1633363423443370e-16,5.6205040621648550e-16,5.5511151231257827e-17,7.9797279894933126e-17,9.0205620750793969e-17,35,1.6958854999999998e-02,4.8169367499999993e-01,3.3428583999999852e-04,6.4741726279999998e+00,3.9785194929999994e+00,1.1551769407000000e+01,5.6046875000000000e+01,5.6046875000000000e+01
exp2_distort,8,3,1,abc,0,int,0.0000000000000000e+00,2.0000000000000000e+00,2.9999999999999999e-01,2,1,1,1.2500000000000003e-01,1.2377561697838868e-01,1.2545089200673626e-01,8.7664045879113173e-01,1.0729512522224840e+00,8.7664045879113173e-01,9.0450578454141750e-01,0,13824,41472,41472,13824,1.8189894035458565e-12,3.4493357416820054e-15,0.0000000000000000e+00,3.4633644333094047e-04,1.6803910489061939e-02,8.8857658763165919e+00,1.8911043485682797e-03,2.4489684765133501e-04,2.2397938064865698e-13,1.5671908215608710e-12,3.1508170450117547e-15,2.2046366674733352e-14,5.2471330187259476e-16,6.2505556286396313e-14,1.3314755270027330e-14,3.9478437847883555e+01,3.9478417604357432e+01,5.1277450696806807e-07,nan,1.2566332156893907e+01,1.2566370614359172e+01,3.8457465265651081e-05,9.1593399531575415e-16,9.1593399531575415e-16,9.1593399531575415e-16,5.1347814888913490e-16,1.4571677198205180e-16,6.9388939039072284e-17,1.5959455978986625e-16,1.8735013540549517e-16,38,2.9469089000000000e-02,4.7976032400000002e-01,7.5603841851851824e-04,6.5559606580000001e+00,2.1988861799999988e+00,9.8498593999999997e+00,5.6035156250000000e+01,5.6035156250000000e+01
exp2_distort,8,3,1,abc,0,int,0.0000000000000000e+00,2.0000000000000000e+00,4.0000000000000002e-01,2,1,1,1.2499999999999988e-01,1.2276172848837512e-01,1.2584180098422693e-01,7.7243775614711263e-01,1.1296911150621927e+00,7.7243775614711263e-01,8.3848889866630782e-01,0,13824,41472,41472,13824,1.8189894035458565e-12,3.3652641045173519e-15,0.0000000000000000e+00,4.3921439189462970e-04,1.9107397693432612e-02,8.8857658763167162e+00,2.1503377378375081e-03,3.1057147490341080e-04,2.2581372160950464e-13,1.6839862837514374e-12,3.1766215308936824e-15,2.3689380116346728e-14,5.3339802460654380e-16,6.3948846218409017e-14,1.2933949428576097e-14,3.9478479200666087e+01,3.9478417604357432e+01,1.5602527252192795e-06,nan,1.2566332154401662e+01,1.2566370614359172e+01,3.8459957510283971e-05,5.5511151231257827e-16,5.5511151231257827e-16,1.3877787807814457e-16,5.5511151231257827e-16,1.5959455978986625e-16,2.3592239273284576e-16,9.0205620750793969e-17,6.9388939039072284e-18,41,9.2129070000000011e-03,1.1669975299999999e-01,9.1980843999999861e-04,6.5104559720000008e+00,3.7455997859999997e+00,1.1216025815000000e+01,5.6066406250000000e+01,5.6066406250000000e+01
exp2_distort,8,3,1,abc,0,int,0.0000000000000000e+00,2.0000000000000000e+00,5.9999999999999998e-01,2,1,1,1.2499999999999999e-01,1.1963286858306915e-01,1.2706601006461854e-01,4.5083118366396197e-01,1.2918050088899342e+00,4.5083118366396197e-01,6.7375378966623878e-01,0,13824,41472,41472,13824,1.8189894035458565e-12,3.1144525493372045e-15,0.0000000000000000e+00,6.5313128045001168e-04,2.5027535416364429e-02,8.8857658763166611e+00,2.8165873110691133e-03,4.6183355741125814e-04,2.3743002777897879e-13,1.9610979506978765e-12,3.3400332492976753e-15,2.7587632540555875e-14,5.5133790505857991e-16,9.2370555648813024e-14,1.3722546664952167e-14,3.9478609744135227e+01,3.9478417604357432e+01,4.8669574277378504e-06,nan,1.2566332122932904e+01,1.2566370614359172e+01,3.8491426268549844e-05,4.4408920985006262e-16,4.4408920985006262e-16,4.4408920985006262e-16,3.6082248300317588e-16,6.2450045135165055e-17,2.3592239273284576e-16,5.5511151231257827e-17,2.0816681711721685e-17,46,1.5064538000000001e-02,3.5258761899999996e-01,1.0291396731707319e-03,5.8863970220000006e+00,3.9178028979999997e+00,1.1110744688000000e+01,5.5937500000000000e+01,5.5937500000000000e+01
exp2_distort,8,3,1,abc,0,int,0.0000000000000000e+00,2.0000000000000000e+00,8.0000000000000004e-01,2,1,0,1.2499999999999999e-01,1.1469148542687341e-01,1.2895171857455889e-01,-4.2351260449925321e-02,1.5235868002011557e+00,-4.2351260449925321e-02,4.8764491747081323e-01,64,nan,nan,nan,nan,nan,nan,nan,nan,nan,nan,nan,nan,nan,nan,nan,nan,nan,nan,nan,nan,nan,nan,nan,nan,nan,nan,nan,nan,nan,nan,nan,nan,nan,nan,nan,2.8749108000000002e-02,nan,nan,nan,nan,2.8849626000000000e-02,nan,nan
exp2_distort,8,3,1,abc,0,int,0.0000000000000000e+00,2.0000000000000000e+00,1.0000000000000001e-01,3,1,1,1.2500000000000000e-01,1.2465034479120081e-01,1.2521570409696728e-01,9.7090169755717326e-01,1.0104561096747942e+00,9.7090169755717326e-01,9.9802351170599846e-01,0,13824,41472,41472,13824,1.8189894035458565e-12,3.5229836000799223e-15,0.0000000000000000e+00,2.1093264302039571e-04,1.3713709168763443e-02,8.8857658763167962e+00,1.5433345149588680e-03,1.4915190225332295e-04,2.2648353423094873e-13,1.5347723092418164e-12,3.1860440813913771e-15,2.1590321118695579e-14,5.2087824673556885e-16,6.7501559897209518e-14,1.2468037064246742e-14,3.9478390730376901e+01,3.9478417604357432e+01,-6.8072587913778978e-07,nan,1.2566332168128383e+01,1.2566370614359172e+01,3.8446230789190849e-05,7.2164496600635175e-16,7.2164496600635175e-16,3.0531133177191805e-16,7.2164496600635175e-16,2.5673907444456745e-16,2.0816681711721685e-16,1.9081958235744878e-16,5.5511151231257827e-17,33,2.9322308999999998e-02,4.4790667099999998e-01,9.3972226363636462e-04,7.1344080589999992e+00,3.5999488459999993e+00,1.2003854020000000e+01,5.6210937500000000e+01,5.6210937500000000e+01
exp2_distort,8,3,1,abc,0,int,0.0000000000000000e+00,2.0000000000000000e+00,2.0000000000000001e-01,3,1,1,1.2499999999999999e-01,1.2358530588133138e-01,1.2586502526015433e-01,8.7664045879113228e-01,1.0432397086281109e+00,8.7664045879113228e-01,9.9230302520732883e-01,0,13824,41472,41472,13824,1.8189894035458565e-12,3.4334496225155621e-15,0.0000000000000000e+00,2.8735975666096918e-04,1.4443377818102326e-02,8.8857658763167624e+00,1.6254510887573879e-03,2.0319403257508620e-04,2.2738430269050167e-13,1.5347723092418164e-12,3.1987155898478761e-15,2.1590321118695658e-14,5.3985295051874886e-16,7.1054273576010019e-14,1.2758563285825527e-14,3.9478401234833960e+01,3.9478417604357432e+01,-4.1464487345690176e-07,nan,1.2566332241928206e+01,1.2566370614359172e+01,3.8372430966049365e-05,3.7470027081099033e-16,3.7470027081099033e-16,2.3592239273284576e-16,1.8041124150158794e-16,3.2612801348363973e-16,3.7470027081099033e-16,1.9428902930940239e-16,6.9388939039072284e-18,38,1.1900035000000000e-02,4.2806389499999997e-01,9.9204809999999801e-04,6.3916252320000000e+00,4.1955202800000002e+00,1.1895835411000000e+01,5.6109375000000000e+01,5.6109375000000000e+01
exp2_distort,8,3,1,abc,0,int,0.0000000000000000e+00,2.0000000000000000e+00,2.9999999999999999e-01,3,1,1,1.2500000000000006e-01,1.2176052785751108e-01,1.2694451857408307e-01,7.0676678654551106e-01,1.1004737017533521e+00,7.0676678654551106e-01,9.8289884903664149e-01,0,13824,41472,41472,13824,1.8189894035458565e-12,3.2835961340034749e-15,0.0000000000000000e+00,3.8218826732675795e-04,1.5627417617787135e-02,8.8857658763167962e+00,1.7587023825868337e-03,2.7024791551668735e-04,2.2818644612656571e-13,1.7399415241925453e-12,3.2099996964632843e-15,2.4476527240465656e-14,5.4361147279603524e-16,7.4606987254810520e-14,1.2981720418132610e-14,3.9478419642471053e+01,3.9478417604357432e+01,5.1626021118904677e-08,nan,1.2566332434601849e+01,1.2566370614359172e+01,3.8179757323675290e-05,4.4408920985006262e-16,4.4408920985006262e-16,1.3877787807814457e-16,4.4408920985006262e-16,2.2898349882893854e-16,1.5265566588595902e-16,1.9775847626135601e-16,1.3877787807814457e-16,42,2.4918501999999999e-02,4.4625507900000005e-01,9.1656899111111298e-04,6.8091200720000007e+00,3.9331977059999996e+00,1.1886474453000000e+01,5.6074218750000000e+01,5.6074218750000000e+01
exp2_distort,8,3,1,abc,0,int,0.0000000000000000e+00,2.0000000000000000e+00,4.0000000000000002e-01,3,1,1,1.2500000000000008e-01,1.1909854079212462e-01,1.2844219375643293e-01,4.5083118366396169e-01,1.1842809939439276e+00,4.5083118366396169e-01,9.6947744710732664e-01,0,13824,41472,41472,13824,1.8189894035458565e-12,3.0729075224397146e-15,0.0000000000000000e+00,4.8853292262863567e-04,1.7264013511340191e-02,8.8857658763166683e+00,1.9428841308270523e-03,3.4544494242358934e-04,2.3454807450660599e-13,1.5147882947985636e-12,3.2994915375239313e-15,2.1309197145796218e-14,5.6032744293168396e-16,7.4051875742497941e-14,1.3157483569887304e-14,3.9478447644713000e+01,3.9478417604357432e+01,7.6093109580717573e-07,nan,1.2566332780796458e+01,1.2566370614359172e+01,3.7833562714695290e-05,6.5225602696727947e-16,6.5225602696727947e-16,2.7755575615628914e-16,6.5225602696727947e-16,1.3877787807814457e-17,4.1633363423443370e-17,3.8163916471489756e-16,9.7144514654701197e-17,48,1.3036685999999999e-02,4.5404617899999999e-01,9.2224027555555521e-04,6.2355563570000001e+00,3.7569275070000003e+00,1.1429517157999999e+01,5.6226562500000000e+01,5.6226562500000000e+01
exp2_distort,8,3,1,abc,0,int,0.0000000000000000e+00,2.0000000000000000e+00,5.9999999999999998e-01,3,1,0,1.2500000000000000e-01,1.1069061282075300e-01,1.3260859153406629e-01,-3.6102380263236133e-01,1.4401070950946893e+00,-3.6102380263236133e-01,9.2399915410836919e-01,16,nan,nan,nan,nan,nan,nan,nan,nan,nan,nan,nan,nan,nan,nan,nan,nan,nan,nan,nan,nan,nan,nan,nan,nan,nan,nan,nan,nan,nan,nan,nan,nan,nan,nan,nan,2.8436092000000000e-02,nan,nan,nan,nan,2.8519736000000000e-02,nan,nan
exp2_distort,8,3,2,abc,0,int,0.0000000000000000e+00,2.0000000000000000e+00,0.0000000000000000e+00,1,1,1,1.2499999999999999e-01,1.2500000000000003e-01,1.2500000000000003e-01,9.9999999999998312e-01,1.0000000000000142e+00,9.9999999999997358e-01,9.9999999999999811e-01,0,13824,41472,41472,13824,1.8189894035458565e-12,3.5527136788005033e-15,0.0000000000000000e+00,1.7745964679764052e-04,1.3464715461456601e-02,8.8857658763168086e+00,1.5153128777952664e-03,1.2548291963758188e-04,2.2239650002691580e-13,1.8758328224066645e-12,3.1285499629760128e-15,2.6388170256183443e-14,2.0771399995048703e-15,7.2830630415410269e-14,1.3592847109977598e-14,3.9478387313157981e+01,3.9478417604357432e+01,-7.6728504557963768e-07,nan,1.2566332157433399e+01,1.2566370614359172e+01,3.8456925773644457e-05,6.6613381477509392e-16,6.6613381477509392e-16,5.6898930012039273e-16,8.3266726846886741e-17,2.0816681711721685e-17,6.6613381477509392e-16,2.2551405187698492e-16,2.0816681711721685e-17,20,2.4972747000000000e-02,3.3909885500000003e-01,1.0754553589743538e-03,1.6083490296000001e+01,8.4819760429999995e+00,2.5628950059000001e+01,6.2253906250000000e+01,6.2253906250000000e+01
exp2_distort,8,3,2,abc,0,int,0.0000000000000000e+00,2.0000000000000000e+00,5.0000000000000003e-02,1,1,1,1.2500000000000000e-01,1.2491720635019765e-01,1.2507245321906210e-01,9.9725070500354407e-01,1.0027492949964558e+00,9.9621248575359100e-01,9.9862346024484150e-01,0,13824,41472,41472,13824,1.8189894035458565e-12,3.5456589423914006e-15,0.0000000000000000e+00,2.4470031400946127e-04,1.3541612978956724e-02,8.8857658763168352e+00,1.5239668890049290e-03,1.7302925139456722e-04,2.2043406131936308e-13,1.8602897000619123e-12,3.1009434694155673e-15,2.6169518277261396e-14,2.9972390495573815e-06,9.2370555648813024e-14,1.5397491445737622e-14,3.9478388350873068e+01,3.9478417604357432e+01,-7.4099941535015619e-07,nan,1.2566332157228549e+01,1.2566370614359172e+01,3.8457130623115177e-05,5.4123372450476381e-16,5.4123372450476381e-16,3.8857805861880479e-16,5.4123372450476381e-16,6.9388939039072284e-17,2.3592239273284576e-16,2.2898349882893854e-16,6.2450045135165055e-17,30,9.6688187000000009e-02,4.6529212299999995e-01,7.3693752280701221e-04,1.5913550160999998e+01,8.4456189869999996e+00,2.5772745479000001e+01,6.2339843750000000e+01,6.2339843750000000e+01
exp2_distort,8,3,2,abc,0,int,0.0000000000000000e+00,2.0000000000000000e+00,1.0000000000000001e-01,1,1,1,1.2499999999999996e-01,1.2466645136747069e-01,1.2529100697773868e-01,9.8900282001417639e-01,1.0109971799858235e+00,9.8493552836575804e-01,9.9447100834892510e-01,0,13824,41472,41472,13824,1.8189894035458565e-12,3.5243494335194322e-15,0.0000000000000000e+00,3.8053267901773808e-04,1.3773508958990642e-02,8.8857658763166221e+00,1.5500643558144383e-03,2.6907723779653105e-04,2.2673949667118835e-13,1.5911716388927744e-12,3.1896448182862993e-15,2.2383715442212889e-14,1.2003252111779456e-05,1.1701750679549150e-13,1.5829171437356945e-14,3.9478391508311830e+01,3.9478417604357432e+01,-6.6102055718908129e-07,nan,1.2566332154147284e+01,1.2566370614359172e+01,3.8460211888136087e-05,8.8123952579621800e-16,8.8123952579621800e-16,6.5225602696727947e-16,6.6613381477509392e-16,1.6653345369377348e-16,8.8123952579621800e-16,3.3306690738754696e-16,9.7144514654701197e-17,32,2.1286872000000002e-02,1.0430013700000001e-01,9.9283287619046840e-04,1.6108762874000000e+01,8.4110094209999993e+00,2.5566452777999999e+01,6.1957031250000000e+01,6.1957031250000000e+01
exp2_distort,8,3,2,abc,0,int,0.0000000000000000e+00,2.0000000000000000e+00,1.4999999999999999e-01,1,1,1,1.2500000000000006e-01,1.2424310834297929e-01,1.2565666966028019e-01,9.7525634503189684e-01,1.0247436549681026e+00,9.6642109411991806e-01,9.8747319302108005e-01,0,13824,41472,41472,13824,1.8189894035458565e-12,3.4885672027175449e-15,0.0000000000000000e+00,5.3596071659107309e-04,1.4163873161313496e-02,8.8857658763166185e+00,1.5939957633888044e-03,3.7898145715114883e-04,2.2669324733160539e-13,1.5205614545266144e-12,3.1889942083638341e-15,2.1390410737967351e-14,2.7061650015866247e-05,8.8068441428390543e-14,1.5606273228812751e-14,3.9478396919059854e+01,3.9478417604357432e+01,-5.2396470864738735e-07,nan,1.2566332140757158e+01,1.2566370614359172e+01,3.8473602014477137e-05,6.8001160258290838e-16,6.8001160258290838e-16,5.1347814888913490e-16,6.8001160258290838e-16,3.6082248300317588e-16,1.9428902930940239e-16,2.7061686225238191e-16,3.2612801348363973e-16,35,7.8926257000000000e-02,4.4986229400000000e-01,4.0987603265306140e-04,1.2856881529000001e+01,8.6207678279999982e+00,2.2923516516999999e+01,6.2359375000000000e+01,6.2359375000000000e+01
exp2_distort,8,3,2,abc,0,int,0.0000000000000000e+00,2.0000000000000000e+00,2.0000000000000001e-01,1,1,1,1.2500000000000014e-01,1.2364100839360631e-01,1.2616939861386536e-01,9.5601128005670688e-01,1.0439887199432931e+00,9.4107365484566330e-01,9.7751100906636046e-01,0,13824,41472,41472,13824,1.8189894035458565e-12,3.4380943005187248e-15,0.0000000000000000e+00,7.0005837748378570e-04,1.4718362478791980e-02,8.8857658763166718e+00,1.6563977358463823e-03,4.9501602594523623e-04,2.2654797603628297e-13,1.3926637620897964e-12,3.1869506127786917e-15,1.9591217311409248e-14,4.8247560305275959e-05,8.5265128291212022e-14,1.5159825788190066e-14,3.9478404812592586e+01,3.9478417604357432e+01,-3.2401918875734924e-07,nan,1.2566332104552144e+01,1.2566370614359172e+01,3.8509807028574983e-05,1.0685896612017132e-15,1.0685896612017132e-15,1.0685896612017132e-15,9.4368957093138306e-16,1.8735013540549517e-16,3.7470027081099033e-16,2.4286128663675299e-16,1.4571677198205180e-16,37,6.7154448999999991e-02,4.4867263400000001e-01,9.3057185454545083e-04,1.7661542829999998e+01,8.5178133339999995e+00,2.7832097710999999e+01,6.2238281250000000e+01,6.2238281250000000e+01
exp2_distort,8,3,2,abc,0,int,0.0000000000000000e+00,2.0000000000000000e+00,2.5000000000000000e-01,1,1,1,1.2499999999999979e-01,1.2285223531656370e-01,1.2682811646334705e-01,9.3126762508860228e-01,1.0687323749113968e+00,9.0942862817311043e-01,9.6441074555462436e-01,0,13824,41472,41472,13824,1.8189894035458565e-12,3.3727127774559262e-15,0.0000000000000000e+00,8.7076195715752940e-04,1.5444937480319122e-02,8.8857658763167322e+00,1.7381661519447161e-03,6.1572168470535758e-04,2.2679477078347062e-13,1.5916157281026244e-12,3.1904223836792065e-15,2.2389962641610356e-14,7.5671414415101561e-05,1.1013412404281553e-13,1.5810026322929232e-14,3.9478415528977870e+01,3.9478417604357432e+01,-5.2569978443063155e-08,nan,1.2566332027777417e+01,1.2566370614359172e+01,3.8586581755595262e-05,6.2450045135165055e-16,6.2450045135165055e-16,6.9388939039072284e-17,6.2450045135165055e-16,6.2450045135165055e-17,9.7144514654701197e-17,5.8980598183211441e-17,6.2450045135165055e-17,38,8.3327098000000002e-02,4.6539755000000005e-01,1.1306029027027024e-03,1.3486834353999999e+01,8.0206895920000001e+00,2.3131895631999999e+01,6.2207031250000000e+01,6.2207031250000000e+01
exp2_distort,8,3,2,abc,0,int,0.0000000000000000e+00,2.0000000000000000e+00,2.9999999999999999e-01,1,1,1,1.2499999999999999e-01,1.2186684086395777e-01,1.2763075671059632e-01,9.0102538012759037e-01,1.0989746198724100e+00,8.7212521931715004e-01,9.4793619227442238e-01,0,13824,41472,41472,13824,1.8189894035458565e-12,3.2922046840621399e-15,0.0000000000000000e+00,1.0483404210555913e-03,1.6354176136550012e-02,8.8857658763167979e+00,1.8404914516303814e-03,7.4128862072036952e-04,2.3269869747074524e-13,2.4087398742267396e-12,3.2734755325221355e-15,3.3884809533508323e-14,1.0948452959058944e-04,9.2370555648813024e-14,1.5561738118121992e-14,3.9478429543090591e+01,3.9478417604357432e+01,3.0241164372539208e-07,nan,1.2566331887182413e+01,1.2566370614359172e+01,3.8727176759678628e-05,4.5796699765787707e-16,4.5796699765787707e-16,4.5796699765787707e-16,4.0245584642661925e-16,9.7144514654701197e-17,8.3266726846886741e-17,2.2204460492503131e-16,1.3877787807814457e-16,40,8.2878864000000010e-02,3.6820371699999999e-01,9.5687670454546684e-04,1.6918273805999998e+01,7.4236184180000002e+00,2.5732846596999998e+01,6.2402343750000000e+01,6.2402343750000000e+01
exp2_distort,8,3,2,abc,0,int,0.0000000000000000e+00,2.0000000000000000e+00,4.0000000000000002e-01,1,1,1,1.2500000000000000e-01,1.1925374953999987e-01,1.2965504509962972e-01,8.2404512022682730e-01,1.1759548797731729e+00,7.7635182074793141e-01,9.0353589512561516e-01,0,13824,41472,41472,13824,1.8189894035458565e-12,3.0849369884134305e-15,0.0000000000000000e+00,1.4292235887350816e-03,1.8779246232816054e-02,8.8857658763166558e+00,2.1134077235670386e-03,1.0106136914263552e-03,2.3102388384794558e-13,1.7094103910153535e-12,3.2499151882858019e-15,2.4047032281869291e-14,1.9713745950957753e-04,9.2370555648813024e-14,1.5926374024484369e-14,3.9478470271041715e+01,3.9478417604357432e+01,1.3340626975190759e-06,nan,1.2566331292088178e+01,1.2566370614359172e+01,3.9322270994901487e-05,1.0269562977782698e-15,1.0269562977782698e-15,1.0269562977782698e-15,4.8572257327350599e-16,1.1102230246251565e-16,4.3021142204224816e-16,1.2316536679435330e-16,2.7061686225238191e-16,45,6.6295725000000000e-02,3.7189661899999998e-01,9.8176726341464592e-04,1.6187115326000001e+01,7.6943143059999990e+00,2.5563941499999999e+01,6.2226562500000000e+01,6.2226562500000000e+01
exp2_distort,8,3,2,abc,0,int,0.0000000000000000e+00,2.0000000000000000e+00,5.0000000000000000e-01,1,1,1,1.2500000000000000e-01,1.1566256267683621e-01,1.3220917259830650e-01,7.2507050035441667e-01,1.2749294996455833e+00,6.5718573056783702e-01,8.4062709344974906e-01,0,13824,41472,41472,13824,1.8189894035458565e-12,2.8145476178363549e-15,0.0000000000000000e+00,1.8573220367946958e-03,2.2154382889016246e-02,8.8857658763167908e+00,2.4932440486716253e-03,1.3133250070647450e-03,2.4438633465844192e-13,1.9895196601282805e-12,3.4378906959191356e-15,2.7987453302012804e-14,3.1360664676551383e-04,1.1712852909795402e-13,1.6847832225378496e-14,3.9478535313513341e+01,3.9478417604357432e+01,2.9816077505495828e-06,nan,1.2566330009615426e+01,1.2566370614359172e+01,4.0604743746897043e-05,7.9103390504542404e-16,7.9103390504542404e-16,3.4694469519536142e-16,4.5796699765787707e-16,1.3877787807814457e-16,7.9103390504542404e-16,6.7654215563095477e-17,9.7144514654701197e-17,58,6.5781845999999991e-02,4.4628337399999995e-01,1.1016457894736931e-03,1.7530665192000001e+01,9.0933809719999985e+00,2.8602682968000000e+01,6.2339843750000000e+01,6.2339843750000000e+01
exp2_distort,8,3,2,abc,0,int,0.0000000000000000e+00,2.0000000000000000e+00,5.9999999999999998e-01,1,1,1,1.2499999999999989e-01,1.1087472619203297e-01,1.3525056286954887e-01,6.0410152051035815e-01,1.3958984794896396e+00,5.2110526419784420e-01,7.8434038024659747e-01,0,13824,41472,41472,13824,1.8189894035458565e-12,2.4792929765946704e-15,0.0000000000000000e+00,2.3542623811276709e-03,2.6737032655136633e-02,8.8857658763167606e+00,3.0089733431305984e-03,1.6647148943877627e-03,2.5247227451998981e-13,2.8279600883251987e-12,3.5516391894944049e-15,3.9782165765004019e-14,4.6284947225288647e-04,1.1812772982011666e-13,1.6831898556205246e-14,3.9478639802584816e+01,3.9478417604357432e+01,5.6283468504386084e-06,nan,1.2566327614798604e+01,1.2566370614359172e+01,4.2999560568190986e-05,6.3837823915946501e-16,6.3837823915946501e-16,1.9428902930940239e-16,6.3837823915946501e-16,9.7144514654701197e-17,5.1347814888913490e-16,1.2836953722228372e-16,1.3877787807814457e-16,75,6.5645861999999999e-02,4.4691681799999999e-01,1.0587254421052631e-03,1.7034651234000002e+01,8.3474454519999988e+00,2.7639585337000000e+01,6.2121093750000000e+01,6.2121093750000000e+01
exp2_distort,8,3,2,abc,0,int,0.0000000000000000e+00,2.0000000000000000e+00,6.9999999999999996e-01,1,1,1,1.2499999999999999e-01,1.0452785529107315e-01,1.3873101527970078e-01,4.6113818069465251e-01,1.5388618193053423e+00,3.7457200505491889e-01,7.2887498113598237e-01,0,13824,41472,41472,13824,3.6379788070917130e-12,4.1548589379042577e-15,0.0000000000000000e+00,2.9526949340331061e-03,3.2948758369620301e-02,8.8857658763166025e+00,3.7080380946609500e-03,2.0878706106299779e-03,2.6422713923109514e-13,2.3998580900297384e-12,3.7170000722074027e-15,3.3759865545553652e-14,6.5159141269887104e-04,2.3447910280083306e-13,1.7983103116792216e-14,3.9478812375983246e+01,3.9478417604357432e+01,9.9996820989690263e-06,nan,1.2566323547441128e+01,1.2566370614359172e+01,4.7066918044791350e-05,4.9960036108132044e-16,4.9960036108132044e-16,4.9960036108132044e-16,1.2490009027033011e-16,4.5796699765787707e-16,1.2490009027033011e-16,2.9837243786801082e-16,5.5511151231257827e-17,103,9.5135591999999991e-02,4.9572797400000002e-01,1.1868620764705811e-03,1.7744972190999999e+01,8.3862354719999992e+00,2.8963645503999999e+01,6.2179687500000000e+01,6.2179687500000000e+01
exp2_distort,8,3,2,abc,0,int,0.0000000000000000e+00,2.0000000000000000e+00,8.0000000000000004e-01,1,1,1,1.2499999999999990e-01,9.5957988175832329e-02,1.4260024671303434e-01,2.9618048090730542e-01,1.7038195190926919e+00,2.2428370082126872e-01,6.7444748401995391e-01,0,13824,41472,41472,13824,3.6379788070917130e-12,3.2144269983449783e-15,0.0000000000000000e+00,3.7097974250507350e-03,4.1553070450518030e-02,8.8857658763169241e+00,4.6763634141282857e-03,2.6232229160818021e-03,2.8853802853441081e-13,3.4408031979182852e-12,4.0589921081457640e-15,4.8403300933926739e-14,8.9237876359310410e-04,2.2026824808563106e-13,1.8381324710774560e-14,3.9479112559784973e+01,3.9478417604357432e+01,1.7603426624276031e-05,nan,1.2566317088016731e+01,1.2566370614359172e+01,5.3526342441045927e-05,5.1347814888913490e-16,5.1347814888913490e-16,7.6327832942979512e-17,1.2490009027033011e-16,5.1347814888913490e-16,2.7755575615628914e-17,2.3245294578089215e-16,2.0816681711721685e-16,160,6.7529513999999999e-02,4.3172222799999999e-01,1.0482416717948694e-03,1.6735871438999997e+01,7.4901508079999992e+00,2.7214247486000001e+01,6.2289062500000000e+01,6.2289062500000000e+01
exp2_distort,8,3,2,abc,0,int,0.0000000000000000e+00,2.0000000000000000e+00,9.0000000000000002e-01,1,1,1,1.2500000000000011e-01,8.3707566203959638e-02,1.4680873559235227e-01,9.3812616720414410e-02,1.8907715788516875e+00,7.6416208791220144e-02,6.2239777049805745e-01,0,13824,41472,41472,13824,7.2759576141834259e-12,4.2676058860780895e-15,0.0000000000000000e+00,4.7643026422825949e-03,5.4391528080276884e-02,8.8857658763166896e+00,6.1211975239238636e-03,3.3688707059830198e-03,3.3417865633175464e-13,6.8212102632969618e-12,4.7010390126084157e-15,9.5956982749759357e-14,1.2146432713426394e-03,3.9790393202565610e-13,2.1138709924532171e-14,3.9479697724733974e+01,3.9478417604357432e+01,3.2425827938978032e-05,nan,1.2566307329518736e+01,1.2566370614359172e+01,6.3284840436494960e-05,8.4654505627668186e-16,8.4654505627668186e-16,1.3877787807814457e-17,8.4654505627668186e-16,1.3877787807814457e-16,1.2490009027033011e-16,1.2143064331837650e-16,0.0000000000000000e+00,307,5.9287589000000016e-02,3.4365097899999997e-01,1.0832053157894706e-03,1.5821772546000000e+01,8.6289652429999997e+00,2.9226490458000001e+01,6.2347656250000000e+01,6.2347656250000000e+01
exp2_distort,8,3,2,abc,0,int,0.0000000000000000e+00,2.0000000000000000e+00,1.0000000000000001e-01,2,1,1,1.2500000000000022e-01,1.2473854880879214e-01,1.2509196839718559e-01,9.8645074061878801e-01,1.0135492593812117e+00,9.7326373778915520e-01,9.8645074061878879e-01,0,13824,41472,41472,13824,1.8189894035458565e-12,3.5304676044910648e-15,0.0000000000000000e+00,6.7543319098797481e-04,1.5978400904157201e-02,8.8857658763166700e+00,1.7982018800140355e-03,4.7760338958606648e-04,2.2362229294935613e-13,1.7883472480662022e-12,3.1457937343558015e-15,2.5157471974823057e-14,7.3454603429702804e-05,8.8817841970012523e-14,1.5470695423696628e-14,3.9478424255783736e+01,3.9478417604357432e+01,1.6848259650677108e-07,nan,1.2566332137524080e+01,1.2566370614359172e+01,3.8476835092282613e-05,6.3837823915946501e-16,6.3837823915946501e-16,3.8857805861880479e-16,6.3837823915946501e-16,6.9388939039072284e-17,3.4694469519536142e-16,1.6653345369377348e-16,1.8735013540549517e-16,32,5.8775563000000003e-02,4.0295199900000001e-01,6.4104052121212506e-04,1.6465208958000002e+01,6.9318116570000008e+00,2.4450782532000002e+01,6.2390625000000000e+01,6.2390625000000000e+01
exp2_distort,8,3,2,abc,0,int,0.0000000000000000e+00,2.0000000000000000e+00,2.0000000000000001e-01,2,1,1,1.2499999999999999e-01,1.2391661136721294e-01,1.2539728731988514e-01,9.4580296247515427e-01,1.0541970375248455e+00,8.9717854329756963e-01,9.4580296247515527e-01,0,13824,41472,41472,13824,1.8189894035458565e-12,3.4611367215438421e-15,0.0000000000000000e+00,1.3471245628893474e-03,2.2423208691711952e-02,8.8857658763165972e+00,2.5234975807180518e-03,9.5256091352202764e-04,2.2604892174881337e-13,1.5205614545266144e-12,3.1799301953153226e-15,2.1390410737967392e-14,2.9488190984147396e-04,1.0003109451872660e-13,1.5923347495822032e-14,3.9478547060104567e+01,3.9478417604357432e+01,3.2791523822657207e-06,nan,1.2566331838866333e+01,1.2566370614359172e+01,3.8775492839704384e-05,4.1633363423443370e-16,4.1633363423443370e-16,2.2204460492503131e-16,4.1633363423443370e-16,3.5388358909926865e-16,1.5265566588595902e-16,3.9204750557075840e-16,2.7755575615628914e-17,36,3.4099184000000005e-02,1.8142168500000000e-01,4.7210466588235202e-04,7.5747877419999998e+00,3.5080348969999999e+00,1.1846380787999999e+01,6.2269531250000000e+01,6.2269531250000000e+01
exp2_distort,8,3,2,abc,0,int,0.0000000000000000e+00,2.0000000000000000e+00,2.9999999999999999e-01,2,1,1,1.2499999999999999e-01,1.2246392022943711e-01,1.2595779861530765e-01,8.7805666556909445e-01,1.1219433344309040e+00,7.8262122392703704e-01,8.7805666556909934e-01,0,13824,41472,41472,13824,1.8189894035458565e-12,3.3408320399304516e-15,0.0000000000000000e+00,2.0916714160258598e-03,3.1720521710997686e-02,8.8857658763167660e+00,3.5698129066783538e-03,1.4790350422859461e-03,2.2473026941259401e-13,1.5631940186722204e-12,3.1613801294771845e-15,2.1990141880152975e-14,6.6792631926802402e-04,1.2789769243681803e-13,1.6510831381811647e-14,3.9478794676788013e+01,3.9478417604357432e+01,9.5513562463384731e-06,nan,1.2566330544591594e+01,1.2566370614359172e+01,4.0069767578643223e-05,3.3306690738754696e-16,3.3306690738754696e-16,2.2204460492503131e-16,3.0531133177191805e-16,1.5959455978986625e-16,3.3306690738754696e-16,3.4694469519536142e-17,6.2450045135165055e-17,40,3.5843627000000003e-02,1.9608275699999997e-01,9.2248917391304463e-04,8.7324223730000003e+00,7.6824915610000009e+00,1.7707445238999998e+01,6.2070312500000000e+01,6.2070312500000000e+01
exp2_distort,8,3,2,abc,0,int,0.0000000000000000e+00,2.0000000000000000e+00,4.0000000000000002e-01,2,1,1,1.2499999999999988e-01,1.2028502851761673e-01,1.2681109449073022e-01,7.8321184990061732e-01,1.2167881500993827e+00,6.4367149683093805e-01,7.8321184990061865e-01,0,13824,41472,41472,13824,1.8189894035458565e-12,3.1656645696225042e-15,0.0000000000000000e+00,2.9391484796671028e-03,4.3875524864533798e-02,8.8857658763166381e+00,4.9377313644371245e-03,2.0782918208867547e-03,2.2978661406518323e-13,1.6759926779741363e-12,3.2325099668341002e-15,2.3576930527187062e-14,1.2002418010946501e-03,1.1013412404281553e-13,1.5442420736869927e-14,3.9479243128193204e+01,3.9478417604357432e+01,2.0910763041344117e-05,nan,1.2566327059637405e+01,1.2566370614359172e+01,4.3554721766980720e-05,2.2204460492503131e-16,2.2204460492503131e-16,8.3266726846886741e-17,2.2204460492503131e-16,6.2450045135165055e-17,5.5511151231257827e-17,6.9388939039072284e-17,8.3266726846886741e-17,43,7.8809294000000002e-02,3.8672782100000003e-01,5.0234957500000293e-04,1.1518497548999999e+01,4.3581297500000016e+00,1.6977895263000001e+01,6.2078125000000000e+01,6.2078125000000000e+01
exp2_distort,8,3,2,abc,0,int,0.0000000000000000e+00,2.0000000000000000e+00,5.9999999999999998e-01,2,1,1,1.2500000000000003e-01,1.1315150380376204e-01,1.2951646268080960e-01,5.1222666227639035e-01,1.4877733377236098e+00,3.4429079301833093e-01,5.1222666227639246e-01,0,13824,41472,41472,13824,1.8189894035458565e-12,2.6351853028094526e-15,0.0000000000000000e+00,5.1168199315983565e-03,7.9577596988193042e-02,8.8857658763168672e+00,8.9556261211304611e-03,3.6181380717437545e-03,2.4568171964869044e-13,2.3776536295372352e-12,3.4561134497070090e-15,3.3447505575664127e-14,2.8126546834847201e-03,1.2079226507921703e-13,1.6157669905956730e-14,3.9481381591672630e+01,3.9478417604357432e+01,7.5078675769180755e-05,nan,1.2566306343787497e+01,1.2566370614359172e+01,6.4270571675351107e-05,4.5102810375396984e-16,4.5102810375396984e-16,4.1633363423443370e-16,2.3592239273284576e-16,7.6327832942979512e-17,1.3877787807814457e-16,3.9551695252271202e-16,4.5102810375396984e-16,61,3.4450864000000005e-02,1.8115701800000000e-01,5.1121561012658313e-04,8.6876284030000015e+00,4.1583231329999997e+00,1.3553974095999999e+01,6.2281250000000000e+01,6.2281250000000000e+01
exp2_distort,8,3,2,abc,0,int,0.0000000000000000e+00,2.0000000000000000e+00,8.0000000000000004e-01,2,1,1,1.2499999999999999e-01,1.0035784769186733e-01,1.3367930642052733e-01,1.3284739960246761e-01,1.8671526003975307e+00,7.1149727973055688e-02,1.3284739960247438e-01,0,13824,41472,41472,13824,3.6379788070917130e-12,3.6771740017552217e-15,0.0000000000000000e+00,8.4636846322148681e-03,1.4187856038188365e-01,8.8857658763167802e+00,1.5966947853086291e-02,5.9847287972635346e-03,2.8071520333887768e-13,5.5706550483591855e-12,3.9489449649898424e-15,7.8364869245635932e-14,5.5090327515077472e-03,2.4469315462738450e-13,1.9149590569489625e-14,3.9488104117517807e+01,3.9478417604357432e+01,2.4536224469406785e-04,nan,1.2566250547031519e+01,1.2566370614359172e+01,1.2006732765357242e-04,4.5796699765787707e-16,4.5796699765787707e-16,3.6082248300317588e-16,4.5796699765787707e-16,2.5673907444456745e-16,1.3877787807814457e-16,1.5265566588595902e-16,5.2041704279304213e-17,129,2.3652032000000000e-02,1.1305447900000001e-01,4.9034014390244001e-04,7.8716697139999994e+00,3.9807677899999998e+00,1.3202183480000000e+01,6.2445312500000000e+01,6.2445312500000000e+01
exp2_distort,8,3,2,abc,0,int,0.0000000000000000e+00,2.0000000000000000e+00,1.0000000000000001e-01,3,1,1,1.2499999999999999e-01,1.2456807561938159e-01,1.2524596384015860e-01,9.8162440149022556e-01,1.0109971799858235e+00,9.8010317460247187e-01,9.9470764836168890e-01,0,13824,41472,41472,13824,1.8189894035458565e-12,3.5160127000940311e-15,0.0000000000000000e+00,5.0154390138371140e-04,1.4434651252652947e-02,8.8857658763168441e+00,1.6244690051001119e-03,3.5464509373117587e-04,2.2402671453286507e-13,1.5916157281026244e-12,3.1514829117032209e-15,2.2389962641610103e-14,3.0529680064050692e-05,9.5146113210375916e-14,1.5088959087170992e-14,3.9478400600000199e+01,3.9478417604357432e+01,-4.3072540046872663e-07,nan,1.2566332079933165e+01,1.2566370614359172e+01,3.8534426007430511e-05,8.3266726846886741e-16,8.3266726846886741e-16,6.9388939039072284e-16,3.8857805861880479e-16,8.3266726846886741e-16,4.9960036108132044e-16,2.6020852139652106e-16,2.0816681711721685e-17,33,4.7801823000000000e-02,2.3340406100000000e-01,4.7158267529411545e-04,8.7511257550000003e+00,4.3052702739999997e+00,1.3856726355999999e+01,6.1984375000000000e+01,6.1984375000000000e+01
exp2_distort,8,3,2,abc,0,int,0.0000000000000000e+00,2.0000000000000000e+00,2.0000000000000001e-01,3,1,1,1.2499999999999993e-01,1.2322952204185134e-01,1.2598475818881844e-01,9.2649746526762466e-01,1.0439887199432931e+00,9.1893997764276392e-01,9.8013872295354376e-01,0,13824,41472,41472,13824,1.8189894035458565e-12,3.4038817249174679e-15,0.0000000000000000e+00,9.7255394895481352e-04,1.7266411516609150e-02,8.8857658763167393e+00,1.9431540012357711e-03,6.8769949237570429e-04,2.2573534157861910e-13,1.6950885139976890e-12,3.1755189243207515e-15,2.3845560101290944e-14,1.2365613293186163e-04,9.9475983006414026e-14,1.5258987068683044e-14,3.9478443618118064e+01,3.9478417604357432e+01,6.5893625455128246e-07,nan,1.2566331485867403e+01,1.2566370614359172e+01,3.9128491769346851e-05,7.7715611723760958e-16,7.7715611723760958e-16,0.0000000000000000e+00,7.7715611723760958e-16,9.7144514654701197e-17,8.3266726846886741e-17,1.1449174941446927e-16,1.8041124150158794e-16,38,4.8191435000000005e-02,2.2960144599999999e-01,5.2633159230769529e-04,8.9442247990000006e+00,4.3046560120000006e+00,1.4149380895000000e+01,6.2195312500000000e+01,6.2195312500000000e+01
exp2_distort,8,3,2,abc,0,int,0.0000000000000000e+00,2.0000000000000000e+00,2.9999999999999999e-01,3,1,1,1.2499999999999994e-01,1.2079403325251239e-01,1.2720910986767026e-01,8.3461898029224957e-01,1.0989746198724100e+00,8.1582289819503484e-01,9.5824946262416799e-01,0,13824,41472,41472,13824,1.8189894035458565e-12,3.2060228715778199e-15,0.0000000000000000e+00,1.4986355726399412e-03,2.1871009265574445e-02,8.8857658763168015e+00,2.4613533115774707e-03,1.0596953759410871e-03,2.3326615816163426e-13,1.6200374375330284e-12,3.2814582531281516e-15,2.2789783403067534e-14,2.8421115475106714e-04,9.9475983006414026e-14,1.5878037233137877e-14,3.9478528337831172e+01,3.9478417604357432e+01,2.8049116570360441e-06,nan,1.2566329772411544e+01,1.2566370614359172e+01,4.0841947628322828e-05,6.9388939039072284e-16,6.9388939039072284e-16,6.9388939039072284e-16,9.7144514654701197e-17,2.7755575615628914e-16,4.3021142204224816e-16,8.3266726846886741e-17,4.8572257327350599e-17,43,4.7735550000000002e-02,2.2329628600000001e-01,4.8332467469879145e-04,9.0855561389999995e+00,4.5239141190000005e+00,1.4554389461000000e+01,6.2328125000000000e+01,6.2328125000000000e+01
exp2_distort,8,3,2,abc,0,int,0.0000000000000000e+00,2.0000000000000000e+00,4.0000000000000002e-01,3,1,1,1.2499999999999990e-01,1.1702738289569216e-01,1.2890108385711807e-01,7.0598873552413544e-01,1.1759548797731729e+00,6.7299802743258152e-01,9.3085844961930686e-01,0,13824,41472,41472,13824,1.8189894035458565e-12,2.9153630686519810e-15,0.0000000000000000e+00,2.1071877593743129e-03,2.8411588863966036e-02,8.8857658763167642e+00,3.1974271277720083e-03,1.4900067538868504e-03,2.3443338226931833e-13,1.9184653865522705e-12,3.2978781110775373e-15,2.6987901398369550e-14,5.2116428371542340e-04,1.0533240946131173e-13,1.6018358943312067e-14,3.9478682031315628e+01,3.9478417604357432e+01,6.6980130978504376e-06,nan,1.2566326355644643e+01,1.2566370614359172e+01,4.4258714529732401e-05,8.4654505627668186e-16,8.4654505627668186e-16,8.4654505627668186e-16,2.0816681711721685e-16,3.4694469519536142e-16,4.1633363423443370e-16,3.4694469519536142e-17,1.3877787807814457e-17,57,4.7847922000000001e-02,2.2244181399999999e-01,5.0100656249999712e-04,8.7609796710000012e+00,4.0166919209999996e+00,1.3788926151000000e+01,6.2457031250000000e+01,6.2457031250000000e+01
exp2_distort,8,3,2,abc,0,int,0.0000000000000000e+00,2.0000000000000000e+00,5.9999999999999998e-01,3,1,1,1.2500000000000014e-01,1.0362605075555612e-01,1.3357405066663325e-01,3.3847212244994673e-01,1.3958984794896396e+00,2.9520967599170195e-01,8.6558920214453339e-01,0,13824,41472,41472,13824,3.6379788070917130e-12,4.0482470361589787e-15,0.0000000000000000e+00,3.8095580430963037e-03,5.0302055744419469e-02,8.8857658763167429e+00,5.6609701903681349e-03,2.6937643255971633e-03,2.6449946870106072e-13,3.4727776210274897e-12,3.7208310513507933e-15,4.8853099290567314e-14,1.2996147226384258e-03,1.6697754290362354e-13,1.7532584311273940e-14,3.9479501291300714e+01,3.9478417604357432e+01,2.7450110947774937e-05,nan,1.2566312922832790e+01,1.2566370614359172e+01,5.7691526382797065e-05,8.6042284408449632e-16,8.6042284408449632e-16,8.6042284408449632e-16,2.7755575615628914e-16,7.6327832942979512e-17,1.5265566588595902e-16,4.3021142204224816e-16,3.1225022567582528e-16,128,4.2340651000000000e-02,2.0151355100000001e-01,5.9155549117646930e-04,8.8877311100000007e+00,3.7603764999999996e+00,1.3730208132000000e+01,6.2117187500000000e+01,6.2117187500000000e+01
exp2_distort,8,3,2,abc,0,int,0.0000000000000000e+00,2.0000000000000000e+00,8.0000000000000004e-01,3,1,0,1.2499999999999993e-01,7.1580246746905274e-02,1.3972523172114734e-01,-1.7605406227452244e-01,1.7038195190926919e+00,-1.7974263096601131e-01,7.7310165255358376e-01,360,nan,nan,nan,nan,nan,nan,nan,nan,nan,nan,nan,nan,nan,nan,nan,nan,nan,nan,nan,nan,nan,nan,nan,nan,nan,nan,nan,nan,nan,nan,nan,nan,nan,nan,nan,2.3790843000000002e-02,nan,nan,nan,nan,2.3892476999999999e-02,nan,nan
exp2_distort,8,3,3,abc,0,int,0.0000000000000000e+00,2.0000000000000000e+00,0.0000000000000000e+00,1,1,1,1.2500000000000000e-01,1.2499999999999975e-01,1.2500000000000053e-01,9.9999999999996692e-01,1.0000000000000426e+00,9.9999999999992906e-01,9.9999999999999378e-01,0,13824,41472,41472,13824,1.8189894035458565e-12,3.5527136788004796e-15,0.0000000000000000e+00,1.7745964679050688e-04,1.3464715461453903e-02,8.8857658763168121e+00,1.5153128777949621e-03,1.2548291963253595e-04,2.2410556351535964e-13,1.5347723092418164e-12,3.1525921152259241e-15,2.1590321118695541e-14,4.8181451445941450e-15,2.4691360067663481e-13,2.2005472897269497e-14,3.9478387313157192e+01,3.9478417604357432e+01,-7.6728506555770373e-07,nan,1.2566332157433353e+01,1.2566370614359172e+01,3.8456925819829735e-05,4.4408920985006262e-16,4.4408920985006262e-16,3.0531133177191805e-16,4.4408920985006262e-16,7.6327832942979512e-17,6.9388939039072284e-17,1.4918621893400541e-16,2.4286128663675299e-16,20,1.3041958499999995e-01,2.3496791100000003e-01,4.5564201590908771e-04,2.0255302258000000e+01,9.3006332569999977e+00,3.0579659311000000e+01,8.1464843750000000e+01,8.1464843750000000e+01
exp2_distort,8,3,3,abc,0,int,0.0000000000000000e+00,2.0000000000000000e+00,5.0000000000000003e-02,1,1,1,1.2499999999999982e-01,1.2491284240215796e-01,1.2507626858393900e-01,9.9749381112611457e-01,1.0025061888738931e+00,9.9643905149663659e-01,9.9872934105489553e-01,0,13824,41472,41472,13824,1.8189894035458565e-12,3.5452873555307438e-15,0.0000000000000000e+00,3.2450809683414432e-04,1.3578323668835487e-02,8.8857658763166949e+00,1.5280982931393573e-03,2.2946187582136460e-04,2.2315301484741091e-13,1.6759926779741363e-12,3.1391921916683367e-15,2.3576930527186901e-14,3.3217396254290885e-05,2.8066438062523957e-13,2.4713684539272104e-14,3.9478388660303409e+01,3.9478417604357432e+01,-7.3316145325130193e-07,nan,1.2566332097270717e+01,1.2566370614359172e+01,3.8517088455591875e-05,6.9388939039072284e-16,6.9388939039072284e-16,6.9388939039072284e-16,9.7144514654701197e-17,4.4408920985006262e-16,4.6490589156178430e-16,0.0000000000000000e+00,1.6653345369377348e-16,30,1.2686580400000003e-01,2.1712400499999995e-01,4.4963067865169004e-04,2.0482180294000003e+01,9.9651339110000023e+00,3.1534008887999999e+01,8.1398437500000000e+01,8.1398437500000000e+01
exp2_distort,8,3,3,abc,0,int,0.0000000000000000e+00,2.0000000000000000e+00,1.0000000000000001e-01,1,1,1,1.2499999999999990e-01,1.2464878663783815e-01,1.2530634922040501e-01,9.8997524450447871e-01,1.0100247554955288e+00,9.8583188388438492e-01,9.9489935424377052e-01,0,13824,41472,41472,13824,1.8189894035458565e-12,3.5228514878069574e-15,0.0000000000000000e+00,5.7303381460588928e-04,1.3920023945521569e-02,8.8857658763167819e+00,1.5665530849313268e-03,4.0519609615701624e-04,2.2551998046473973e-13,1.5631940186722204e-12,3.1724893442474327e-15,2.1990141880152922e-14,6.8014162011298423e-05,2.7533531010703882e-13,2.4871390720382712e-14,3.9478392779190486e+01,3.9478417604357432e+01,-6.2882882477512490e-07,nan,1.2566331912919285e+01,1.2566370614359172e+01,3.8701439887489641e-05,9.8532293435482643e-16,9.8532293435482643e-16,9.8532293435482643e-16,5.6898930012039273e-16,3.1918911957973251e-16,1.5265566588595902e-16,1.2490009027033011e-16,2.0122792321330962e-16,32,1.4295314400000000e-01,2.4347081100000001e-01,4.8470532619047631e-04,1.8042958623000001e+01,9.1057814999999991e+00,2.8437155586999999e+01,8.1210937500000000e+01,8.1210937500000000e+01
exp2_distort,8,3,3,abc,0,int,0.0000000000000000e+00,2.0000000000000000e+00,1.4999999999999999e-01,1,1,1,1.2499999999999988e-01,1.2420277416169943e-01,1.2569128662407036e-01,9.7744430013508732e-01,1.0225556998649221e+00,9.6840154534897716e-01,9.8845387647132366e-01,0,13824,41472,41472,13824,1.8189894035458565e-12,3.4851707287572440e-15,0.0000000000000000e+00,8.4024878200783168e-04,1.4492303523788694e-02,8.8857658763166221e+00,1.6309571651460309e-03,5.9414561164147924e-04,2.2632683377941552e-13,1.3358203432289883e-12,3.1838397068091777e-15,1.8791575788494648e-14,1.0587232795696185e-04,2.8954616482224083e-13,2.4817603282617593e-14,3.9478399903035083e+01,3.9478417604357432e+01,-4.4837973311487808e-07,nan,1.2566331592754524e+01,1.2566370614359172e+01,3.9021604647970776e-05,4.9960036108132044e-16,4.9960036108132044e-16,1.2490009027033011e-16,4.9960036108132044e-16,2.0816681711721685e-17,4.7184478546569153e-16,1.0061396160665481e-16,4.8572257327350599e-17,35,1.2934267599999999e-01,2.6174438999999994e-01,4.8706201428571440e-04,1.7342303996000002e+01,8.6238873429999998e+00,2.7193690062999998e+01,8.1257812500000000e+01,8.1257812500000000e+01
exp2_distort,8,3,3,abc,0,int,0.0000000000000000e+00,2.0000000000000000e+00,2.0000000000000001e-01,1,1,1,1.2499999999999979e-01,1.2356802741298954e-01,1.2623096155323837e-01,9.5990097801793828e-01,1.0400990219820694e+00,9.4450688488539736e-01,9.7929593009656191e-01,0,13824,41472,41472,13824,1.8189894035458565e-12,3.4320097315097626e-15,0.0000000000000000e+00,1.1170036604400721e-03,1.5299391026587989e-02,8.8857658763168317e+00,1.7217864210630788e-03,7.8984086290737412e-04,2.2402655815535484e-13,1.3642420526593924e-12,3.1514807118715965e-15,1.9191396549951517e-14,1.4811017375964739e-04,3.0375701953744283e-13,2.4943624118120901e-14,3.9478410430952160e+01,3.9478417604357432e+01,-1.8170447823779866e-07,nan,1.2566331117287026e+01,1.2566370614359172e+01,3.9497072146232881e-05,6.5225602696727947e-16,6.5225602696727947e-16,5.5511151231257827e-17,1.5265566588595902e-16,6.5225602696727947e-16,2.7755575615628914e-17,8.3266726846886741e-17,1.8735013540549517e-16,37,1.3764635100000000e-01,2.4106380600000002e-01,5.0134095999999852e-04,1.4187249648000000e+01,7.3841930249999983e+00,2.2875919231000001e+01,8.1101562500000000e+01,8.1101562500000000e+01
exp2_distort,8,3,3,abc,0,int,0.0000000000000000e+00,2.0000000000000000e+00,2.5000000000000000e-01,1,1,1,1.2499999999999994e-01,1.2273581125601674e-01,1.2692411156007791e-01,9.3734527815303315e-01,1.0626547218469762e+00,9.1462450050201649e-01,9.6728390112362628e-01,0,13824,41472,41472,13824,1.8189894035458565e-12,3.3631331491926329e-15,0.0000000000000000e+00,1.4026451372670312e-03,1.6347881741041456e-02,8.8857658763168068e+00,1.8397830832582922e-03,9.9181988815986890e-04,2.2784552333683269e-13,1.6839862837514374e-12,3.2052037847422399e-15,2.3689380116346500e-14,1.9586133719563640e-04,2.9842794901924208e-13,2.4642792117029527e-14,3.9478424952474100e+01,3.9478417604357432e+01,1.8612996958661424e-07,nan,1.2566330458987769e+01,1.2566370614359172e+01,4.0155371403116646e-05,9.1593399531575415e-16,9.1593399531575415e-16,9.7144514654701197e-17,9.1593399531575415e-16,4.4408920985006262e-16,2.9143354396410359e-16,2.9143354396410359e-16,1.5959455978986625e-16,38,1.0372123700000001e-01,1.9192349300000000e-01,4.9071227317072684e-04,1.9615932429000001e+01,8.8822692150000009e+00,2.9668851100000001e+01,8.1257812500000000e+01,8.1257812500000000e+01
exp2_distort,8,3,3,abc,0,int,0.0000000000000000e+00,2.0000000000000000e+00,2.9999999999999999e-01,1,1,1,1.2499999999999989e-01,1.2169509956838702e-01,1.2776838565009621e-01,9.0977720054037048e-01,1.0902227994596383e+00,8.7932585609169256e-01,9.5222579898557536e-01,0,13824,41472,41472,13824,1.8189894035458565e-12,3.2783056349340049e-15,0.0000000000000000e+00,1.6983726149717819e-03,1.7647728867030279e-02,8.8857658763166789e+00,1.9860672802630270e-03,1.2009307930280523e-03,2.2866305096543403e-13,1.4210854715202004e-12,3.2167043076007068e-15,1.9991038072866524e-14,2.5009495270964926e-04,3.2684965844964609e-13,2.4344916584906010e-14,3.9478444289604440e+01,3.9478417604357432e+01,6.7594520315113781e-07,nan,1.2566329582044649e+01,1.2566370614359172e+01,4.1032314523903324e-05,9.9920072216264089e-16,9.9920072216264089e-16,7.3552275381416621e-16,1.8041124150158794e-16,2.3592239273284576e-16,9.9920072216264089e-16,2.3592239273284576e-16,2.7755575615628914e-17,40,1.2178381300000002e-01,2.4606760000000005e-01,5.2962180526315670e-04,1.9900119491000002e+01,9.2424337789999989e+00,3.0480204338000000e+01,8.1539062500000000e+01,8.1539062500000000e+01
exp2_distort,8,3,3,abc,0,int,0.0000000000000000e+00,2.0000000000000000e+00,4.0000000000000002e-01,1,1,1,1.2499999999999982e-01,1.1892969173247728e-01,1.2989599188406295e-01,8.3960391207177565e-01,1.1603960879282362e+00,7.9477806461810563e-01,9.1189988641921593e-01,0,13824,41472,41472,13824,1.8189894035458565e-12,3.0598564231048234e-15,0.0000000000000000e+00,2.3283317182450718e-03,2.1065456204973500e-02,8.8857658763166771e+00,2.3706967410788387e-03,1.6463791468228138e-03,2.3666400940388707e-13,1.8189894035458565e-12,3.3292573298981147e-15,2.5588528733269140e-14,3.8135800046338870e-04,2.9132252166164108e-13,2.4308679255644434e-14,3.9478502277781985e+01,3.9478417604357432e+01,2.1448028996839925e-06,nan,1.2566326985631681e+01,1.2566370614359172e+01,4.3628727491196173e-05,5.9674487573602164e-16,5.9674487573602164e-16,5.9674487573602164e-16,3.3306690738754696e-16,2.7755575615628914e-16,5.4123372450476381e-16,1.2143064331837650e-16,1.9428902930940239e-16,45,1.2916199700000003e-01,2.4837848100000004e-01,2.4668355705521493e-04,1.8726679847000000e+01,9.1087812530000001e+00,2.9253173057000001e+01,8.1386718750000000e+01,8.1386718750000000e+01
exp2_distort,8,3,3,abc,0,int,0.0000000000000000e+00,2.0000000000000000e+00,5.0000000000000000e-01,1,1,1,1.2499999999999985e-01,1.1511522324173330e-01,1.3257697507847202e-01,7.4938111261215390e-01,1.2506188873878599e+00,6.8475716346679660e-01,8.5538300043007220e-01,0,13824,41472,41472,13824,1.8189894035458565e-12,2.7747793210472872e-15,0.0000000000000000e+00,3.0284484949188585e-03,2.5748689331670967e-02,8.8857658763167873e+00,2.8977456406204549e-03,2.1414364672312893e-03,2.3946998008675124e-13,1.6768808563938364e-12,3.3687301609674663e-15,2.3589424925982200e-14,5.4842096391837783e-04,3.4816594052244909e-13,2.5999998617145014e-14,3.9478598921388013e+01,3.9478417604357432e+01,4.5928140382423147e-06,nan,1.2566322862356991e+01,1.2566370614359172e+01,4.7752002181766784e-05,3.7470027081099033e-16,3.7470027081099033e-16,2.3592239273284576e-16,1.3877787807814457e-16,3.7470027081099033e-16,4.1633363423443370e-17,1.7173762412170390e-16,2.0816681711721685e-17,57,1.2441923300000000e-01,2.3889286000000001e-01,5.6164073333334248e-04,1.9748417340000000e+01,8.9728980499999977e+00,2.9786848607000000e+01,8.1324218750000000e+01,8.1324218750000000e+01
exp2_distort,8,3,3,abc,0,int,0.0000000000000000e+00,2.0000000000000000e+00,5.9999999999999998e-01,1,1,1,1.2499999999999985e-01,1.1000176672728965e-01,1.3576446602479297e-01,6.3910880216150301e-01,1.3608911978385128e+00,5.5822289938898062e-01,7.8056863646742114e-01,0,13824,41472,41472,13824,1.8189894035458565e-12,2.4211915537865153e-15,0.0000000000000000e+00,3.8304887494652962e-03,3.2045267480497741e-02,8.8857658763166700e+00,3.6063596460388795e-03,2.7085645700056994e-03,2.5027557196939768e-13,2.4300561562995426e-12,3.5207372028062829e-15,3.4184675104601779e-14,7.5916509849699204e-04,3.8369307731045410e-13,2.5809743695627235e-14,3.9478761112933952e+01,3.9478417604357432e+01,8.7011738910862551e-06,nan,1.2566316587002772e+01,1.2566370614359172e+01,5.4027356400254689e-05,6.8001160258290838e-16,6.8001160258290838e-16,6.8001160258290838e-16,4.0245584642661925e-16,1.2490009027033011e-16,9.7144514654701197e-17,4.6490589156178430e-16,2.4980018054066022e-16,75,6.0424850000000002e-02,1.0660575900000001e-01,4.7695289523809882e-04,1.8563622814999999e+01,9.4625633929999999e+00,2.9674841005000001e+01,8.1109375000000000e+01,8.1109375000000000e+01
exp2_distort,8,3,3,abc,0,int,0.0000000000000000e+00,2.0000000000000000e+00,6.9999999999999996e-01,1,1,1,1.2499999999999978e-01,1.0316472211579480e-01,1.3940590123361693e-01,5.0878698071982098e-01,1.4912130192801902e+00,4.2066863078038486e-01,7.2124046938527786e-01,0,13824,41472,41472,13824,1.8189894035458565e-12,1.9972103463476319e-15,0.0000000000000000e+00,4.7848339443531335e-03,4.0560940480387407e-02,8.8857658763166771e+00,4.5647095641462819e-03,3.3833885289036741e-03,2.6533675349122114e-13,2.8279600883251987e-12,3.7326095069422408e-15,3.9782165765004354e-14,1.0260934971365707e-03,5.4889426337467739e-13,2.8595194173789150e-14,3.9479041173745664e+01,3.9478417604357432e+01,1.5795197124691455e-05,nan,1.2566307355189196e+01,1.2566370614359172e+01,6.3259169976959129e-05,3.7470027081099033e-16,3.7470027081099033e-16,8.3266726846886741e-17,3.7470027081099033e-16,3.1918911957973251e-16,3.6082248300317588e-16,1.7347234759768071e-18,1.5265566588595902e-16,102,1.2187360200000003e-01,2.2487018399999992e-01,4.5456381136363562e-04,1.6797631908000003e+01,7.5978724060000005e+00,2.6676912082000001e+01,8.1292968750000000e+01,8.1292968750000000e+01
exp2_distort,8,3,3,abc,0,int,0.0000000000000000e+00,2.0000000000000000e+00,8.0000000000000004e-01,1,1,1,1.2499999999999978e-01,9.3794844416639267e-02,1.4344695052180068e-01,3.5841564828711403e-01,1.6415843517129030e+00,2.7792897968954089e-01,6.6464676071600204e-01,0,13824,41472,41472,13824,3.6379788070917130e-12,3.0019058475114178e-15,0.0000000000000000e+00,5.9852288502965532e-03,5.2447123782985210e-02,8.8857658763167962e+00,5.9023751596665817e-03,4.2321959069980810e-03,2.8665238026112386e-13,3.2400748750660568e-12,4.0324658595993539e-15,4.5579566806135030e-14,1.3737322553225976e-03,5.0093262871087063e-13,2.8543157918819987e-14,3.9479552336916129e+01,3.9478417604357432e+01,2.8743111491164139e-05,nan,1.2566294159616886e+01,1.2566370614359172e+01,7.6454742286458099e-05,5.8286708792820718e-16,5.8286708792820718e-16,2.4980018054066022e-16,1.6653345369377348e-16,5.8286708792820718e-16,3.4694469519536142e-16,2.0252896582029223e-16,2.9143354396410359e-16,149,1.2895096600000000e-01,2.3967424699999998e-01,4.5066171910112385e-04,1.8406377856999999e+01,7.9183105129999980e+00,2.8872413241000000e+01,8.1046875000000000e+01,8.1046875000000000e+01
exp2_distort,8,3,3,abc,0,int,0.0000000000000000e+00,2.0000000000000000e+00,9.0000000000000002e-01,1,1,1,1.2499999999999993e-01,7.9977486215600135e-02,1.4783459264247065e-01,1.8799480486338760e-01,1.8120051951366327e+00,1.3556351274202413e-01,6.1036914986982427e-01,0,13824,41472,41472,13824,7.2759576141834259e-12,3.7221460441435060e-15,0.0000000000000000e+00,7.6704393083352525e-03,7.0566023935611205e-02,8.8857658763167233e+00,7.9414678394454652e-03,5.4238196496036997e-03,3.2593223165383320e-13,6.9135808189457748e-12,4.5850329081163088e-15,9.7256400224495171e-14,1.8670106427708338e-03,1.4175327578413999e-12,3.2022688159575165e-14,3.9480608752791582e+01,3.9478417604357432e+01,5.5502438221036707e-05,nan,1.2566275762331570e+01,1.2566370614359172e+01,9.4852027602954081e-05,6.5225602696727947e-16,6.5225602696727947e-16,1.6653345369377348e-16,8.3266726846886741e-17,1.6653345369377348e-16,6.5225602696727947e-16,6.6353172956112871e-17,1.9428902930940239e-16,276,1.2779649500000001e-01,2.6207677100000004e-01,5.1975260259740639e-04,2.0105374268000002e+01,9.1347884439999980e+00,3.4180973416000000e+01,8.1238281250000000e+01,8.1238281250000000e+01
exp2_distort,8,3,3,abc,0,int,0.0000000000000000e+00,2.0000000000000000e+00,1.0000000000000000e+00,1,1,0,1.2499999999999985e-01,5.3852100467164286e-02,1.5251921912343644e-01,-1.1390213050467946e-02,2.0024755495513942e+00,-1.1329136243535771e-02,5.5930687073102958e-01,160,nan,nan,nan,nan,nan,nan,nan,nan,nan,nan,nan,nan,nan,nan,nan,nan,nan,nan,nan,nan,nan,nan,nan,nan,nan,nan,nan,nan,nan,nan,nan,nan,nan,nan,nan,1.0978346200000004e-01,nan,nan,nan,nan,1.0989702599999995e-01,nan,nan
exp2_distort,8,3,3,abc,0,int,0.0000000000000000e+00,2.0000000000000000e+00,1.0000000000000001e-01,2,1,1,1.2499999999999999e-01,1.2467869114381119e-01,1.2511359196892033e-01,9.8962963791391434e-01,1.0103703620861002e+00,9.7947215699267487e-01,9.8912004265059972e-01,0,13824,41472,41472,13824,1.8189894035458565e-12,3.5253875993700089e-15,0.0000000000000000e+00,1.5789485076010965e-03,1.8811810527889713e-02,8.8857658763167695e+00,2.1170724943393826e-03,1.1164851968691117e-03,2.2423405286530395e-13,1.6200374375330284e-12,3.1543996317604273e-15,2.2789783403067619e-14,5.1498753731044717e-04,3.1086244689504383e-13,2.3274723581602628e-14,3.9478462148486201e+01,3.9478417604357432e+01,1.1283159628113800e-06,nan,1.2566328510747935e+01,1.2566370614359172e+01,4.2103611237465088e-05,4.7184478546569153e-16,4.7184478546569153e-16,3.1918911957973251e-16,4.7184478546569153e-16,4.7184478546569153e-16,1.9428902930940239e-16,5.2041704279304213e-17,1.2490009027033011e-16,32,1.2953039699999999e-01,2.2866625300000001e-01,5.1150199493671454e-04,1.8188012302000001e+01,9.5552835980000026e+00,2.8909637606000000e+01,8.1046875000000000e+01,8.1046875000000000e+01
exp2_distort,8,3,3,abc,0,int,0.0000000000000000e+00,2.0000000000000000e+00,2.0000000000000001e-01,2,1,1,1.2499999999999993e-01,1.2366260334386646e-01,1.2549402985881350e-01,9.5851855165568867e-01,1.0414814483443271e+00,9.2034145512577226e-01,9.5654729659874760e-01,0,13824,41472,41472,13824,1.8189894035458565e-12,3.4398960921264815e-15,0.0000000000000000e+00,3.1716174476679919e-03,2.9896617957524910e-02,8.8857658763167944e+00,3.3645516181343782e-03,2.2426722045756032e-03,2.2516618996821462e-13,1.6937562463681388e-12,3.1675124168017591e-15,2.3826818503097484e-14,1.0438119357460524e-03,2.3447910280083306e-13,2.3803465153019002e-14,3.9478696775953964e+01,3.9478417604357432e+01,7.0714991499749292e-06,nan,1.2566317266888939e+01,1.2566370614359172e+01,5.3347470233333638e-05,8.3266726846886741e-16,8.3266726846886741e-16,8.3266726846886741e-16,2.7755575615628914e-17,3.1225022567582528e-16,3.0531133177191805e-16,6.9388939039072284e-18,2.4980018054066022e-16,36,1.2862099699999999e-01,2.3061639700000003e-01,4.4582731777777457e-04,2.0659433102000001e+01,8.8545703680000010e+00,3.0796378869000002e+01,8.1496093750000000e+01,8.1496093750000000e+01
exp2_distort,8,3,3,abc,0,int,0.0000000000000000e+00,2.0000000000000000e+00,2.9999999999999999e-01,2,1,1,1.2500000000000022e-01,1.2185159506834997e-01,1.2619717288316690e-01,9.0666674122531477e-01,1.0933332587747047e+00,8.2926841742785273e-01,9.0248210712144439e-01,0,13824,41472,41472,13824,1.8189894035458565e-12,3.2909692536417011e-15,0.0000000000000000e+00,4.8277558701747252e-03,4.3298707338458024e-02,8.8857658763165368e+00,4.8728165856657549e-03,3.4137389137137222e-03,2.2730551019961584e-13,1.7905676941154525e-12,3.1976071810177268e-15,2.5188707971812290e-14,1.6011276727886841e-03,2.4158453015843406e-13,2.2809972951299519e-14,3.9479125164235413e+01,3.9478417604357432e+01,1.7922701083707062e-05,nan,1.2566297514426051e+01,1.2566370614359172e+01,7.3099933121767435e-05,3.7470027081099033e-16,3.7470027081099033e-16,1.6653345369377348e-16,1.2490009027033011e-16,1.7347234759768071e-16,3.7470027081099033e-16,3.3306690738754696e-16,1.1796119636642288e-16,40,1.0017994199999999e-01,1.5041811100000002e-01,4.4965420449438520e-04,1.9720409272000001e+01,9.4211907460000006e+00,3.0223076100000000e+01,8.1273437500000000e+01,8.1273437500000000e+01
exp2_distort,8,3,3,abc,0,int,0.0000000000000000e+00,2.0000000000000000e+00,4.0000000000000002e-01,2,1,1,1.2499999999999994e-01,1.1910409137262847e-01,1.2727202525619327e-01,8.3407420662278320e-01,1.1659257933772347e+00,7.1537503618203591e-01,8.2725497019117911e-01,0,13824,41472,41472,13824,1.8189894035458565e-12,3.0733371804874932e-15,0.0000000000000000e+00,6.5821584224713681e-03,5.8702708310752368e-02,8.8857658763168725e+00,6.6063757618476096e-03,4.6542888553736004e-03,2.3197231833293582e-13,1.5631940186722204e-12,3.2632572358113894e-15,2.1990141880152707e-14,2.2036461641316172e-03,2.7000623958883807e-13,2.3363487964547847e-14,3.9479817109100154e+01,3.9478417604357432e+01,3.5449869261403132e-05,nan,1.2566267734270760e+01,1.2566370614359172e+01,1.0288008841286000e-04,2.4286128663675299e-16,2.4286128663675299e-16,2.2204460492503131e-16,1.5265566588595902e-16,2.0122792321330962e-16,1.5265566588595902e-16,2.1510571102112408e-16,2.4286128663675299e-16,43,1.0432590799999999e-01,1.8435600000000002e-01,4.6197268275861836e-04,1.8131869236000000e+01,8.1383507040000005e+00,2.7600246942999998e+01,8.1398437500000000e+01,8.1398437500000000e+01
exp2_distort,8,3,3,abc,0,int,0.0000000000000000e+00,2.0000000000000000e+00,5.9999999999999998e-01,2,1,1,1.2499999999999979e-01,1.0984534854713107e-01,1.3068475944319008e-01,6.2666696490128171e-01,1.3733330350987383e+00,4.5631099586579432e-01,6.1525568091180571e-01,0,13824,41472,41472,13824,1.8189894035458565e-12,2.4108777164579197e-15,0.0000000000000000e+00,1.0597541534260811e-02,9.8405513740508432e-02,8.8857658763167908e+00,1.1074511202550182e-02,7.4935934827819115e-03,2.4868411921571769e-13,2.5295321393059567e-12,3.4983495327979333e-15,3.5584047769701937e-14,3.6372452197196816e-03,3.7303493627405260e-13,2.5879779328673978e-14,3.9482624990306505e+01,3.9478417604357432e+01,1.0657433110004850e-04,nan,1.2566168975841672e+01,1.2566370614359172e+01,2.0163851750076844e-04,8.8817841970012523e-16,8.8817841970012523e-16,8.8817841970012523e-16,6.6613381477509392e-16,8.3266726846886741e-17,1.1102230246251565e-16,2.7755575615628914e-17,3.0184188481996443e-16,60,1.2455162500000000e-01,2.5788759699999997e-01,9.2205444888890039e-04,2.3470126871999998e+01,1.9138370389999999e+01,4.5082041707999998e+01,8.1039062500000000e+01,8.1039062500000000e+01
exp2_distort,8,3,3,abc,0,int,0.0000000000000000e+00,2.0000000000000000e+00,8.0000000000000004e-01,2,1,1,1.2500000000000014e-01,9.1868462384564684e-02,1.3591120139417343e-01,3.3629682649117965e-01,1.6637031735088526e+00,2.0213751578168751e-01,3.2556211885380931e-01,0,13824,41472,41472,13824,3.6379788070917130e-12,2.8207169452245701e-15,0.0000000000000000e+00,1.6010771456639913e-02,1.6207799974831016e-01,8.8857658763167091e+00,1.8240183457938920e-02,1.1321325069017932e-02,2.8649203676874042e-13,4.1149306184706802e-12,4.0302102367496805e-15,5.7886549619744049e-14,5.7006957855999206e-03,7.8514972301491071e-13,2.8829632511531186e-14,3.9490374638688593e+01,3.9478417604357432e+01,3.0287521782132020e-04,nan,1.2565996682994689e+01,1.2566370614359172e+01,3.7393136448393705e-04,5.8286708792820718e-16,5.8286708792820718e-16,1.3877787807814457e-16,5.8286708792820718e-16,4.8572257327350599e-17,2.6367796834847468e-16,4.8572257327350599e-17,3.4694469519536142e-18,114,2.5432256500000000e-01,4.9784576199999997e-01,9.5189669999998282e-04,3.9499930532000000e+01,1.6626014219999995e+01,6.1034111490000001e+01,8.1390625000000000e+01,8.1390625000000000e+01
exp2_distort,8,3,3,abc,0,int,0.0000000000000000e+00,2.0000000000000000e+00,1.0000000000000000e+00,2,1,0,1.2499999999999965e-01,2.5346580536689565e-02,1.4294191938849105e-01,-3.7036208607525545e-02,2.0370362086075646e+00,-3.5221590087831683e-02,-1.8181418892311469e-02,1536,nan,nan,nan,nan,nan,nan,nan,nan,nan,nan,nan,nan,nan,nan,nan,nan,nan,nan,nan,nan,nan,nan,nan,nan,nan,nan,nan,nan,nan,nan,nan,nan,nan,nan,nan,2.4096777799999999e-01,nan,nan,nan,nan,2.4106751400000001e-01,nan,nan
exp2_distort,8,3,3,abc,0,int,0.0000000000000000e+00,2.0000000000000000e+00,1.0000000000000001e-01,3,1,1,1.2499999999999999e-01,1.2452615660309024e-01,1.2525700087595318e-01,9.8323904548930685e-01,1.0100247554955288e+00,9.8289241011015760e-01,9.9442632757861538e-01,0,13824,41472,41472,13824,1.8189894035458565e-12,3.5124643222220570e-15,0.0000000000000000e+00,9.7260531714056064e-04,1.5406054839566849e-02,8.8857658763166825e+00,1.7337903174591575e-03,6.8773581516816602e-04,2.2616408996423509e-13,1.7621459846850485e-12,3.1815503175566494e-15,2.4788887210354496e-14,2.6877124735460425e-04,3.2329694477084558e-13,2.3511254533226825e-14,3.9478411964510798e+01,3.9478417604357432e+01,-1.4285898413341933e-07,nan,1.2566331084082048e+01,1.2566370614359172e+01,3.9530277124555369e-05,3.3306690738754696e-16,3.3306690738754696e-16,2.7755575615628914e-16,1.2490009027033011e-16,7.6327832942979512e-17,2.4980018054066022e-16,6.5919492087118670e-17,3.3306690738754696e-16,33,2.6044746299999999e-01,4.6285534200000000e-01,1.0169647024390307e-03,3.8689272520999999e+01,1.8061864370000002e+01,5.8796835203999997e+01,8.1191406250000000e+01,8.1191406250000000e+01
exp2_distort,8,3,3,abc,0,int,0.0000000000000000e+00,2.0000000000000000e+00,2.0000000000000001e-01,3,1,1,1.2499999999999988e-01,1.2300728503225686e-01,1.2602814540474927e-01,9.3295057389256519e-01,1.0400990219820694e+00,9.3033216246586015e-01,9.7805454257241964e-01,0,13824,41472,41472,13824,1.8189894035458565e-12,3.3854988311629933e-15,0.0000000000000000e+00,1.9515976427594648e-03,2.0511058195530139e-02,8.8857658763167429e+00,2.3083050443854615e-03,1.3799879273428972e-03,2.2587366586623083e-13,1.5347723092418164e-12,3.1774647932747747e-15,2.1590321118695686e-14,5.6197398044066573e-04,2.8421709430404007e-13,2.5217501733821008e-14,3.9478494275312961e+01,3.9478417604357432e+01,1.9420979913050183e-06,nan,1.2566328104295673e+01,1.2566370614359172e+01,4.2510063499534567e-05,5.6898930012039273e-16,5.6898930012039273e-16,5.2735593669694936e-16,4.0245584642661925e-16,5.6898930012039273e-16,2.3592239273284576e-16,1.4571677198205180e-16,4.1633363423443370e-17,38,2.3919184500000001e-01,4.3452751600000000e-01,5.0644469367088656e-04,3.5555754651000001e+01,9.4880307019999961e+00,4.6705736256000002e+01,8.1363281250000000e+01,8.1363281250000000e+01
exp2_distort,8,3,3,abc,0,int,0.0000000000000000e+00,2.0000000000000000e+00,2.9999999999999999e-01,3,1,1,1.2499999999999982e-01,1.2024482087992103e-01,1.2730430726209122e-01,8.4912617311272687e-01,1.0902227994596385e+00,8.4114272688441682e-01,9.5312251782058366e-01,0,13824,41472,41472,13824,1.8189894035458565e-12,3.1624910736377390e-15,0.0000000000000000e+00,3.0055009970570232e-03,2.7988435957282735e-02,8.8857658763166629e+00,3.1498056945075095e-03,2.1252101358819530e-03,2.2875738903686400e-13,1.7248424910576432e-12,3.2180314029904483e-15,2.4264122460941772e-14,9.0400527848817028e-04,3.5527136788005009e-13,2.4574612079411594e-14,3.9478661395993697e+01,3.9478417604357432e+01,6.1753142871230957e-06,nan,1.2566323591531280e+01,1.2566370614359172e+01,4.7022827892817531e-05,7.9103390504542404e-16,7.9103390504542404e-16,4.1633363423443370e-17,7.9103390504542404e-16,3.4694469519536142e-16,2.9143354396410359e-16,2.4286128663675299e-17,1.3877787807814457e-16,43,1.3156556300000000e-01,2.3901142800000000e-01,1.0335138649999820e-03,3.1461926506000001e+01,1.9604661942000000e+01,5.3336631412000003e+01,8.1351562500000000e+01,8.1351562500000000e+01
exp2_distort,8,3,3,abc,0,int,0.0000000000000000e+00,2.0000000000000000e+00,4.0000000000000002e-01,3,1,1,1.2499999999999979e-01,1.1592998036556729e-01,1.2906493245786765e-01,7.3175743105277891e-01,1.1603960879282362e+00,7.1566324323006725e-01,9.2109730200038198e-01,0,13824,41472,41472,13824,1.8189894035458565e-12,2.8341149176606544e-15,0.0000000000000000e+00,4.1809044450115346e-03,3.7893694504704270e-02,8.8857658763169010e+00,4.2645389302571847e-03,2.9563458845606756e-03,2.3780554307554955e-13,2.2204460492503131e-12,3.3453157891174122e-15,3.1235996988853139e-14,1.3205896062515048e-03,3.1619151741324458e-13,2.5155145816879755e-14,3.9478970473904347e+01,3.9478417604357432e+01,1.4004349223313948e-05,nan,1.2566318136051317e+01,1.2566370614359172e+01,5.2478307855707840e-05,6.2450045135165055e-16,6.2450045135165055e-16,1.1102230246251565e-16,6.2450045135165055e-16,4.8572257327350599e-17,4.1633363423443370e-17,7.6327832942979512e-17,8.3266726846886741e-17,56,2.4010032000000001e-01,4.7957666499999996e-01,1.1473476756756818e-03,3.9866666215000002e+01,1.7269395701000001e+01,6.0128622825999997e+01,8.1371093750000000e+01,8.1371093750000000e+01
exp2_distort,8,3,3,abc,0,int,0.0000000000000000e+00,2.0000000000000000e+00,5.9999999999999998e-01,3,1,1,1.2499999999999990e-01,1.0009087410601630e-01,1.3391320153947225e-01,3.9635327470438375e-01,1.3608911978385128e+00,3.6840332489150013e-01,8.4130181888733879e-01,0,13824,41472,41472,13824,3.6379788070917130e-12,3.6479057648171149e-15,0.0000000000000000e+00,7.2654616236085840e-03,6.9291822210925613e-02,8.8857658763167215e+00,7.7980697640942205e-03,5.1374571825042381e-03,2.6261141734277791e-13,3.2702729413358611e-12,3.6942709975444730e-15,4.6004376365183871e-14,2.5241219421985304e-03,4.0500935938325711e-13,2.7268363145636261e-14,3.9480624774499518e+01,3.9478417604357432e+01,5.5908272824034998e-05,nan,1.2566309238426324e+01,1.2566370614359172e+01,6.1375932848051207e-05,1.5265566588595902e-16,1.5265566588595902e-16,1.2490009027033011e-16,1.5265566588595902e-16,4.8572257327350599e-17,9.7144514654701197e-17,5.8980598183211441e-17,1.2490009027033011e-16,123,2.4528271499999998e-01,4.9697668399999995e-01,5.4223892162162972e-04,3.8133657233000001e+01,9.7811040079999998e+00,5.0521674611999998e+01,8.1503906250000000e+01,8.1503906250000000e+01
exp2_distort,8,3,3,abc,0,int,0.0000000000000000e+00,2.0000000000000000e+00,8.0000000000000004e-01,3,1,0,1.2499999999999993e-01,5.3618892727739446e-02,1.4026945010311101e-01,-7.3490891771636702e-02,1.6415843517129030e+00,-7.5933836083199924e-02,7.4351714275302128e-01,368,nan,nan,nan,nan,nan,nan,nan,nan,nan,nan,nan,nan,nan,nan,nan,nan,nan,nan,nan,nan,nan,nan,nan,nan,nan,nan,nan,nan,nan,nan,nan,nan,nan,nan,nan,1.0377880200000000e-01,nan,nan,nan,nan,1.0386687999999999e-01,nan,nan
exp2_distort,8,3,2,abc,0,pt,0.0000000000000000e+00,2.0000000000000000e+00,0.0000000000000000e+00,1,1,1,1.2499999999999999e-01,1.2500000000000003e-01,1.2500000000000003e-01,9.9999999999998312e-01,1.0000000000000142e+00,9.9999999999997358e-01,9.9999999999999811e-01,0,13824,41472,41472,13824,1.8189894035458565e-12,3.5527136788005033e-15,0.0000000000000000e+00,1.7745964679761935e-04,1.3464715461456694e-02,8.8857658763168086e+00,1.5153128777952770e-03,1.2548291963756692e-04,2.2229400666431325e-13,1.4667711489835256e-12,3.1271081434971241e-15,2.0633718710911905e-14,5.0740909513039896e-15,3.0730973321624333e-13,4.4016971322655704e-14,3.9478387313157974e+01,3.9478417604357432e+01,-7.6728504575962022e-07,nan,1.2566332157433390e+01,1.2566370614359172e+01,3.8456925782526241e-05,3.0531133177191805e-16,3.0531133177191805e-16,0.0000000000000000e+00,6.9388939039072284e-17,4.8572257327350599e-17,3.0531133177191805e-16,1.1102230246251565e-16,1.3183898417423734e-16,20,7.5096782000000001e-02,4.4969095000000003e-01,9.5176405581395363e-04,1.7116407389999999e+00,8.8790979270000001e+00,1.1656010089000000e+01,6.1886718750000000e+01,6.1886718750000000e+01
exp2_distort,8,3,2,abc,0,pt,0.0000000000000000e+00,2.0000000000000000e+00,5.0000000000000003e-02,1,1,1,1.2500000000000000e-01,1.2491720635019765e-01,1.2507245321906210e-01,9.9725070500354407e-01,1.0027492949964558e+00,9.9621248575359100e-01,9.9862346024484150e-01,0,13824,41472,41472,13824,1.8189894035458565e-12,3.5456589423914006e-15,0.0000000000000000e+00,2.4488918274418484e-04,1.3541546168141466e-02,8.8857658763168352e+00,1.5239593701465450e-03,1.7316280175764436e-04,2.2355413801860464e-13,1.4517276269998547e-12,3.1448349687903916e-15,2.0422094831312364e-14,2.9972390495571808e-06,3.4638958368304884e-13,4.7011841391402675e-14,3.9478388350083200e+01,3.9478417604357432e+01,-7.4101942293340577e-07,nan,1.2566332157264085e+01,1.2566370614359172e+01,3.8457095087096604e-05,4.7878367936959876e-16,4.7878367936959876e-16,3.0531133177191805e-16,9.7144514654701197e-17,4.7878367936959876e-16,1.9428902930940239e-16,2.4286128663675299e-16,9.0205620750793969e-17,30,7.5850395000000001e-02,4.6404738299999998e-01,1.0071789658536571e-03,1.6966046989999999e+00,8.0602164489999986e+00,1.1230796367000000e+01,6.1964843750000000e+01,6.1964843750000000e+01
exp2_distort,8,3,2,abc,0,pt,0.0000000000000000e+00,2.0000000000000000e+00,1.0000000000000001e-01,1,1,1,1.2499999999999996e-01,1.2466645136747069e-01,1.2529100697773868e-01,9.8900282001417639e-01,1.0109971799858235e+00,9.8493552836575804e-01,9.9447100834892510e-01,0,13824,41472,41472,13824,1.8189894035458565e-12,3.5243494335194322e-15,0.0000000000000000e+00,3.8102020534763921e-04,1.3773240762322688e-02,8.8857658763166221e+00,1.5500341730849260e-03,2.6942197097041111e-04,2.2141073729712263e-13,1.5116796703296131e-12,3.1146828025152596e-15,2.1265466750011910e-14,1.2003252111779197e-05,3.6948222259525210e-13,4.5542281503621052e-14,3.9478391506448894e+01,3.9478417604357432e+01,-6.6106774592117343e-07,nan,1.2566332154718848e+01,1.2566370614359172e+01,3.8459640324006727e-05,6.4531713306337224e-16,6.4531713306337224e-16,3.6082248300317588e-16,3.4694469519536142e-16,6.4531713306337224e-16,2.2898349882893854e-16,2.7755575615628914e-17,1.3877787807814457e-16,32,9.4975855999999997e-02,4.7852270799999996e-01,9.5036806511627895e-04,1.5667306060000001e+00,6.7563809740000007e+00,9.7208783669999992e+00,6.1687500000000000e+01,6.1687500000000000e+01
exp2_distort,8,3,2,abc,0,pt,0.0000000000000000e+00,2.0000000000000000e+00,1.4999999999999999e-01,1,1,1,1.2500000000000006e-01,1.2424310834297929e-01,1.2565666966028019e-01,9.7525634503189684e-01,1.0247436549681026e+00,9.6642109411991806e-01,9.8747319302108005e-01,0,13824,41472,41472,13824,1.8189894035458565e-12,3.4885672027175449e-15,0.0000000000000000e+00,5.3674560865816482e-04,1.4163278310066151e-02,8.8857658763166185e+00,1.5939288191033454e-03,3.7953645965428889e-04,2.2501891191947240e-13,1.5063505998114124e-12,3.1654405913284748e-15,2.1190500357238685e-14,2.7061650015866647e-05,3.4461322684364859e-13,4.6254817543060426e-14,3.9478396919914907e+01,3.9478417604357432e+01,-5.2394304990397152e-07,nan,1.2566332143655638e+01,1.2566370614359172e+01,3.8470703534798645e-05,3.7470027081099033e-16,3.7470027081099033e-16,3.7470027081099033e-16,1.8041124150158794e-16,2.6367796834847468e-16,6.9388939039072284e-17,3.4694469519536142e-16,4.8572257327350599e-17,35,8.2978992000000001e-02,3.6776846500000004e-01,9.8008980476190399e-04,1.6683531610000000e+00,9.0608872159999994e+00,1.2255621434000000e+01,6.1949218750000000e+01,6.1949218750000000e+01
exp2_distort,8,3,2,abc,0,pt,0.0000000000000000e+00,2.0000000000000000e+00,2.0000000000000001e-01,1,1,1,1.2500000000000014e-01,1.2364100839360631e-01,1.2616939861386536e-01,9.5601128005670688e-01,1.0439887199432931e+00,9.4107365484566330e-01,9.7751100906636046e-01,0,13824,41472,41472,13824,1.8189894035458565e-12,3.4380943005187248e-15,0.0000000000000000e+00,7.0113989891240798e-04,1.4717339489478386e-02,8.8857658763166718e+00,1.6562826091000970e-03,4.9578077708141357e-04,2.2413335915012963e-13,1.4281908988778014e-12,3.1529831287181863e-15,2.0090993263230913e-14,4.8247560305275159e-05,4.3520742565306136e-13,4.8188282168487740e-14,3.9478404826931438e+01,3.9478417604357432e+01,-3.2365598139611904e-07,nan,1.2566332113732603e+01,1.2566370614359172e+01,3.8500626569515362e-05,7.7715611723760958e-16,7.7715611723760958e-16,1.5265566588595902e-16,7.7715611723760958e-16,6.9388939039072284e-17,4.5796699765787707e-16,2.2204460492503131e-16,3.1918911957973251e-16,37,7.9844460000000006e-02,5.0023865900000009e-01,1.1097213675675659e-03,1.7722177159999999e+00,8.0053056020000000e+00,1.1079193066000000e+01,6.1839843750000000e+01,6.1839843750000000e+01
exp2_distort,8,3,2,abc,0,pt,0.0000000000000000e+00,2.0000000000000000e+00,2.5000000000000000e-01,1,1,1,1.2499999999999979e-01,1.2285223531656370e-01,1.2682811646334705e-01,9.3126762508860228e-01,1.0687323749113968e+00,9.0942862817311043e-01,9.6441074555462436e-01,0,13824,41472,41472,13824,1.8189894035458565e-12,3.3727127774559262e-15,0.0000000000000000e+00,8.7214457785037946e-04,1.5443423076642237e-02,8.8857658763167322e+00,1.7379957216522727e-03,6.1669934517308072e-04,2.2538642255977970e-13,1.5569767697343195e-12,3.1706105261070219e-15,2.1902681088584236e-14,7.5671414415100517e-05,4.8672177399566863e-13,4.8435919070521883e-14,3.9478415577561151e+01,3.9478417604357432e+01,-5.1339349548947259e-08,nan,1.2566332050252504e+01,1.2566370614359172e+01,3.8564106668914633e-05,6.1062266354383610e-16,6.1062266354383610e-16,6.1062266354383610e-16,4.4408920985006262e-16,6.9388939039072284e-18,9.7144514654701197e-17,7.6327832942979512e-17,5.5511151231257827e-17,38,7.9898788999999998e-02,4.6857702299999998e-01,1.0540386000000008e-03,1.7638739260000000e+00,7.7469909780000004e+00,1.1026508926000000e+01,6.1921875000000000e+01,6.1921875000000000e+01
exp2_distort,8,3,2,abc,0,pt,0.0000000000000000e+00,2.0000000000000000e+00,2.9999999999999999e-01,1,1,1,1.2499999999999999e-01,1.2186684086395777e-01,1.2763075671059632e-01,9.0102538012759037e-01,1.0989746198724100e+00,8.7212521931715004e-01,9.4793619227442238e-01,0,13824,41472,41472,13824,1.8189894035458565e-12,3.2922046840621399e-15,0.0000000000000000e+00,1.0500337738890554e-03,1.6352159590349455e-02,8.8857658763167979e+00,1.8402645104495508e-03,7.4248600199185340e-04,2.2941078141826060e-13,1.4921397450962104e-12,3.2272229627064045e-15,2.0990589976509583e-14,1.0948452959058968e-04,3.3395508580724709e-13,4.7645613670785769e-14,3.9478429659884306e+01,3.9478417604357432e+01,3.0537006306797853e-07,nan,1.2566331933943749e+01,1.2566370614359172e+01,3.8680415423542058e-05,8.0491169285323849e-16,8.0491169285323849e-16,2.7755575615628914e-17,8.0491169285323849e-16,4.7184478546569153e-16,4.0245584642661925e-16,1.6653345369377348e-16,6.9388939039072284e-17,40,7.8473512999999995e-02,3.8779686499999999e-01,1.2063708529411782e-03,1.4596364530000001e+00,9.3259461180000010e+00,1.2460029205000000e+01,6.2007812500000000e+01,6.2007812500000000e+01
exp2_distort,8,3,2,abc,0,pt,0.0000000000000000e+00,2.0000000000000000e+00,4.0000000000000002e-01,1,1,1,1.2500000000000000e-01,1.1925374953999987e-01,1.2965504509962972e-01,8.2404512022682730e-01,1.1759548797731729e+00,7.7635182074793141e-01,9.0353589512561516e-01,0,13824,41472,41472,13824,1.8189894035458565e-12,3.0849369884134305e-15,0.0000000000000000e+00,1.4315939309450015e-03,1.8776476269528393e-02,8.8857658763166558e+00,2.1130959931741590e-03,1.0122897764767223e-03,2.3262570074277793e-13,1.6200374375330284e-12,3.2724486552532031e-15,2.2789783403067916e-14,1.9713745950957775e-04,4.0856207306205761e-13,4.7330976279072722e-14,3.9478470696610152e+01,3.9478417604357432e+01,1.3448424719680871e-06,nan,1.2566331441139482e+01,1.2566370614359172e+01,3.9173219690269434e-05,6.8001160258290838e-16,6.8001160258290838e-16,6.8001160258290838e-16,2.7755575615628914e-16,2.6367796834847468e-16,6.9388939039072284e-17,4.7704895589362195e-16,2.1510571102112408e-16,45,9.1628223999999994e-02,4.5208350099999994e-01,1.0628996000000008e-03,1.6897065510000000e+00,8.3855308669999999e+00,1.1865794335000000e+01,6.1945312500000000e+01,6.1945312500000000e+01
exp2_distort,8,3,2,abc,0,pt,0.0000000000000000e+00,2.0000000000000000e+00,5.0000000000000000e-01,1,1,1,1.2500000000000000e-01,1.1566256267683621e-01,1.3220917259830650e-01,7.2507050035441667e-01,1.2749294996455833e+00,6.5718573056783702e-01,8.4062709344974906e-01,0,13824,41472,41472,13824,1.8189894035458565e-12,2.8145476178363549e-15,0.0000000000000000e+00,1.8605126298713642e-03,2.2151819419440721e-02,8.8857658763167908e+00,2.4929555569860231e-03,1.3155810970652642e-03,2.4147129446512174e-13,1.6779355682672303e-12,3.3968835357894496e-15,2.3604262024551927e-14,3.1360664676551372e-04,4.5830006456526462e-13,4.8090987411374117e-14,3.9478536435962525e+01,3.9478417604357432e+01,3.0100397205316200e-06,nan,1.2566330377460664e+01,1.2566370614359172e+01,4.0236898508183572e-05,6.6613381477509392e-16,6.6613381477509392e-16,2.3592239273284576e-16,6.6613381477509392e-16,4.3021142204224816e-16,3.7470027081099033e-16,2.5847379792054426e-16,5.5511151231257827e-17,58,9.6418944999999992e-02,4.7972462599999999e-01,9.1455900444444385e-04,1.7623637049999998e+00,8.8298824879999991e+00,1.2616427043000000e+01,6.1859375000000000e+01,6.1859375000000000e+01
exp2_distort,8,3,2,abc,0,pt,0.0000000000000000e+00,2.0000000000000000e+00,5.9999999999999998e-01,1,1,1,1.2499999999999989e-01,1.1087472619203297e-01,1.3525056286954887e-01,6.0410152051035815e-01,1.3958984794896396e+00,5.2110526419784420e-01,7.8434038024659747e-01,0,13824,41472,41472,13824,1.8189894035458565e-12,2.4792929765946704e-15,0.0000000000000000e+00,2.3585571589190939e-03,2.6736620547161281e-02,8.8857658763167606e+00,3.0089269646888196e-03,1.6677517608877672e-03,2.4717071740527413e-13,2.4802382370125997e-12,3.4770598399410099e-15,3.4890608636549536e-14,4.6284947225288641e-04,5.0093262871087063e-13,5.0134336906947222e-14,3.9478642270377740e+01,3.9478417604357432e+01,5.6908567754667071e-06,nan,1.2566328387534554e+01,1.2566370614359172e+01,4.2226824618296632e-05,8.6042284408449632e-16,8.6042284408449632e-16,4.4408920985006262e-16,8.6042284408449632e-16,2.4980018054066022e-16,2.3592239273284576e-16,1.3183898417423734e-16,8.3266726846886741e-17,75,9.3877044999999992e-02,5.1377505000000001e-01,9.0188571914893490e-04,1.7760302760000002e+00,8.6766107970000004e+00,1.2928518757000001e+01,6.1835937500000000e+01,6.1835937500000000e+01
exp2_distort,8,3,2,abc,0,pt,0.0000000000000000e+00,2.0000000000000000e+00,6.9999999999999996e-01,1,1,1,1.2499999999999999e-01,1.0452785529107315e-01,1.3873101527970078e-01,4.6113818069465251e-01,1.5388618193053423e+00,3.7457200505491889e-01,7.2887498113598237e-01,0,13824,41472,41472,13824,3.6379788070917130e-12,4.1548589379042577e-15,0.0000000000000000e+00,2.9586342404119828e-03,3.2953734829993718e-02,8.8857658763166025e+00,3.7085981432198119e-03,2.0920703344460261e-03,2.6374653339508146e-13,2.7302604621581850e-12,3.7102391772729736e-15,3.8407781897495161e-14,6.5159141269887397e-04,6.0751403907488566e-13,5.2546775465057435e-14,3.9478817205478983e+01,3.9478417604357432e+01,1.0122014655077477e-05,nan,1.2566325000759580e+01,1.2566370614359172e+01,4.5613599592542187e-05,9.4368957093138306e-16,9.4368957093138306e-16,1.2490009027033011e-16,9.4368957093138306e-16,4.9960036108132044e-16,6.6613381477509392e-16,7.1123662515049091e-17,4.1633363423443370e-17,103,7.8861960999999994e-02,4.6334084900000005e-01,1.0065522243902444e-03,1.7290312869999998e+00,9.0898994970000011e+00,1.3675678888000000e+01,6.1722656250000000e+01,6.1722656250000000e+01
exp2_distort,8,3,2,abc,0,pt,0.0000000000000000e+00,2.0000000000000000e+00,8.0000000000000004e-01,1,1,1,1.2499999999999990e-01,9.5957988175832329e-02,1.4260024671303434e-01,2.9618048090730542e-01,1.7038195190926919e+00,2.2428370082126872e-01,6.7444748401995391e-01,0,13824,41472,41472,13824,3.6379788070917130e-12,3.2144269983449783e-15,0.0000000000000000e+00,3.7184391298161821e-03,4.1568358744894472e-02,8.8857658763169241e+00,4.6780839517374514e-03,2.6293335241224622e-03,2.8694883214388945e-13,4.6043169277254492e-12,4.0366361793963210e-15,6.4770963356085749e-14,8.9237876359310171e-04,1.0881295864351159e-12,5.6801910123775020e-14,3.9479121297952126e+01,3.9478417604357432e+01,1.7824766983988064e-05,nan,1.2566319609844435e+01,1.2566370614359172e+01,5.1004514737940099e-05,5.8286708792820718e-16,5.8286708792820718e-16,5.1347814888913490e-16,5.8286708792820718e-16,2.0816681711721685e-16,2.4980018054066022e-16,1.9168694409543718e-16,3.0531133177191805e-16,160,7.5220612000000006e-02,4.6374073799999993e-01,9.4576109545454481e-04,1.6696976119999998e+00,9.1510192309999994e+00,1.4396670059000000e+01,6.1769531250000000e+01,6.1769531250000000e+01
exp2_distort,8,3,2,abc,0,pt,0.0000000000000000e+00,2.0000000000000000e+00,9.0000000000000002e-01,1,1,1,1.2500000000000011e-01,8.3707566203959638e-02,1.4680873559235227e-01,9.3812616720414410e-02,1.8907715788516875e+00,7.6416208791220144e-02,6.2239777049805745e-01,0,13824,41472,41472,13824,7.2759576141834259e-12,4.2676058860780895e-15,0.0000000000000000e+00,4.7781553756149715e-03,5.4423671235658687e-02,8.8857658763166896e+00,6.1248148998292399e-03,3.3786660676603125e-03,3.2642944634217057e-13,7.9580786405131221e-12,4.5920274471248184e-15,1.1194981320805258e-13,1.2146432713426272e-03,1.9415580254644738e-12,6.2605282592964088e-14,3.9479712712320790e+01,3.9478417604357432e+01,3.2805467948014459e-05,nan,1.2566311445706829e+01,1.2566370614359172e+01,5.9168652343899453e-05,4.7878367936959876e-16,4.7878367936959876e-16,4.7878367936959876e-16,3.8857805861880479e-16,1.5265566588595902e-16,2.0816681711721685e-16,2.2204460492503131e-16,5.5511151231257827e-17,307,7.8804805999999991e-02,4.4996036599999994e-01,1.0491919487179485e-03,1.7478862430000000e+00,9.2254882949999999e+00,1.7918937345000000e+01,6.1843750000000000e+01,6.1843750000000000e+01
exp2_distort,8,3,2,abc,0,pt,0.0000000000000000e+00,2.0000000000000000e+00,1.0000000000000001e-01,3,1,1,1.2499999999999999e-01,1.2456807561938159e-01,1.2524596384015860e-01,9.8162440149022556e-01,1.0109971799858235e+00,9.8010317460247187e-01,9.9470764836168890e-01,0,13824,41472,41472,13824,1.8189894035458565e-12,3.5160127000940311e-15,0.0000000000000000e+00,5.0221650897836335e-04,1.4433290546945806e-02,8.8857658763168441e+00,1.6243158719064085e-03,3.5512069912243182e-04,2.2314542069351431e-13,1.6768808563938364e-12,3.1390853613454673e-15,2.3589424925982074e-14,3.0529680064049926e-05,3.6415315207705135e-13,4.5700958935652876e-14,3.9478400638937842e+01,3.9478417604357432e+01,-4.2973909846356794e-07,nan,1.2566332098498748e+01,1.2566370614359172e+01,3.8515860424581660e-05,1.0269562977782698e-15,1.0269562977782698e-15,1.0269562977782698e-15,2.3592239273284576e-16,4.3715031594615539e-16,1.3877787807814457e-16,4.5449755070592346e-16,5.5511151231257827e-17,33,8.3711489000000000e-02,3.8320107199999998e-01,1.0580514051282055e-03,1.7219037020000001e+00,5.6751351769999996e+00,8.4101276709999997e+00,6.1914062500000000e+01,6.1914062500000000e+01
exp2_distort,8,3,2,abc,0,pt,0.0000000000000000e+00,2.0000000000000000e+00,2.0000000000000001e-01,3,1,1,1.2499999999999993e-01,1.2322952204185134e-01,1.2598475818881844e-01,9.2649746526762466e-01,1.0439887199432931e+00,9.1893997764276392e-01,9.8013872295354376e-01,0,13824,41472,41472,13824,1.8189894035458565e-12,3.4038817249174679e-15,0.0000000000000000e+00,9.7400478913958863e-04,1.7261975434745416e-02,8.8857658763167393e+00,1.9426547666255550e-03,6.8872539130877678e-04,2.2252357633662041e-13,1.5347723092418164e-12,3.1303376016482873e-15,2.1590321118695705e-14,1.2365613293186035e-04,3.7658764995285310e-13,4.7121157680664188e-14,3.9478444029865379e+01,3.9478417604357432e+01,6.6936593588959317e-07,nan,1.2566331640309311e+01,1.2566370614359172e+01,3.8974049861195681e-05,5.6898930012039273e-16,5.6898930012039273e-16,5.6898930012039273e-16,3.6082248300317588e-16,1.4571677198205180e-16,4.7184478546569153e-16,1.2490009027033011e-16,2.9143354396410359e-16,38,2.7127085999999998e-02,1.8102834100000001e-01,9.0433863913043431e-04,8.8227027199999997e-01,9.2179801790000013e+00,1.1426153454000000e+01,6.1781250000000000e+01,6.1781250000000000e+01
exp2_distort,8,3,2,abc,0,pt,0.0000000000000000e+00,2.0000000000000000e+00,2.9999999999999999e-01,3,1,1,1.2499999999999994e-01,1.2079403325251239e-01,1.2720910986767026e-01,8.3461898029224957e-01,1.0989746198724100e+00,8.1582289819503484e-01,9.5824946262416799e-01,0,13824,41472,41472,13824,1.8189894035458565e-12,3.2060228715778199e-15,0.0000000000000000e+00,1.5009726100963206e-03,2.1863952895435884e-02,8.8857658763168015e+00,2.4605591909313967e-03,1.0613479109743799e-03,2.2764425956889445e-13,1.4779288903810084e-12,3.2023725182715221e-15,2.0790679595780907e-14,2.8421115475106752e-04,4.3701153806807724e-13,4.6870420278050138e-14,3.9478529847079798e+01,3.9478417604357432e+01,2.8431413713484111e-06,nan,1.2566330297244418e+01,1.2566370614359172e+01,4.0317114754273575e-05,6.3837823915946501e-16,6.3837823915946501e-16,4.8572257327350599e-16,4.4408920985006262e-16,6.3837823915946501e-16,8.3266726846886741e-17,1.7000290064572710e-16,3.9551695252271202e-16,43,7.9419439999999994e-02,4.5478777299999995e-01,9.0151889787234117e-04,1.7391874469999999e+00,9.2672730690000016e+00,1.2742226790000000e+01,6.2031250000000000e+01,6.2031250000000000e+01
exp2_distort,8,3,2,abc,0,pt,0.0000000000000000e+00,2.0000000000000000e+00,4.0000000000000002e-01,3,1,1,1.2499999999999990e-01,1.1702738289569216e-01,1.2890108385711807e-01,7.0598873552413544e-01,1.1759548797731729e+00,6.7299802743258152e-01,9.3085844961930686e-01,0,13824,41472,41472,13824,1.8189894035458565e-12,2.9153630686519810e-15,0.0000000000000000e+00,2.1107120434713292e-03,2.8404910798570351e-02,8.8857658763167642e+00,3.1966755813674962e-03,1.4924987990706786e-03,2.3651340022981340e-13,2.1191937094044988e-12,3.3271386440108735e-15,2.9811635526161916e-14,5.2116428371542253e-04,3.7658764995285310e-13,4.9141785100900548e-14,3.9478685699910578e+01,3.9478417604357432e+01,6.7909396934999277e-06,nan,1.2566327569074604e+01,1.2566370614359172e+01,4.3045284568776765e-05,5.9674487573602164e-16,5.9674487573602164e-16,5.9674487573602164e-16,3.6082248300317588e-16,4.5102810375396984e-16,1.1102230246251565e-16,5.5511151231257827e-17,9.7144514654701197e-17,57,8.7605049000000004e-02,4.7272807100000003e-01,8.9889733913043484e-04,1.7150031499999998e+00,8.6594044760000006e+00,1.2426325444000000e+01,6.1730468750000000e+01,6.1730468750000000e+01
exp2_distort,8,3,2,abc,0,pt,0.0000000000000000e+00,2.0000000000000000e+00,5.9999999999999998e-01,3,1,1,1.2500000000000014e-01,1.0362605075555612e-01,1.3357405066663325e-01,3.3847212244994673e-01,1.3958984794896396e+00,2.9520967599170195e-01,8.6558920214453339e-01,0,13824,41472,41472,13824,3.6379788070917130e-12,4.0482470361589787e-15,0.0000000000000000e+00,3.8187392776769451e-03,5.0322332597849656e-02,8.8857658763167429e+00,5.6632521381160756e-03,2.7002564388287995e-03,2.6355600313391406e-13,3.0411229090532288e-12,3.7075589037908782e-15,4.2780821475934140e-14,1.2996147226384200e-03,8.8495877292871228e-13,5.2200878501245476e-14,3.9479513540328526e+01,3.9478417604357432e+01,2.7760382446859895e-05,nan,1.2566316415700568e+01,1.2566370614359172e+01,5.4198658604676098e-05,5.8286708792820718e-16,5.8286708792820718e-16,8.3266726846886741e-17,5.1347814888913490e-16,2.7755575615628914e-16,5.8286708792820718e-16,1.7694179454963432e-16,7.6327832942979512e-17,128,7.5687005000000002e-02,4.6572505100000006e-01,9.9028430952380927e-04,1.4877056559999997e+00,7.8748142620000010e+00,1.2248864042999999e+01,6.1980468750000000e+01,6.1980468750000000e+01
exp2_distort,8,3,2,abc,0,pt,0.0000000000000000e+00,2.0000000000000000e+00,8.0000000000000004e-01,3,1,0,1.2499999999999993e-01,7.1580246746905274e-02,1.3972523172114734e-01,-1.7605406227452244e-01,1.7038195190926919e+00,-1.7974263096601131e-01,7.7310165255358376e-01,360,nan,nan,nan,nan,nan,nan,nan,nan,nan,nan,nan,nan,nan,nan,nan,nan,nan,nan,nan,nan,nan,nan,nan,nan,nan,nan,nan,nan,nan,nan,nan,nan,nan,nan,nan,6.6489193000000002e-02,nan,nan,nan,nan,6.6580035999999995e-02,nan,nan
exp2_distort,8,3,2,abc,1,int,0.0000000000000000e+00,2.0000000000000000e+00,0.0000000000000000e+00,1,1,1,1.2499999999999999e-01,1.2500000000000003e-01,1.2500000000000003e-01,9.9999999999998312e-01,1.0000000000000142e+00,9.9999999999997358e-01,9.9999999999999811e-01,0,13824,41472,41472,13824,1.8189894035458565e-12,3.5527136788005033e-15,0.0000000000000000e+00,1.7745964679767719e-04,1.3464715461456580e-02,8.9071227233442727e+00,1.5116795714700910e-03,1.2548291963760782e-04,2.2309856958810916e-13,1.3216094885137863e-12,3.1309011972435305e-15,1.8547087673020939e-14,2.0208846033408947e-15,8.4543483325205671e-14,1.5241164406956663e-14,3.9668387313158462e+01,3.9668417604357430e+01,-7.6360996473110952e-07,nan,1.2566332157433386e+01,1.2566370614359172e+01,3.8456925786078955e-05,8.8817841970012523e-16,4.9960036108132044e-16,8.3266726846886741e-16,4.4408920985006262e-16,5.5511151231257827e-17,1.1102230246251565e-16,8.8817841970012523e-16,4.4408920985006262e-16,20,4.6308252999999994e-02,3.7041215500000002e-01,1.0572804102564029e-03,9.2838859559999989e+00,9.3740973780000019e+00,1.9846455691999999e+01,6.2171875000000000e+01,6.2171875000000000e+01
exp2_distort,8,3,2,abc,1,int,0.0000000000000000e+00,2.0000000000000000e+00,1.0000000000000001e-01,1,1,1,1.2499999999999996e-01,1.2466645136747069e-01,1.2529100697773868e-01,9.8900282001417639e-01,1.0109971799858235e+00,9.8493552836575804e-01,9.9447100834892510e-01,0,13824,41472,41472,13824,1.8189894035458565e-12,3.5243494335194322e-15,0.0000000000000000e+00,3.8053267901776616e-04,1.3773514189249455e-02,8.9071227233442443e+00,1.5463483121380063e-03,2.6907723779655090e-04,2.2467517085021695e-13,1.4841461393189093e-12,3.1530267661713114e-15,2.0828080310227206e-14,1.2003252111779029e-05,1.1723955140041653e-13,1.6216899374035510e-14,3.9668391508384865e+01,3.9668417604357430e+01,-6.5785262284375140e-07,nan,1.2566332154147267e+01,1.2566370614359172e+01,3.8460211905899655e-05,4.9960036108132044e-16,3.6776137690708310e-16,1.1102230246251565e-16,4.9960036108132044e-16,4.7184478546569153e-16,1.1102230246251565e-16,4.4408920985006262e-16,2.2204460492503131e-16,32,7.8776553999999999e-02,4.4761176300000005e-01,1.0767516947368461e-03,1.2694715612000000e+01,8.1753674770000018e+00,2.2387467304000001e+01,6.2234375000000000e+01,6.2234375000000000e+01
exp2_distort,8,3,2,abc,1,int,0.0000000000000000e+00,2.0000000000000000e+00,2.0000000000000001e-01,1,1,1,1.2500000000000014e-01,1.2364100839360631e-01,1.2616939861386536e-01,9.5601128005670688e-01,1.0439887199432931e+00,9.4107365484566330e-01,9.7751100906636046e-01,0,13824,41472,41472,13824,1.8189894035458565e-12,3.4380943005187248e-15,0.0000000000000000e+00,7.0005837748379914e-04,1.4718441557589791e-02,8.9071227233441768e+00,1.6524350247263413e-03,4.9501602594524577e-04,2.2875783350133126e-13,1.5063505998114124e-12,3.2103216802799992e-15,2.1139691326239177e-14,4.8247560305276128e-05,7.9547479714392466e-14,1.6113409634596071e-14,3.9668404813756368e+01,3.9668417604357430e+01,-3.2243789478627205e-07,nan,1.2566332104552135e+01,1.2566370614359172e+01,3.8509807037456767e-05,4.4408920985006262e-16,5.8286708792820718e-16,1.6653345369377348e-16,0.0000000000000000e+00,1.6653345369377348e-16,4.4408920985006262e-16,5.5511151231257827e-17,4.4408920985006262e-16,37,9.9478257000000000e-02,4.6523553800000006e-01,1.0264925219512226e-03,1.2955139991999999e+01,8.8882371280000019e+00,2.3507953991000001e+01,6.2039062500000000e+01,6.2039062500000000e+01
exp2_distort,8,3,2,abc,1,int,0.0000000000000000e+00,2.0000000000000000e+00,2.9999999999999999e-01,1,1,1,1.2499999999999999e-01,1.2186684086395777e-01,1.2763075671059632e-01,9.0102538012759037e-01,1.0989746198724100e+00,8.7212521931715004e-01,9.4793619227442238e-01,0,13824,41472,41472,13824,1.8189894035458565e-12,3.2922046840621399e-15,0.0000000000000000e+00,1.0483404210556004e-03,1.6354542609547981e-02,8.9071227233441412e+00,1.8361195997317233e-03,7.4128862072037592e-04,2.2856403258769347e-13,1.4601653219870059e-12,3.2076019339649340e-15,2.0491540412934728e-14,1.0948452959058917e-04,1.0658141036401503e-13,1.5753573122604484e-14,3.9668429549083420e+01,3.9668417604357430e+01,3.0111425440926435e-07,nan,1.2566331887182395e+01,1.2566370614359172e+01,3.8727176777442196e-05,1.0547118733938987e-15,2.4980018054066022e-16,1.0547118733938987e-15,4.9960036108132044e-16,2.4980018054066022e-16,1.6653345369377348e-16,1.1102230246251565e-16,1.1102230246251565e-16,40,8.3013845999999988e-02,4.6796138700000001e-01,9.6390844651162810e-04,9.5432788080000002e+00,9.4539856779999987e+00,2.0725471803000001e+01,6.2292968750000000e+01,6.2292968750000000e+01
exp2_distort,8,3,2,abc,1,int,0.0000000000000000e+00,2.0000000000000000e+00,4.0000000000000002e-01,1,1,1,1.2500000000000000e-01,1.1925374953999987e-01,1.2965504509962972e-01,8.2404512022682730e-01,1.1759548797731729e+00,7.7635182074793141e-01,9.0353589512561516e-01,0,13824,41472,41472,13824,1.8189894035458565e-12,3.0849369884134305e-15,0.0000000000000000e+00,1.4292235887350903e-03,1.8780280941739825e-02,8.9071227233443313e+00,2.1084565156511562e-03,1.0106136914263613e-03,2.3317475955040331e-13,1.8189894035458565e-12,3.2723075508335126e-15,2.5527174431684570e-14,1.9713745950957734e-04,1.1041167979897182e-13,1.6473738664371331e-14,3.9668470290473358e+01,3.9668417604357430e+01,1.3281627831530184e-06,nan,1.2566331292088158e+01,1.2566370614359172e+01,3.9322271014441412e-05,7.2164496600635175e-16,4.5796699765787707e-16,6.1062266354383610e-16,6.1062266354383610e-16,1.6653345369377348e-16,1.1102230246251565e-16,4.9960036108132044e-16,7.2164496600635175e-16,45,8.3072271999999989e-02,4.6596398300000003e-01,9.2465633777777606e-04,1.2833477535999998e+01,8.3695831869999999e+00,2.3030698068000000e+01,6.2257812500000000e+01,6.2257812500000000e+01
exp2_distort,8,3,2,abc,1,int,0.0000000000000000e+00,2.0000000000000000e+00,5.0000000000000000e-01,1,1,1,1.2500000000000000e-01,1.1566256267683621e-01,1.3220917259830650e-01,7.2507050035441667e-01,1.2749294996455833e+00,6.5718573056783702e-01,8.4062709344974906e-01,0,13824,41472,41472,13824,1.8189894035458565e-12,2.8145476178363549e-15,0.0000000000000000e+00,1.8573220367947021e-03,2.2156602409260016e-02,8.9071227233444414e+00,2.4875151154244643e-03,1.3133250070647493e-03,2.3808084641910551e-13,1.8189894035458565e-12,3.3411581637233670e-15,2.5527174431684255e-14,3.1360664676551340e-04,1.2967404927621828e-13,1.7329633461784094e-14,3.9668535362686129e+01,3.9668417604357430e+01,2.9685663258202150e-06,nan,1.2566330009615413e+01,1.2566370614359172e+01,4.0604743759331541e-05,8.3266726846886741e-16,3.7470027081099033e-16,2.7755575615628914e-16,5.5511151231257827e-17,5.5511151231257827e-16,8.3266726846886741e-16,1.6653345369377348e-16,1.1102230246251565e-16,58,8.2883938000000004e-02,4.4914571399999997e-01,8.6121466000000171e-04,1.2811831887000000e+01,6.4720909649999978e+00,2.1091223099000000e+01,6.2234375000000000e+01,6.2234375000000000e+01
exp2_distort,8,3,2,abc,1,int,0.0000000000000000e+00,2.0000000000000000e+00,5.9999999999999998e-01,1,1,1,1.2499999999999989e-01,1.1087472619203297e-01,1.3525056286954887e-01,6.0410152051035815e-01,1.3958984794896396e+00,5.2110526419784420e-01,7.8434038024659747e-01,0,13824,41472,41472,13824,1.8189894035458565e-12,2.4792929765946704e-15,0.0000000000000000e+00,2.3542623811276752e-03,2.6741038589325673e-02,8.9071227233442869e+00,3.0022083920816832e-03,1.6647148943877658e-03,2.5043250652097815e-13,2.2486457140757921e-12,3.5144978111819205e-15,3.1556847591512538e-14,4.6284947225288560e-04,1.1013412404281553e-13,1.7115874566216803e-14,3.9668639909699358e+01,3.9668417604357430e+01,5.6040889794443257e-06,nan,1.2566327614798590e+01,1.2566370614359172e+01,4.2999560582401841e-05,3.8857805861880479e-16,3.8857805861880479e-16,2.2204460492503131e-16,0.0000000000000000e+00,8.3266726846886741e-17,3.8857805861880479e-16,1.6653345369377348e-16,1.1102230246251565e-16,75,7.8975456999999999e-02,4.5026203300000001e-01,9.1297160454545693e-04,1.2837519425000000e+01,8.9990445240000003e+00,2.4288145916000001e+01,6.2300781250000000e+01,6.2300781250000000e+01
exp2_distort,8,3,2,abc,1,int,0.0000000000000000e+00,2.0000000000000000e+00,2.0000000000000001e-01,3,1,1,1.2499999999999993e-01,1.2322952204185134e-01,1.2598475818881844e-01,9.2649746526762466e-01,1.0439887199432931e+00,9.1893997764276392e-01,9.8013872295354376e-01,0,13824,41472,41472,13824,1.8189894035458565e-12,3.4038817249174679e-15,0.0000000000000000e+00,9.7255394895481991e-04,1.7266854302394011e-02,8.9071227233442585e+00,1.9385445602023788e-03,6.8769949237570884e-04,2.2797192169969242e-13,1.3358203432289883e-12,3.1992924199614345e-15,1.8746518723268498e-14,1.2365613293186122e-04,1.0419443086107094e-13,1.5584343813554803e-14,3.9668443625764013e+01,3.9668417604357430e+01,6.5597289114945417e-07,nan,1.2566331485867389e+01,1.2566370614359172e+01,3.9128491783557706e-05,3.8857805861880479e-16,5.0653925498522767e-16,2.7755575615628914e-16,2.2204460492503131e-16,2.7755575615628914e-17,3.8857805861880479e-16,3.3306690738754696e-16,2.2204460492503131e-16,38,6.9648562999999997e-02,4.0023178900000000e-01,1.0580525263157961e-03,1.2515224455999999e+01,8.3909846599999991e+00,2.2493253359000001e+01,6.2339843750000000e+01,6.2339843750000000e+01
exp2_distort,8,3,2,abc,1,int,0.0000000000000000e+00,2.0000000000000000e+00,4.0000000000000002e-01,3,1,1,1.2499999999999990e-01,1.1702738289569216e-01,1.2890108385711807e-01,7.0598873552413544e-01,1.1759548797731729e+00,6.7299802743258152e-01,9.3085844961930686e-01,0,13824,41472,41472,13824,1.8189894035458565e-12,2.9153630686519810e-15,0.0000000000000000e+00,2.1071877593743112e-03,2.8416368416559756e-02,8.9071227233443686e+00,3.1902971699361775e-03,1.4900067538868493e-03,2.3615259046430824e-13,2.0534685063466895e-12,3.3140975739194645e-15,2.8817786760768765e-14,5.2116428371542264e-04,1.2079226507921703e-13,1.6730043350643883e-14,3.9668682167121538e+01,3.9668417604357430e+01,6.6693551214311027e-06,nan,1.2566326355644630e+01,1.2566370614359172e+01,4.4258714542166899e-05,6.6613381477509392e-16,5.2735593669694936e-16,5.5511151231257827e-16,3.8857805861880479e-16,1.6653345369377348e-16,6.6613381477509392e-16,2.2204460492503131e-16,0.0000000000000000e+00,57,8.0200590999999988e-02,4.4761689199999993e-01,1.0305169487179473e-03,1.2808729860000001e+01,8.2771655979999981e+00,2.2868375342000000e+01,6.2125000000000000e+01,6.2125000000000000e+01
exp2_distort,8,3,2,abc,1,int,0.0000000000000000e+00,2.0000000000000000e+00,5.9999999999999998e-01,3,1,1,1.2500000000000014e-01,1.0362605075555612e-01,1.3357405066663325e-01,3.3847212244994673e-01,1.3958984794896396e+00,2.9520967599170195e-01,8.6558920214453339e-01,0,13824,41472,41472,13824,3.6379788070917130e-12,4.0482470361589787e-15,0.0000000000000000e+00,3.8095580430962837e-03,5.0318841506357806e-02,8.9071227233443278e+00,5.6492812627897369e-03,2.6937643255971495e-03,2.6422415474627550e-13,4.5758952182950452e-12,3.7080458380485363e-15,6.4216798179706603e-14,1.2996147226384228e-03,1.9184653865522705e-13,1.7950886360486355e-14,3.9669502135800521e+01,3.9668417604357430e+01,2.7339921998094039e-05,nan,1.2566312922832768e+01,1.2566370614359172e+01,5.7691526404113347e-05,8.3266726846886741e-16,3.8163916471489756e-16,7.2164496600635175e-16,8.3266726846886741e-16,6.6613381477509392e-16,5.2735593669694936e-16,5.5511151231257827e-17,1.1102230246251565e-16,128,8.3393148000000000e-02,3.7048227099999997e-01,1.0428825700000033e-03,1.0968916963000000e+01,8.8335710290000016e+00,2.2760229245000001e+01,6.2246093750000000e+01,6.2246093750000000e+01
exp2_distort,8,3,2,abc,1,pt,0.0000000000000000e+00,2.0000000000000000e+00,0.0000000000000000e+00,1,1,1,1.2499999999999999e-01,1.2500000000000003e-01,1.2500000000000003e-01,9.9999999999998312e-01,1.0000000000000142e+00,9.9999999999997358e-01,9.9999999999999811e-01,0,13824,41472,41472,13824,1.8189894035458565e-12,3.5527136788005033e-15,0.0000000000000000e+00,1.7745964679761935e-04,1.3464715461456696e-02,8.9071227233442727e+00,1.5116795714701040e-03,1.2548291963756692e-04,2.2700414213873255e-13,1.4667156378322943e-12,3.1857108797853948e-15,2.0583465662657900e-14,5.0740909513039896e-15,3.0730973321624333e-13,4.4016971322655704e-14,3.9668387313158441e+01,3.9668417604357430e+01,-7.6360996526847114e-07,nan,1.2566332157433390e+01,1.2566370614359172e+01,3.8456925782526241e-05,8.8817841970012523e-16,3.0531133177191805e-16,8.8817841970012523e-16,1.6653345369377348e-16,7.2164496600635175e-16,4.9960036108132044e-16,3.3306690738754696e-16,1.1102230246251565e-16,20,8.0259531999999995e-02,4.6464854600000005e-01,9.6227876744186028e-04,1.1420646120000000e+00,8.5941919840000001e+00,1.0984279230000000e+01,6.1777343750000000e+01,6.1777343750000000e+01
exp2_distort,8,3,2,abc,1,pt,0.0000000000000000e+00,2.0000000000000000e+00,1.0000000000000001e-01,1,1,1,1.2499999999999996e-01,1.2466645136747069e-01,1.2529100697773868e-01,9.8900282001417639e-01,1.0109971799858235e+00,9.8493552836575804e-01,9.9447100834892510e-01,0,13824,41472,41472,13824,1.8189894035458565e-12,3.5243494335194322e-15,0.0000000000000000e+00,3.8102020534763921e-04,1.3773245992683383e-02,8.9071227233442443e+00,1.5463182017898724e-03,2.6942197097041111e-04,2.2748479763569178e-13,1.4521717162097048e-12,3.1924562608681683e-15,2.0379360447170246e-14,1.2003252111779197e-05,3.6948222259525210e-13,4.5542281503621052e-14,3.9668391506520891e+01,3.9668417604357430e+01,-6.5789961170735409e-07,nan,1.2566332154718848e+01,1.2566370614359172e+01,3.8459640324006727e-05,3.3306690738754696e-16,6.4531713306337224e-16,3.3306690738754696e-16,2.2204460492503131e-16,2.7755575615628914e-16,2.2204460492503131e-16,0.0000000000000000e+00,2.2204460492503131e-16,32,7.8961847000000002e-02,4.4992295699999996e-01,9.5438832857142693e-04,1.7037666789999999e+00,9.3925608399999998e+00,1.2636777400000000e+01,6.1804687500000000e+01,6.1804687500000000e+01
exp2_distort,8,3,2,abc,1,pt,0.0000000000000000e+00,2.0000000000000000e+00,2.0000000000000001e-01,1,1,1,1.2500000000000014e-01,1.2364100839360631e-01,1.2616939861386536e-01,9.5601128005670688e-01,1.0439887199432931e+00,9.4107365484566330e-01,9.7751100906636046e-01,0,13824,41472,41472,13824,1.8189894035458565e-12,3.4380943005187248e-15,0.0000000000000000e+00,7.0113989891240798e-04,1.4717418573772923e-02,8.9071227233441768e+00,1.6523201746396587e-03,4.9578077708141357e-04,2.2938751409766429e-13,1.4170886686315498e-12,3.2191584367709974e-15,1.9887015041871821e-14,4.8247560305275159e-05,4.3520742565306136e-13,4.8188282168487740e-14,3.9668404828095092e+01,3.9668417604357430e+01,-3.2207643030515913e-07,nan,1.2566332113732603e+01,1.2566370614359172e+01,3.8500626569515362e-05,6.6613381477509392e-16,7.7715611723760958e-16,6.6613381477509392e-16,4.4408920985006262e-16,5.5511151231257827e-17,3.8857805861880479e-16,1.1102230246251565e-16,1.1102230246251565e-16,37,9.9932415999999996e-02,4.6381009199999995e-01,7.0559228620689662e-04,1.6857451950000000e+00,8.7937661059999996e+00,1.2159165926000000e+01,6.1816406250000000e+01,6.1816406250000000e+01
exp2_distort,8,3,2,abc,1,pt,0.0000000000000000e+00,2.0000000000000000e+00,2.9999999999999999e-01,1,1,1,1.2499999999999999e-01,1.2186684086395777e-01,1.2763075671059632e-01,9.0102538012759037e-01,1.0989746198724100e+00,8.7212521931715004e-01,9.4793619227442238e-01,0,13824,41472,41472,13824,1.8189894035458565e-12,3.2922046840621399e-15,0.0000000000000000e+00,1.0500337738890554e-03,1.6352526108539878e-02,8.9071227233441412e+00,1.8358932077675912e-03,7.4248600199185340e-04,2.3499146790208800e-13,1.5205614545266144e-12,3.2978027136391218e-15,2.1339122376486771e-14,1.0948452959058968e-04,3.3395508580724709e-13,4.7645613670785769e-14,3.9668429665877170e+01,3.9668417604357430e+01,3.0405850469288905e-07,nan,1.2566331933943749e+01,1.2566370614359172e+01,3.8680415423542058e-05,3.8857805861880479e-16,8.0491169285323849e-16,2.2204460492503131e-16,1.6653345369377348e-16,3.3306690738754696e-16,3.8857805861880479e-16,0.0000000000000000e+00,0.0000000000000000e+00,40,6.8066883000000009e-02,4.6300922600000005e-01,1.0306589073170744e-03,1.7271322910000002e+00,9.2788678669999989e+00,1.2696225947000000e+01,6.1917968750000000e+01,6.1917968750000000e+01
exp2_distort,8,3,2,abc,1,pt,0.0000000000000000e+00,2.0000000000000000e+00,4.0000000000000002e-01,1,1,1,1.2500000000000000e-01,1.1925374953999987e-01,1.2965504509962972e-01,8.2404512022682730e-01,1.1759548797731729e+00,7.7635182074793141e-01,9.0353589512561516e-01,0,13824,41472,41472,13824,1.8189894035458565e-12,3.0849369884134305e-15,0.0000000000000000e+00,1.4315939309450015e-03,1.8777511131087242e-02,8.9071227233443313e+00,2.1081455498388941e-03,1.0122897764767223e-03,2.3894645139435396e-13,1.6129320101754274e-12,3.3533058151330465e-15,2.2635424203095303e-14,1.9713745950957775e-04,4.0856207306205761e-13,4.7330976279072722e-14,3.9668470716042499e+01,3.9668417604357430e+01,1.3388909434003131e-06,nan,1.2566331441139482e+01,1.2566370614359172e+01,3.9173219690269434e-05,7.2164496600635175e-16,6.8001160258290838e-16,5.5511151231257827e-17,7.2164496600635175e-16,5.5511151231257827e-17,2.2204460492503131e-16,1.1102230246251565e-16,1.1102230246251565e-16,45,8.1262643000000009e-02,4.5899520500000002e-01,7.0707394736842189e-04,1.6277418330000002e+00,8.7040610110000003e+00,1.2080948077000000e+01,6.2101562500000000e+01,6.2101562500000000e+01
exp2_distort,8,3,2,abc,1,pt,0.0000000000000000e+00,2.0000000000000000e+00,5.0000000000000000e-01,1,1,1,1.2500000000000000e-01,1.1566256267683621e-01,1.3220917259830650e-01,7.2507050035441667e-01,1.2749294996455833e+00,6.5718573056783702e-01,8.4062709344974906e-01,0,13824,41472,41472,13824,1.8189894035458565e-12,2.8145476178363549e-15,0.0000000000000000e+00,1.8605126298713642e-03,2.2154039196507862e-02,8.9071227233444414e+00,2.4872273442965963e-03,1.3155810970652642e-03,2.4799717587065403e-13,1.6768808563938364e-12,3.4803210808565151e-15,2.3532863929208923e-14,3.1360664676551372e-04,4.5830006456526462e-13,4.8090987411374117e-14,3.9668536485138517e+01,3.9668417604357430e+01,2.9968621958498237e-06,nan,1.2566330377460664e+01,1.2566370614359172e+01,4.0236898508183572e-05,8.8817841970012523e-16,6.6613381477509392e-16,4.9960036108132044e-16,8.8817841970012523e-16,3.3306690738754696e-16,3.6082248300317588e-16,3.3306690738754696e-16,1.1102230246251565e-16,58,7.4926791999999992e-02,4.5389553099999991e-01,9.5870965116279163e-04,1.7591663820000001e+00,9.1128426789999999e+00,1.2739878759000000e+01,6.1980468750000000e+01,6.1980468750000000e+01
exp2_distort,8,3,2,abc,1,pt,0.0000000000000000e+00,2.0000000000000000e+00,5.9999999999999998e-01,1,1,1,1.2499999999999989e-01,1.1087472619203297e-01,1.3525056286954887e-01,6.0410152051035815e-01,1.3958984794896396e+00,5.2110526419784420e-01,7.8434038024659747e-01,0,13824,41472,41472,13824,1.8189894035458565e-12,2.4792929765946704e-15,0.0000000000000000e+00,2.3585571589190939e-03,2.6740626543087058e-02,8.9071227233442869e+00,3.0021621317739030e-03,1.6677517608877672e-03,2.5266640565717653e-13,2.3772095403273852e-12,3.5458477095383174e-15,3.3361075374220724e-14,4.6284947225288641e-04,5.0093262871087063e-13,5.0134336906947222e-14,3.9668642377492382e+01,3.9668417604357430e+01,5.6662995029082433e-06,nan,1.2566328387534554e+01,1.2566370614359172e+01,4.2226824618296632e-05,1.0547118733938987e-15,8.6042284408449632e-16,1.0547118733938987e-15,7.7715611723760958e-16,5.5511151231257827e-16,4.9960036108132044e-16,2.2204460492503131e-16,5.5511151231257827e-17,75,7.9120572000000000e-02,4.6252623400000004e-01,9.5438481428571369e-04,1.6991341919999998e+00,9.2184891919999998e+00,1.3296234445000000e+01,6.1828125000000000e+01,6.1828125000000000e+01
exp2_distort,8,3,2,abc,1,pt,0.0000000000000000e+00,2.0000000000000000e+00,2.0000000000000001e-01,3,1,1,1.2499999999999993e-01,1.2322952204185134e-01,1.2598475818881844e-01,9.2649746526762466e-01,1.0439887199432931e+00,9.1893997764276392e-01,9.8013872295354376e-01,0,13824,41472,41472,13824,1.8189894035458565e-12,3.4038817249174679e-15,0.0000000000000000e+00,9.7400478913958863e-04,1.7262418334317086e-02,8.9071227233442585e+00,1.9380465353951873e-03,6.8872539130877678e-04,2.2874409688530546e-13,1.6484591469634324e-12,3.2101289045591665e-15,2.3134001828714317e-14,1.2365613293186035e-04,3.7658764995285310e-13,4.7121157680664188e-14,3.9668444037510717e+01,3.9668417604357430e+01,6.6635260199131600e-07,nan,1.2566331640309311e+01,1.2566370614359172e+01,3.8974049861195681e-05,4.4408920985006262e-16,5.6898930012039273e-16,1.6653345369377348e-16,5.5511151231257827e-17,4.1633363423443370e-16,4.4408920985006262e-16,3.3306690738754696e-16,2.2204460492503131e-16,38,9.2110210999999997e-02,4.6605103199999998e-01,1.0448278750000005e-03,1.7625850779999999e+00,8.5264051920000004e+00,1.1871909515000000e+01,6.1781250000000000e+01,6.1781250000000000e+01
exp2_distort,8,3,2,abc,1,pt,0.0000000000000000e+00,2.0000000000000000e+00,4.0000000000000002e-01,3,1,1,1.2499999999999990e-01,1.1702738289569216e-01,1.2890108385711807e-01,7.0598873552413544e-01,1.1759548797731729e+00,6.7299802743258152e-01,9.3085844961930686e-01,0,13824,41472,41472,13824,1.8189894035458565e-12,2.9153630686519810e-15,0.0000000000000000e+00,2.1107120434713292e-03,2.8409691474659837e-02,8.9071227233443686e+00,3.1895475516691674e-03,1.4924987990706786e-03,2.4176950339876609e-13,2.1218582446635992e-12,3.3929237154934527e-15,2.9777548690085025e-14,5.2116428371542253e-04,3.7658764995285310e-13,4.9141785100900548e-14,3.9668685835716069e+01,3.9668417604357430e+01,6.7618366155751656e-06,nan,1.2566327569074604e+01,1.2566370614359172e+01,4.3045284568776765e-05,4.4408920985006262e-16,5.9674487573602164e-16,2.7755575615628914e-16,1.6653345369377348e-16,5.5511151231257827e-17,3.8857805861880479e-16,2.2204460492503131e-16,4.4408920985006262e-16,57,9.5476591000000000e-02,4.4952976700000002e-01,9.4074967727272808e-04,1.7453068309999999e+00,8.5634526670000000e+00,1.2310471037999999e+01,6.1800781250000000e+01,6.1800781250000000e+01
exp2_distort,8,3,2,abc,1,pt,0.0000000000000000e+00,2.0000000000000000e+00,5.9999999999999998e-01,3,1,1,1.2500000000000014e-01,1.0362605075555612e-01,1.3357405066663325e-01,3.3847212244994673e-01,1.3958984794896396e+00,2.9520967599170195e-01,8.6558920214453339e-01,0,13824,41472,41472,13824,3.6379788070917130e-12,4.0482470361589787e-15,0.0000000000000000e+00,3.8187392776769451e-03,5.0339111598397324e-02,8.9071227233443278e+00,5.6515569799510590e-03,2.7002564388287995e-03,2.6940316341144398e-13,3.1246116805050406e-12,3.7807265569802941e-15,4.3849902173176984e-14,1.2996147226384200e-03,8.8495877292871228e-13,5.2200878501245476e-14,3.9669514384827920e+01,3.9668417604357430e+01,2.7648707377981383e-05,nan,1.2566316415700568e+01,1.2566370614359172e+01,5.4198658604676098e-05,6.1062266354383610e-16,5.8286708792820718e-16,1.6653345369377348e-16,2.7755575615628914e-16,1.6653345369377348e-16,6.1062266354383610e-16,2.2204460492503131e-16,3.3306690738754696e-16,128,8.1085904000000000e-02,4.6570734100000005e-01,8.7833143404255178e-04,1.7283834190000003e+00,9.0371995659999982e+00,1.4106986546000000e+01,6.1882812500000000e+01,6.1882812500000000e+01
exp2_distort,8,3,2,mod2,0,int,0.0000000000000000e+00,2.0000000000000000e+00,0.0000000000000000e+00,1,1,1,1.2499999999999999e-01,1.2500000000000003e-01,1.2500000000000003e-01,9.9999999999998312e-01,1.0000000000000142e+00,9.9999999999997358e-01,9.9999999999999811e-01,0,13824,41472,41472,13824,1.8189894035458565e-12,3.5527136788005033e-15,0.0000000000000000e+00,7.3982171108546828e-04,5.6773221106357227e-02,8.9741836348993047e+00,6.3262825250838825e-03,8.1824468215174458e-04,1.4817854395049434e-13,8.9528384705772623e-13,2.0639557588036385e-15,1.2470268654522742e-14,2.0208846033408947e-15,8.4543483325205671e-14,1.5241164406956663e-14,4.0265401061739603e+01,4.0267985956444576e+01,-6.4192301739891548e-05,nan,-5.0695853629411855e-16,0.0000000000000000e+00,5.0695853629411855e-16,6.2450045135165055e-16,6.2450045135165055e-16,6.2450045135165055e-16,3.8857805861880479e-16,2.2898349882893854e-16,3.8857805861880479e-16,3.6689401516909470e-16,5.8286708792820718e-16,20,6.6100041999999998e-02,4.6352390899999996e-01,1.0701123333333293e-03,1.3038961942000000e+01,9.1016960029999989e+00,2.3407933139000001e+01,6.2269531250000000e+01,6.2269531250000000e+01
exp2_distort,8,3,2,mod2,0,int,0.0000000000000000e+00,2.0000000000000000e+00,1.0000000000000001e-01,1,1,1,1.2499999999999996e-01,1.2466645136747069e-01,1.2529100697773868e-01,9.8900282001417639e-01,1.0109971799858235e+00,9.8493552836575804e-01,9.9447100834892510e-01,0,13824,41472,41472,13824,1.8189894035458565e-12,3.5243494335194322e-15,0.0000000000000000e+00,9.0966802900978967e-04,5.9566543822502725e-02,8.9741836348989885e+00,6.6375445662666330e-03,1.0060951390148047e-03,1.5212783456541890e-13,9.3436369752453174e-13,2.1189648099831195e-15,1.3014605778331730e-14,1.2003252111779029e-05,1.1723955140041653e-13,1.6216899374035510e-14,4.0265412943748267e+01,4.0267985956444576e+01,-6.3897228410995984e-05,nan,1.4234140596454739e-08,0.0000000000000000e+00,1.4234140596454739e-08,1.5265566588595902e-16,1.5265566588595902e-16,8.3266726846886741e-17,3.4694469519536142e-17,8.3266726846886741e-17,1.5265566588595902e-16,8.6736173798840355e-18,8.3266726846886741e-17,32,6.1231712000000001e-02,4.5050461100000000e-01,9.4031530666666661e-04,7.2993752499999998e+00,7.4584541010000009e+00,1.6092018076999999e+01,6.2160156250000000e+01,6.2160156250000000e+01
exp2_distort,8,3,2,mod2,0,int,0.0000000000000000e+00,2.0000000000000000e+00,2.0000000000000001e-01,1,1,1,1.2500000000000014e-01,1.2364100839360631e-01,1.2616939861386536e-01,9.5601128005670688e-01,1.0439887199432931e+00,9.4107365484566330e-01,9.7751100906636046e-01,0,13824,41472,41472,13824,1.8189894035458565e-12,3.4380943005187248e-15,0.0000000000000000e+00,1.3209812400923374e-03,6.7836806237506417e-02,8.9741836348990756e+00,7.5591060978182573e-03,1.4610085899506204e-03,1.5312276365587165e-13,9.0949470177292824e-13,2.1328230216451584e-15,1.2668209426817095e-14,4.8247560305276128e-05,7.9547479714392466e-14,1.6113409634596071e-14,4.0265483892698327e+01,4.0267985956444576e+01,-6.2135308901599396e-05,nan,9.7977443615976094e-08,0.0000000000000000e+00,9.7977443615976094e-08,2.7755575615628914e-16,2.7755575615628914e-16,2.7755575615628914e-16,4.8572257327350599e-17,1.5959455978986625e-16,1.6653345369377348e-16,8.3266726846886741e-17,6.9388939039072284e-17,37,7.0309150999999959e-02,3.6690622399999995e-01,8.9439206521739175e-04,1.1926350844000000e+01,7.8674882000000004e+00,2.1100559443000002e+01,6.2253906250000000e+01,6.2253906250000000e+01
exp2_distort,8,3,2,mod2,0,int,0.0000000000000000e+00,2.0000000000000000e+00,2.9999999999999999e-01,1,1,1,1.2499999999999999e-01,1.2186684086395777e-01,1.2763075671059632e-01,9.0102538012759037e-01,1.0989746198724100e+00,8.7212521931715004e-01,9.4793619227442238e-01,0,13824,41472,41472,13824,1.8189894035458565e-12,3.2922046840621399e-15,0.0000000000000000e+00,1.8841469521341915e-03,8.1507570233741264e-02,8.9741836348989974e+00,9.0824495630747824e-03,2.0838712907117266e-03,1.5580675529138571e-13,1.1937117960769683e-12,2.1702079212737668e-15,1.6627024872697559e-14,1.0948452959058917e-04,1.0658141036401503e-13,1.5753573122604484e-14,4.0265727989157227e+01,4.0267985956444576e+01,-5.6073509357815071e-05,nan,2.6469033198053546e-07,0.0000000000000000e+00,2.6469033198053546e-07,2.2204460492503131e-16,2.2204460492503131e-16,2.2204460492503131e-16,6.9388939039072284e-18,1.1102230246251565e-16,6.9388939039072284e-17,5.2041704279304213e-17,1.1102230246251565e-16,40,5.0193257999999998e-02,3.6677700499999999e-01,9.1679034222221867e-04,1.0969952582000001e+01,7.5908431289999978e+00,2.0079373302000000e+01,6.2132812500000000e+01,6.2132812500000000e+01
exp2_distort,8,3,2,mod2,0,int,0.0000000000000000e+00,2.0000000000000000e+00,4.0000000000000002e-01,1,1,1,1.2500000000000000e-01,1.1925374953999987e-01,1.2965504509962972e-01,8.2404512022682730e-01,1.1759548797731729e+00,7.7635182074793141e-01,9.0353589512561516e-01,0,13824,41472,41472,13824,1.8189894035458565e-12,3.0849369884134305e-15,0.0000000000000000e+00,2.5936700102371026e-03,1.0097544841899381e-01,8.9741836348989974e+00,1.1251769801803289e-02,2.8686055860933993e-03,1.5929586460413894e-13,1.0635936575909000e-12,2.2188071790823646e-15,1.4814629676380452e-14,1.9713745950957734e-04,1.1041167979897182e-13,1.6473738664371331e-14,4.0266362407710403e+01,4.0267985956444576e+01,-4.0318597903784780e-05,nan,5.1513797888093022e-07,0.0000000000000000e+00,5.1513797888093022e-07,2.6367796834847468e-16,2.6367796834847468e-16,7.6327832942979512e-17,2.6367796834847468e-16,6.9388939039072284e-17,1.3877787807814457e-17,1.3183898417423734e-16,1.8041124150158794e-16,45,6.0414647000000002e-02,3.8927221900000003e-01,1.1351334594594598e-03,1.2456665719000000e+01,8.7638626569999989e+00,2.2567600584000001e+01,6.2253906250000000e+01,6.2253906250000000e+01
exp2_distort,8,3,2,mod2,0,int,0.0000000000000000e+00,2.0000000000000000e+00,5.0000000000000000e-01,1,1,1,1.2500000000000000e-01,1.1566256267683621e-01,1.3220917259830650e-01,7.2507050035441667e-01,1.2749294996455833e+00,6.5718573056783702e-01,8.4062709344974906e-01,0,13824,41472,41472,13824,1.8189894035458565e-12,2.8145476178363549e-15,0.0000000000000000e+00,3.4819584921255867e-03,1.2739569163185288e-01,8.9741836348990827e+00,1.4195797279702700e-02,3.8510548919614565e-03,1.6038665691847621e-13,1.2039258479035198e-12,2.2340006545938008e-15,1.6769294802783728e-14,3.1360664676551340e-04,1.2967404927621828e-13,1.7329633461784094e-14,4.0267758868715539e+01,4.0267985956444576e+01,-5.6394111511499503e-06,nan,1.0391737063478310e-06,0.0000000000000000e+00,1.0391737063478310e-06,3.3306690738754696e-16,3.3306690738754696e-16,9.0205620750793969e-17,2.0816681711721685e-16,8.3266726846886741e-17,2.7755575615628914e-17,9.7144514654701197e-17,3.3306690738754696e-16,58,7.9679446000000001e-02,4.7409721900000001e-01,1.0119007317073235e-03,1.2976558883999999e+01,9.5235874289999991e+00,2.4509989615999999e+01,6.2230468750000000e+01,6.2230468750000000e+01
exp2_distort,8,3,2,mod2,0,int,0.0000000000000000e+00,2.0000000000000000e+00,5.9999999999999998e-01,1,1,1,1.2499999999999989e-01,1.1087472619203297e-01,1.3525056286954887e-01,6.0410152051035815e-01,1.3958984794896396e+00,5.2110526419784420e-01,7.8434038024659747e-01,0,13824,41472,41472,13824,1.8189894035458565e-12,2.4792929765946704e-15,0.0000000000000000e+00,4.6079870035481306e-03,1.6288687285917822e-01,8.9741836348989761e+00,1.8150606170542427e-02,5.0964452713151472e-03,1.7258941872905136e-13,1.4743761767022079e-12,2.4039710149495130e-15,2.0536355125504460e-14,4.6284947225288560e-04,1.1013412404281553e-13,1.7115874566216803e-14,4.0270577869372829e+01,4.0267985956444576e+01,6.4366589654031765e-05,nan,2.5716113222988250e-06,0.0000000000000000e+00,2.5716113222988250e-06,2.4286128663675299e-16,2.4286128663675299e-16,6.5919492087118670e-17,1.3183898417423734e-16,2.4286128663675299e-16,2.7755575615628914e-17,1.3877787807814457e-16,2.0816681711721685e-16,75,2.6560574000000000e-02,2.6720464199999999e-01,1.0206543073170680e-03,1.2962211920000001e+01,9.2554774949999992e+00,2.4374128347999999e+01,6.2101562500000000e+01,6.2101562500000000e+01
exp2_distort,8,4,1,abc,0,int,0.0000000000000000e+00,2.0000000000000000e+00,0.0000000000000000e+00,1,1,1,1.2499999999999999e-01,1.2500000000000003e-01,1.2500000000000003e-01,9.9999999999999756e-01,1.0000000000000029e+00,9.9999999999999623e-01,1.0000000000000000e+00,0,32768,98304,98304,32768,7.2759576141834259e-12,1.4210854715202013e-14,7.1054273576010019e-15,6.7192538344414958e-06,6.6688357427716559e-04,8.8857658763168050e+00,7.5050770362362085e-05,4.7512299508473209e-06,4.7168109561443389e-13,4.4977355173614342e-12,6.6353466625708013e-15,6.3271635500621689e-14,9.1536866514631532e-16,7.4606987254810520e-14,1.2491070254356535e-14,3.9478417548663835e+01,3.9478417604357432e+01,-1.4107352996684387e-09,nan,1.2566370525897330e+01,1.2566370614359172e+01,8.8461842295828319e-08,3.8059833062931148e-15,3.8059833062931148e-15,2.4702462297909733e-15,2.4147350785597155e-15,1.2420620087993939e-15,1.3669620990697240e-15,3.8059833062931148e-15,3.5249581031848720e-15,19,1.6559843000000001e-02,1.7586595410000001e+00,2.8382533999999756e-03,1.6347381606999999e+01,9.0256192740000003e+00,2.8188207267999999e+01,1.1393359375000000e+02,1.1393359375000000e+02
exp2_distort,8,4,1,abc,0,int,0.0000000000000000e+00,2.0000000000000000e+00,1.0000000000000001e-01,1,1,1,1.2500000000000011e-01,1.2471563246357642e-01,1.2524825390108182e-01,9.8732543341198842e-01,1.0097844390282011e+00,9.8732543341198842e-01,9.9797683111956292e-01,0,32768,98304,98304,32768,7.2759576141834259e-12,1.4114088648571545e-14,7.1054273576010019e-15,8.5499989754067017e-06,6.7951147075634042e-04,8.8857658763167908e+00,7.6471908017230192e-05,6.0457622546481677e-06,4.7050541342815295e-13,4.6043169277254492e-12,6.6188078210876313e-15,6.4770963356086822e-14,7.8689083636028275e-16,9.9475983006414026e-14,1.6849266332264974e-14,3.9478417557164555e+01,3.9478417604357432e+01,-1.1954095433778714e-09,nan,1.2566370525897005e+01,1.2566370614359172e+01,8.8462167369129929e-08,2.9559688030644793e-15,2.9559688030644793e-15,2.3314683517128287e-15,1.6237011735142914e-15,1.7624790515924360e-15,1.7902346272080649e-15,2.9559688030644793e-15,2.9490299091605721e-15,31,3.0958270999999999e-02,1.4479807290000002e+00,4.1806357800000171e-03,1.6317262005000000e+01,9.7098678930000020e+00,2.8790479540000000e+01,1.1398437500000000e+02,1.1398437500000000e+02
exp2_distort,8,4,1,abc,0,int,0.0000000000000000e+00,2.0000000000000000e+00,2.0000000000000001e-01,1,1,1,1.2499999999999993e-01,1.2384370183498619e-01,1.2599775428257898e-01,9.4723763544422535e-01,1.0391377561128043e+00,9.4723763544422535e-01,9.9212875253198929e-01,0,32768,98304,98304,32768,7.2759576141834259e-12,1.3820123873718788e-14,7.1054273576010019e-15,1.2761020524001644e-05,7.1643187349923108e-04,8.8857658763168086e+00,8.0626913140794502e-05,9.0234041473823623e-06,4.7317997278175625e-13,5.4409809990829672e-12,6.6564320308466659e-15,7.6540687021486606e-14,7.8881435607853359e-16,1.0658141036401503e-13,1.6909970858205581e-14,3.9478417582933908e+01,3.9478417604357432e+01,-5.4266420966038560e-10,nan,1.2566370525896826e+01,1.2566370614359172e+01,8.8462346781170709e-08,3.2231162183649076e-15,3.2231162183649076e-15,2.5812685322534890e-15,1.7069679003611782e-15,1.5751289161869408e-15,2.3453461395206432e-15,3.2231162183649076e-15,3.0392355299113660e-15,35,2.8932561000000002e-02,1.2055703880000002e+00,3.5714768833333467e-03,1.5182231546000001e+01,1.0394077790999997e+01,2.8370050439000000e+01,1.1428515625000000e+02,1.1428515625000000e+02
exp2_distort,8,4,1,abc,0,int,0.0000000000000000e+00,2.0000000000000000e+00,2.9999999999999999e-01,1,1,1,1.2500000000000003e-01,1.2234201422622361e-01,1.2724648720711620e-01,8.7664045879113228e-01,1.0880599512538096e+00,8.7664045879113228e-01,9.8272859466258999e-01,0,32768,98304,98304,32768,7.2759576141834259e-12,1.3323460528201688e-14,7.1054273576010019e-15,1.8048924427142000e-05,7.7526801450373455e-04,8.8857658763166665e+00,8.7248305356555175e-05,1.2762516855555583e-05,4.7394438603812377e-13,4.7781778533817487e-12,6.6671853703310662e-15,6.7216741920314960e-14,7.8717704898390726e-16,1.2434497875801753e-13,1.7046096276734901e-14,3.9478417626815151e+01,3.9478417604357432e+01,5.6886067382121546e-10,nan,1.2566370525896444e+01,1.2566370614359172e+01,8.8462728697891180e-08,3.5735303605122226e-15,3.5735303605122226e-15,2.2898349882893854e-15,2.5396351688300456e-15,1.9567680809018384e-15,1.4988010832439613e-15,3.2369940061727220e-15,3.5735303605122226e-15,39,1.6905864000000000e-02,1.9702224170000000e+00,3.2899065692307571e-03,1.6985821227999999e+01,1.0188237983000000e+01,3.0904861877999998e+01,1.1379296875000000e+02,1.1379296875000000e+02
exp2_distort,8,4,1,abc,0,int,0.0000000000000000e+00,2.0000000000000000e+00,4.0000000000000002e-01,1,1,1,1.2499999999999999e-01,1.2014535641431855e-01,1.2898083991843701e-01,7.7243775614711430e-01,1.1565510244512174e+00,7.7243775614711430e-01,9.6998276322651400e-01,0,32768,98304,98304,32768,7.2759576141834259e-12,1.2618598749578148e-14,7.1054273576010019e-15,2.4039076773466505e-05,8.5341660416717426e-04,8.8857658763166434e+00,9.6043111651388156e-05,1.6998194199982320e-05,4.8282747914646449e-13,4.6229686745391518e-12,6.7921477713214242e-15,6.5033345730794216e-14,8.1096463151260620e-16,9.9475983006414026e-14,1.7656517944676140e-14,3.9478417690441233e+01,3.9478417604357432e+01,2.1805281630892567e-09,nan,1.2566370525892328e+01,1.2566370614359172e+01,8.8466844516688070e-08,3.3376079677793768e-15,3.3376079677793768e-15,2.9976021664879227e-15,1.6098233857064770e-15,1.5681900222830336e-15,1.8179902028236938e-15,3.3306690738754696e-15,3.3376079677793768e-15,43,2.4760919999999999e-02,1.8098862490000001e+00,3.4964325333333452e-03,1.6646640695999999e+01,1.0537507238000000e+01,3.0869958312000001e+01,1.1407031250000000e+02,1.1407031250000000e+02
exp2_distort,8,4,1,abc,0,int,0.0000000000000000e+00,2.0000000000000000e+00,5.9999999999999998e-01,1,1,1,1.2500000000000008e-01,1.1322852363402411e-01,1.3380402916204487e-01,4.5083118366396169e-01,1.3570975285082225e+00,4.5083118366396169e-01,9.3501958623622883e-01,0,32768,98304,98304,32768,1.4551915228366852e-11,2.1124560886486963e-14,7.1054273576010019e-15,3.8227274205524543e-05,1.0635400764744010e-03,8.8857658763167464e+00,1.1969031046710976e-04,2.7030764817004139e-05,5.1357201253873254e-13,7.2888362012690777e-12,7.2246447251603491e-15,1.0253528371561133e-13,8.5124010618189792e-16,1.7147394615335543e-13,1.8328681111563896e-14,3.9478417891479047e+01,3.9478417604357432e+01,7.2728754797014047e-09,nan,1.2566370525777248e+01,1.2566370614359172e+01,8.8581924018171776e-08,3.2612801348363973e-15,3.2612801348363973e-15,2.6645352591003757e-15,2.1649348980190553e-15,1.9012569296705806e-15,1.4849232954361469e-15,3.1728092375615802e-15,3.2612801348363973e-15,69,1.6849800000000002e-02,1.6956058800000000e+00,1.4299317071428570e-03,1.8083219096000001e+01,7.2437581350000002e+00,2.9223307825999999e+01,1.1413281250000000e+02,1.1413281250000000e+02
exp2_distort,8,4,1,abc,0,int,0.0000000000000000e+00,2.0000000000000000e+00,8.0000000000000004e-01,1,1,0,1.2499999999999978e-01,1.0149492371151264e-01,1.4020051179470738e-01,-4.2351260449924988e-02,1.6735319141587890e+00,-4.2351260449924988e-02,8.8821642240753973e-01,8,nan,nan,nan,nan,nan,nan,nan,nan,nan,nan,nan,nan,nan,nan,nan,nan,nan,nan,nan,nan,nan,nan,nan,nan,nan,nan,nan,nan,nan,nan,nan,nan,nan,nan,nan,1.5380527000000000e-02,nan,nan,nan,nan,1.5464421000000001e-02,nan,nan
exp2_distort,8,4,1,abc,0,int,0.0000000000000000e+00,2.0000000000000000e+00,2.0000000000000001e-01,2,1,1,1.2500000000000028e-01,1.2446964603864856e-01,1.2519008047116392e-01,9.4723763544422712e-01,1.0324227787655484e+00,9.4723763544422712e-01,9.5549402825912766e-01,0,32768,98304,98304,32768,7.2759576141834259e-12,1.4030738290841613e-14,7.1054273576010019e-15,1.1704856701211623e-05,7.9744248449515568e-04,8.8857658763167482e+00,8.9743809998480938e-05,8.2765835462437955e-06,4.7249773327124133e-13,4.1892045388181032e-12,6.6468346658022983e-15,5.8931393719021007e-14,7.7322654476005008e-16,8.9067642150553183e-14,1.6619901125285448e-14,3.9478417644252772e+01,3.9478417604357432e+01,1.0105607768897486e-09,nan,1.2566370525896771e+01,1.2566370614359172e+01,8.8462401848232730e-08,3.3757718842508666e-15,3.3757718842508666e-15,2.1649348980190553e-15,2.1649348980190553e-15,2.0192181260370035e-15,1.7624790515924360e-15,3.3757718842508666e-15,3.3653635433950058e-15,34,1.6407109000000000e-02,1.6344539160000000e+00,3.4950663076923133e-03,1.7828511738000000e+01,1.0302316805000000e+01,3.1356728020999999e+01,1.1383203125000000e+02,1.1383203125000000e+02
exp2_distort,8,4,1,abc,0,int,0.0000000000000000e+00,2.0000000000000000e+00,4.0000000000000002e-01,2,1,1,1.2499999999999988e-01,1.2276172848837512e-01,1.2584180098422693e-01,7.7243775614711263e-01,1.1296911150621927e+00,7.7243775614711263e-01,8.3848889866630782e-01,0,32768,98304,98304,32768,7.2759576141834259e-12,1.3461056418069407e-14,7.1054273576010019e-15,2.0705788677899043e-05,1.1127090986828719e-03,8.8857658763166771e+00,1.2522376958508291e-04,1.4641203583958437e-05,4.8051338441382566e-13,4.8032688937382773e-12,6.7595943768693935e-15,6.7569708686288854e-14,7.8765115031310154e-16,1.0658141036401503e-13,1.7257226431331158e-14,3.9478417945356640e+01,3.9478417604357432e+01,8.6376108322023755e-09,nan,1.2566370525896891e+01,1.2566370614359172e+01,8.8462281055967651e-08,3.0392355299113660e-15,3.0392355299113660e-15,2.5812685322534890e-15,3.0392355299113660e-15,2.4841240175987878e-15,1.9151347174783950e-15,2.8449465006019636e-15,2.7269853042355408e-15,40,1.6888010000000002e-02,1.8209365790000001e+00,1.9053443090909122e-03,1.5550430402999998e+01,5.6978314159999996e+00,2.4684301264999998e+01,1.1387109375000000e+02,1.1387109375000000e+02
exp2_distort,8,4,1,abc,0,int,0.0000000000000000e+00,2.0000000000000000e+00,8.0000000000000004e-01,2,1,0,1.2499999999999999e-01,1.1469148542687341e-01,1.2895171857455889e-01,-4.2351260449925321e-02,1.5235868002011557e+00,-4.2351260449925321e-02,4.8764491747081323e-01,64,nan,nan,nan,nan,nan,nan,nan,nan,nan,nan,nan,nan,nan,nan,nan,nan,nan,nan,nan,nan,nan,nan,nan,nan,nan,nan,nan,nan,nan,nan,nan,nan,nan,nan,nan,2.8686296999999999e-02,nan,nan,nan,nan,2.8780541000000000e-02,nan,nan
exp2_distort,8,4,1,abc,0,int,0.0000000000000000e+00,2.0000000000000000e+00,2.0000000000000001e-01,3,1,1,1.2499999999999999e-01,1.2358530588133138e-01,1.2586502526015433e-01,8.7664045879113228e-01,1.0432397086281109e+00,8.7664045879113228e-01,9.9230302520732883e-01,0,32768,98304,98304,32768,7.2759576141834259e-12,1.3733798490062249e-14,7.1054273576010019e-15,1.3673341568045489e-05,7.5068953747915517e-04,8.8857658763168139e+00,8.4482254870113575e-05,9.6685125442448743e-06,4.7903059204406577e-13,5.4378723746140167e-12,6.7387352805572935e-15,7.6496956625702187e-14,7.8800429254066420e-16,9.5923269327613525e-14,1.6933306106741613e-14,3.9478417607198999e+01,3.9478417604357432e+01,7.1977732496587363e-11,nan,1.2566370525621462e+01,1.2566370614359172e+01,8.8737710512987178e-08,3.5041414214731503e-15,3.5041414214731503e-15,2.4563684419831588e-15,2.0261570199409107e-15,1.5820678100908481e-15,1.6098233857064770e-15,3.2127078775090467e-15,3.5041414214731503e-15,38,2.8083120999999999e-02,1.8601452559999998e+00,4.1239328599999682e-03,1.7847146306999999e+01,1.0186254990000002e+01,3.1498343245000001e+01,1.1403125000000000e+02,1.1403125000000000e+02
exp2_distort,8,4,1,abc,0,int,0.0000000000000000e+00,2.0000000000000000e+00,4.0000000000000002e-01,3,1,1,1.2500000000000008e-01,1.1909854079212462e-01,1.2844219375643293e-01,4.5083118366396169e-01,1.1842809939439276e+00,4.5083118366396169e-01,9.6947744710732664e-01,0,32768,98304,98304,32768,1.4551915228366852e-11,2.4583260179517717e-14,7.1054273576010019e-15,2.6353138320656259e-05,9.7786354977831623e-04,8.8857658763166576e+00,1.1004831360509149e-04,1.8634482812083077e-05,4.9196702868381854e-13,5.6679105853163492e-12,6.9207178583652630e-15,7.9733005913748883e-14,8.1344050625658489e-16,1.3500311979441904e-13,1.7732968949511197e-14,3.9478417797635124e+01,3.9478417604357432e+01,4.8957811443784907e-09,nan,1.2566370523741593e+01,1.2566370614359172e+01,9.0617579218132960e-08,3.6221026178395732e-15,3.6221026178395732e-15,2.1371793224034263e-15,3.6221026178395732e-15,1.8735013540549517e-15,2.0400348077487251e-15,3.2196467714129540e-15,3.2057689836051395e-15,51,2.9113903999999999e-02,1.8663241840000000e+00,3.4414838666666724e-03,1.7721828458000001e+01,9.8781216399999998e+00,3.1585603720999998e+01,1.1398437500000000e+02,1.1398437500000000e+02
exp2_distort,8,4,1,abc,0,int,0.0000000000000000e+00,2.0000000000000000e+00,8.0000000000000004e-01,3,1,0,1.2499999999999999e-01,9.5847619060552308e-02,1.3814962639477768e-01,-1.6425204773486972e+00,1.8277012512276332e+00,-1.6425204773486972e+00,8.0913264849529642e-01,112,nan,nan,nan,nan,nan,nan,nan,nan,nan,nan,nan,nan,nan,nan,nan,nan,nan,nan,nan,nan,nan,nan,nan,nan,nan,nan,nan,nan,nan,nan,nan,nan,nan,nan,nan,1.6760384000000000e-02,nan,nan,nan,nan,1.6840569999999999e-02,nan,nan
exp2_distort,8,4,2,abc,0,int,0.0000000000000000e+00,2.0000000000000000e+00,0.0000000000000000e+00,1,1,1,1.2499999999999999e-01,1.2500000000000003e-01,1.2500000000000003e-01,9.9999999999998312e-01,1.0000000000000142e+00,9.9999999999997358e-01,9.9999999999999811e-01,0,32768,98304,98304,32768,7.2759576141834259e-12,1.4210854715202013e-14,7.1054273576010019e-15,6.7192542999690833e-06,6.6688357420207494e-04,8.8857658763168121e+00,7.5050770353911353e-05,4.7512302800249715e-06,4.6625376395371531e-13,4.1211478674085811e-12,6.5589979868310935e-15,5.7974010411312090e-14,2.2121024183932333e-15,1.0066947275788607e-13,1.9838483782295736e-14,3.9478417548663238e+01,3.9478417604357432e+01,-1.4107504182049520e-09,nan,1.2566370525896875e+01,1.2566370614359172e+01,8.8462297043179206e-08,3.3133218391157016e-15,3.3133218391157016e-15,2.4702462297909733e-15,2.0122792321330962e-15,1.8665624601510444e-15,1.4988010832439613e-15,3.3133218391157016e-15,3.2404634531246757e-15,19,8.1923778000000003e-02,1.8252664589999998e+00,3.8551178666666650e-03,3.0655276752000002e+01,1.8134337876000004e+01,5.2098126796999999e+01,1.1537890625000000e+02,1.1537890625000000e+02
exp2_distort,8,4,2,abc,0,int,0.0000000000000000e+00,2.0000000000000000e+00,1.0000000000000001e-01,1,1,1,1.2499999999999996e-01,1.2466645136747069e-01,1.2529100697773868e-01,9.8900282001417639e-01,1.0109971799858235e+00,9.8493552836575804e-01,9.9447100834892510e-01,0,32768,98304,98304,32768,7.2759576141834259e-12,1.4097397734077729e-14,7.1054273576010019e-15,2.3181430676860071e-05,7.0821418188668527e-04,8.8857658763168832e+00,7.9702097910803546e-05,1.6391746829213492e-05,4.7490740972212057e-13,4.4915182684235333e-12,6.6807326505738374e-15,6.3184174709052335e-14,2.2403321253195335e-15,2.0197732375493160e-13,2.2686355933577491e-14,3.9478417577004130e+01,3.9478417604357432e+01,-6.9286722988510086e-10,nan,1.2566370525873058e+01,1.2566370614359172e+01,8.8486114435681884e-08,3.6567970873591094e-15,3.6567970873591094e-15,3.2196467714129540e-15,3.4694469519536142e-15,1.6167622796103842e-15,2.3175905639050143e-15,3.0669911055269949e-15,3.6567970873591094e-15,31,7.9232970999999999e-02,1.9625062779999998e+00,2.0215799900000064e-03,2.9482550376999999e+01,1.8627719450999997e+01,5.1931899448000003e+01,1.1541406250000000e+02,1.1541406250000000e+02
exp2_distort,8,4,2,abc,0,int,0.0000000000000000e+00,2.0000000000000000e+00,2.0000000000000001e-01,1,1,1,1.2500000000000014e-01,1.2364100839360631e-01,1.2616939861386536e-01,9.5601128005670688e-01,1.0439887199432931e+00,9.4107365484566330e-01,9.7751100906636046e-01,0,32768,98304,98304,32768,7.2759576141834259e-12,1.3752377202074899e-14,7.1054273576010019e-15,4.5946149240408623e-05,8.2255186233851486e-04,8.8857658763168903e+00,9.2569607818595694e-05,3.2488833697302123e-05,4.7254653948510025e-13,4.5303760742854138e-12,6.6475212444063571e-15,6.3730804656357318e-14,2.2643063861426261e-15,1.7053025658242404e-13,2.2909621298338361e-14,3.9478417663374465e+01,3.9478417604357432e+01,1.4949189106260018e-09,nan,1.2566370525509399e+01,1.2566370614359172e+01,8.8849773760557582e-08,3.5041414214731503e-15,3.5041414214731503e-15,2.8171909249863347e-15,3.2890357104520263e-15,1.6306400674181987e-15,2.0122792321330962e-15,3.5041414214731503e-15,3.1988300897012323e-15,35,9.1047766000000002e-02,1.8006167790000001e+00,3.1800757692307751e-03,2.9384978547999999e+01,1.7954019009000003e+01,5.0627818089999998e+01,1.1549609375000000e+02,1.1549609375000000e+02
exp2_distort,8,4,2,abc,0,int,0.0000000000000000e+00,2.0000000000000000e+00,2.9999999999999999e-01,1,1,1,1.2499999999999999e-01,1.2186684086395777e-01,1.2763075671059632e-01,9.0102538012759037e-01,1.0989746198724100e+00,8.7212521931715004e-01,9.4793619227442238e-01,0,32768,98304,98304,32768,7.2759576141834259e-12,1.3168818736248560e-14,7.1054273576010019e-15,7.0740304243779357e-05,9.9544182036055869e-04,8.8857658763168921e+00,1.1202656408196574e-04,5.0020948833975445e-05,4.7991194202203478e-13,4.7322146201622672e-12,6.7511336206417682e-15,6.6570156782643972e-14,2.2956141528813885e-15,1.6697754290362354e-13,2.2980780834562895e-14,3.9478417815460894e+01,3.9478417604357432e+01,5.3473131557102573e-09,nan,1.2566370523895715e+01,1.2566370614359172e+01,9.0463457169676076e-08,3.3029134982598407e-15,3.3029134982598407e-15,2.5535129566378600e-15,2.2898349882893854e-15,2.1510571102112408e-15,1.5820678100908481e-15,3.1502578323738817e-15,3.3029134982598407e-15,39,7.0604554000000000e-02,1.5284583249999999e+00,3.3643004166666658e-03,2.9455559659999999e+01,1.8462663552000002e+01,5.1539338397000002e+01,1.1567968750000000e+02,1.1567968750000000e+02
exp2_distort,8,4,2,abc,0,int,0.0000000000000000e+00,2.0000000000000000e+00,4.0000000000000002e-01,1,1,1,1.2500000000000000e-01,1.1925374953999987e-01,1.2965504509962972e-01,8.2404512022682730e-01,1.1759548797731729e+00,7.7635182074793141e-01,9.0353589512561516e-01,0,32768,98304,98304,32768,7.2759576141834259e-12,1.2339747953653722e-14,7.1054273576010019e-15,9.8182349362817243e-05,1.2247959334378653e-03,8.8857658763168015e+00,1.3783797035462180e-04,6.9425405027274788e-05,4.9120988166208076e-13,4.6767034689310094e-12,6.9100667362182676e-15,6.5789256857923328e-14,2.3242056732072078e-15,2.3697710460623966e-13,2.3182977504104903e-14,3.9478418055936437e+01,3.9478417604357432e+01,1.1438629831270897e-08,nan,1.2566370519397353e+01,1.2566370614359172e+01,9.4961819741001818e-08,3.3098523921637479e-15,3.3098523921637479e-15,2.3869795029440866e-15,2.1926904736346842e-15,2.1094237467877974e-15,1.8318679906315083e-15,3.3098523921637479e-15,3.2751579226442118e-15,46,6.2509702000000000e-02,1.8433028519999999e+00,3.2154407076922971e-03,3.1326016049000000e+01,1.7604296666000003e+01,5.3215574506000003e+01,1.1552734375000000e+02,1.1552734375000000e+02
exp2_distort,8,4,2,abc,0,int,0.0000000000000000e+00,2.0000000000000000e+00,5.9999999999999998e-01,1,1,1,1.2499999999999989e-01,1.1087472619203297e-01,1.3525056286954887e-01,6.0410152051035815e-01,1.3958984794896396e+00,5.2110526419784420e-01,7.8434038024659747e-01,0,32768,98304,98304,32768,1.4551915228366852e-11,1.9834343812757364e-14,7.1054273576010019e-15,1.6649942013175823e-04,1.9364868456609346e-03,8.8857658763165137e+00,2.1793133789652373e-04,1.1773286903879395e-04,5.1880992825691597e-13,8.0677686753460875e-12,7.2983288030314101e-15,1.1349287145930404e-13,2.4500048926768432e-15,2.1316282072803006e-13,2.3999227504793481e-14,3.9478419089747597e+01,3.9478417604357432e+01,3.7625372413157599e-08,nan,1.2566370490404523e+01,1.2566370614359172e+01,1.2395464921155508e-07,3.3584246494910985e-15,3.3584246494910985e-15,2.5257573810222311e-15,2.3175905639050143e-15,1.6930901125533637e-15,1.7902346272080649e-15,3.0930119576666470e-15,3.3584246494910985e-15,80,8.3308833999999998e-02,1.9213365990000000e+00,3.4691161833332986e-03,2.9937641778999996e+01,1.8081937216000000e+01,5.2356975865000003e+01,1.1567578125000000e+02,1.1567578125000000e+02
exp2_distort,8,4,2,abc,0,int,0.0000000000000000e+00,2.0000000000000000e+00,8.0000000000000004e-01,1,1,1,1.2499999999999990e-01,9.5957988175832329e-02,1.4260024671303434e-01,2.9618048090730542e-01,1.7038195190926919e+00,2.2428370082126872e-01,6.7444748401995391e-01,0,32768,98304,98304,32768,2.9103830456733704e-11,2.5715415986759826e-14,7.1054273576010019e-15,2.7082449799111386e-04,3.3502756654602934e-03,8.8857658763166221e+00,3.7703848065475575e-04,1.9150183904095920e-04,5.9954411605977433e-13,1.1872058891526649e-11,8.4340523428845435e-15,1.6700950510030645e-13,2.7593962211455914e-15,3.8047343053904115e-13,2.7120005833125163e-14,3.9478422548207227e+01,3.9478417604357432e+01,1.2522917825305686e-07,nan,1.2566370401742539e+01,1.2566370614359172e+01,2.1261663363247862e-07,3.3861802251067274e-15,3.3861802251067274e-15,2.2828960943854781e-15,2.0955459589799830e-15,2.0955459589799830e-15,1.2212453270876722e-15,2.9416573343876706e-15,3.3861802251067274e-15,173,3.3721348000000005e-02,7.2673359900000001e-01,3.1419445538461424e-03,2.5249976693000001e+01,1.5673702346999999e+01,4.7822674606000000e+01,1.1558984375000000e+02,1.1558984375000000e+02
exp2_distort,8,4,2,abc,0,int,0.0000000000000000e+00,2.0000000000000000e+00,2.0000000000000001e-01,2,1,1,1.2499999999999999e-01,1.2391661136721294e-01,1.2539728731988514e-01,9.4580296247515427e-01,1.0541970375248455e+00,8.9717854329756963e-01,9.4580296247515527e-01,0,32768,98304,98304,32768,7.2759576141834259e-12,1.3844546886175368e-14,7.1054273576010019e-15,8.7071083162688901e-05,1.7602733690402603e-03,8.8857658763169027e+00,1.9810035438046935e-04,6.1568553349593350e-05,4.7646303779651235e-13,4.6844750301033855e-12,6.7026163589683079e-15,6.5898582847383547e-14,2.2558188969789513e-15,1.2789769243681803e-13,2.1652508825078605e-14,3.9478418865000528e+01,3.9478417604357432e+01,3.1932462651481640e-08,nan,1.2566370522530187e+01,1.2566370614359172e+01,9.1828985304687194e-08,3.3549552025391449e-15,3.3549552025391449e-15,2.5951463200613034e-15,2.2898349882893854e-15,1.7902346272080649e-15,1.3739009929736312e-15,3.3549552025391449e-15,3.2890357104520263e-15,35,9.5290537000000008e-02,1.6270190330000001e+00,2.9648493285714139e-03,2.9887088657000000e+01,1.9693618530999998e+01,5.3145360879999998e+01,1.1566406250000000e+02,1.1566406250000000e+02
exp2_distort,8,4,2,abc,0,int,0.0000000000000000e+00,2.0000000000000000e+00,4.0000000000000002e-01,2,1,1,1.2499999999999988e-01,1.2028502851761673e-01,1.2681109449073022e-01,7.8321184990061732e-01,1.2167881500993827e+00,6.4367149683093805e-01,7.8321184990061865e-01,0,32768,98304,98304,32768,7.2759576141834259e-12,1.2662658278490017e-14,7.1054273576010019e-15,1.9373211898015305e-04,3.8321772747454690e-03,8.8857658763167873e+00,4.3127146585747466e-04,1.3698929506450407e-04,4.8631164735740141e-13,7.2049033406074159e-12,6.8411611070797836e-15,1.0135456302943202e-13,2.3063538734666747e-15,1.5631940186722204e-13,2.2704508448051442e-14,3.9478424495273778e+01,3.9478417604357432e+01,1.7454895013877477e-07,nan,1.2566370470592357e+01,1.2566370614359172e+01,1.4376681534145064e-07,2.9906632725840154e-15,2.9906632725840154e-15,2.9698465908722937e-15,2.2620794126737565e-15,1.5473733405713119e-15,1.3600232051658168e-15,2.9073965457371287e-15,2.9906632725840154e-15,42,6.7267625999999997e-02,1.9566011120000000e+00,1.7393822695652261e-03,2.7512910512999998e+01,9.9227610150000025e+00,4.0761293029999997e+01,1.1539062500000000e+02,1.1539062500000000e+02
exp2_distort,8,4,2,abc,0,int,0.0000000000000000e+00,2.0000000000000000e+00,8.0000000000000004e-01,2,1,1,1.2499999999999999e-01,1.0035784769186733e-01,1.3367930642052733e-01,1.3284739960246761e-01,1.8671526003975307e+00,7.1149727973055688e-02,1.3284739960247438e-01,0,32768,98304,98304,32768,2.9103830456733704e-11,2.9417392014041773e-14,7.1054273576010019e-15,7.1364844284952658e-04,1.7400255263222485e-02,8.8857658763167766e+00,1.9582167148472110e-03,5.0462565332211264e-04,5.8041343849492512e-13,1.7507773009128869e-11,8.1649326374035529e-15,2.4628958905771303e-13,2.7300554921427399e-15,5.2580162446247414e-13,2.7139770346483098e-14,3.9478565638344939e+01,3.9478417604357432e+01,3.7497447083834173e-06,nan,1.2566369549284831e+01,1.2566370614359172e+01,1.0650743416107389e-06,3.0427049768633196e-15,3.0427049768633196e-15,2.7755575615628914e-15,2.0955459589799830e-15,1.6861512186494565e-15,1.6653345369377348e-15,2.8935187579293142e-15,3.0427049768633196e-15,167,3.1642208999999998e-02,8.5838911600000001e-01,1.4864031259259195e-03,1.5876833219000002e+01,9.5555463819999993e+00,2.9804672816000000e+01,1.1585156250000000e+02,1.1585156250000000e+02
exp2_distort,8,4,2,abc,0,int,0.0000000000000000e+00,2.0000000000000000e+00,2.0000000000000001e-01,3,1,1,1.2499999999999993e-01,1.2322952204185134e-01,1.2598475818881844e-01,9.2649746526762466e-01,1.0439887199432931e+00,9.1893997764276392e-01,9.8013872295354376e-01,0,32768,98304,98304,32768,7.2759576141834259e-12,1.3615526899669872e-14,7.1054273576010019e-15,6.3674093906236872e-05,1.1581220827943952e-03,8.8857658763165421e+00,1.3033452590520840e-04,4.5024383587009400e-05,4.7948990931439222e-13,5.4993787301782504e-12,6.7451966998194911e-15,7.7362193742295772e-14,2.2571691101525780e-15,1.7053025658242404e-13,2.2552106593858669e-14,3.9478418000811608e+01,3.9478417604357432e+01,1.0042301596986738e-08,nan,1.2566370527135948e+01,1.2566370614359172e+01,8.7223224198851312e-08,3.2474023470285829e-15,3.2474023470285829e-15,1.3739009929736312e-15,1.5265566588595902e-15,2.1857515797307769e-15,2.2620794126737565e-15,3.1537272793258353e-15,3.2474023470285829e-15,37,3.1691463000000003e-02,9.1247847299999996e-01,1.7959202347825926e-03,1.5227391799000001e+01,1.0003531551999998e+01,2.7231464050000000e+01,1.1558203125000000e+02,1.1558203125000000e+02
exp2_distort,8,4,2,abc,0,int,0.0000000000000000e+00,2.0000000000000000e+00,4.0000000000000002e-01,3,1,1,1.2499999999999990e-01,1.1702738289569216e-01,1.2890108385711807e-01,7.0598873552413544e-01,1.1759548797731729e+00,6.7299802743258152e-01,9.3085844961930686e-01,0,32768,98304,98304,32768,1.0913936421275139e-11,1.7492178411911887e-14,7.1054273576010019e-15,1.4193924960337039e-04,2.2283788582514235e-03,8.8857658763168157e+00,2.5078073058291012e-04,1.0036620591107241e-04,4.9408908828994249e-13,6.5130123516610183e-12,6.9505698097284320e-15,9.1621426367704982e-14,2.3423730854755179e-15,2.2085111517355926e-13,2.3604068204455526e-14,3.9478419806982039e+01,3.9478417604357432e+01,5.5793133079056544e-08,nan,1.2566370525219947e+01,1.2566370614359172e+01,8.9139225778467335e-08,3.6429192995512949e-15,3.6429192995512949e-15,2.2898349882893854e-15,2.2204460492503131e-15,2.0816681711721685e-15,2.4147350785597155e-15,2.9663771439203401e-15,3.6429192995512949e-15,60,3.2520419000000002e-02,9.3880163400000005e-01,1.5613713384615344e-03,1.2797669183000000e+01,8.5840063339999997e+00,2.3500216578000000e+01,1.1548437500000000e+02,1.1548437500000000e+02
exp2_distort,8,4,2,abc,0,int,0.0000000000000000e+00,2.0000000000000000e+00,8.0000000000000004e-01,3,1,0,1.2499999999999993e-01,7.1580246746905274e-02,1.3972523172114734e-01,-1.7605406227452244e-01,1.7038195190926919e+00,-1.7974263096601131e-01,7.7310165255358376e-01,360,nan,nan,nan,nan,nan,nan,nan,nan,nan,nan,nan,nan,nan,nan,nan,nan,nan,nan,nan,nan,nan,nan,nan,nan,nan,nan,nan,nan,nan,nan,nan,nan,nan,nan,nan,4.4618479000000003e-02,nan,nan,nan,nan,4.4719310999999998e-02,nan,nan
exp2_distort,8,4,4,abc,0,int,0.0000000000000000e+00,2.0000000000000000e+00,0.0000000000000000e+00,1,1,1,1.2499999999999999e-01,1.2499999999999839e-01,1.2499999999999993e-01,9.9999999999991895e-01,1.0000000000001066e+00,9.9999999999981593e-01,9.9999999999998646e-01,0,32768,98304,98304,32768,7.2759576141834259e-12,1.4210854715201455e-14,7.1054273576010019e-15,6.7192542997477680e-06,6.6688357420057766e-04,8.8857658763165563e+00,7.5050770353745009e-05,4.7512302798685770e-06,4.6976853550408012e-13,4.2845726966334041e-12,6.6084418333056311e-15,6.0272979789693442e-14,7.7781659599671769e-15,4.5818904226280210e-13,4.0608337450064337e-14,3.9478417548663906e+01,3.9478417604357432e+01,-1.4107334998426632e-09,nan,1.2566370525896858e+01,1.2566370614359172e+01,8.8462314806747600e-08,3.2335245592207684e-15,3.2335245592207684e-15,2.3592239273284576e-15,2.3731017151362721e-15,1.5334955527634975e-15,1.4571677198205180e-15,3.2335245592207684e-15,3.0461744238152733e-15,19,3.6424561500000002e-01,9.8256340799999986e-01,1.5554408923076852e-03,3.9541786227000003e+01,2.9706784157999998e+01,7.1559605065000000e+01,1.5042578125000000e+02,1.5042578125000000e+02
exp2_distort,8,4,4,abc,0,int,0.0000000000000000e+00,2.0000000000000000e+00,1.0000000000000001e-01,1,1,1,1.2499999999999999e-01,1.2464867902487024e-01,1.2530644266260854e-01,9.9000426006188302e-01,1.0099957399381645e+00,9.8596138188953353e-01,9.9497582810776808e-01,0,32768,98304,98304,32768,7.2759576141834259e-12,1.4091369454682260e-14,7.1054273576010019e-15,5.6804503810574416e-05,7.5643734541581010e-04,8.8857658763165990e+00,8.5129110528554101e-05,4.0166849846393956e-05,4.6920726699040389e-13,4.6327386371558532e-12,6.6005462207961005e-15,6.5170784117545499e-14,3.6963981485233816e-06,4.9527049128528233e-13,4.4296001616401389e-14,3.9478417610434384e+01,3.9478417604357432e+01,1.5393099935328465e-10,nan,1.2566370525273497e+01,1.2566370614359172e+01,8.9085675725186775e-08,3.3376079677793768e-15,3.3376079677793768e-15,2.4980018054066022e-15,2.8310687127941492e-15,2.5812685322534890e-15,1.5820678100908481e-15,3.3063829452117943e-15,3.3376079677793768e-15,31,3.7070488499999998e-01,1.0065893849999998e+00,1.3725508066666711e-03,4.5003582532000003e+01,3.0044253679000008e+01,7.8015931003999995e+01,1.5069531250000000e+02,1.5069531250000000e+02
exp2_distort,8,4,4,abc,0,int,0.0000000000000000e+00,2.0000000000000000e+00,2.0000000000000001e-01,1,1,1,1.2499999999999989e-01,1.2356758252878047e-01,1.2623133644748893e-01,9.6001704024758694e-01,1.0399829597524644e+00,9.4500363696543832e-01,9.7959606343016181e-01,0,32768,98304,98304,32768,7.2759576141834259e-12,1.3727890650650690e-14,7.1054273576010019e-15,1.1450302156027441e-04,9.9403373416058309e-04,8.8857658763167393e+00,1.1186809870941844e-04,8.0965863011618231e-05,4.7478793519307835e-13,4.3558490148143392e-12,6.6790519495136010e-15,6.1275655293034372e-14,9.5364433973265673e-06,5.2088888757850782e-13,4.4816574145177515e-14,3.9478417810565446e+01,3.9478417604357432e+01,5.2233100193153450e-09,nan,1.2566370522784361e+01,1.2566370614359172e+01,9.1574811733607930e-08,3.3306690738754696e-15,3.3306690738754696e-15,2.3314683517128287e-15,3.3306690738754696e-15,1.4988010832439613e-15,1.9290125052862095e-15,3.3271996269235160e-15,3.2196467714129540e-15,35,2.2966562300000001e-01,8.2393301099999994e-01,1.6327258320000056e-03,4.5099510989999999e+01,3.2547809635000000e+01,8.0023091492000006e+01,1.5071875000000000e+02,1.5071875000000000e+02
exp2_distort,8,4,4,abc,0,int,0.0000000000000000e+00,2.0000000000000000e+00,2.9999999999999999e-01,1,1,1,1.2499999999999999e-01,1.2169405159193558e-01,1.2776922343616595e-01,9.1003834055708710e-01,1.0899616594429660e+00,8.8037018609437800e-01,9.5289049305385876e-01,0,32768,98304,98304,32768,7.2759576141834259e-12,1.3112883769396104e-14,7.1054273576010019e-15,1.7548166886520482e-04,1.3434828999369709e-03,8.8857658763167979e+00,1.5119494691141384e-04,1.2408427802851888e-04,4.8212716083890820e-13,5.5093707373998768e-12,6.7822960838401115e-15,7.7502755728743419e-14,1.8546022829871113e-05,5.4711790653527714e-13,4.5782268533785720e-14,3.9478418199227882e+01,3.9478417604357432e+01,1.5068244521598377e-08,nan,1.2566370516501648e+01,1.2566370614359172e+01,9.7857524750111224e-08,2.8900493109773606e-15,2.8900493109773606e-15,2.6645352591003757e-15,2.5396351688300456e-15,1.6514567491299204e-15,1.8457457784393227e-15,2.8900493109773606e-15,2.8796409701214998e-15,39,3.6021639599999999e-01,9.1934395199999996e-01,1.4755053285714580e-03,4.5673758520000000e+01,2.8136417001000005e+01,7.6939984831000004e+01,1.5054296875000000e+02,1.5054296875000000e+02
exp2_distort,8,4,4,abc,0,int,0.0000000000000000e+00,2.0000000000000000e+00,4.0000000000000002e-01,1,1,1,1.2500000000000000e-01,1.1892771133907971e-01,1.2989745774576344e-01,8.4006816099038462e-01,1.1599318390096687e+00,7.9553614581819543e-01,9.1306644368663570e-01,0,32768,98304,98304,32768,7.2759576141834259e-12,1.2238814277207682e-14,7.1054273576010019e-15,2.4169428091754905e-04,1.8062670212995022e-03,8.8857658763166150e+00,2.0327645882655730e-04,1.7090366501080329e-04,4.9063137534729235e-13,5.6339377607628194e-12,6.9019286319339761e-15,7.9255095159819749e-14,3.1185000027359842e-05,8.1556983388963999e-13,4.5580326476013537e-14,3.9478418885418698e+01,3.9478417604357432e+01,3.2449660946263426e-08,nan,1.2566370502950051e+01,1.2566370614359172e+01,1.1140912192786345e-07,3.3653635433950058e-15,3.3653635433950058e-15,2.5257573810222311e-15,2.7061686225238191e-15,1.9984014443252818e-15,1.1796119636642288e-15,2.8900493109773606e-15,3.3653635433950058e-15,45,1.8578689100000001e-01,4.7913996299999995e-01,8.1423673200001190e-04,2.5137289323000001e+01,1.7127314172999998e+01,4.4022546785000003e+01,1.5044140625000000e+02,1.5044140625000000e+02
exp2_distort,8,4,4,abc,0,int,0.0000000000000000e+00,2.0000000000000000e+00,5.9999999999999998e-01,1,1,1,1.2500000000000003e-01,1.0999640201337521e-01,1.3576758762473007e-01,6.4015336222839658e-01,1.3598466377716638e+00,5.5960579499753926e-01,7.8402433682874850e-01,0,32768,98304,98304,32768,1.4551915228366852e-11,1.9366698650373888e-14,7.1054273576010019e-15,4.0186784879082520e-04,3.2329276217235286e-03,8.8857658763166203e+00,3.6383218584908978e-04,2.8416348102084288e-04,5.2524406362363016e-13,8.2707174442475662e-12,7.3888406319534589e-15,1.1634784158408406e-13,6.9247600838333767e-05,5.8619775700208265e-13,4.7713570416889777e-14,3.9478422249856152e+01,3.9478417604357432e+01,1.1767185722791705e-07,nan,1.2566370429831746e+01,1.2566370614359172e+01,1.8452742622798723e-07,3.1901564723213482e-15,3.1901564723213482e-15,2.5673907444456745e-15,1.6930901125533637e-15,1.3877787807814457e-15,1.3877787807814457e-15,3.1901564723213482e-15,2.7478019859472624e-15,77,1.8893596499999998e-01,4.4361167099999999e-01,7.5753541509434317e-04,2.5088097687000001e+01,1.7464516645000000e+01,4.4552009454999997e+01,1.5070312500000000e+02,1.5070312500000000e+02
exp2_distort,8,4,4,abc,0,int,0.0000000000000000e+00,2.0000000000000000e+00,8.0000000000000004e-01,1,1,1,1.2499999999999996e-01,9.3781343704927023e-02,1.4345208455373973e-01,3.6027264396160907e-01,1.6397273560384824e+00,2.7974433868123877e-01,6.6781688982647147e-01,0,32768,98304,98304,32768,2.1827872842550278e-11,1.8003658574708491e-14,7.1054273576010019e-15,6.3726697215098238e-04,5.9266395959744851e-03,8.8857658763166185e+00,6.6698129102983205e-04,4.5061579743417324e-04,5.9116078480815065e-13,1.0132561456543954e-11,8.3161203130472583e-15,1.4253922505923823e-13,1.3156103195314717e-04,1.2363443602225743e-12,5.3576249631861868e-14,3.9478433941683463e+01,3.9478417604357432e+01,4.1382930274481418e-07,nan,1.2566370225130308e+01,1.2566370614359172e+01,3.8922886425041270e-07,3.0873741063697224e-15,3.0873741063697224e-15,2.3314683517128287e-15,1.9012569296705806e-15,1.0269562977782698e-15,1.4294121442048890e-15,3.0873741063697224e-15,2.8171909249863347e-15,161,1.8521597800000000e-01,4.5689366399999998e-01,6.8997301379310921e-04,2.3530426356000000e+01,1.4146534191000001e+01,4.1136077591000003e+01,1.5028906250000000e+02,1.5028906250000000e+02
exp2_distort,8,4,4,abc,0,int,0.0000000000000000e+00,2.0000000000000000e+00,2.0000000000000001e-01,2,1,1,1.2499999999999978e-01,1.2365592290496495e-01,1.2549658420339505e-01,9.6022359833038218e-01,1.0397764016696802e+00,9.2349047044006416e-01,9.6005925267916481e-01,0,32768,98304,98304,32768,7.2759576141834259e-12,1.3757354548949440e-14,7.1054273576010019e-15,5.1500892334814335e-04,4.5745165494175000e-03,8.8857658763166967e+00,5.1481398599641205e-04,3.6416630207104995e-04,4.7270520968007513e-13,5.2295945351943374e-12,6.6497533282412281e-15,7.3567020108148592e-14,1.7811151881405455e-04,4.7939430203314259e-13,4.5973832012927534e-14,3.9478427336500438e+01,3.9478417604357432e+01,2.4651806218982831e-07,nan,1.2566370381845314e+01,1.2566370614359172e+01,2.3251385883327202e-07,2.9282132274488504e-15,2.9282132274488504e-15,2.8033131371785203e-15,2.6784130469081902e-15,1.6583956430338276e-15,1.7902346272080649e-15,2.7547408798511697e-15,2.9282132274488504e-15,35,1.8590213799999999e-01,4.6320041999999995e-01,8.2661625306122179e-04,2.5203028316000001e+01,1.7146214067000003e+01,4.3908713595999998e+01,1.5053906250000000e+02,1.5053906250000000e+02
exp2_distort,8,4,4,abc,0,int,0.0000000000000000e+00,2.0000000000000000e+00,4.0000000000000002e-01,2,1,1,1.2499999999999968e-01,1.1907266566398325e-01,1.2728424621711640e-01,8.4089439332157334e-01,1.1591056066784895e+00,7.2546831667154843e-01,8.4031900061317644e-01,0,32768,98304,98304,32768,7.2759576141834259e-12,1.2283620459881354e-14,7.1054273576010019e-15,1.1489956107400892e-03,1.2818990920799527e-02,8.8857658763168299e+00,1.4426433353331867e-03,8.1246258790790423e-04,4.8640683529295019e-13,5.9117155615240335e-12,6.8425001578840505e-15,8.3162718383123184e-14,6.2851166536635262e-04,4.9027448767446913e-13,4.3228575552050510e-14,3.9478497531735108e+01,3.9478417604357432e+01,2.0245841278994886e-06,nan,1.2566369904497197e+01,1.2566370614359172e+01,7.0986197542310947e-07,3.1780134079895106e-15,3.1780134079895106e-15,2.9143354396410359e-15,2.6922908347160046e-15,1.7971735211119721e-15,7.7715611723760958e-16,2.7686186676589841e-15,3.1780134079895106e-15,42,1.8722075400000002e-01,4.6131238500000005e-01,8.3080455510205252e-04,2.5243967992000002e+01,1.7127523608999997e+01,4.4048572024000002e+01,1.5036718750000000e+02,1.5036718750000000e+02
exp2_distort,8,4,4,abc,0,int,0.0000000000000000e+00,2.0000000000000000e+00,8.0000000000000004e-01,2,1,1,1.2500000000000028e-01,9.1621440439311086e-02,1.3597009796871268e-01,3.6357757328636942e-01,1.6364224267137240e+00,2.2217831248897649e-01,3.6258448153568518e-01,0,32768,98304,98304,32768,2.1827872842550278e-11,1.6788146914275479e-14,7.1054273576010019e-15,3.3899748743802874e-03,5.2153933520954945e-02,8.8857658763167446e+00,5.8693796625860876e-03,2.3970742217263689e-03,5.9287486679423480e-13,1.7302048682665827e-11,8.3402330627237644e-15,2.4339557393669721e-13,2.7433787993785528e-03,1.1525780330146063e-12,5.2635562513933490e-14,3.9479766766061431e+01,3.9478417604357432e+01,3.4174665193520534e-05,nan,1.2566367190717235e+01,1.2566370614359172e+01,3.4236419370614612e-06,3.4208746946262636e-15,3.4208746946262636e-15,1.6930901125533637e-15,2.7616797737550769e-15,2.0816681711721685e-15,1.8179902028236938e-15,3.4208746946262636e-15,3.2855662635000726e-15,128,1.9495980700000001e-01,4.8019216399999998e-01,7.1377503508771197e-04,2.2380763009999999e+01,1.5180826195999998e+01,4.0603003068000000e+01,1.5050000000000000e+02,1.5050000000000000e+02
exp2_distort,8,4,4,abc,0,int,0.0000000000000000e+00,2.0000000000000000e+00,2.0000000000000001e-01,3,1,1,1.2500000000000014e-01,1.2300275236872166e-01,1.2602821721096183e-01,9.3285052725787698e-01,1.0399829597524644e+00,9.3032353063326334e-01,9.7870783208045053e-01,0,32768,98304,98304,32768,7.2759576141834259e-12,1.3540498363396638e-14,7.1054273576010019e-15,2.7913821133178471e-04,2.3047442474866476e-03,8.8857658763164515e+00,2.5937485632269069e-04,1.9738052212099025e-04,4.7581815149533608e-13,5.1727511163335294e-12,6.6935444580465448e-15,7.2767378585236160e-14,6.8358555576450146e-05,4.8297477128755872e-13,4.4080739747764091e-14,3.9478419855599228e+01,3.9478417604357432e+01,5.7024620850032457e-08,nan,1.2566370485614829e+01,1.2566370614359172e+01,1.2874434318632666e-07,3.4035274598664955e-15,3.4035274598664955e-15,2.2759572004815709e-15,2.7339241981394480e-15,2.1857515797307769e-15,1.3877787807814457e-15,3.4035274598664955e-15,3.2404634531246757e-15,37,1.8062373900000001e-01,4.5660960200000000e-01,8.4939546250000224e-04,2.4788974111000002e+01,1.6978454371000002e+01,4.3381892362000002e+01,1.5034375000000000e+02,1.5034375000000000e+02
exp2_distort,8,4,4,abc,0,int,0.0000000000000000e+00,2.0000000000000000e+00,4.0000000000000002e-01,3,1,1,1.2500000000000000e-01,1.1590736856713288e-01,1.2906503978753789e-01,7.3139118563991756e-01,1.1599318390096687e+00,7.1559093522827522e-01,9.2133939986962898e-01,0,32768,98304,98304,32768,1.0913936421275139e-11,1.6994741303997376e-14,7.1054273576010019e-15,6.0172881942019787e-04,5.6256571072548093e-03,8.8857658763168139e+00,6.3310886034583067e-04,4.2548652864740161e-04,4.9387331321253662e-13,6.8949290721320722e-12,6.9475344062470553e-15,9.6994017849787878e-14,2.1509969454585796e-04,5.8897331456364554e-13,4.6296441764936501e-14,3.9478432113457011e+01,3.9478417604357432e+01,3.6751978572396172e-07,nan,1.2566370196230075e+01,1.2566370614359172e+01,4.1812909756799854e-07,3.4555691641457997e-15,3.4555691641457997e-15,3.3445468616832841e-15,2.9282132274488504e-15,1.9359513991901167e-15,1.6375789613221059e-15,3.2751579226442118e-15,3.4555691641457997e-15,58,1.9171042199999999e-01,4.7938809700000007e-01,8.0573881600000158e-04,2.5030344602000000e+01,1.7198746203000002e+01,4.4181790698000000e+01,1.5057421875000000e+02,1.5057421875000000e+02
exp2_distort,8,4,4,abc,0,int,0.0000000000000000e+00,2.0000000000000000e+00,8.0000000000000004e-01,3,1,0,1.2500000000000006e-01,5.3109195665591080e-02,1.4026868561095251e-01,-7.5991711798531203e-02,1.6397273560384824e+00,-7.9924330694864001e-02,7.3979116682086155e-01,680,nan,nan,nan,nan,nan,nan,nan,nan,nan,nan,nan,nan,nan,nan,nan,nan,nan,nan,nan,nan,nan,nan,nan,nan,nan,nan,nan,nan,nan,nan,nan,nan,nan,nan,nan,1.8925188100000001e-01,nan,nan,nan,nan,1.8934915099999999e-01,nan,nan
exp2_distort,8,4,2,abc,0,pt,0.0000000000000000e+00,2.0000000000000000e+00,0.0000000000000000e+00,1,1,1,1.2499999999999999e-01,1.2500000000000003e-01,1.2500000000000003e-01,9.9999999999998312e-01,1.0000000000000142e+00,9.9999999999997358e-01,9.9999999999999811e-01,0,32768,98304,98304,32768,7.2759576141834259e-12,1.4210854715202013e-14,7.1054273576010019e-15,6.7192542999731719e-06,6.6688357420214639e-04,8.8857658763168121e+00,7.5050770353919389e-05,4.7512302800278632e-06,4.7008945246072707e-13,4.5008441418303846e-12,6.6129563141210772e-15,6.3315365896406032e-14,2.4394685550473009e-15,6.3948846218409017e-13,7.9516272592649350e-14,3.9478417548663181e+01,3.9478417604357432e+01,-1.4107518580655723e-09,nan,1.2566370525896870e+01,1.2566370614359172e+01,8.8462302372249724e-08,3.2890357104520263e-15,3.2890357104520263e-15,2.5118795932144167e-15,1.5404344466674047e-15,1.7139067942650854e-15,2.0261570199409107e-15,3.0357660829594124e-15,3.2890357104520263e-15,19,2.4914954999999999e-02,4.5963030900000001e-01,8.2270298367346866e-04,9.5464103799999989e-01,5.0286022969999999e+00,6.9295924360000001e+00,1.1579296875000000e+02,1.1579296875000000e+02
exp2_distort,8,4,2,abc,0,pt,0.0000000000000000e+00,2.0000000000000000e+00,1.0000000000000001e-01,1,1,1,1.2499999999999996e-01,1.2466645136747069e-01,1.2529100697773868e-01,9.8900282001417639e-01,1.0109971799858235e+00,9.8493552836575804e-01,9.9447100834892510e-01,0,32768,98304,98304,32768,7.2759576141834259e-12,1.4097397734077729e-14,7.1054273576010019e-15,2.3197166770754526e-05,7.0819297735198532e-04,8.8857658763168832e+00,7.9699711562232690e-05,1.6402873927915650e-05,4.7231708235622652e-13,5.7660543006932130e-12,6.6442933694534834e-15,8.1113636980654091e-14,2.5544087167762732e-15,7.1054273576010019e-13,8.1001531243973288e-14,3.9478417577005274e+01,3.9478417604357432e+01,-6.9283825269011700e-10,nan,1.2566370525877277e+01,1.2566370614359172e+01,8.8481895588188308e-08,3.3306690738754696e-15,3.3306690738754696e-15,1.6375789613221059e-15,2.7616797737550769e-15,1.5890067039947553e-15,2.2759572004815709e-15,3.3306690738754696e-15,3.2127078775090467e-15,31,2.3105815000000002e-02,4.2087579199999997e-01,8.2626609387755155e-04,9.5198800300000008e-01,4.9335968929999998e+00,6.8504005379999997e+00,1.1531640625000000e+02,1.1531640625000000e+02
exp2_distort,8,4,2,abc,0,pt,0.0000000000000000e+00,2.0000000000000000e+00,2.0000000000000001e-01,1,1,1,1.2500000000000014e-01,1.2364100839360631e-01,1.2616939861386536e-01,9.5601128005670688e-01,1.0439887199432931e+00,9.4107365484566330e-01,9.7751100906636046e-01,0,32768,98304,98304,32768,7.2759576141834259e-12,1.3752377202074899e-14,7.1054273576010019e-15,4.5978810894785929e-05,8.2248100563766927e-04,8.8857658763168903e+00,9.2561633638110660e-05,3.2511928974597084e-05,4.8079319645767268e-13,6.7321703767220242e-12,6.7635306166900702e-15,9.4704419270504212e-14,2.5957152655556097e-15,7.3896444519050419e-13,7.9550868418878016e-14,3.9478417663544604e+01,3.9478417604357432e+01,1.4992285934451778e-09,nan,1.2566370525582091e+01,1.2566370614359172e+01,8.8777081685975645e-08,3.1918911957973251e-15,3.1918911957973251e-15,2.6506574712925612e-15,3.1641356201816961e-15,1.9081958235744878e-15,1.7763568394002505e-15,3.1363800445660672e-15,3.1918911957973251e-15,35,2.2895741000000001e-02,4.1324278200000003e-01,7.3836840363636390e-04,9.1554140399999995e-01,4.7703869470000004e+00,6.7105675350000000e+00,1.1556640625000000e+02,1.1556640625000000e+02
exp2_distort,8,4,2,abc,0,pt,0.0000000000000000e+00,2.0000000000000000e+00,2.9999999999999999e-01,1,1,1,1.2499999999999999e-01,1.2186684086395777e-01,1.2763075671059632e-01,9.0102538012759037e-01,1.0989746198724100e+00,8.7212521931715004e-01,9.4793619227442238e-01,0,32768,98304,98304,32768,7.2759576141834259e-12,1.3168818736248560e-14,7.1054273576010019e-15,7.0790547847653546e-05,9.9531521629985680e-04,8.8857658763168921e+00,1.1201231611927302e-04,5.0056476426986136e-05,4.8724326063564831e-13,4.7655213109010219e-12,6.8542665232477442e-15,6.7038696737476770e-14,2.6445948843170979e-15,8.8107299234252423e-13,8.2139265281217595e-14,3.9478417816509094e+01,3.9478417604357432e+01,5.3738643655314166e-09,nan,1.2566370524268802e+01,1.2566370614359172e+01,9.0090370719053681e-08,3.3861802251067274e-15,3.3861802251067274e-15,2.3314683517128287e-15,2.5535129566378600e-15,1.9151347174783950e-15,1.1934897514720433e-15,3.3861802251067274e-15,3.1849523018934178e-15,39,2.3068087000000001e-02,4.3487588200000005e-01,8.1201595599999978e-04,9.6358843199999999e-01,4.8799315040000000e+00,6.9312204030000002e+00,1.1569140625000000e+02,1.1569140625000000e+02
exp2_distort,8,4,2,abc,0,pt,0.0000000000000000e+00,2.0000000000000000e+00,4.0000000000000002e-01,1,1,1,1.2500000000000000e-01,1.1925374953999987e-01,1.2965504509962972e-01,8.2404512022682730e-01,1.1759548797731729e+00,7.7635182074793141e-01,9.0353589512561516e-01,0,32768,98304,98304,32768,7.2759576141834259e-12,1.2339747953653722e-14,7.1054273576010019e-15,9.8253044586829369e-05,1.2246274011734313e-03,8.8857658763168015e+00,1.3781900381118820e-04,6.9475394099571263e-05,4.8890547772542097e-13,6.1106675275368616e-12,6.8776496664809011e-15,8.5961463713324939e-14,2.7017727835789361e-15,8.7416185401423263e-13,8.3164846211168592e-14,3.9478418059510346e+01,3.9478417604357432e+01,1.1529158008069293e-08,nan,1.2566370520598820e+01,1.2566370614359172e+01,9.3760352370964029e-08,3.2612801348363973e-15,3.2612801348363973e-15,1.9290125052862095e-15,2.7616797737550769e-15,1.7347234759768071e-15,1.6098233857064770e-15,3.0340313594834356e-15,3.2612801348363973e-15,46,2.2780817999999998e-02,4.3609120000000001e-01,7.1851547142857215e-04,7.4124531899999990e-01,4.6965771820000004e+00,6.5200952310000000e+00,1.1568750000000000e+02,1.1568750000000000e+02
exp2_distort,8,4,2,abc,0,pt,0.0000000000000000e+00,2.0000000000000000e+00,5.9999999999999998e-01,1,1,1,1.2499999999999989e-01,1.1087472619203297e-01,1.3525056286954887e-01,6.0410152051035815e-01,1.3958984794896396e+00,5.2110526419784420e-01,7.8434038024659747e-01,0,32768,98304,98304,32768,1.4551915228366852e-11,1.9834343812757364e-14,7.1054273576010019e-15,1.6664261495256017e-04,1.9363849709068044e-03,8.8857658763165137e+00,2.1791987295860526e-04,1.1783412306761380e-04,5.2862475853650729e-13,7.5601747084874660e-12,7.4363983630474890e-15,1.0635232254765189e-13,2.9010849048750378e-15,9.9920072216264089e-13,8.8916545786980386e-14,3.9478419109707865e+01,3.9478417604357432e+01,3.8130971910712447e-08,nan,1.2566370496800371e+01,1.2566370614359172e+01,1.1755880180430722e-07,3.5249581031848720e-15,3.5249581031848720e-15,2.9143354396410359e-15,2.2482016248659420e-15,1.7624790515924360e-15,1.6237011735142914e-15,3.0999508515705543e-15,3.5249581031848720e-15,80,2.3073237999999999e-02,4.4157177599999997e-01,7.4686508148148105e-04,9.2929259900000016e-01,4.8112445859999999e+00,7.1724016050000001e+00,1.1555078125000000e+02,1.1555078125000000e+02
exp2_distort,8,4,2,abc,0,pt,0.0000000000000000e+00,2.0000000000000000e+00,2.0000000000000001e-01,3,1,1,1.2499999999999993e-01,1.2322952204185134e-01,1.2598475818881844e-01,9.2649746526762466e-01,1.0439887199432931e+00,9.1893997764276392e-01,9.8013872295354376e-01,0,32768,98304,98304,32768,7.2759576141834259e-12,1.3615526899669872e-14,7.1054273576010019e-15,6.3718919245486888e-05,1.1578527055869190e-03,8.8857658763165421e+00,1.3030421031832195e-04,4.5056079888362076e-05,4.7929507988516893e-13,5.2864379540551454e-12,6.7424559480382838e-15,7.4366661631064634e-14,2.5909169880984004e-15,8.4554585555451922e-13,8.1205854091929360e-14,3.9478417999597063e+01,3.9478417604357432e+01,1.0011536815042807e-08,nan,1.2566370526848702e+01,1.2566370614359172e+01,8.7510469981566530e-08,2.9906632725840154e-15,2.9906632725840154e-15,2.8449465006019636e-15,2.5951463200613034e-15,2.5118795932144167e-15,2.1649348980190553e-15,2.9906632725840154e-15,2.9837243786801082e-15,37,2.3504793000000000e-02,3.6272817499999999e-01,7.1881375000000004e-04,7.4228861400000001e-01,4.5632479979999996e+00,6.2740285770000002e+00,1.1550390625000000e+02,1.1550390625000000e+02
exp2_distort,8,4,2,abc,0,pt,0.0000000000000000e+00,2.0000000000000000e+00,4.0000000000000002e-01,3,1,1,1.2499999999999990e-01,1.1702738289569216e-01,1.2890108385711807e-01,7.0598873552413544e-01,1.1759548797731729e+00,6.7299802743258152e-01,9.3085844961930686e-01,0,32768,98304,98304,32768,1.0913936421275139e-11,1.7492178411911887e-14,7.1054273576010019e-15,1.4205132002618326e-04,2.2278287430460334e-03,8.8857658763168157e+00,2.5071882087101275e-04,1.0044545166701384e-04,4.9494593301971485e-13,6.7075234255753458e-12,6.9626234236444827e-15,9.4357699703928548e-14,2.7270821357758839e-15,8.5170759334118884e-13,8.4985837325686233e-14,3.9478419798167039e+01,3.9478417604357432e+01,5.5569846513378845e-08,nan,1.2566370522797929e+01,1.2566370614359172e+01,9.1561243920068591e-08,3.1016855750465311e-15,3.1016855750465311e-15,2.7339241981394480e-15,1.9567680809018384e-15,1.8249290967276011e-15,1.4432899320127035e-15,3.0635216585750413e-15,3.1016855750465311e-15,60,2.3425754999999999e-02,4.3811771299999996e-01,7.2820946909090876e-04,9.5584260899999995e-01,4.9585331760000004e+00,7.1842352290000004e+00,1.1568359375000000e+02,1.1568359375000000e+02
exp2_distort,8,4,2,abc,0,pt,0.0000000000000000e+00,2.0000000000000000e+00,8.0000000000000004e-01,3,1,0,1.2499999999999993e-01,7.1580246746905274e-02,1.3972523172114734e-01,-1.7605406227452244e-01,1.7038195190926919e+00,-1.7974263096601131e-01,7.7310165255358376e-01,360,nan,nan,nan,nan,nan,nan,nan,nan,nan,nan,nan,nan,nan,nan,nan,nan,nan,nan,nan,nan,nan,nan,nan,nan,nan,nan,nan,nan,nan,nan,nan,nan,nan,nan,nan,2.5289484000000001e-02,nan,nan,nan,nan,2.5379204999999998e-02,nan,nan
exp2_distort,8,4,2,abc,1,int,0.0000000000000000e+00,2.0000000000000000e+00,0.0000000000000000e+00,1,1,1,1.2499999999999999e-01,1.2500000000000003e-01,1.2500000000000003e-01,9.9999999999998312e-01,1.0000000000000142e+00,9.9999999999997358e-01,9.9999999999999811e-01,0,32768,98304,98304,32768,7.2759576141834259e-12,1.4210854715202013e-14,7.1054273576010019e-15,6.7192542999690833e-06,6.6688357420209793e-04,8.9071227233442105e+00,7.4870819109104417e-05,4.7512302800249715e-06,4.6757042585675307e-13,4.3200998334214091e-12,6.5617489561376841e-15,6.0627039275251669e-14,2.2121024183932333e-15,1.0066947275788607e-13,1.9838483782295736e-14,3.9668417548663975e+01,3.9668417604357430e+01,-1.4039747119848329e-09,nan,1.2566370525896875e+01,1.2566370614359172e+01,8.8462297043179206e-08,4.6629367034256575e-15,3.3133218391157016e-15,2.2204460492503131e-15,1.8318679906315083e-15,1.5543122344752192e-15,1.8041124150158794e-15,4.6629367034256575e-15,2.3314683517128287e-15,19,2.2546432000000002e-02,4.2916693699999997e-01,7.5622546037736049e-04,7.8477970360000002e+00,4.9530590159999992e+00,1.3716163655999999e+01,1.1564062500000000e+02,1.1564062500000000e+02
exp2_distort,8,4,2,abc,1,int,0.0000000000000000e+00,2.0000000000000000e+00,2.0000000000000001e-01,1,1,1,1.2500000000000014e-01,1.2364100839360631e-01,1.2616939861386536e-01,9.5601128005670688e-01,1.0439887199432931e+00,9.4107365484566330e-01,9.7751100906636046e-01,0,32768,98304,98304,32768,7.2759576141834259e-12,1.3752377202074899e-14,7.1054273576010019e-15,4.5946149240408623e-05,8.2255186233853611e-04,8.9071227233441874e+00,9.2347651187375603e-05,3.2488833697302123e-05,4.7407454676729185e-13,4.6036507939106741e-12,6.6530259194253684e-15,6.4606311949722332e-14,2.2643063861426261e-15,1.7053025658242404e-13,2.2909621298338361e-14,3.9668417663375337e+01,3.9668417604357430e+01,1.4877807225521007e-09,nan,1.2566370525509399e+01,1.2566370614359172e+01,8.8849773760557582e-08,3.6082248300317588e-15,3.5041414214731503e-15,2.9420910152566648e-15,2.0539125955565396e-15,1.1102230246251565e-15,1.6930901125533637e-15,3.6082248300317588e-15,2.4424906541753444e-15,35,1.9082613000000002e-02,4.2208032699999998e-01,7.9374808627450863e-04,8.1914552860000001e+00,4.8890102189999993e+00,1.4121415187000000e+01,1.1555078125000000e+02,1.1555078125000000e+02
exp2_distort,8,4,2,abc,1,int,0.0000000000000000e+00,2.0000000000000000e+00,4.0000000000000002e-01,1,1,1,1.2500000000000000e-01,1.1925374953999987e-01,1.2965504509962972e-01,8.2404512022682730e-01,1.1759548797731729e+00,7.7635182074793141e-01,9.0353589512561516e-01,0,32768,98304,98304,32768,7.2759576141834259e-12,1.2339747953653722e-14,7.1054273576010019e-15,9.8182349362817243e-05,1.2247959334378557e-03,8.9071227233441590e+00,1.3750747255652596e-04,6.9425405027274788e-05,4.9196435009159343e-13,4.6759263128137718e-12,6.9040862769611441e-15,6.5620605806840813e-14,2.3242056732072078e-15,2.3697710460623966e-13,2.3182977504104903e-14,3.9668418055937380e+01,3.9668417604357430e+01,1.1383865997034557e-08,nan,1.2566370519397353e+01,1.2566370614359172e+01,9.4961819741001818e-08,4.0523140398818214e-15,3.3098523921637479e-15,2.2204460492503131e-15,1.8318679906315083e-15,1.1379786002407855e-15,2.2204460492503131e-15,4.0523140398818214e-15,2.6645352591003757e-15,46,2.3497765000000000e-02,4.3859075000000003e-01,8.1146793199999938e-04,7.7921725920000000e+00,4.8666854999999991e+00,1.3804141982000001e+01,1.1558203125000000e+02,1.1558203125000000e+02
exp2_distort,8,4,2,abc,1,int,0.0000000000000000e+00,2.0000000000000000e+00,5.9999999999999998e-01,1,1,1,1.2499999999999989e-01,1.1087472619203297e-01,1.3525056286954887e-01,6.0410152051035815e-01,1.3958984794896396e+00,5.2110526419784420e-01,7.8434038024659747e-01,0,32768,98304,98304,32768,1.4551915228366852e-11,1.9834343812757364e-14,7.1054273576010019e-15,1.6649942013175823e-04,1.9364868456609459e-03,8.9071227233445214e+00,2.1740879808309382e-04,1.1773286903879395e-04,5.2006274607381739e-13,8.2707174442475662e-12,7.2984110894586884e-15,1.1606887124406323e-13,2.4500048926768432e-15,2.1316282072803006e-13,2.3999227504793481e-14,3.9668419089746934e+01,3.9668417604357430e+01,3.7445141337782946e-08,nan,1.2566370490404523e+01,1.2566370614359172e+01,1.2395464921155508e-07,3.8857805861880479e-15,3.3584246494910985e-15,2.3869795029440866e-15,9.9920072216264089e-16,1.2767564783189300e-15,2.4424906541753444e-15,3.8857805861880479e-15,2.6645352591003757e-15,80,2.0681337999999997e-02,3.5765615500000003e-01,7.3740950545454547e-04,7.4178543929999998e+00,4.8818704530000012e+00,1.3648003526000000e+01,1.1546484375000000e+02,1.1546484375000000e+02
exp2_distort,8,4,2,abc,1,int,0.0000000000000000e+00,2.0000000000000000e+00,4.0000000000000002e-01,3,1,1,1.2499999999999990e-01,1.1702738289569216e-01,1.2890108385711807e-01,7.0598873552413544e-01,1.1759548797731729e+00,6.7299802743258152e-01,9.3085844961930686e-01,0,32768,98304,98304,32768,1.0913936421275139e-11,1.7492178411911887e-14,7.1054273576010019e-15,1.4193924960337039e-04,2.2283788582514266e-03,8.9071227233442585e+00,2.5017942689968482e-04,1.0036620591107241e-04,4.9547123652528197e-13,6.6227023864939838e-12,6.9533009131378128e-15,9.2941101635672565e-14,2.3423730854755179e-15,2.2085111517355926e-13,2.3604068204455526e-14,3.9668419806982847e+01,3.9668417604357430e+01,5.5525920875836784e-08,nan,1.2566370525219947e+01,1.2566370614359172e+01,8.9139225778467335e-08,3.7192471324942744e-15,3.6429192995512949e-15,2.4980018054066022e-15,4.4408920985006262e-16,1.2767564783189300e-15,2.1094237467877974e-15,3.7192471324942744e-15,2.4424906541753444e-15,60,1.9502518000000000e-02,3.6503467400000000e-01,7.3582817818181859e-04,6.4701447769999998e+00,3.8627999449999999e+00,1.1422241965000000e+01,1.1554687500000000e+02,1.1554687500000000e+02
exp2_distort,8,4,2,abc,1,pt,0.0000000000000000e+00,2.0000000000000000e+00,0.0000000000000000e+00,1,1,1,1.2499999999999999e-01,1.2500000000000003e-01,1.2500000000000003e-01,9.9999999999998312e-01,1.0000000000000142e+00,9.9999999999997358e-01,9.9999999999999811e-01,0,32768,98304,98304,32768,7.2759576141834259e-12,1.4210854715202013e-14,7.1054273576010019e-15,6.7192542999731719e-06,6.6688357420217903e-04,8.9071227233442105e+00,7.4870819109113524e-05,4.7512302800278632e-06,4.7742783141384868e-13,4.3858250364792184e-12,6.7000849522734069e-15,6.1549407882646533e-14,2.4394685550473009e-15,6.3948846218409017e-13,7.9516272592649350e-14,3.9668417548663953e+01,3.9668417604357430e+01,-1.4039752493463754e-09,nan,1.2566370525896870e+01,1.2566370614359172e+01,8.8462302372249724e-08,3.3306690738754696e-15,3.2890357104520263e-15,2.8310687127941492e-15,1.7208456881689926e-15,1.1102230246251565e-15,1.6098233857064770e-15,3.3306690738754696e-15,2.8865798640254070e-15,19,2.2131286999999999e-02,3.8942203100000006e-01,7.7138524230769233e-04,8.3065933600000008e-01,4.7787203890000001e+00,6.4687960230000003e+00,1.1549218750000000e+02,1.1549218750000000e+02
exp2_distort,8,4,2,abc,1,pt,0.0000000000000000e+00,2.0000000000000000e+00,2.0000000000000001e-01,1,1,1,1.2500000000000014e-01,1.2364100839360631e-01,1.2616939861386536e-01,9.5601128005670688e-01,1.0439887199432931e+00,9.4107365484566330e-01,9.7751100906636046e-01,0,32768,98304,98304,32768,7.2759576141834259e-12,1.3752377202074899e-14,7.1054273576010019e-15,4.5978810894785929e-05,8.2248100563768315e-04,8.9071227233441874e+00,9.2339696126796138e-05,3.2511928974597084e-05,4.8790014774947436e-13,6.7869043718360444e-12,6.8470504295226041e-15,9.5245465099080602e-14,2.5957152655556097e-15,7.3896444519050419e-13,7.9550868418878016e-14,3.9668417663545647e+01,3.9668417604357430e+01,1.4920740621562403e-09,nan,1.2566370525582091e+01,1.2566370614359172e+01,8.8777081685975645e-08,3.1641356201816961e-15,3.1918911957973251e-15,2.3869795029440866e-15,3.1641356201816961e-15,2.4424906541753444e-15,2.2759572004815709e-15,3.1641356201816961e-15,2.6645352591003757e-15,35,2.3797865000000001e-02,4.4790983000000001e-01,6.9487258275862111e-04,8.2184586699999995e-01,4.6717380430000004e+00,6.5398584650000000e+00,1.1545703125000000e+02,1.1545703125000000e+02
exp2_distort,8,4,2,abc,1,pt,0.0000000000000000e+00,2.0000000000000000e+00,4.0000000000000002e-01,1,1,1,1.2500000000000000e-01,1.1925374953999987e-01,1.2965504509962972e-01,8.2404512022682730e-01,1.1759548797731729e+00,7.7635182074793141e-01,9.0353589512561516e-01,0,32768,98304,98304,32768,7.2759576141834259e-12,1.2339747953653722e-14,7.1054273576010019e-15,9.8253044586829369e-05,1.2246274011734387e-03,8.9071227233441590e+00,1.3748855148968412e-04,6.9475394099571263e-05,4.9784517207224995e-13,6.1959326558280736e-12,6.9866160422304015e-15,8.6951937907927250e-14,2.7017727835789361e-15,8.7416185401423263e-13,8.3164846211168592e-14,3.9668418059510238e+01,3.9668417604357430e+01,1.1473934060777208e-08,nan,1.2566370520598820e+01,1.2566370614359172e+01,9.3760352370964029e-08,3.6082248300317588e-15,3.2612801348363973e-15,2.4424906541753444e-15,3.6082248300317588e-15,1.2767564783189300e-15,1.6653345369377348e-15,3.1641356201816961e-15,3.1086244689504383e-15,46,2.1489092000000001e-02,4.1221828700000007e-01,7.6168695094339632e-04,9.0662675999999998e-01,4.7031846760000002e+00,6.7114852919999999e+00,1.1553125000000000e+02,1.1553125000000000e+02
exp2_distort,8,4,2,abc,1,pt,0.0000000000000000e+00,2.0000000000000000e+00,5.9999999999999998e-01,1,1,1,1.2499999999999989e-01,1.1087472619203297e-01,1.3525056286954887e-01,6.0410152051035815e-01,1.3958984794896396e+00,5.2110526419784420e-01,7.8434038024659747e-01,0,32768,98304,98304,32768,1.4551915228366852e-11,1.9834343812757364e-14,7.1054273576010019e-15,1.6664261495256017e-04,1.9363849709068063e-03,8.9071227233445214e+00,2.1739736063496341e-04,1.1783412306761380e-04,5.3657224931785366e-13,8.1854523159563541e-12,7.5301007124270391e-15,1.1487228494257803e-13,2.9010849048750378e-15,9.9920072216264089e-13,8.8916545786980386e-14,3.9668419109709092e+01,3.9668417604357430e+01,3.7948366809184360e-08,nan,1.2566370496800371e+01,1.2566370614359172e+01,1.1755880180430722e-07,3.0531133177191805e-15,3.5249581031848720e-15,1.8318679906315083e-15,1.7208456881689926e-15,1.6653345369377348e-15,1.7763568394002505e-15,3.0531133177191805e-15,2.8865798640254070e-15,80,2.4176929000000000e-02,4.5045320200000000e-01,8.1543615200000016e-04,9.5046359600000008e-01,4.9547797340000006e+00,7.3450467799999997e+00,1.1558593750000000e+02,1.1558593750000000e+02
exp2_distort,8,4,2,abc,1,pt,0.0000000000000000e+00,2.0000000000000000e+00,4.0000000000000002e-01,3,1,1,1.2499999999999990e-01,1.1702738289569216e-01,1.2890108385711807e-01,7.0598873552413544e-01,1.1759548797731729e+00,6.7299802743258152e-01,9.3085844961930686e-01,0,32768,98304,98304,32768,1.0913936421275139e-11,1.7492178411911887e-14,7.1054273576010019e-15,1.4205132002618326e-04,2.2278287430460325e-03,8.9071227233442585e+00,2.5011766563036355e-04,1.0044545166701384e-04,5.0226150741971799e-13,6.7785776991513558e-12,7.0485936230473742e-15,9.5128610968075239e-14,2.7270821357758839e-15,8.5170759334118884e-13,8.4985837325686233e-14,3.9668419798167946e+01,3.9668417604357430e+01,5.5303706294524224e-08,nan,1.2566370522797929e+01,1.2566370614359172e+01,9.1561243920068591e-08,3.4416913763379853e-15,3.1016855750465311e-15,3.4416913763379853e-15,2.2759572004815709e-15,1.6653345369377348e-15,1.5820678100908481e-15,2.8865798640254070e-15,2.6645352591003757e-15,60,2.2162827999999999e-02,4.0972183099999998e-01,7.2470754285714324e-04,8.9308448300000010e-01,4.7358588099999999e+00,6.8195399680000000e+00,1.1557812500000000e+02,1.1557812500000000e+02
