exp,tag,op,route,p,q,field,b0,N1,eps1,fv1,N2,eps2,fv2,m2,gauge,gauge_k,nq,np,min_detJ1,min_detJ2,ndofs_nd1,ndofs_rt1,ndofs_nd2,ndofs_rt2,b1_gauge_dev,m1_errB_L2,m1_errB_rel,m1_div_L2,m1_div_max,m1_div_rel_L2,m1_div_rel_max,m1_energy,m1_energy_rel_ex,m1_helicity,m1_hel_scale,m1_flux_err,m1_a_L2,m1_coulomb,m1_grad_frac,ref_A_errB_L2,ref_A_errB_rel,ref_A_div_L2,ref_A_div_max,ref_A_div_rel_L2,ref_A_div_rel_max,ref_A_energy,ref_A_energy_rel_ex,ref_A_helicity,ref_A_hel_scale,ref_A_flux_err,ref_A_a_L2,ref_A_coulomb,ref_A_grad_frac,ref_B_errB_L2,ref_B_errB_rel,ref_B_div_L2,ref_B_div_max,ref_B_div_rel_L2,ref_B_div_rel_max,ref_B_energy,ref_B_energy_rel_ex,ref_B_helicity,ref_B_hel_scale,ref_B_flux_err,ref_B_a_L2,ref_B_coulomb,ref_B_grad_frac,m2_errB_L2,m2_errB_rel,m2_div_L2,m2_div_max,m2_div_rel_L2,m2_div_rel_max,m2_energy,m2_energy_rel_ex,m2_helicity,m2_hel_scale,m2_flux_err,m2_a_L2,m2_coulomb,m2_grad_frac,m2_dE_rel1,m2_dH_rel1,m2_dH_scaled,m2_aratio,energy_exact,helicity_exact,pollution_B,pollution_A,t_setup,t_locate,t_collect,t_eval,t_dofs,t_solve,t_apply,t_oneshot,t_total_op,iters,iters_l2,inner_iters,div_before_clean,npoints,nnotfound,nshifted,rss_mb,peak_rss_mb
exp3_remap,a,A_pt,A,1,1,abc,1,8,1.0000000000000001e-01,1,8,0.0000000000000000e+00,1,uniform,0.0000000000000000e+00,2.0000000000000000e+00,0,1,9.8732543341198842e-01,9.9999999999999756e-01,1536,1536,1536,1536,0.0000000000000000e+00,2.0027010202451936e+00,2.2484264362906053e-01,1.3602315941891008e-14,4.9737991503207013e-14,1.9089099202374012e-16,6.9800867586638366e-16,3.7681139616383241e+01,-5.0097233718642040e-02,1.1308793111556795e+01,1.1631795113556116e+01,1.1657341758564144e-15,1.3432835042527473e+00,1.3121692929021953e-03,3.4894461207844534e-03,1.9940339026590537e+00,2.2386958893392134e-01,1.0434915276310956e-14,4.2632564145606011e-14,1.4644060153345952e-16,5.9829315074261653e-16,3.7680332008120700e+01,-5.0117592692135650e-02,1.1313708498984756e+01,1.1632731522625619e+01,6.1062266354383610e-16,1.3434053201191207e+00,9.4658665712614442e-17,4.9531482977069434e-11,1.9940339026590537e+00,2.2386958893392134e-01,1.0434915276310956e-14,4.2632564145606011e-14,1.4644060153345952e-16,5.9829315074261653e-16,3.7680332008120700e+01,-5.0117592692135650e-02,1.1313708498984756e+01,1.1632731522625619e+01,6.1062266354383610e-16,1.3434053201191207e+00,9.4658665712614442e-17,4.9531482977069434e-11,2.0032882036970983e+00,2.2490856653931468e-01,1.1654136209694870e-14,4.9737991503207013e-14,1.6355079765476876e-16,6.9800867586638603e-16,3.6734306171678888e+01,-7.3965930830481127e-02,1.1025215085217903e+01,1.1337892873632054e+01,5.5511151231257827e-16,1.3261953199901715e+00,4.3180364289006979e-03,6.2084406662920146e-03,-2.5127516161763935e-02,-2.5075887722191628e-02,-2.4379558234171452e-02,9.8727879542294994e-01,3.9668417604357430e+01,1.2566370614359172e+01,nan,nan,5.8403490000000002e-02,4.8907668000000015e-02,9.4952999999999843e-03,1.1119969999999979e-02,8.5350299999997770e-04,0.0000000000000000e+00,1.1973647999999892e-02,7.0377137999999895e-02,1.9680260399999994e-01,0,0,0,nan,6144,0,576,3.9261718750000000e+01,3.9261718750000000e+01
exp3_remap,a,A_int,A,1,1,abc,1,8,1.0000000000000001e-01,1,8,0.0000000000000000e+00,1,uniform,0.0000000000000000e+00,2.0000000000000000e+00,3,1,9.8732543341198842e-01,9.9999999999999756e-01,1536,1536,1536,1536,0.0000000000000000e+00,2.0027010202451936e+00,2.2484264362906053e-01,1.3602315941891008e-14,4.9737991503207013e-14,1.9089099202374012e-16,6.9800867586638366e-16,3.7681139616383241e+01,-5.0097233718642040e-02,1.1308793111556795e+01,1.1631795113556116e+01,1.1657341758564144e-15,1.3432835042527473e+00,1.3121692929021953e-03,3.4894461207844534e-03,1.9940339026590537e+00,2.2386958893392134e-01,1.0434915276310956e-14,4.2632564145606011e-14,1.4644060153345952e-16,5.9829315074261653e-16,3.7680332008120700e+01,-5.0117592692135650e-02,1.1313708498984756e+01,1.1632731522625619e+01,6.1062266354383610e-16,1.3434053201191207e+00,9.4658665712614442e-17,4.9531482977069434e-11,1.9940339026590537e+00,2.2386958893392134e-01,1.0434915276310956e-14,4.2632564145606011e-14,1.4644060153345952e-16,5.9829315074261653e-16,3.7680332008120700e+01,-5.0117592692135650e-02,1.1313708498984756e+01,1.1632731522625619e+01,6.1062266354383610e-16,1.3434053201191207e+00,9.4658665712614442e-17,4.9531482977069434e-11,2.0039550261373749e+00,2.2498343049493627e-01,1.0599759482915759e-14,4.2632564145606011e-14,1.4875397774546526e-16,5.9829315074261653e-16,3.6737728413441985e+01,-7.3879659636171602e-02,1.1025806696138124e+01,1.1338668265187183e+01,7.2164496600635175e-16,1.3262239210995921e+00,4.0409620039631991e-03,5.7814672544604078e-03,-2.5036695082626265e-02,-2.5023573481902227e-02,-2.4328696702099625e-02,9.8730008736119690e-01,3.9668417604357430e+01,1.2566370614359172e+01,nan,nan,1.4382904099999994e-01,1.3173513599999997e-01,1.2093075999999980e-02,2.5386928000000086e-02,1.0646654999999949e-02,0.0000000000000000e+00,3.6034480000000091e-02,1.7986352100000003e-01,3.0658543499999991e-01,0,0,0,nan,18432,0,1776,4.1574218750000000e+01,4.1574218750000000e+01
exp3_remap,a,A_l2,A,1,1,abc,1,8,1.0000000000000001e-01,1,8,0.0000000000000000e+00,1,uniform,0.0000000000000000e+00,2.0000000000000000e+00,0,1,9.8732543341198842e-01,9.9999999999999756e-01,1536,1536,1536,1536,0.0000000000000000e+00,2.0027010202451936e+00,2.2484264362906053e-01,1.3602315941891008e-14,4.9737991503207013e-14,1.9089099202374012e-16,6.9800867586638366e-16,3.7681139616383241e+01,-5.0097233718642040e-02,1.1308793111556795e+01,1.1631795113556116e+01,1.1657341758564144e-15,1.3432835042527473e+00,1.3121692929021953e-03,3.4894461207844534e-03,1.9940339026590537e+00,2.2386958893392134e-01,1.0434915276310956e-14,4.2632564145606011e-14,1.4644060153345952e-16,5.9829315074261653e-16,3.7680332008120700e+01,-5.0117592692135650e-02,1.1313708498984756e+01,1.1632731522625619e+01,6.1062266354383610e-16,1.3434053201191207e+00,9.4658665712614442e-17,4.9531482977069434e-11,1.9940339026590537e+00,2.2386958893392134e-01,1.0434915276310956e-14,4.2632564145606011e-14,1.4644060153345952e-16,5.9829315074261653e-16,3.7680332008120700e+01,-5.0117592692135650e-02,1.1313708498984756e+01,1.1632731522625619e+01,6.1062266354383610e-16,1.3434053201191207e+00,9.4658665712614442e-17,4.9531482977069434e-11,1.9956040789240832e+00,2.2404587215284616e-01,1.1815597765356497e-14,4.9737991503207013e-14,1.6581670271576088e-16,6.9800867586638603e-16,3.7694403483352573e+01,-4.9762865277187616e-02,1.1317024467587794e+01,1.1636774478994285e+01,1.1102230246251565e-15,1.3436200897890451e+00,1.5845404943729325e-03,3.8947960483674644e-03,3.5200280841732242e-04,7.2787219200136507e-04,7.0765999148365854e-04,1.0002505692470964e+00,3.9668417604357430e+01,1.2566370614359172e+01,nan,nan,2.1414684500000014e-01,2.0250399699999999e-01,9.7359830000001146e-03,4.9869004999999911e-02,3.5208680000000214e-02,3.6804999999999755e-02,1.2188626799999991e-01,3.3603311300000005e-01,4.7731083399999985e-01,15,15,0,nan,32768,0,912,4.5746093750000000e+01,4.5746093750000000e+01
exp3_remap,a,B_pt,B,1,1,abc,1,8,1.0000000000000001e-01,1,8,0.0000000000000000e+00,1,uniform,0.0000000000000000e+00,2.0000000000000000e+00,0,1,9.8732543341198842e-01,9.9999999999999756e-01,1536,1536,1536,1536,0.0000000000000000e+00,2.0027010202451936e+00,2.2484264362906053e-01,1.3602315941891008e-14,4.9737991503207013e-14,1.9089099202374012e-16,6.9800867586638366e-16,3.7681139616383241e+01,-5.0097233718642040e-02,1.1308793111556795e+01,1.1631795113556116e+01,1.1657341758564144e-15,1.3432835042527473e+00,1.3121692929021953e-03,3.4894461207844534e-03,1.9940339026590537e+00,2.2386958893392134e-01,1.0434915276310956e-14,4.2632564145606011e-14,1.4644060153345952e-16,5.9829315074261653e-16,3.7680332008120700e+01,-5.0117592692135650e-02,1.1313708498984756e+01,1.1632731522625619e+01,6.1062266354383610e-16,1.3434053201191207e+00,9.4658665712614442e-17,4.9531482977069434e-11,1.9940339026590537e+00,2.2386958893392134e-01,1.0434915276310956e-14,4.2632564145606011e-14,1.4644060153345952e-16,5.9829315074261653e-16,3.7680332008120700e+01,-5.0117592692135650e-02,1.1313708498984756e+01,1.1632731522625619e+01,6.1062266354383610e-16,1.3434053201191207e+00,9.4658665712614442e-17,4.9531482977069434e-11,2.0334333939906442e+00,2.2829295802350744e-01,2.3776780518998710e+00,5.5957681109348485e+00,3.3367650330958509e-02,7.8529401198621715e-02,3.7685428628131007e+01,-4.9989112144685072e-02,nan,nan,1.1442734659503406e-02,nan,nan,nan,1.1382383312792937e-04,nan,nan,nan,3.9668417604357430e+01,1.2566370614359172e+01,nan,nan,2.3951854999999966e-02,2.3206457999999985e-02,7.4491899999995503e-04,1.4958510000000480e-03,5.4744200000000909e-04,0.0000000000000000e+00,2.0434549999999163e-03,2.5995309999999883e-02,9.7189565000000089e-02,0,0,0,nan,3072,0,192,4.5867187500000000e+01,4.5867187500000000e+01
exp3_remap,a,B_int,B,1,1,abc,1,8,1.0000000000000001e-01,1,8,0.0000000000000000e+00,1,uniform,0.0000000000000000e+00,2.0000000000000000e+00,3,1,9.8732543341198842e-01,9.9999999999999756e-01,1536,1536,1536,1536,0.0000000000000000e+00,2.0027010202451936e+00,2.2484264362906053e-01,1.3602315941891008e-14,4.9737991503207013e-14,1.9089099202374012e-16,6.9800867586638366e-16,3.7681139616383241e+01,-5.0097233718642040e-02,1.1308793111556795e+01,1.1631795113556116e+01,1.1657341758564144e-15,1.3432835042527473e+00,1.3121692929021953e-03,3.4894461207844534e-03,1.9940339026590537e+00,2.2386958893392134e-01,1.0434915276310956e-14,4.2632564145606011e-14,1.4644060153345952e-16,5.9829315074261653e-16,3.7680332008120700e+01,-5.0117592692135650e-02,1.1313708498984756e+01,1.1632731522625619e+01,6.1062266354383610e-16,1.3434053201191207e+00,9.4658665712614442e-17,4.9531482977069434e-11,1.9940339026590537e+00,2.2386958893392134e-01,1.0434915276310956e-14,4.2632564145606011e-14,1.4644060153345952e-16,5.9829315074261653e-16,3.7680332008120700e+01,-5.0117592692135650e-02,1.1313708498984756e+01,1.1632731522625619e+01,6.1062266354383610e-16,1.3434053201191207e+00,9.4658665712614442e-17,4.9531482977069434e-11,2.0189526606245627e+00,2.2666721042623567e-01,2.5391613435209801e+00,5.8149752570775108e+00,3.5633860428158116e-02,8.1605691277798389e-02,3.7485911118618539e+01,-5.5018743311282238e-02,nan,nan,1.2125331822480045e-02,nan,nan,nan,-5.1810667021286120e-03,nan,nan,nan,3.9668417604357430e+01,1.2566370614359172e+01,nan,nan,1.9244406200000008e-01,1.6629208899999992e-01,2.6151210000000091e-02,3.6779702999999886e-02,1.2202426999999849e-02,0.0000000000000000e+00,4.8983240000000094e-02,2.4142730200000018e-01,3.1199803600000009e-01,0,0,0,nan,27648,0,1824,4.5867187500000000e+01,4.5867187500000000e+01
exp3_remap,a,B_l2,B,1,1,abc,1,8,1.0000000000000001e-01,1,8,0.0000000000000000e+00,1,uniform,0.0000000000000000e+00,2.0000000000000000e+00,0,1,9.8732543341198842e-01,9.9999999999999756e-01,1536,1536,1536,1536,0.0000000000000000e+00,2.0027010202451936e+00,2.2484264362906053e-01,1.3602315941891008e-14,4.9737991503207013e-14,1.9089099202374012e-16,6.9800867586638366e-16,3.7681139616383241e+01,-5.0097233718642040e-02,1.1308793111556795e+01,1.1631795113556116e+01,1.1657341758564144e-15,1.3432835042527473e+00,1.3121692929021953e-03,3.4894461207844534e-03,1.9940339026590537e+00,2.2386958893392134e-01,1.0434915276310956e-14,4.2632564145606011e-14,1.4644060153345952e-16,5.9829315074261653e-16,3.7680332008120700e+01,-5.0117592692135650e-02,1.1313708498984756e+01,1.1632731522625619e+01,6.1062266354383610e-16,1.3434053201191207e+00,9.4658665712614442e-17,4.9531482977069434e-11,1.9940339026590537e+00,2.2386958893392134e-01,1.0434915276310956e-14,4.2632564145606011e-14,1.4644060153345952e-16,5.9829315074261653e-16,3.7680332008120700e+01,-5.0117592692135650e-02,1.1313708498984756e+01,1.1632731522625619e+01,6.1062266354383610e-16,1.3434053201191207e+00,9.4658665712614442e-17,4.9531482977069434e-11,2.0154358717031435e+00,2.2627238158749044e-01,3.1012931815331144e+00,1.1433273518081347e+01,4.3522657061369333e-02,1.6045127412633073e-01,3.6715602732719603e+01,-7.4437425285990511e-02,nan,nan,2.3306140153922295e-02,nan,nan,nan,-2.5623876918091835e-02,nan,nan,nan,3.9668417604357430e+01,1.2566370614359172e+01,nan,nan,2.0172341800000027e-01,1.9013023599999990e-01,1.5244320000000755e-03,3.9485974000000201e-02,3.3102009999999904e-02,1.3570754999999934e-02,8.6161968000000311e-02,2.8788538600000058e-01,3.6020759099999999e-01,5,5,0,nan,32768,0,912,4.6109375000000000e+01,4.6109375000000000e+01
exp3_remap,a,B_l2c,B,1,1,abc,1,8,1.0000000000000001e-01,1,8,0.0000000000000000e+00,1,uniform,0.0000000000000000e+00,2.0000000000000000e+00,0,1,9.8732543341198842e-01,9.9999999999999756e-01,1536,1536,1536,1536,0.0000000000000000e+00,2.0027010202451936e+00,2.2484264362906053e-01,1.3602315941891008e-14,4.9737991503207013e-14,1.9089099202374012e-16,6.9800867586638366e-16,3.7681139616383241e+01,-5.0097233718642040e-02,1.1308793111556795e+01,1.1631795113556116e+01,1.1657341758564144e-15,1.3432835042527473e+00,1.3121692929021953e-03,3.4894461207844534e-03,1.9940339026590537e+00,2.2386958893392134e-01,1.0434915276310956e-14,4.2632564145606011e-14,1.4644060153345952e-16,5.9829315074261653e-16,3.7680332008120700e+01,-5.0117592692135650e-02,1.1313708498984756e+01,1.1632731522625619e+01,6.1062266354383610e-16,1.3434053201191207e+00,9.4658665712614442e-17,4.9531482977069434e-11,1.9940339026590537e+00,2.2386958893392134e-01,1.0434915276310956e-14,4.2632564145606011e-14,1.4644060153345952e-16,5.9829315074261653e-16,3.7680332008120700e+01,-5.0117592692135650e-02,1.1313708498984756e+01,1.1632731522625619e+01,6.1062266354383610e-16,1.3434053201191207e+00,9.4658665712614442e-17,4.9531482977069434e-11,2.0093002450327195e+00,2.2558353661914354e-01,3.6539993632568368e-12,1.0614620293836197e-11,5.1279176743577778e-14,1.4896253009427106e-13,3.6703255593590448e+01,-7.4748683961652893e-02,nan,nan,8.0308688765740044e-07,nan,nan,nan,-2.5951551167195126e-02,nan,nan,nan,3.9668417604357430e+01,1.2566370614359172e+01,nan,nan,2.0433976200000004e-01,1.9224504899999983e-01,9.6489419999996606e-03,4.7801964000000030e-02,3.3021922999999731e-02,3.2043866100000029e-01,4.0126406100000001e-01,6.0560382300000004e-01,6.7367293799999972e-01,23,5,96,1.1433273518081347e+01,32768,0,912,4.6218750000000000e+01,4.6218750000000000e+01
exp3_remap,a,A_pt,A,2,2,abc,1,8,1.0000000000000001e-01,1,8,0.0000000000000000e+00,1,uniform,0.0000000000000000e+00,2.0000000000000000e+00,0,1,9.8900282001417639e-01,9.9999999999998312e-01,12288,12288,12288,12288,0.0000000000000000e+00,2.0455056367079877e-01,2.2964830509711331e-02,8.5399400261707939e-14,4.2632564145606011e-13,1.1984706357234876e-15,5.9829315074261331e-15,3.9658358315993915e+01,-2.5358431142485162e-04,1.2556533494977550e+01,1.2559936234396949e+01,7.2164496600635175e-16,1.4136695654497973e+00,1.9959331449575073e-04,2.4250212411932529e-04,2.0254441727229264e-01,2.2739601054497086e-02,8.4790861886317085e-14,4.4053649617126212e-13,1.1899305830839918e-15,6.1823625576736998e-15,3.9658128469587318e+01,-2.5937850288692903e-04,1.2556590281248958e+01,1.2559878392954451e+01,8.8817841970012523e-16,1.4136671625649608e+00,1.7228396484440912e-15,8.0948539144800970e-11,2.0254441727229264e-01,2.2739601054497086e-02,8.4790861886317085e-14,4.4053649617126212e-13,1.1899305830839918e-15,6.1823625576736998e-15,3.9658128469587318e+01,-2.5937850288692903e-04,1.2556590281248958e+01,1.2559878392954451e+01,8.8817841970012523e-16,1.4136671625649608e+00,1.7228396484440912e-15,8.0948539144800970e-11,2.1822568341859708e-01,2.4500132107382014e-02,8.8128870717100552e-14,4.9737991503207013e-13,1.2367752395244362e-15,6.9800867586638542e-15,3.9648096790086349e+01,-5.1226682328887527e-04,1.2552240113039790e+01,1.2556188164761169e+01,7.2164496600635175e-16,1.4134314503744616e+00,1.4947510313147038e-03,1.7210686088125545e-03,-2.5874812632947146e-04,-3.4192414168110051e-04,-3.4183150755194336e-04,9.9983156242367011e-01,3.9668417604357430e+01,1.2566370614359172e+01,nan,nan,5.3235317500000079e-01,4.7059316600000045e-01,6.1758895000000535e-02,1.4612840799999915e-01,5.7459996000000402e-02,0.0000000000000000e+00,2.0358915899999985e-01,7.3594233400000064e-01,2.5088485410000008e+00,0,0,0,nan,27648,0,1920,8.5730468750000000e+01,8.5730468750000000e+01
exp3_remap,a,A_int,A,2,2,abc,1,8,1.0000000000000001e-01,1,8,0.0000000000000000e+00,1,uniform,0.0000000000000000e+00,2.0000000000000000e+00,4,1,9.8900282001417639e-01,9.9999999999998312e-01,12288,12288,12288,12288,0.0000000000000000e+00,2.0455056367079877e-01,2.2964830509711331e-02,8.5399400261707939e-14,4.2632564145606011e-13,1.1984706357234876e-15,5.9829315074261331e-15,3.9658358315993915e+01,-2.5358431142485162e-04,1.2556533494977550e+01,1.2559936234396949e+01,7.2164496600635175e-16,1.4136695654497973e+00,1.9959331449575073e-04,2.4250212411932529e-04,2.0254441727229264e-01,2.2739601054497086e-02,8.4790861886317085e-14,4.4053649617126212e-13,1.1899305830839918e-15,6.1823625576736998e-15,3.9658128469587318e+01,-2.5937850288692903e-04,1.2556590281248958e+01,1.2559878392954451e+01,8.8817841970012523e-16,1.4136671625649608e+00,1.7228396484440912e-15,8.0948539144800970e-11,2.0254441727229264e-01,2.2739601054497086e-02,8.4790861886317085e-14,4.4053649617126212e-13,1.1899305830839918e-15,6.1823625576736998e-15,3.9658128469587318e+01,-2.5937850288692903e-04,1.2556590281248958e+01,1.2559878392954451e+01,8.8817841970012523e-16,1.4136671625649608e+00,1.7228396484440912e-15,8.0948539144800970e-11,2.1816908899175444e-01,2.4493778268033388e-02,8.7910851679625915e-14,4.2099657093785936e-13,1.2337156230207918e-15,5.9081448635833341e-15,3.9647973430421565e+01,-5.1537659353516959e-04,1.2552204972984606e+01,1.2556142275786845e+01,6.1062266354383610e-16,1.4134284941558135e+00,1.1307751315724275e-03,1.2994322472329035e-03,-2.6185868536473682e-04,-3.4472268916221519e-04,-3.4462929685024149e-04,9.9982947125702104e-01,3.9668417604357430e+01,1.2566370614359172e+01,nan,nan,1.9997779399999995e+00,1.7499232460000016e+00,2.4985356600000053e-01,6.5802887100000085e-01,1.9676166799999883e-01,0.0000000000000000e+00,8.5479185899999877e-01,2.8545697989999983e+00,4.7541729749999995e+00,0,0,0,nan,110592,0,8640,1.0016406250000000e+02,1.0016406250000000e+02
exp3_remap,a,A_l2,A,2,2,abc,1,8,1.0000000000000001e-01,1,8,0.0000000000000000e+00,1,uniform,0.0000000000000000e+00,2.0000000000000000e+00,0,1,9.8900282001417639e-01,9.9999999999998312e-01,12288,12288,12288,12288,0.0000000000000000e+00,2.0455056367079877e-01,2.2964830509711331e-02,8.5399400261707939e-14,4.2632564145606011e-13,1.1984706357234876e-15,5.9829315074261331e-15,3.9658358315993915e+01,-2.5358431142485162e-04,1.2556533494977550e+01,1.2559936234396949e+01,7.2164496600635175e-16,1.4136695654497973e+00,1.9959331449575073e-04,2.4250212411932529e-04,2.0254441727229264e-01,2.2739601054497086e-02,8.4790861886317085e-14,4.4053649617126212e-13,1.1899305830839918e-15,6.1823625576736998e-15,3.9658128469587318e+01,-2.5937850288692903e-04,1.2556590281248958e+01,1.2559878392954451e+01,8.8817841970012523e-16,1.4136671625649608e+00,1.7228396484440912e-15,8.0948539144800970e-11,2.0254441727229264e-01,2.2739601054497086e-02,8.4790861886317085e-14,4.4053649617126212e-13,1.1899305830839918e-15,6.1823625576736998e-15,3.9658128469587318e+01,-2.5937850288692903e-04,1.2556590281248958e+01,1.2559878392954451e+01,8.8817841970012523e-16,1.4136671625649608e+00,1.7228396484440912e-15,8.0948539144800970e-11,2.1881535740796568e-01,2.4566334629530177e-02,8.8127286855587843e-14,3.8546943414985435e-13,1.2367530120672385e-15,5.4095672379644870e-15,3.9660995131318082e+01,-1.8711290965467816e-04,1.2556392662287051e+01,1.2560259818038674e+01,9.4368957093138306e-16,1.4136587558378719e+00,1.0018990868241324e-03,1.1593638327331102e-03,6.6488262150348674e-05,-1.1215889365964248e-05,-1.1212850755882403e-05,9.9999235350877635e-01,3.9668417604357430e+01,1.2566370614359172e+01,nan,nan,1.8022128560000006e+00,1.7024580460000003e+00,6.0203665999999600e-02,6.5760957299999845e-01,4.5630511199999901e-01,3.0455768799999916e-01,1.4184757529999992e+00,3.2206886089999998e+00,4.9966498040000005e+00,16,16,0,nan,110592,0,4128,1.0599218750000000e+02,1.0599218750000000e+02
exp3_remap,a,B_pt,B,2,2,abc,1,8,1.0000000000000001e-01,1,8,0.0000000000000000e+00,1,uniform,0.0000000000000000e+00,2.0000000000000000e+00,0,1,9.8900282001417639e-01,9.9999999999998312e-01,12288,12288,12288,12288,0.0000000000000000e+00,2.0455056367079877e-01,2.2964830509711331e-02,8.5399400261707939e-14,4.2632564145606011e-13,1.1984706357234876e-15,5.9829315074261331e-15,3.9658358315993915e+01,-2.5358431142485162e-04,1.2556533494977550e+01,1.2559936234396949e+01,7.2164496600635175e-16,1.4136695654497973e+00,1.9959331449575073e-04,2.4250212411932529e-04,2.0254441727229264e-01,2.2739601054497086e-02,8.4790861886317085e-14,4.4053649617126212e-13,1.1899305830839918e-15,6.1823625576736998e-15,3.9658128469587318e+01,-2.5937850288692903e-04,1.2556590281248958e+01,1.2559878392954451e+01,8.8817841970012523e-16,1.4136671625649608e+00,1.7228396484440912e-15,8.0948539144800970e-11,2.0254441727229264e-01,2.2739601054497086e-02,8.4790861886317085e-14,4.4053649617126212e-13,1.1899305830839918e-15,6.1823625576736998e-15,3.9658128469587318e+01,-2.5937850288692903e-04,1.2556590281248958e+01,1.2559878392954451e+01,8.8817841970012523e-16,1.4136671625649608e+00,1.7228396484440912e-15,8.0948539144800970e-11,2.2668852239910067e-01,2.5450252504659557e-02,2.4016779378866981e-01,1.0711663445542783e+00,3.3704457832273234e-03,1.5032440579084479e-02,3.9754909220316364e+01,2.1803646624269021e-03,nan,nan,6.1036329893907060e-04,nan,nan,nan,2.4345663416811274e-03,nan,nan,nan,3.9668417604357430e+01,1.2566370614359172e+01,nan,nan,3.1912348899999898e-01,2.7814119599999998e-01,4.0981237000000448e-02,1.0108239399999874e-01,3.8653761000002618e-02,0.0000000000000000e+00,1.3973759200000302e-01,4.5886108100000200e-01,1.4221631740000014e+00,0,0,0,nan,18432,0,768,1.0602343750000000e+02,1.0602343750000000e+02
exp3_remap,a,B_int,B,2,2,abc,1,8,1.0000000000000001e-01,1,8,0.0000000000000000e+00,1,uniform,0.0000000000000000e+00,2.0000000000000000e+00,4,1,9.8900282001417639e-01,9.9999999999998312e-01,12288,12288,12288,12288,0.0000000000000000e+00,2.0455056367079877e-01,2.2964830509711331e-02,8.5399400261707939e-14,4.2632564145606011e-13,1.1984706357234876e-15,5.9829315074261331e-15,3.9658358315993915e+01,-2.5358431142485162e-04,1.2556533494977550e+01,1.2559936234396949e+01,7.2164496600635175e-16,1.4136695654497973e+00,1.9959331449575073e-04,2.4250212411932529e-04,2.0254441727229264e-01,2.2739601054497086e-02,8.4790861886317085e-14,4.4053649617126212e-13,1.1899305830839918e-15,6.1823625576736998e-15,3.9658128469587318e+01,-2.5937850288692903e-04,1.2556590281248958e+01,1.2559878392954451e+01,8.8817841970012523e-16,1.4136671625649608e+00,1.7228396484440912e-15,8.0948539144800970e-11,2.0254441727229264e-01,2.2739601054497086e-02,8.4790861886317085e-14,4.4053649617126212e-13,1.1899305830839918e-15,6.1823625576736998e-15,3.9658128469587318e+01,-2.5937850288692903e-04,1.2556590281248958e+01,1.2559878392954451e+01,8.8817841970012523e-16,1.4136671625649608e+00,1.7228396484440912e-15,8.0948539144800970e-11,2.1751947985664200e-01,2.4420846845026278e-02,2.1216588307920159e-01,1.3407455262221610e+00,2.9774750173132154e-03,1.8815637325680284e-02,3.9641961386119085e+01,-6.6693404567360920e-04,nan,nan,6.1135278910745550e-04,nan,nan,nan,-4.1345457984369270e-04,nan,nan,nan,3.9668417604357430e+01,1.2566370614359172e+01,nan,nan,4.9822547009999987e+00,4.2059789629999997e+00,7.7627471099999923e-01,1.3385756879999988e+00,4.1643740399999984e-01,0.0000000000000000e+00,1.7550139999999992e+00,6.7372687009999979e+00,7.4921490920000018e+00,0,0,0,nan,294912,0,17856,1.3406250000000000e+02,1.3406250000000000e+02
exp3_remap,a,B_l2,B,2,2,abc,1,8,1.0000000000000001e-01,1,8,0.0000000000000000e+00,1,uniform,0.0000000000000000e+00,2.0000000000000000e+00,0,1,9.8900282001417639e-01,9.9999999999998312e-01,12288,12288,12288,12288,0.0000000000000000e+00,2.0455056367079877e-01,2.2964830509711331e-02,8.5399400261707939e-14,4.2632564145606011e-13,1.1984706357234876e-15,5.9829315074261331e-15,3.9658358315993915e+01,-2.5358431142485162e-04,1.2556533494977550e+01,1.2559936234396949e+01,7.2164496600635175e-16,1.4136695654497973e+00,1.9959331449575073e-04,2.4250212411932529e-04,2.0254441727229264e-01,2.2739601054497086e-02,8.4790861886317085e-14,4.4053649617126212e-13,1.1899305830839918e-15,6.1823625576736998e-15,3.9658128469587318e+01,-2.5937850288692903e-04,1.2556590281248958e+01,1.2559878392954451e+01,8.8817841970012523e-16,1.4136671625649608e+00,1.7228396484440912e-15,8.0948539144800970e-11,2.0254441727229264e-01,2.2739601054497086e-02,8.4790861886317085e-14,4.4053649617126212e-13,1.1899305830839918e-15,6.1823625576736998e-15,3.9658128469587318e+01,-2.5937850288692903e-04,1.2556590281248958e+01,1.2559878392954451e+01,8.8817841970012523e-16,1.4136671625649608e+00,1.7228396484440912e-15,8.0948539144800970e-11,2.1461230828529118e-01,2.4094459563560901e-02,3.1550428940199332e-01,1.6412528872605741e+00,4.4276965076374374e-03,2.3032871251441035e-02,3.9647856454176477e+01,-5.1832544433772095e-04,nan,nan,7.8876570266889212e-04,nan,nan,nan,-2.6480828413926236e-04,nan,nan,nan,3.9668417604357430e+01,1.2566370614359172e+01,nan,nan,1.4842080029999991e+00,1.3991784580000015e+00,4.1967494999997967e-02,5.4100844699999939e-01,3.9908400499999885e-01,9.7168445000001213e-02,1.0372647680000000e+00,2.5214727709999991e+00,3.2964802979999952e+00,6,6,0,nan,110592,0,4128,1.3423437500000000e+02,1.3423437500000000e+02
exp3_remap,a,B_l2c,B,2,2,abc,1,8,1.0000000000000001e-01,1,8,0.0000000000000000e+00,1,uniform,0.0000000000000000e+00,2.0000000000000000e+00,0,1,9.8900282001417639e-01,9.9999999999998312e-01,12288,12288,12288,12288,0.0000000000000000e+00,2.0455056367079877e-01,2.2964830509711331e-02,8.5399400261707939e-14,4.2632564145606011e-13,1.1984706357234876e-15,5.9829315074261331e-15,3.9658358315993915e+01,-2.5358431142485162e-04,1.2556533494977550e+01,1.2559936234396949e+01,7.2164496600635175e-16,1.4136695654497973e+00,1.9959331449575073e-04,2.4250212411932529e-04,2.0254441727229264e-01,2.2739601054497086e-02,8.4790861886317085e-14,4.4053649617126212e-13,1.1899305830839918e-15,6.1823625576736998e-15,3.9658128469587318e+01,-2.5937850288692903e-04,1.2556590281248958e+01,1.2559878392954451e+01,8.8817841970012523e-16,1.4136671625649608e+00,1.7228396484440912e-15,8.0948539144800970e-11,2.0254441727229264e-01,2.2739601054497086e-02,8.4790861886317085e-14,4.4053649617126212e-13,1.1899305830839918e-15,6.1823625576736998e-15,3.9658128469587318e+01,-2.5937850288692903e-04,1.2556590281248958e+01,1.2559878392954451e+01,8.8817841970012523e-16,1.4136671625649608e+00,1.7228396484440912e-15,8.0948539144800970e-11,2.1453800297197248e-01,2.4086117328292942e-02,1.5209699013432852e-13,6.1106675275368616e-13,2.1344854401706193e-15,8.5755351606441639e-15,3.9647840510102320e+01,-5.1872737804518486e-04,nan,nan,5.9891380743692935e-10,nan,nan,nan,-2.6521031979666169e-04,nan,nan,nan,3.9668417604357430e+01,1.2566370614359172e+01,nan,nan,1.4944594359999996e+00,1.3936884270000007e+00,4.2034440000001894e-02,4.9220925200000210e-01,3.5771742499999704e-01,3.3365650650000021e+00,4.1864935989999950e+00,5.6809530349999946e+00,6.6401573420000020e+00,29,6,180,1.6412528872605741e+00,110592,0,4128,1.3429687500000000e+02,1.3429687500000000e+02
exp3_remap,a,A_pt,A,3,3,abc,1,8,1.0000000000000001e-01,1,8,0.0000000000000000e+00,1,uniform,0.0000000000000000e+00,2.0000000000000000e+00,0,1,9.8997524450447871e-01,9.9999999999996692e-01,41472,41472,41472,41472,0.0000000000000000e+00,1.3920190105387389e-02,1.5628155733056932e-03,2.2889323737242728e-13,1.5347723092418164e-12,3.2122218992858967e-15,2.1538553426734071e-14,3.9668392781503854e+01,-6.2575860279777711e-07,1.2566331912919313e+01,1.2566348324359243e+01,1.0269562977782698e-15,1.4142114985153127e+00,1.5332936756242584e-05,2.2759135772112063e-05,1.3464715461453914e-02,1.5116795714698106e-03,2.2862620972623772e-13,1.8287593661625579e-12,3.2084745100548095e-15,2.5664283278730243e-14,3.9668387313158419e+01,-7.6360996580583265e-07,1.2566332157433365e+01,1.2566346644016324e+01,1.1934897514720433e-15,1.4142114073134975e+00,2.7932756189736299e-15,0.0000000000000000e+00,1.3464715461453914e-02,1.5116795714698106e-03,2.2862620972623772e-13,1.8287593661625579e-12,3.2084745100548095e-15,2.5664283278730243e-14,3.9668387313158419e+01,-7.6360996580583265e-07,1.2566332157433365e+01,1.2566346644016324e+01,1.1934897514720433e-15,1.4142114073134975e+00,2.7932756189736299e-15,0.0000000000000000e+00,1.8485624165490329e-02,2.0753754876468053e-03,2.2662710728668739e-13,1.5436540934388177e-12,3.1804196810482575e-15,2.1663197833138981e-14,3.9669667986443763e+01,3.1520846099886798e-05,1.2566714716510194e+01,1.2566742573703829e+01,1.3045120539345589e-15,1.4142330265019014e+00,2.6297181427449400e-04,3.6350603482147875e-04,3.2146624818711608e-05,3.0462635678713617e-05,3.0462595895022871e-05,1.0000152226075176e+00,3.9668417604357430e+01,1.2566370614359172e+01,nan,nan,1.3758680640000023e+00,1.1742214829999966e+00,2.0164500599999968e-01,5.3774565000000507e-01,1.5414565100000033e-01,0.0000000000000000e+00,6.9189216899999906e-01,2.0677602330000013e+00,8.0625486230000050e+00,0,0,0,nan,73728,0,4224,2.3449609375000000e+02,2.3449609375000000e+02
exp3_remap,a,A_int,A,3,3,abc,1,8,1.0000000000000001e-01,1,8,0.0000000000000000e+00,1,uniform,0.0000000000000000e+00,2.0000000000000000e+00,5,1,9.8997524450447871e-01,9.9999999999996692e-01,41472,41472,41472,41472,0.0000000000000000e+00,1.3920190105387389e-02,1.5628155733056932e-03,2.2889323737242728e-13,1.5347723092418164e-12,3.2122218992858967e-15,2.1538553426734071e-14,3.9668392781503854e+01,-6.2575860279777711e-07,1.2566331912919313e+01,1.2566348324359243e+01,1.0269562977782698e-15,1.4142114985153127e+00,1.5332936756242584e-05,2.2759135772112063e-05,1.3464715461453914e-02,1.5116795714698106e-03,2.2862620972623772e-13,1.8287593661625579e-12,3.2084745100548095e-15,2.5664283278730243e-14,3.9668387313158419e+01,-7.6360996580583265e-07,1.2566332157433365e+01,1.2566346644016324e+01,1.1934897514720433e-15,1.4142114073134975e+00,2.7932756189736299e-15,0.0000000000000000e+00,1.3464715461453914e-02,1.5116795714698106e-03,2.2862620972623772e-13,1.8287593661625579e-12,3.2084745100548095e-15,2.5664283278730243e-14,3.9668387313158419e+01,-7.6360996580583265e-07,1.2566332157433365e+01,1.2566346644016324e+01,1.1934897514720433e-15,1.4142114073134975e+00,2.7932756189736299e-15,0.0000000000000000e+00,1.5291728581905238e-02,1.7167977872167444e-03,2.2596134302243904e-13,1.5063505998114124e-12,3.1710765367337712e-15,2.1139691326239190e-14,3.9669584030496750e+01,2.9404403043104806e-05,1.2566705163435913e+01,1.2566723815145286e+01,8.8817841970012523e-16,1.4142324191828350e+00,1.7527089614707798e-04,2.3239508328099846e-04,3.0030180437546336e-05,2.9702423840600977e-05,2.9702385049734130e-05,1.0000147931674608e+00,3.9668417604357430e+01,1.2566370614359172e+01,nan,nan,6.6281273519999928e+00,5.5715380679999953e+00,1.0565878499999997e+00,2.6649173789999878e+00,7.4010460800000999e-01,0.0000000000000000e+00,3.4050231330000003e+00,1.0033150484999993e+01,1.5766256713000004e+01,0,0,0,nan,368640,0,23664,2.9584375000000000e+02,2.9584375000000000e+02
exp3_remap,a,A_l2,A,3,3,abc,1,8,1.0000000000000001e-01,1,8,0.0000000000000000e+00,1,uniform,0.0000000000000000e+00,2.0000000000000000e+00,0,1,9.8997524450447871e-01,9.9999999999996692e-01,41472,41472,41472,41472,0.0000000000000000e+00,1.3920190105387389e-02,1.5628155733056932e-03,2.2889323737242728e-13,1.5347723092418164e-12,3.2122218992858967e-15,2.1538553426734071e-14,3.9668392781503854e+01,-6.2575860279777711e-07,1.2566331912919313e+01,1.2566348324359243e+01,1.0269562977782698e-15,1.4142114985153127e+00,1.5332936756242584e-05,2.2759135772112063e-05,1.3464715461453914e-02,1.5116795714698106e-03,2.2862620972623772e-13,1.8287593661625579e-12,3.2084745100548095e-15,2.5664283278730243e-14,3.9668387313158419e+01,-7.6360996580583265e-07,1.2566332157433365e+01,1.2566346644016324e+01,1.1934897514720433e-15,1.4142114073134975e+00,2.7932756189736299e-15,0.0000000000000000e+00,1.3464715461453914e-02,1.5116795714698106e-03,2.2862620972623772e-13,1.8287593661625579e-12,3.2084745100548095e-15,2.5664283278730243e-14,3.9668387313158419e+01,-7.6360996580583265e-07,1.2566332157433365e+01,1.2566346644016324e+01,1.1934897514720433e-15,1.4142114073134975e+00,2.7932756189736299e-15,0.0000000000000000e+00,1.5587409919916580e-02,1.7499938424632281e-03,2.2720710340767685e-13,1.4779288903810084e-12,3.1885591798937910e-15,2.0740829225744110e-14,3.9668374220190906e+01,-1.0936702077926446e-06,1.2566318242631564e+01,1.2566337842192599e+01,1.1102230246251565e-15,1.4142106512707009e+00,1.4642577687504866e-04,1.9422848119618317e-04,-4.6791189779476287e-07,-1.0878502847545626e-06,-1.0878488640403552e-06,9.9999940090671535e-01,3.9668417604357430e+01,1.2566370614359172e+01,nan,nan,4.1243094430000014e+00,3.8870196080000028e+00,1.7944379300000435e-01,1.8153813229999969e+00,1.3723226420000003e+00,3.6561509899999578e-01,3.5533237650000018e+00,7.6776332080000032e+00,1.3447944680000006e+01,14,14,0,nan,262144,0,9936,2.9814843750000000e+02,2.9814843750000000e+02
exp3_remap,a,B_pt,B,3,3,abc,1,8,1.0000000000000001e-01,1,8,0.0000000000000000e+00,1,uniform,0.0000000000000000e+00,2.0000000000000000e+00,0,1,9.8997524450447871e-01,9.9999999999996692e-01,41472,41472,41472,41472,0.0000000000000000e+00,1.3920190105387389e-02,1.5628155733056932e-03,2.2889323737242728e-13,1.5347723092418164e-12,3.2122218992858967e-15,2.1538553426734071e-14,3.9668392781503854e+01,-6.2575860279777711e-07,1.2566331912919313e+01,1.2566348324359243e+01,1.0269562977782698e-15,1.4142114985153127e+00,1.5332936756242584e-05,2.2759135772112063e-05,1.3464715461453914e-02,1.5116795714698106e-03,2.2862620972623772e-13,1.8287593661625579e-12,3.2084745100548095e-15,2.5664283278730243e-14,3.9668387313158419e+01,-7.6360996580583265e-07,1.2566332157433365e+01,1.2566346644016324e+01,1.1934897514720433e-15,1.4142114073134975e+00,2.7932756189736299e-15,0.0000000000000000e+00,1.3464715461453914e-02,1.5116795714698106e-03,2.2862620972623772e-13,1.8287593661625579e-12,3.2084745100548095e-15,2.5664283278730243e-14,3.9668387313158419e+01,-7.6360996580583265e-07,1.2566332157433365e+01,1.2566346644016324e+01,1.1934897514720433e-15,1.4142114073134975e+00,2.7932756189736299e-15,0.0000000000000000e+00,1.7728555963470546e-02,1.9903796673876296e-03,2.0962862299245863e-01,1.9275277483851081e+00,2.9418678385761871e-03,2.7050370364457909e-02,3.9673533454953997e+01,1.2896533074728512e-04,nan,nan,1.5235603253266339e-04,nan,nan,nan,1.2959117044287265e-04,nan,nan,nan,3.9668417604357430e+01,1.2566370614359172e+01,nan,nan,9.4802132800001004e-01,7.9435706999998956e-01,1.5366285300000015e-01,3.5535627299999817e-01,1.0718292100000326e-01,0.0000000000000000e+00,4.6254012999999361e-01,1.4105614580000037e+00,3.9525903440000008e+00,0,0,0,nan,55296,0,2112,2.9814843750000000e+02,2.9814843750000000e+02
exp3_remap,a,B_int,B,3,3,abc,1,8,1.0000000000000001e-01,1,8,0.0000000000000000e+00,1,uniform,0.0000000000000000e+00,2.0000000000000000e+00,5,1,9.8997524450447871e-01,9.9999999999996692e-01,41472,41472,41472,41472,0.0000000000000000e+00,1.3920190105387389e-02,1.5628155733056932e-03,2.2889323737242728e-13,1.5347723092418164e-12,3.2122218992858967e-15,2.1538553426734071e-14,3.9668392781503854e+01,-6.2575860279777711e-07,1.2566331912919313e+01,1.2566348324359243e+01,1.0269562977782698e-15,1.4142114985153127e+00,1.5332936756242584e-05,2.2759135772112063e-05,1.3464715461453914e-02,1.5116795714698106e-03,2.2862620972623772e-13,1.8287593661625579e-12,3.2084745100548095e-15,2.5664283278730243e-14,3.9668387313158419e+01,-7.6360996580583265e-07,1.2566332157433365e+01,1.2566346644016324e+01,1.1934897514720433e-15,1.4142114073134975e+00,2.7932756189736299e-15,0.0000000000000000e+00,1.3464715461453914e-02,1.5116795714698106e-03,2.2862620972623772e-13,1.8287593661625579e-12,3.2084745100548095e-15,2.5664283278730243e-14,3.9668387313158419e+01,-7.6360996580583265e-07,1.2566332157433365e+01,1.2566346644016324e+01,1.1934897514720433e-15,1.4142114073134975e+00,2.7932756189736299e-15,0.0000000000000000e+00,1.4964837374304879e-02,1.6800978092604928e-03,7.2262998983899693e-02,8.6197149002392948e-01,1.0141181561710972e-03,1.2096660122421441e-02,3.9669584680795545e+01,2.9420796406733648e-05,nan,nan,1.5235680092806625e-04,nan,nan,nan,3.0046573811433471e-05,nan,nan,nan,3.9668417604357430e+01,1.2566370614359172e+01,nan,nan,2.5082547855000001e+01,2.1108885110999992e+01,3.9736607210000017e+00,9.0235230769999930e+00,2.8557797899999855e+00,0.0000000000000000e+00,1.1879303974000010e+01,3.6961851829000011e+01,3.9494329620000016e+01,0,0,0,nan,1382400,0,70176,4.5803515625000000e+02,4.5803515625000000e+02
exp3_remap,a,B_l2,B,3,3,abc,1,8,1.0000000000000001e-01,1,8,0.0000000000000000e+00,1,uniform,0.0000000000000000e+00,2.0000000000000000e+00,0,1,9.8997524450447871e-01,9.9999999999996692e-01,41472,41472,41472,41472,0.0000000000000000e+00,1.3920190105387389e-02,1.5628155733056932e-03,2.2889323737242728e-13,1.5347723092418164e-12,3.2122218992858967e-15,2.1538553426734071e-14,3.9668392781503854e+01,-6.2575860279777711e-07,1.2566331912919313e+01,1.2566348324359243e+01,1.0269562977782698e-15,1.4142114985153127e+00,1.5332936756242584e-05,2.2759135772112063e-05,1.3464715461453914e-02,1.5116795714698106e-03,2.2862620972623772e-13,1.8287593661625579e-12,3.2084745100548095e-15,2.5664283278730243e-14,3.9668387313158419e+01,-7.6360996580583265e-07,1.2566332157433365e+01,1.2566346644016324e+01,1.1934897514720433e-15,1.4142114073134975e+00,2.7932756189736299e-15,0.0000000000000000e+00,1.3464715461453914e-02,1.5116795714698106e-03,2.2862620972623772e-13,1.8287593661625579e-12,3.2084745100548095e-15,2.5664283278730243e-14,3.9668387313158419e+01,-7.6360996580583265e-07,1.2566332157433365e+01,1.2566346644016324e+01,1.1934897514720433e-15,1.4142114073134975e+00,2.7932756189736299e-15,0.0000000000000000e+00,1.4702933420940780e-02,1.6506939308702591e-03,1.1300138412657233e-01,6.9680151791812672e-01,1.5858289432570292e-03,9.7787122110140016e-03,3.9668535199957525e+01,2.9644641051178869e-06,nan,nan,1.6587992827976628e-04,nan,nan,nan,3.5902249545298153e-06,nan,nan,nan,3.9668417604357430e+01,1.2566370614359172e+01,nan,nan,3.4825786840000035e+00,3.2605913090000058e+00,1.6289872799998761e-01,1.4034241229999793e+00,1.0411204469999973e+00,1.4500835200001916e-01,2.5895570950000035e+00,6.0721357790000070e+00,8.3574296860000175e+00,6,6,0,nan,262144,0,9936,4.6017578125000000e+02,4.6017578125000000e+02
exp3_remap,a,B_l2c,B,3,3,abc,1,8,1.0000000000000001e-01,1,8,0.0000000000000000e+00,1,uniform,0.0000000000000000e+00,2.0000000000000000e+00,0,1,9.8997524450447871e-01,9.9999999999996692e-01,41472,41472,41472,41472,0.0000000000000000e+00,1.3920190105387389e-02,1.5628155733056932e-03,2.2889323737242728e-13,1.5347723092418164e-12,3.2122218992858967e-15,2.1538553426734071e-14,3.9668392781503854e+01,-6.2575860279777711e-07,1.2566331912919313e+01,1.2566348324359243e+01,1.0269562977782698e-15,1.4142114985153127e+00,1.5332936756242584e-05,2.2759135772112063e-05,1.3464715461453914e-02,1.5116795714698106e-03,2.2862620972623772e-13,1.8287593661625579e-12,3.2084745100548095e-15,2.5664283278730243e-14,3.9668387313158419e+01,-7.6360996580583265e-07,1.2566332157433365e+01,1.2566346644016324e+01,1.1934897514720433e-15,1.4142114073134975e+00,2.7932756189736299e-15,0.0000000000000000e+00,1.3464715461453914e-02,1.5116795714698106e-03,2.2862620972623772e-13,1.8287593661625579e-12,3.2084745100548095e-15,2.5664283278730243e-14,3.9668387313158419e+01,-7.6360996580583265e-07,1.2566332157433365e+01,1.2566346644016324e+01,1.1934897514720433e-15,1.4142114073134975e+00,2.7932756189736299e-15,0.0000000000000000e+00,1.4613497819314734e-02,1.6406530226663505e-03,8.4490321227345649e-14,4.1910919179599659e-13,1.1857128818646153e-15,5.8816579272223574e-15,3.9668533888991263e+01,2.9314159942795706e-06,nan,nan,9.6586683095978287e-11,nan,nan,nan,3.5571768230113468e-06,nan,nan,nan,3.9668417604357430e+01,1.2566370614359172e+01,nan,nan,4.2330059989999995e+00,3.9278835550000224e+00,1.8101140799998916e-01,1.7750760650000075e+00,1.2777906050000070e+00,7.3241126549999933e+00,1.0376981604000008e+01,1.4609987603000008e+01,1.7080394335999983e+01,39,6,240,6.9680151791812672e-01,262144,0,9936,4.6023437500000000e+02,4.6023437500000000e+02
exp3_remap,a,A_pt,A,4,4,abc,1,8,1.0000000000000001e-01,1,8,0.0000000000000000e+00,1,uniform,0.0000000000000000e+00,2.0000000000000000e+00,0,1,9.9000426006188302e-01,9.9999999999991895e-01,98304,98304,98304,98304,0.0000000000000000e+00,7.5644637675066672e-04,8.4926008122480681e-05,4.7333319859663376e-13,4.8512305284020840e-12,6.6426220522944093e-15,6.8080774778253047e-14,3.9668417610440741e+01,1.5335402820660706e-10,1.2566370525273506e+01,1.2566370580896983e+01,3.7192471324942744e-15,1.4142135584984286e+00,1.3305067141270802e-06,1.9256790088103400e-06,6.6688357420060184e-04,7.4870819108936501e-05,4.7343272240734675e-13,4.0074610296869650e-12,6.6440187408464687e-15,5.6239556169805856e-14,3.9668417548663307e+01,-1.4039915493131647e-09,1.2566370525896859e+01,1.2566370561382472e+01,4.1633363423443370e-15,1.4142135574086603e+00,2.8191254053514921e-15,0.0000000000000000e+00,6.6688357420060184e-04,7.4870819108936501e-05,4.7343272240734675e-13,4.0074610296869650e-12,6.6440187408464687e-15,5.6239556169805856e-14,3.9668417548663307e+01,-1.4039915493131647e-09,1.2566370525896859e+01,1.2566370561382472e+01,4.1633363423443370e-15,1.4142135574086603e+00,2.8191254053514921e-15,0.0000000000000000e+00,1.5320033272060022e-03,1.7199755463016760e-04,4.7415676433245610e-13,4.4058090509224712e-12,6.6541797371019108e-15,6.1829857797057164e-14,3.9668425491202896e+01,1.9881926083234441e-07,1.2566372750810144e+01,1.2566372948117811e+01,3.4416913763379853e-15,1.4142136837501642e+00,2.6693918879088826e-05,3.8159466922892439e-05,1.9866590677367157e-07,1.7710257978290157e-07,1.7710257899897901e-07,1.0000000885663518e+00,3.9668417604357430e+01,1.2566370614359172e+01,nan,nan,4.3493701310000006e+00,3.6921481050000011e+00,6.5722071000001847e-01,2.1231497850000096e+00,5.4793430899999862e-01,0.0000000000000000e+00,2.6710851660000117e+00,7.0204552970000123e+00,2.8440472850999981e+01,0,0,0,nan,153600,0,8736,6.7061328125000000e+02,6.7061328125000000e+02
exp3_remap,a,A_int,A,4,4,abc,1,8,1.0000000000000001e-01,1,8,0.0000000000000000e+00,1,uniform,0.0000000000000000e+00,2.0000000000000000e+00,6,1,9.9000426006188302e-01,9.9999999999991895e-01,98304,98304,98304,98304,0.0000000000000000e+00,7.5644637675066672e-04,8.4926008122480681e-05,4.7333319859663376e-13,4.8512305284020840e-12,6.6426220522944093e-15,6.8080774778253047e-14,3.9668417610440741e+01,1.5335402820660706e-10,1.2566370525273506e+01,1.2566370580896983e+01,3.7192471324942744e-15,1.4142135584984286e+00,1.3305067141270802e-06,1.9256790088103400e-06,6.6688357420060184e-04,7.4870819108936501e-05,4.7343272240734675e-13,4.0074610296869650e-12,6.6440187408464687e-15,5.6239556169805856e-14,3.9668417548663307e+01,-1.4039915493131647e-09,1.2566370525896859e+01,1.2566370561382472e+01,4.1633363423443370e-15,1.4142135574086603e+00,2.8191254053514921e-15,0.0000000000000000e+00,6.6688357420060184e-04,7.4870819108936501e-05,4.7343272240734675e-13,4.0074610296869650e-12,6.6440187408464687e-15,5.6239556169805856e-14,3.9668417548663307e+01,-1.4039915493131647e-09,1.2566370525896859e+01,1.2566370561382472e+01,4.1633363423443370e-15,1.4142135574086603e+00,2.8191254053514921e-15,0.0000000000000000e+00,9.0819485264310854e-04,1.0196276405430778e-04,4.7330859439493383e-13,4.0074610296869650e-12,6.6422767640001237e-15,5.6239556169805856e-14,3.9668426950415636e+01,2.3560451288165849e-07,1.2566373457553798e+01,1.2566373529472731e+01,4.1078251911130792e-15,1.4142137230392831e+00,2.1468196743577235e-05,2.9757030200286262e-05,2.3545115881734452e-07,2.3334345318391809e-07,2.3334345215105231e-07,1.0000001163479544e+00,3.9668417604357430e+01,1.2566370614359172e+01,nan,nan,2.7599728497000001e+01,2.3027701300000018e+01,4.5720256280000058e+00,1.1923599625999998e+01,3.2649188129999800e+00,0.0000000000000000e+00,1.5188519662000004e+01,4.2788248159000005e+01,6.6749781425999998e+01,0,0,0,nan,921600,0,50592,8.0155859375000000e+02,8.0155859375000000e+02
exp3_remap,a,A_l2,A,4,4,abc,1,8,1.0000000000000001e-01,1,8,0.0000000000000000e+00,1,uniform,0.0000000000000000e+00,2.0000000000000000e+00,0,1,9.9000426006188302e-01,9.9999999999991895e-01,98304,98304,98304,98304,0.0000000000000000e+00,7.5644637675066672e-04,8.4926008122480681e-05,4.7333319859663376e-13,4.8512305284020840e-12,6.6426220522944093e-15,6.8080774778253047e-14,3.9668417610440741e+01,1.5335402820660706e-10,1.2566370525273506e+01,1.2566370580896983e+01,3.7192471324942744e-15,1.4142135584984286e+00,1.3305067141270802e-06,1.9256790088103400e-06,6.6688357420060184e-04,7.4870819108936501e-05,4.7343272240734675e-13,4.0074610296869650e-12,6.6440187408464687e-15,5.6239556169805856e-14,3.9668417548663307e+01,-1.4039915493131647e-09,1.2566370525896859e+01,1.2566370561382472e+01,4.1633363423443370e-15,1.4142135574086603e+00,2.8191254053514921e-15,0.0000000000000000e+00,6.6688357420060184e-04,7.4870819108936501e-05,4.7343272240734675e-13,4.0074610296869650e-12,6.6440187408464687e-15,5.6239556169805856e-14,3.9668417548663307e+01,-1.4039915493131647e-09,1.2566370525896859e+01,1.2566370561382472e+01,4.1633363423443370e-15,1.4142135574086603e+00,2.8191254053514921e-15,0.0000000000000000e+00,1.1635266715155814e-03,1.3062879087386505e-04,4.7172478529814494e-13,4.2126302446376940e-12,6.6200500423922869e-15,5.9118841957754692e-14,3.9668418519880248e+01,2.3079388433806788e-08,1.2566370690358076e+01,1.2566370801335783e+01,3.6082248300317588e-15,1.4142135670172054e+00,1.5396114730602744e-05,2.1672031151427488e-05,2.2926034402084383e-08,1.3137012766101011e-08,1.3137012707951657e-08,1.0000000060236849e+00,3.9668417604357430e+01,1.2566370614359172e+01,nan,nan,1.1792501587999993e+01,1.0998049131000016e+01,6.7113322899996319e-01,6.7189148179999734e+00,4.2539952070000027e+00,6.2229420200003460e-01,1.1595209795999949e+01,2.3387711383999942e+01,4.5571867584000017e+01,11,11,0,nan,512000,0,21264,8.0175000000000000e+02,8.0175000000000000e+02
exp3_remap,a,B_pt,B,4,4,abc,1,8,1.0000000000000001e-01,1,8,0.0000000000000000e+00,1,uniform,0.0000000000000000e+00,2.0000000000000000e+00,0,1,9.9000426006188302e-01,9.9999999999991895e-01,98304,98304,98304,98304,0.0000000000000000e+00,7.5644637675066672e-04,8.4926008122480681e-05,4.7333319859663376e-13,4.8512305284020840e-12,6.6426220522944093e-15,6.8080774778253047e-14,3.9668417610440741e+01,1.5335402820660706e-10,1.2566370525273506e+01,1.2566370580896983e+01,3.7192471324942744e-15,1.4142135584984286e+00,1.3305067141270802e-06,1.9256790088103400e-06,6.6688357420060184e-04,7.4870819108936501e-05,4.7343272240734675e-13,4.0074610296869650e-12,6.6440187408464687e-15,5.6239556169805856e-14,3.9668417548663307e+01,-1.4039915493131647e-09,1.2566370525896859e+01,1.2566370561382472e+01,4.1633363423443370e-15,1.4142135574086603e+00,2.8191254053514921e-15,0.0000000000000000e+00,6.6688357420060184e-04,7.4870819108936501e-05,4.7343272240734675e-13,4.0074610296869650e-12,6.6440187408464687e-15,5.6239556169805856e-14,3.9668417548663307e+01,-1.4039915493131647e-09,1.2566370525896859e+01,1.2566370561382472e+01,4.1633363423443370e-15,1.4142135574086603e+00,2.8191254053514921e-15,0.0000000000000000e+00,9.4015411812814682e-04,1.0555082121683884e-04,7.5912564595372531e-03,1.7183945478519780e-01,1.0653351109165885e-04,2.4115455142269576e-03,3.9668094801938764e+01,-8.1375169003461310e-06,nan,nan,2.9070739255565581e-06,nan,nan,nan,-8.1376702531263938e-06,nan,nan,nan,3.9668417604357430e+01,1.2566370614359172e+01,nan,nan,3.8001233450000313e+00,3.1964750269999627e+00,6.0364651399999047e-01,1.3059120710000229e+00,3.5135845499996776e-01,0.0000000000000000e+00,1.6572713650000424e+00,5.4573947100000737e+00,1.3722116994000032e+01,0,0,0,nan,122880,0,5664,8.0187500000000000e+02,8.0187500000000000e+02
exp3_remap,a,B_int,B,4,4,abc,1,8,1.0000000000000001e-01,1,8,0.0000000000000000e+00,1,uniform,0.0000000000000000e+00,2.0000000000000000e+00,6,1,9.9000426006188302e-01,9.9999999999991895e-01,98304,98304,98304,98304,0.0000000000000000e+00,7.5644637675066672e-04,8.4926008122480681e-05,4.7333319859663376e-13,4.8512305284020840e-12,6.6426220522944093e-15,6.8080774778253047e-14,3.9668417610440741e+01,1.5335402820660706e-10,1.2566370525273506e+01,1.2566370580896983e+01,3.7192471324942744e-15,1.4142135584984286e+00,1.3305067141270802e-06,1.9256790088103400e-06,6.6688357420060184e-04,7.4870819108936501e-05,4.7343272240734675e-13,4.0074610296869650e-12,6.6440187408464687e-15,5.6239556169805856e-14,3.9668417548663307e+01,-1.4039915493131647e-09,1.2566370525896859e+01,1.2566370561382472e+01,4.1633363423443370e-15,1.4142135574086603e+00,2.8191254053514921e-15,0.0000000000000000e+00,6.6688357420060184e-04,7.4870819108936501e-05,4.7343272240734675e-13,4.0074610296869650e-12,6.6440187408464687e-15,5.6239556169805856e-14,3.9668417548663307e+01,-1.4039915493131647e-09,1.2566370525896859e+01,1.2566370561382472e+01,4.1633363423443370e-15,1.4142135574086603e+00,2.8191254053514921e-15,0.0000000000000000e+00,8.2656012653406887e-04,9.2797657807922783e-05,1.8555413765831516e-03,2.8224214961937832e-02,2.6040134314643231e-05,3.9609051989323218e-04,3.9668427980491643e+01,2.6157166934823626e-07,nan,nan,7.6730740322661362e-07,nan,nan,nan,2.6141831527994015e-07,nan,nan,nan,3.9668417604357430e+01,1.2566370614359172e+01,nan,nan,1.3104241558100000e+02,1.0724971592899999e+02,2.3792697641000018e+01,4.8308219984999994e+01,1.3450747305999982e+01,0.0000000000000000e+00,6.1758968540000012e+01,1.9280138412100001e+02,2.0162612721299996e+02,0,0,0,nan,4423680,0,199584,1.4885859375000000e+03,1.4885859375000000e+03
exp3_remap,a,B_l2,B,4,4,abc,1,8,1.0000000000000001e-01,1,8,0.0000000000000000e+00,1,uniform,0.0000000000000000e+00,2.0000000000000000e+00,0,1,9.9000426006188302e-01,9.9999999999991895e-01,98304,98304,98304,98304,0.0000000000000000e+00,7.5644637675066672e-04,8.4926008122480681e-05,4.7333319859663376e-13,4.8512305284020840e-12,6.6426220522944093e-15,6.8080774778253047e-14,3.9668417610440741e+01,1.5335402820660706e-10,1.2566370525273506e+01,1.2566370580896983e+01,3.7192471324942744e-15,1.4142135584984286e+00,1.3305067141270802e-06,1.9256790088103400e-06,6.6688357420060184e-04,7.4870819108936501e-05,4.7343272240734675e-13,4.0074610296869650e-12,6.6440187408464687e-15,5.6239556169805856e-14,3.9668417548663307e+01,-1.4039915493131647e-09,1.2566370525896859e+01,1.2566370561382472e+01,4.1633363423443370e-15,1.4142135574086603e+00,2.8191254053514921e-15,0.0000000000000000e+00,6.6688357420060184e-04,7.4870819108936501e-05,4.7343272240734675e-13,4.0074610296869650e-12,6.6440187408464687e-15,5.6239556169805856e-14,3.9668417548663307e+01,-1.4039915493131647e-09,1.2566370525896859e+01,1.2566370561382472e+01,4.1633363423443370e-15,1.4142135574086603e+00,2.8191254053514921e-15,0.0000000000000000e+00,7.5730533949316091e-04,8.5022443612276674e-05,4.1447083954452013e-03,6.4311418748471683e-02,5.8165646249918538e-05,9.0252796478150694e-04,3.9668442473807069e+01,6.2693324163416761e-07,nan,nan,2.7647616843706757e-06,nan,nan,nan,6.2677988750984170e-07,nan,nan,nan,3.9668417604357430e+01,1.2566370614359172e+01,nan,nan,1.2687605608000013e+01,1.1911583166000014e+01,6.4680355899997721e-01,5.7872191170000633e+00,4.3517792480000708e+00,3.2663028500007840e-01,1.0465634052000041e+01,2.3153239660000054e+01,3.0919608261999997e+01,6,6,0,nan,512000,0,21264,1.4887421875000000e+03,1.4887421875000000e+03
exp3_remap,a,B_l2c,B,4,4,abc,1,8,1.0000000000000001e-01,1,8,0.0000000000000000e+00,1,uniform,0.0000000000000000e+00,2.0000000000000000e+00,0,1,9.9000426006188302e-01,9.9999999999991895e-01,98304,98304,98304,98304,0.0000000000000000e+00,7.5644637675066672e-04,8.4926008122480681e-05,4.7333319859663376e-13,4.8512305284020840e-12,6.6426220522944093e-15,6.8080774778253047e-14,3.9668417610440741e+01,1.5335402820660706e-10,1.2566370525273506e+01,1.2566370580896983e+01,3.7192471324942744e-15,1.4142135584984286e+00,1.3305067141270802e-06,1.9256790088103400e-06,6.6688357420060184e-04,7.4870819108936501e-05,4.7343272240734675e-13,4.0074610296869650e-12,6.6440187408464687e-15,5.6239556169805856e-14,3.9668417548663307e+01,-1.4039915493131647e-09,1.2566370525896859e+01,1.2566370561382472e+01,4.1633363423443370e-15,1.4142135574086603e+00,2.8191254053514921e-15,0.0000000000000000e+00,6.6688357420060184e-04,7.4870819108936501e-05,4.7343272240734675e-13,4.0074610296869650e-12,6.6440187408464687e-15,5.6239556169805856e-14,3.9668417548663307e+01,-1.4039915493131647e-09,1.2566370525896859e+01,1.2566370561382472e+01,4.1633363423443370e-15,1.4142135574086603e+00,2.8191254053514921e-15,0.0000000000000000e+00,7.5643186752592914e-04,8.4924379176166175e-05,6.4780648165728102e-14,5.1292303737682232e-13,9.0911299554608023e-16,7.1982144698720924e-15,3.9668442473146662e+01,6.2691659345709851e-07,nan,nan,8.8916096707691850e-12,nan,nan,nan,6.2676323933277524e-07,nan,nan,nan,3.9668417604357430e+01,1.2566370614359172e+01,nan,nan,1.1692912981000063e+01,1.0866071833999968e+01,5.1764573899993138e-01,6.0020726520000380e+00,4.4412076929999103e+00,2.0421511334999991e+01,3.0864793433000045e+01,4.2557706414000108e+01,5.1867388858000027e+01,53,6,324,6.4311418748471683e-02,512000,0,21264,1.4888046875000000e+03,1.4888046875000000e+03
exp3_remap,a,A_pt,A,1,1,abc,1,8,2.9999999999999999e-01,1,8,0.0000000000000000e+00,1,uniform,0.0000000000000000e+00,2.0000000000000000e+00,0,1,8.7664045879113228e-01,9.9999999999999756e-01,1536,1536,1536,1536,0.0000000000000000e+00,2.0744160449229567e+00,2.3289406796722623e-01,1.4336828827059505e-14,6.0396132539608516e-14,2.0119893472283748e-16,8.4758196355203644e-16,3.7695369808696057e+01,-4.9738505209359310e-02,1.1269531761367238e+01,1.1625607299134952e+01,4.4408920985006262e-16,1.3423208792334611e+00,4.7510811659157255e-03,1.0517242565809382e-02,1.9940339026590537e+00,2.2386958893392134e-01,1.0434915276310956e-14,4.2632564145606011e-14,1.4644060153345952e-16,5.9829315074261653e-16,3.7680332008120700e+01,-5.0117592692135650e-02,1.1313708498984756e+01,1.1632731522625619e+01,6.1062266354383610e-16,1.3434053201191207e+00,9.4658665712614442e-17,4.9531482977069434e-11,1.9940339026590537e+00,2.2386958893392134e-01,1.0434915276310956e-14,4.2632564145606011e-14,1.4644060153345952e-16,5.9829315074261653e-16,3.7680332008120700e+01,-5.0117592692135650e-02,1.1313708498984756e+01,1.1632731522625619e+01,6.1062266354383610e-16,1.3434053201191207e+00,9.4658665712614442e-17,4.9531482977069434e-11,2.0718360115360972e+00,2.3260440839173979e-01,1.1390206496361084e-14,4.2632564145606011e-14,1.5984688392286762e-16,5.9829315074261653e-16,3.5209341293044162e+01,-1.1240872665471423e-01,1.0536408498089822e+01,1.0857803643634206e+01,7.7715611723760958e-16,1.2973973281381372e+00,2.0031317078405234e-02,2.9402054196887038e-02,-6.5950500771540022e-02,-6.5053569110175083e-02,-6.3061072373566895e-02,9.6653292682076308e-01,3.9668417604357430e+01,1.2566370614359172e+01,nan,nan,4.6320947999999973e-02,3.7076565000000006e-02,9.2436060000000708e-03,1.0653480999999965e-02,7.1140800000002447e-04,0.0000000000000000e+00,1.1365108000000013e-02,5.7686055999999986e-02,1.6653485899999998e-01,0,0,0,nan,6144,0,576,3.9371093750000000e+01,3.9371093750000000e+01
exp3_remap,a,A_int,A,1,1,abc,1,8,2.9999999999999999e-01,1,8,0.0000000000000000e+00,1,uniform,0.0000000000000000e+00,2.0000000000000000e+00,3,1,8.7664045879113228e-01,9.9999999999999756e-01,1536,1536,1536,1536,0.0000000000000000e+00,2.0744160449229567e+00,2.3289406796722623e-01,1.4336828827059505e-14,6.0396132539608516e-14,2.0119893472283748e-16,8.4758196355203644e-16,3.7695369808696057e+01,-4.9738505209359310e-02,1.1269531761367238e+01,1.1625607299134952e+01,4.4408920985006262e-16,1.3423208792334611e+00,4.7510811659157255e-03,1.0517242565809382e-02,1.9940339026590537e+00,2.2386958893392134e-01,1.0434915276310956e-14,4.2632564145606011e-14,1.4644060153345952e-16,5.9829315074261653e-16,3.7680332008120700e+01,-5.0117592692135650e-02,1.1313708498984756e+01,1.1632731522625619e+01,6.1062266354383610e-16,1.3434053201191207e+00,9.4658665712614442e-17,4.9531482977069434e-11,1.9940339026590537e+00,2.2386958893392134e-01,1.0434915276310956e-14,4.2632564145606011e-14,1.4644060153345952e-16,5.9829315074261653e-16,3.7680332008120700e+01,-5.0117592692135650e-02,1.1313708498984756e+01,1.1632731522625619e+01,6.1062266354383610e-16,1.3434053201191207e+00,9.4658665712614442e-17,4.9531482977069434e-11,2.0495048491192560e+00,2.3009729547655397e-01,1.1547403607375470e-14,4.9737991503207013e-14,1.6205294299346958e-16,6.9800867586638603e-16,3.5221767837792285e+01,-1.1209546624508401e-01,1.0553922964306951e+01,1.0862514501782771e+01,2.7755575615628914e-16,1.2977299998178031e+00,1.1695198348464103e-02,1.7006260067272704e-02,-6.5620843712564644e-02,-6.3499425904583337e-02,-6.1554530326646692e-02,9.6678076002131341e-01,3.9668417604357430e+01,1.2566370614359172e+01,nan,nan,1.4189068900000001e-01,1.3031176000000000e-01,1.1577598000000022e-02,2.6342970000000077e-02,1.0957926000000007e-02,0.0000000000000000e+00,3.7302140999999955e-02,1.7919282999999997e-01,3.1304701300000004e-01,0,0,0,nan,18432,0,2160,4.1531250000000000e+01,4.1531250000000000e+01
exp3_remap,a,A_l2,A,1,1,abc,1,8,2.9999999999999999e-01,1,8,0.0000000000000000e+00,1,uniform,0.0000000000000000e+00,2.0000000000000000e+00,0,1,8.7664045879113228e-01,9.9999999999999756e-01,1536,1536,1536,1536,0.0000000000000000e+00,2.0744160449229567e+00,2.3289406796722623e-01,1.4336828827059505e-14,6.0396132539608516e-14,2.0119893472283748e-16,8.4758196355203644e-16,3.7695369808696057e+01,-4.9738505209359310e-02,1.1269531761367238e+01,1.1625607299134952e+01,4.4408920985006262e-16,1.3423208792334611e+00,4.7510811659157255e-03,1.0517242565809382e-02,1.9940339026590537e+00,2.2386958893392134e-01,1.0434915276310956e-14,4.2632564145606011e-14,1.4644060153345952e-16,5.9829315074261653e-16,3.7680332008120700e+01,-5.0117592692135650e-02,1.1313708498984756e+01,1.1632731522625619e+01,6.1062266354383610e-16,1.3434053201191207e+00,9.4658665712614442e-17,4.9531482977069434e-11,1.9940339026590537e+00,2.2386958893392134e-01,1.0434915276310956e-14,4.2632564145606011e-14,1.4644060153345952e-16,5.9829315074261653e-16,3.7680332008120700e+01,-5.0117592692135650e-02,1.1313708498984756e+01,1.1632731522625619e+01,6.1062266354383610e-16,1.3434053201191207e+00,9.4658665712614442e-17,4.9531482977069434e-11,2.0150306649618259e+00,2.2622688914802336e-01,1.1759998411247660e-14,4.2632564145606011e-14,1.6503643736190087e-16,5.9829315074261653e-16,3.7548193939082282e+01,-5.3448657479149085e-02,1.1261569208489030e+01,1.1587423025824727e+01,6.3837823915946501e-16,1.3405373790067820e+00,8.7653691042018055e-03,1.3600608950044975e-02,-3.9043487399299383e-03,-7.0655578659481932e-04,-6.8491500472415002e-04,9.9867133093564220e-01,3.9668417604357430e+01,1.2566370614359172e+01,nan,nan,2.4036913999999987e-01,2.2889099000000002e-01,9.7194259999999755e-03,5.0112135000000002e-02,3.4610646999999828e-02,5.0248053000000237e-02,1.3497569899999995e-01,3.7534483899999982e-01,5.3189159899999994e-01,15,15,0,nan,32768,0,2160,4.5812500000000000e+01,4.5812500000000000e+01
exp3_remap,a,B_pt,B,1,1,abc,1,8,2.9999999999999999e-01,1,8,0.0000000000000000e+00,1,uniform,0.0000000000000000e+00,2.0000000000000000e+00,0,1,8.7664045879113228e-01,9.9999999999999756e-01,1536,1536,1536,1536,0.0000000000000000e+00,2.0744160449229567e+00,2.3289406796722623e-01,1.4336828827059505e-14,6.0396132539608516e-14,2.0119893472283748e-16,8.4758196355203644e-16,3.7695369808696057e+01,-4.9738505209359310e-02,1.1269531761367238e+01,1.1625607299134952e+01,4.4408920985006262e-16,1.3423208792334611e+00,4.7510811659157255e-03,1.0517242565809382e-02,1.9940339026590537e+00,2.2386958893392134e-01,1.0434915276310956e-14,4.2632564145606011e-14,1.4644060153345952e-16,5.9829315074261653e-16,3.7680332008120700e+01,-5.0117592692135650e-02,1.1313708498984756e+01,1.1632731522625619e+01,6.1062266354383610e-16,1.3434053201191207e+00,9.4658665712614442e-17,4.9531482977069434e-11,1.9940339026590537e+00,2.2386958893392134e-01,1.0434915276310956e-14,4.2632564145606011e-14,1.4644060153345952e-16,5.9829315074261653e-16,3.7680332008120700e+01,-5.0117592692135650e-02,1.1313708498984756e+01,1.1632731522625619e+01,6.1062266354383610e-16,1.3434053201191207e+00,9.4658665712614442e-17,4.9531482977069434e-11,2.3061938837821123e+00,2.5891569650634039e-01,7.2503450802780653e+00,1.7898378511845436e+01,1.0174925878808250e-01,2.5118069925286529e-01,3.7862231334477819e+01,-4.5532097798658036e-02,nan,nan,1.0186488767781149e-01,nan,nan,nan,4.4265788246297634e-03,nan,nan,nan,3.9668417604357430e+01,1.2566370614359172e+01,nan,nan,2.0317917000000074e-02,1.9562923999999926e-02,7.5435899999987122e-04,1.5449490000001287e-03,5.2798600000003582e-04,0.0000000000000000e+00,2.0730879999999452e-03,2.2391005000000019e-02,9.8534451999999995e-02,0,0,0,nan,3072,0,192,4.5812500000000000e+01,4.5812500000000000e+01
exp3_remap,a,B_int,B,1,1,abc,1,8,2.9999999999999999e-01,1,8,0.0000000000000000e+00,1,uniform,0.0000000000000000e+00,2.0000000000000000e+00,3,1,8.7664045879113228e-01,9.9999999999999756e-01,1536,1536,1536,1536,0.0000000000000000e+00,2.0744160449229567e+00,2.3289406796722623e-01,1.4336828827059505e-14,6.0396132539608516e-14,2.0119893472283748e-16,8.4758196355203644e-16,3.7695369808696057e+01,-4.9738505209359310e-02,1.1269531761367238e+01,1.1625607299134952e+01,4.4408920985006262e-16,1.3423208792334611e+00,4.7510811659157255e-03,1.0517242565809382e-02,1.9940339026590537e+00,2.2386958893392134e-01,1.0434915276310956e-14,4.2632564145606011e-14,1.4644060153345952e-16,5.9829315074261653e-16,3.7680332008120700e+01,-5.0117592692135650e-02,1.1313708498984756e+01,1.1632731522625619e+01,6.1062266354383610e-16,1.3434053201191207e+00,9.4658665712614442e-17,4.9531482977069434e-11,1.9940339026590537e+00,2.2386958893392134e-01,1.0434915276310956e-14,4.2632564145606011e-14,1.4644060153345952e-16,5.9829315074261653e-16,3.7680332008120700e+01,-5.0117592692135650e-02,1.1313708498984756e+01,1.1632731522625619e+01,6.1062266354383610e-16,1.3434053201191207e+00,9.4658665712614442e-17,4.9531482977069434e-11,2.0614333456444034e+00,2.3143650420822268e-01,3.9689559746412080e+00,1.2141578167528014e+01,5.5699187295342699e-02,1.7039141797870955e-01,3.5155431423652530e+01,-1.1376773900376518e-01,nan,nan,1.0866543170324489e-01,nan,nan,nan,-6.7380646427763161e-02,nan,nan,nan,3.9668417604357430e+01,1.2566370614359172e+01,nan,nan,2.2274628100000005e-01,1.9998804200000020e-01,2.2756896000000193e-02,3.7928085999999972e-02,2.0563389999999959e-02,0.0000000000000000e+00,5.8492403000000026e-02,2.8123868400000007e-01,3.5356885100000013e-01,0,0,0,nan,27648,0,2976,4.5816406250000000e+01,4.5816406250000000e+01
exp3_remap,a,B_l2,B,1,1,abc,1,8,2.9999999999999999e-01,1,8,0.0000000000000000e+00,1,uniform,0.0000000000000000e+00,2.0000000000000000e+00,0,1,8.7664045879113228e-01,9.9999999999999756e-01,1536,1536,1536,1536,0.0000000000000000e+00,2.0744160449229567e+00,2.3289406796722623e-01,1.4336828827059505e-14,6.0396132539608516e-14,2.0119893472283748e-16,8.4758196355203644e-16,3.7695369808696057e+01,-4.9738505209359310e-02,1.1269531761367238e+01,1.1625607299134952e+01,4.4408920985006262e-16,1.3423208792334611e+00,4.7510811659157255e-03,1.0517242565809382e-02,1.9940339026590537e+00,2.2386958893392134e-01,1.0434915276310956e-14,4.2632564145606011e-14,1.4644060153345952e-16,5.9829315074261653e-16,3.7680332008120700e+01,-5.0117592692135650e-02,1.1313708498984756e+01,1.1632731522625619e+01,6.1062266354383610e-16,1.3434053201191207e+00,9.4658665712614442e-17,4.9531482977069434e-11,1.9940339026590537e+00,2.2386958893392134e-01,1.0434915276310956e-14,4.2632564145606011e-14,1.4644060153345952e-16,5.9829315074261653e-16,3.7680332008120700e+01,-5.0117592692135650e-02,1.1313708498984756e+01,1.1632731522625619e+01,6.1062266354383610e-16,1.3434053201191207e+00,9.4658665712614442e-17,4.9531482977069434e-11,2.0339403820045145e+00,2.2834987741595519e-01,3.2044250753699774e+00,1.0523513867476623e+01,4.4969980414826818e-02,1.4768396869474079e-01,3.5257321509832437e+01,-1.1119919474782504e-01,nan,nan,2.5604922817817483e-02,nan,nan,nan,-6.4677659649891001e-02,nan,nan,nan,3.9668417604357430e+01,1.2566370614359172e+01,nan,nan,2.2826536899999983e-01,2.1648281700000016e-01,1.6047989999998791e-03,4.8570479999999971e-02,2.5202700999999994e-02,2.1617705999999792e-02,9.5394209000000174e-02,3.2365957800000000e-01,3.9549942999999965e-01,5,5,0,nan,32768,0,2160,4.6132812500000000e+01,4.6132812500000000e+01
exp3_remap,a,B_l2c,B,1,1,abc,1,8,2.9999999999999999e-01,1,8,0.0000000000000000e+00,1,uniform,0.0000000000000000e+00,2.0000000000000000e+00,0,1,8.7664045879113228e-01,9.9999999999999756e-01,1536,1536,1536,1536,0.0000000000000000e+00,2.0744160449229567e+00,2.3289406796722623e-01,1.4336828827059505e-14,6.0396132539608516e-14,2.0119893472283748e-16,8.4758196355203644e-16,3.7695369808696057e+01,-4.9738505209359310e-02,1.1269531761367238e+01,1.1625607299134952e+01,4.4408920985006262e-16,1.3423208792334611e+00,4.7510811659157255e-03,1.0517242565809382e-02,1.9940339026590537e+00,2.2386958893392134e-01,1.0434915276310956e-14,4.2632564145606011e-14,1.4644060153345952e-16,5.9829315074261653e-16,3.7680332008120700e+01,-5.0117592692135650e-02,1.1313708498984756e+01,1.1632731522625619e+01,6.1062266354383610e-16,1.3434053201191207e+00,9.4658665712614442e-17,4.9531482977069434e-11,1.9940339026590537e+00,2.2386958893392134e-01,1.0434915276310956e-14,4.2632564145606011e-14,1.4644060153345952e-16,5.9829315074261653e-16,3.7680332008120700e+01,-5.0117592692135650e-02,1.1313708498984756e+01,1.1632731522625619e+01,6.1062266354383610e-16,1.3434053201191207e+00,9.4658665712614442e-17,4.9531482977069434e-11,2.0272652172472867e+00,2.2760045866822273e-01,1.2215654464630284e-12,4.0678571622265736e-12,1.7143098343945211e-14,5.7087138133357994e-14,3.5243766901588394e+01,-1.1154089247772273e-01,nan,nan,5.5513821884956016e-06,nan,nan,nan,-6.5037242492898842e-02,nan,nan,nan,3.9668417604357430e+01,1.2566370614359172e+01,nan,nan,2.2855448799999989e-01,2.1639469799999977e-01,1.5442199999999850e-03,4.8795268999999752e-02,2.5254276999999714e-02,3.4813645099999979e-01,4.2218807000000025e-01,6.5074255800000014e-01,7.2286950099999991e-01,24,5,100,1.0523513867476623e+01,32768,0,2160,4.6242187500000000e+01,4.6242187500000000e+01
exp3_remap,a,A_pt,A,2,2,abc,1,8,2.9999999999999999e-01,1,8,0.0000000000000000e+00,1,uniform,0.0000000000000000e+00,2.0000000000000000e+00,0,1,9.0102538012759037e-01,9.9999999999998312e-01,12288,12288,12288,12288,0.0000000000000000e+00,2.2214277755491782e-01,2.4939903092691812e-02,9.2386329250841116e-14,5.1336712658667238e-13,1.2965231888058334e-15,7.2044466901923223e-15,3.9660626792931822e+01,-1.9639834145417906e-04,1.2556061256342881e+01,1.2560493004367755e+01,7.2164496600635175e-16,1.4136916877744272e+00,7.6816079662152270e-04,8.7057280168882580e-04,2.0254441727229264e-01,2.2739601054497086e-02,8.4790861886317085e-14,4.4053649617126212e-13,1.1899305830839918e-15,6.1823625576736998e-15,3.9658128469587318e+01,-2.5937850288692903e-04,1.2556590281248958e+01,1.2559878392954451e+01,8.8817841970012523e-16,1.4136671625649608e+00,1.7228396484440912e-15,8.0948539144800970e-11,2.0254441727229264e-01,2.2739601054497086e-02,8.4790861886317085e-14,4.4053649617126212e-13,1.1899305830839918e-15,6.1823625576736998e-15,3.9658128469587318e+01,-2.5937850288692903e-04,1.2556590281248958e+01,1.2559878392954451e+01,8.8817841970012523e-16,1.4136671625649608e+00,1.7228396484440912e-15,8.0948539144800970e-11,3.0915304436957514e-01,3.4708519683840512e-02,8.8488759534663062e-14,3.8369307731045410e-13,1.2418258157422099e-15,5.3846383566835445e-15,3.9663584528003582e+01,-1.2183688298462494e-04,1.2549489577505108e+01,1.2557799565606844e+01,8.3266726846886741e-16,1.4133354957065829e+00,7.3126288888047042e-03,8.4161414706431931e-03,7.4576105092906476e-05,-5.2338696854102910e-04,-5.2320230069691893e-04,9.9974804119531535e-01,3.9668417604357430e+01,1.2566370614359172e+01,nan,nan,3.4906598799999955e-01,3.1137925500000030e-01,3.7685683999999497e-02,1.0600861400000028e-01,2.5471779000000083e-02,0.0000000000000000e+00,1.3148132199999996e-01,4.8054730999999951e-01,1.5942110309999995e+00,0,0,0,nan,27648,0,2496,8.5125000000000000e+01,8.5125000000000000e+01
exp3_remap,a,A_int,A,2,2,abc,1,8,2.9999999999999999e-01,1,8,0.0000000000000000e+00,1,uniform,0.0000000000000000e+00,2.0000000000000000e+00,4,1,9.0102538012759037e-01,9.9999999999998312e-01,12288,12288,12288,12288,0.0000000000000000e+00,2.2214277755491782e-01,2.4939903092691812e-02,9.2386329250841116e-14,5.1336712658667238e-13,1.2965231888058334e-15,7.2044466901923223e-15,3.9660626792931822e+01,-1.9639834145417906e-04,1.2556061256342881e+01,1.2560493004367755e+01,7.2164496600635175e-16,1.4136916877744272e+00,7.6816079662152270e-04,8.7057280168882580e-04,2.0254441727229264e-01,2.2739601054497086e-02,8.4790861886317085e-14,4.4053649617126212e-13,1.1899305830839918e-15,6.1823625576736998e-15,3.9658128469587318e+01,-2.5937850288692903e-04,1.2556590281248958e+01,1.2559878392954451e+01,8.8817841970012523e-16,1.4136671625649608e+00,1.7228396484440912e-15,8.0948539144800970e-11,2.0254441727229264e-01,2.2739601054497086e-02,8.4790861886317085e-14,4.4053649617126212e-13,1.1899305830839918e-15,6.1823625576736998e-15,3.9658128469587318e+01,-2.5937850288692903e-04,1.2556590281248958e+01,1.2559878392954451e+01,8.8817841970012523e-16,1.4136671625649608e+00,1.7228396484440912e-15,8.0948539144800970e-11,2.5958225729626228e-01,2.9143222268167158e-02,8.7349278919007031e-14,4.6895820560166612e-13,1.2258346723190140e-15,6.5812246581687770e-15,3.9641450801389503e+01,-6.7980536145622391e-04,1.2546916330103789e+01,1.2552761725915696e+01,1.0547118733938987e-15,1.4131647570255550e+00,5.5840306249395656e-03,6.4114031916872819e-03,-4.8350197898880810e-04,-7.2832762220493251e-04,-7.2807064467227958e-04,9.9962726614761255e-01,3.9668417604357430e+01,1.2566370614359172e+01,nan,nan,1.3087707190000009e+00,1.1407080550000002e+00,1.6806171600000042e-01,3.9577834600000017e-01,1.0839600699999963e-01,0.0000000000000000e+00,5.0417518799999961e-01,1.8129459070000005e+00,2.9717787940000004e+00,0,0,0,nan,110592,0,9792,9.8449218750000000e+01,9.8449218750000000e+01
exp3_remap,a,A_l2,A,2,2,abc,1,8,2.9999999999999999e-01,1,8,0.0000000000000000e+00,1,uniform,0.0000000000000000e+00,2.0000000000000000e+00,0,1,9.0102538012759037e-01,9.9999999999998312e-01,12288,12288,12288,12288,0.0000000000000000e+00,2.2214277755491782e-01,2.4939903092691812e-02,9.2386329250841116e-14,5.1336712658667238e-13,1.2965231888058334e-15,7.2044466901923223e-15,3.9660626792931822e+01,-1.9639834145417906e-04,1.2556061256342881e+01,1.2560493004367755e+01,7.2164496600635175e-16,1.4136916877744272e+00,7.6816079662152270e-04,8.7057280168882580e-04,2.0254441727229264e-01,2.2739601054497086e-02,8.4790861886317085e-14,4.4053649617126212e-13,1.1899305830839918e-15,6.1823625576736998e-15,3.9658128469587318e+01,-2.5937850288692903e-04,1.2556590281248958e+01,1.2559878392954451e+01,8.8817841970012523e-16,1.4136671625649608e+00,1.7228396484440912e-15,8.0948539144800970e-11,2.0254441727229264e-01,2.2739601054497086e-02,8.4790861886317085e-14,4.4053649617126212e-13,1.1899305830839918e-15,6.1823625576736998e-15,3.9658128469587318e+01,-2.5937850288692903e-04,1.2556590281248958e+01,1.2559878392954451e+01,8.8817841970012523e-16,1.4136671625649608e+00,1.7228396484440912e-15,8.0948539144800970e-11,2.6910494837844606e-01,3.0212331943419109e-02,8.6301988513033043e-14,4.2632564145606011e-13,1.2111372997989689e-15,5.9829315074261607e-15,3.9671238274467832e+01,7.1106191795578585e-05,1.2555852114688367e+01,1.2561733273306691e+01,8.3266726846886741e-16,1.4136411778422664e+00,4.2276084422757888e-03,4.9460062850274940e-03,2.6755708101671366e-04,-1.6656629037083528e-05,-1.6650752039834254e-05,9.9996427089966100e-01,3.9668417604357430e+01,1.2566370614359172e+01,nan,nan,1.2089619960000011e+00,1.1533698120000011e+00,3.5914969000000241e-02,3.9645044100000071e-01,2.7573113599999921e-01,1.8167468600000092e-01,8.5385973400000026e-01,2.0628217300000014e+00,3.2117635940000007e+00,18,18,0,nan,110592,0,8592,1.0562890625000000e+02,1.0562890625000000e+02
exp3_remap,a,B_pt,B,2,2,abc,1,8,2.9999999999999999e-01,1,8,0.0000000000000000e+00,1,uniform,0.0000000000000000e+00,2.0000000000000000e+00,0,1,9.0102538012759037e-01,9.9999999999998312e-01,12288,12288,12288,12288,0.0000000000000000e+00,2.2214277755491782e-01,2.4939903092691812e-02,9.2386329250841116e-14,5.1336712658667238e-13,1.2965231888058334e-15,7.2044466901923223e-15,3.9660626792931822e+01,-1.9639834145417906e-04,1.2556061256342881e+01,1.2560493004367755e+01,7.2164496600635175e-16,1.4136916877744272e+00,7.6816079662152270e-04,8.7057280168882580e-04,2.0254441727229264e-01,2.2739601054497086e-02,8.4790861886317085e-14,4.4053649617126212e-13,1.1899305830839918e-15,6.1823625576736998e-15,3.9658128469587318e+01,-2.5937850288692903e-04,1.2556590281248958e+01,1.2559878392954451e+01,8.8817841970012523e-16,1.4136671625649608e+00,1.7228396484440912e-15,8.0948539144800970e-11,2.0254441727229264e-01,2.2739601054497086e-02,8.4790861886317085e-14,4.4053649617126212e-13,1.1899305830839918e-15,6.1823625576736998e-15,3.9658128469587318e+01,-2.5937850288692903e-04,1.2556590281248958e+01,1.2559878392954451e+01,8.8817841970012523e-16,1.4136671625649608e+00,1.7228396484440912e-15,8.0948539144800970e-11,2.9831505529384933e-01,3.3491741896854249e-02,1.8500045993943512e+00,1.2374998264447726e+01,2.5962432775089282e-02,1.7366716852366310e-01,3.9909277585580561e+01,6.0718323484795118e-03,nan,nan,5.9220859058273512e-03,nan,nan,nan,6.2694620018726686e-03,nan,nan,nan,3.9668417604357430e+01,1.2566370614359172e+01,nan,nan,2.3653830900000017e-01,2.0331376099999865e-01,3.3223503999998627e-02,6.0906888999999964e-02,2.2517043000000569e-02,0.0000000000000000e+00,8.3424677000000003e-02,3.1996298600000017e-01,8.8587503199999951e-01,0,0,0,nan,18432,0,1632,1.0562890625000000e+02,1.0562890625000000e+02
exp3_remap,a,B_int,B,2,2,abc,1,8,2.9999999999999999e-01,1,8,0.0000000000000000e+00,1,uniform,0.0000000000000000e+00,2.0000000000000000e+00,4,1,9.0102538012759037e-01,9.9999999999998312e-01,12288,12288,12288,12288,0.0000000000000000e+00,2.2214277755491782e-01,2.4939903092691812e-02,9.2386329250841116e-14,5.1336712658667238e-13,1.2965231888058334e-15,7.2044466901923223e-15,3.9660626792931822e+01,-1.9639834145417906e-04,1.2556061256342881e+01,1.2560493004367755e+01,7.2164496600635175e-16,1.4136916877744272e+00,7.6816079662152270e-04,8.7057280168882580e-04,2.0254441727229264e-01,2.2739601054497086e-02,8.4790861886317085e-14,4.4053649617126212e-13,1.1899305830839918e-15,6.1823625576736998e-15,3.9658128469587318e+01,-2.5937850288692903e-04,1.2556590281248958e+01,1.2559878392954451e+01,8.8817841970012523e-16,1.4136671625649608e+00,1.7228396484440912e-15,8.0948539144800970e-11,2.0254441727229264e-01,2.2739601054497086e-02,8.4790861886317085e-14,4.4053649617126212e-13,1.1899305830839918e-15,6.1823625576736998e-15,3.9658128469587318e+01,-2.5937850288692903e-04,1.2556590281248958e+01,1.2559878392954451e+01,8.8817841970012523e-16,1.4136671625649608e+00,1.7228396484440912e-15,8.0948539144800970e-11,2.5063471574128832e-01,2.8138684458047642e-02,4.3181986368159897e-01,1.9890096363759042e+00,6.0600358428578955e-03,2.7913189507917862e-02,3.9639215459771300e+01,-7.3615602410421620e-04,nan,nan,3.9037632019045532e-04,nan,nan,nan,-5.3986371098748646e-04,nan,nan,nan,3.9668417604357430e+01,1.2566370614359172e+01,nan,nan,2.9837189190000011e+00,2.5327455939999997e+00,4.5097196799999928e-01,7.7827591400000173e-01,2.4080054299999887e-01,0.0000000000000000e+00,1.0190774390000001e+00,4.0027963580000012e+00,4.4367128689999991e+00,0,0,0,nan,294912,0,24000,1.4801562500000000e+02,1.4801562500000000e+02
exp3_remap,a,B_l2,B,2,2,abc,1,8,2.9999999999999999e-01,1,8,0.0000000000000000e+00,1,uniform,0.0000000000000000e+00,2.0000000000000000e+00,0,1,9.0102538012759037e-01,9.9999999999998312e-01,12288,12288,12288,12288,0.0000000000000000e+00,2.2214277755491782e-01,2.4939903092691812e-02,9.2386329250841116e-14,5.1336712658667238e-13,1.2965231888058334e-15,7.2044466901923223e-15,3.9660626792931822e+01,-1.9639834145417906e-04,1.2556061256342881e+01,1.2560493004367755e+01,7.2164496600635175e-16,1.4136916877744272e+00,7.6816079662152270e-04,8.7057280168882580e-04,2.0254441727229264e-01,2.2739601054497086e-02,8.4790861886317085e-14,4.4053649617126212e-13,1.1899305830839918e-15,6.1823625576736998e-15,3.9658128469587318e+01,-2.5937850288692903e-04,1.2556590281248958e+01,1.2559878392954451e+01,8.8817841970012523e-16,1.4136671625649608e+00,1.7228396484440912e-15,8.0948539144800970e-11,2.0254441727229264e-01,2.2739601054497086e-02,8.4790861886317085e-14,4.4053649617126212e-13,1.1899305830839918e-15,6.1823625576736998e-15,3.9658128469587318e+01,-2.5937850288692903e-04,1.2556590281248958e+01,1.2559878392954451e+01,8.8817841970012523e-16,1.4136671625649608e+00,1.7228396484440912e-15,8.0948539144800970e-11,2.3393919238455940e-01,2.6264283051971524e-02,6.4059350705431806e-01,3.3875654414030114e+00,8.9899051432094489e-03,4.7540119669126198e-02,3.9643224639528412e+01,-6.3508872676206461e-04,nan,nan,8.5610911789191224e-04,nan,nan,nan,-4.3877656029659676e-04,nan,nan,nan,3.9668417604357430e+01,1.2566370614359172e+01,nan,nan,9.6774768799999933e-01,9.2102113700000032e-01,3.3417710000001932e-02,3.5755987199999950e-01,2.6307627100000275e-01,7.1388952999999589e-02,6.9202864499999706e-01,1.6597763329999964e+00,2.2208679039999986e+00,6,6,0,nan,110592,0,8592,1.4851171875000000e+02,1.4851171875000000e+02
exp3_remap,a,B_l2c,B,2,2,abc,1,8,2.9999999999999999e-01,1,8,0.0000000000000000e+00,1,uniform,0.0000000000000000e+00,2.0000000000000000e+00,0,1,9.0102538012759037e-01,9.9999999999998312e-01,12288,12288,12288,12288,0.0000000000000000e+00,2.2214277755491782e-01,2.4939903092691812e-02,9.2386329250841116e-14,5.1336712658667238e-13,1.2965231888058334e-15,7.2044466901923223e-15,3.9660626792931822e+01,-1.9639834145417906e-04,1.2556061256342881e+01,1.2560493004367755e+01,7.2164496600635175e-16,1.4136916877744272e+00,7.6816079662152270e-04,8.7057280168882580e-04,2.0254441727229264e-01,2.2739601054497086e-02,8.4790861886317085e-14,4.4053649617126212e-13,1.1899305830839918e-15,6.1823625576736998e-15,3.9658128469587318e+01,-2.5937850288692903e-04,1.2556590281248958e+01,1.2559878392954451e+01,8.8817841970012523e-16,1.4136671625649608e+00,1.7228396484440912e-15,8.0948539144800970e-11,2.0254441727229264e-01,2.2739601054497086e-02,8.4790861886317085e-14,4.4053649617126212e-13,1.1899305830839918e-15,6.1823625576736998e-15,3.9658128469587318e+01,-2.5937850288692903e-04,1.2556590281248958e+01,1.2559878392954451e+01,8.8817841970012523e-16,1.4136671625649608e+00,1.7228396484440912e-15,8.0948539144800970e-11,2.3363024462511564e-01,2.6229597579564810e-02,4.4415526651227817e-13,1.9693136010801027e-12,6.2331473404455230e-15,2.7636781010084698e-14,3.9643152412262808e+01,-6.3690950182612759e-04,nan,nan,9.3591883132404519e-09,nan,nan,nan,-4.4059769302810781e-04,nan,nan,nan,3.9668417604357430e+01,1.2566370614359172e+01,nan,nan,1.2003810470000005e+00,1.1327381070000015e+00,3.1956996000001681e-02,3.7137615199999985e-01,2.5329324799999853e-01,2.0249816030000005e+00,2.6496529850000030e+00,3.8500340320000035e+00,4.4172057100000011e+00,29,6,180,3.3875654414030114e+00,110592,0,8592,1.4857421875000000e+02,1.4857421875000000e+02
exp3_remap,a,A_pt,A,3,3,abc,1,8,2.9999999999999999e-01,1,8,0.0000000000000000e+00,1,uniform,0.0000000000000000e+00,2.0000000000000000e+00,0,1,9.0977720054037048e-01,9.9999999999996692e-01,41472,41472,41472,41472,0.0000000000000000e+00,1.7649500889531839e-02,1.9815041779176297e-03,2.3294829563109238e-13,1.7671419882958617e-12,3.2691294212856078e-15,2.4799562709297072e-14,3.9668444320879388e+01,6.7349603467311972e-07,1.2566329582044686e+01,1.2566363386562230e+01,1.2212453270876722e-15,1.4142122709952341e+00,6.4570412734713838e-05,8.9503416399397100e-05,1.3464715461453914e-02,1.5116795714698106e-03,2.2862620972623772e-13,1.8287593661625579e-12,3.2084745100548095e-15,2.5664283278730243e-14,3.9668387313158419e+01,-7.6360996580583265e-07,1.2566332157433365e+01,1.2566346644016324e+01,1.1934897514720433e-15,1.4142114073134975e+00,2.7932756189736299e-15,0.0000000000000000e+00,1.3464715461453914e-02,1.5116795714698106e-03,2.2862620972623772e-13,1.8287593661625579e-12,3.2084745100548095e-15,2.5664283278730243e-14,3.9668387313158419e+01,-7.6360996580583265e-07,1.2566332157433365e+01,1.2566346644016324e+01,1.1934897514720433e-15,1.4142114073134975e+00,2.7932756189736299e-15,0.0000000000000000e+00,3.8757699157624580e-02,4.3513152744653191e-03,2.2757313854023183e-13,1.4015455462867976e-12,3.1936960117294471e-15,1.9668887330663586e-14,3.9668899453414710e+01,1.2146919044920143e-05,1.2566285169704823e+01,1.2566411791849934e+01,1.6098233857064770e-15,1.4142095660132636e+00,6.9116251862252182e-04,1.0008989093239812e-03,1.1473415282947326e-05,-3.5342332518550188e-06,-3.5342237444863161e-06,9.9999808728715911e-01,3.9668417604357430e+01,1.2566370614359172e+01,nan,nan,1.1402374290000026e+00,9.8211603499999711e-01,1.5811994399999918e-01,5.0565253100000263e-01,1.7875949900000165e-01,0.0000000000000000e+00,6.8441287000000273e-01,1.8246502990000053e+00,7.0532632309999954e+00,0,0,0,nan,73728,0,6480,2.3454296875000000e+02,2.3454296875000000e+02
exp3_remap,a,A_int,A,3,3,abc,1,8,2.9999999999999999e-01,1,8,0.0000000000000000e+00,1,uniform,0.0000000000000000e+00,2.0000000000000000e+00,5,1,9.0977720054037048e-01,9.9999999999996692e-01,41472,41472,41472,41472,0.0000000000000000e+00,1.7649500889531839e-02,1.9815041779176297e-03,2.3294829563109238e-13,1.7671419882958617e-12,3.2691294212856078e-15,2.4799562709297072e-14,3.9668444320879388e+01,6.7349603467311972e-07,1.2566329582044686e+01,1.2566363386562230e+01,1.2212453270876722e-15,1.4142122709952341e+00,6.4570412734713838e-05,8.9503416399397100e-05,1.3464715461453914e-02,1.5116795714698106e-03,2.2862620972623772e-13,1.8287593661625579e-12,3.2084745100548095e-15,2.5664283278730243e-14,3.9668387313158419e+01,-7.6360996580583265e-07,1.2566332157433365e+01,1.2566346644016324e+01,1.1934897514720433e-15,1.4142114073134975e+00,2.7932756189736299e-15,0.0000000000000000e+00,1.3464715461453914e-02,1.5116795714698106e-03,2.2862620972623772e-13,1.8287593661625579e-12,3.2084745100548095e-15,2.5664283278730243e-14,3.9668387313158419e+01,-7.6360996580583265e-07,1.2566332157433365e+01,1.2566346644016324e+01,1.1934897514720433e-15,1.4142114073134975e+00,2.7932756189736299e-15,0.0000000000000000e+00,2.1662500707792284e-02,2.4320424654101030e-03,2.2817480798049524e-13,1.7310597399955441e-12,3.2021396677078046e-15,2.4293194808278409e-14,3.9668263206930959e+01,-3.8922002891703301e-06,1.2566247173954656e+01,1.2566288160699900e+01,1.2767564783189300e-15,1.4142070485131135e+00,5.6614279362142731e-04,7.6917056964922982e-04,-4.5656932488671511e-06,-6.5578488525302179e-06,-6.5578312113949291e-06,9.9999630714410581e-01,3.9668417604357430e+01,1.2566370614359172e+01,nan,nan,6.3724083330000028e+00,5.2926642939999979e+00,1.0797427529999979e+00,2.6638409900000042e+00,7.3954020300000423e-01,0.0000000000000000e+00,3.4033819500000035e+00,9.7757902830000063e+00,1.5722387703000003e+01,0,0,0,nan,368640,0,32016,2.9571875000000000e+02,2.9571875000000000e+02
exp3_remap,a,A_l2,A,3,3,abc,1,8,2.9999999999999999e-01,1,8,0.0000000000000000e+00,1,uniform,0.0000000000000000e+00,2.0000000000000000e+00,0,1,9.0977720054037048e-01,9.9999999999996692e-01,41472,41472,41472,41472,0.0000000000000000e+00,1.7649500889531839e-02,1.9815041779176297e-03,2.3294829563109238e-13,1.7671419882958617e-12,3.2691294212856078e-15,2.4799562709297072e-14,3.9668444320879388e+01,6.7349603467311972e-07,1.2566329582044686e+01,1.2566363386562230e+01,1.2212453270876722e-15,1.4142122709952341e+00,6.4570412734713838e-05,8.9503416399397100e-05,1.3464715461453914e-02,1.5116795714698106e-03,2.2862620972623772e-13,1.8287593661625579e-12,3.2084745100548095e-15,2.5664283278730243e-14,3.9668387313158419e+01,-7.6360996580583265e-07,1.2566332157433365e+01,1.2566346644016324e+01,1.1934897514720433e-15,1.4142114073134975e+00,2.7932756189736299e-15,0.0000000000000000e+00,1.3464715461453914e-02,1.5116795714698106e-03,2.2862620972623772e-13,1.8287593661625579e-12,3.2084745100548095e-15,2.5664283278730243e-14,3.9668387313158419e+01,-7.6360996580583265e-07,1.2566332157433365e+01,1.2566346644016324e+01,1.1934897514720433e-15,1.4142114073134975e+00,2.7932756189736299e-15,0.0000000000000000e+00,2.7652671148497100e-02,3.1045571064181950e-03,2.2975848520808670e-13,1.3926637620897964e-12,3.2243645387012298e-15,1.9544242924258875e-14,3.9668681961958121e+01,6.6641831627467851e-06,1.2566333016163853e+01,1.2566396681790112e+01,1.5543122344752192e-15,1.4142117610355076e+00,4.4528190265816128e-04,6.1831771148359736e-04,5.9906830933723570e-06,2.7327941260737970e-07,2.7327867746401215e-07,9.9999963940369008e-01,3.9668417604357430e+01,1.2566370614359172e+01,nan,nan,4.2780907309999989e+00,4.0368078519999955e+00,1.9135988899999745e-01,1.9435494900000023e+00,1.3604555729999959e+00,3.9158641800000282e-01,3.6955961159999973e+00,7.9736868469999962e+00,1.3919287983000004e+01,15,15,0,nan,262144,0,21024,2.9863671875000000e+02,2.9863671875000000e+02
exp3_remap,a,B_pt,B,3,3,abc,1,8,2.9999999999999999e-01,1,8,0.0000000000000000e+00,1,uniform,0.0000000000000000e+00,2.0000000000000000e+00,0,1,9.0977720054037048e-01,9.9999999999996692e-01,41472,41472,41472,41472,0.0000000000000000e+00,1.7649500889531839e-02,1.9815041779176297e-03,2.3294829563109238e-13,1.7671419882958617e-12,3.2691294212856078e-15,2.4799562709297072e-14,3.9668444320879388e+01,6.7349603467311972e-07,1.2566329582044686e+01,1.2566363386562230e+01,1.2212453270876722e-15,1.4142122709952341e+00,6.4570412734713838e-05,8.9503416399397100e-05,1.3464715461453914e-02,1.5116795714698106e-03,2.2862620972623772e-13,1.8287593661625579e-12,3.2084745100548095e-15,2.5664283278730243e-14,3.9668387313158419e+01,-7.6360996580583265e-07,1.2566332157433365e+01,1.2566346644016324e+01,1.1934897514720433e-15,1.4142114073134975e+00,2.7932756189736299e-15,0.0000000000000000e+00,1.3464715461453914e-02,1.5116795714698106e-03,2.2862620972623772e-13,1.8287593661625579e-12,3.2084745100548095e-15,2.5664283278730243e-14,3.9668387313158419e+01,-7.6360996580583265e-07,1.2566332157433365e+01,1.2566346644016324e+01,1.1934897514720433e-15,1.4142114073134975e+00,2.7932756189736299e-15,0.0000000000000000e+00,2.0915164343358425e-02,2.3481392356415037e-03,3.5597141591491110e-01,3.2109456831213379e+00,4.9956005290850867e-03,4.5061488749699674e-02,3.9666919988490555e+01,-3.7753355372309111e-05,nan,nan,1.1710996013046260e-03,nan,nan,nan,-3.8426825526667608e-05,nan,nan,nan,3.9668417604357430e+01,1.2566370614359172e+01,nan,nan,8.8924257100001114e-01,7.4515904099999375e-01,1.4408222000000137e-01,3.0885355800000980e-01,9.5218746000000465e-02,0.0000000000000000e+00,4.0407337199999915e-01,1.2933159430000103e+00,3.7117507760000024e+00,0,0,0,nan,55296,0,4608,2.9875781250000000e+02,2.9875781250000000e+02
exp3_remap,a,B_int,B,3,3,abc,1,8,2.9999999999999999e-01,1,8,0.0000000000000000e+00,1,uniform,0.0000000000000000e+00,2.0000000000000000e+00,5,1,9.0977720054037048e-01,9.9999999999996692e-01,41472,41472,41472,41472,0.0000000000000000e+00,1.7649500889531839e-02,1.9815041779176297e-03,2.3294829563109238e-13,1.7671419882958617e-12,3.2691294212856078e-15,2.4799562709297072e-14,3.9668444320879388e+01,6.7349603467311972e-07,1.2566329582044686e+01,1.2566363386562230e+01,1.2212453270876722e-15,1.4142122709952341e+00,6.4570412734713838e-05,8.9503416399397100e-05,1.3464715461453914e-02,1.5116795714698106e-03,2.2862620972623772e-13,1.8287593661625579e-12,3.2084745100548095e-15,2.5664283278730243e-14,3.9668387313158419e+01,-7.6360996580583265e-07,1.2566332157433365e+01,1.2566346644016324e+01,1.1934897514720433e-15,1.4142114073134975e+00,2.7932756189736299e-15,0.0000000000000000e+00,1.3464715461453914e-02,1.5116795714698106e-03,2.2862620972623772e-13,1.8287593661625579e-12,3.2084745100548095e-15,2.5664283278730243e-14,3.9668387313158419e+01,-7.6360996580583265e-07,1.2566332157433365e+01,1.2566346644016324e+01,1.1934897514720433e-15,1.4142114073134975e+00,2.7932756189736299e-15,0.0000000000000000e+00,1.7137702688237191e-02,1.9240447471686880e-03,7.5161261168800619e-02,7.3199065496243065e-01,1.0547915345857821e-03,1.0272546445385765e-02,3.9668119736955219e+01,-7.5089307867312731e-06,nan,nan,5.0425422202959869e-05,nan,nan,nan,-8.1824213105760860e-06,nan,nan,nan,3.9668417604357430e+01,1.2566370614359172e+01,nan,nan,2.4474177374999996e+01,2.0808642608999989e+01,3.6655338430000057e+00,8.5339068450000042e+00,2.3139952370000003e+00,0.0000000000000000e+00,1.0847902790999996e+01,3.5322080165999992e+01,3.7894834174000010e+01,0,0,0,nan,1382400,0,113568,5.1862890625000000e+02,5.1862890625000000e+02
exp3_remap,a,B_l2,B,3,3,abc,1,8,2.9999999999999999e-01,1,8,0.0000000000000000e+00,1,uniform,0.0000000000000000e+00,2.0000000000000000e+00,0,1,9.0977720054037048e-01,9.9999999999996692e-01,41472,41472,41472,41472,0.0000000000000000e+00,1.7649500889531839e-02,1.9815041779176297e-03,2.3294829563109238e-13,1.7671419882958617e-12,3.2691294212856078e-15,2.4799562709297072e-14,3.9668444320879388e+01,6.7349603467311972e-07,1.2566329582044686e+01,1.2566363386562230e+01,1.2212453270876722e-15,1.4142122709952341e+00,6.4570412734713838e-05,8.9503416399397100e-05,1.3464715461453914e-02,1.5116795714698106e-03,2.2862620972623772e-13,1.8287593661625579e-12,3.2084745100548095e-15,2.5664283278730243e-14,3.9668387313158419e+01,-7.6360996580583265e-07,1.2566332157433365e+01,1.2566346644016324e+01,1.1934897514720433e-15,1.4142114073134975e+00,2.7932756189736299e-15,0.0000000000000000e+00,1.3464715461453914e-02,1.5116795714698106e-03,2.2862620972623772e-13,1.8287593661625579e-12,3.2084745100548095e-15,2.5664283278730243e-14,3.9668387313158419e+01,-7.6360996580583265e-07,1.2566332157433365e+01,1.2566346644016324e+01,1.1934897514720433e-15,1.4142114073134975e+00,2.7932756189736299e-15,0.0000000000000000e+00,1.6240371421103416e-02,1.8233016346052996e-03,1.4010476752462234e-01,9.5146552951001473e-01,1.9661900351590233e-03,1.3352593748040178e-02,3.9668224674958857e+01,-4.8635516671409671e-06,nan,nan,1.8949787334743284e-05,nan,nan,nan,-5.5370439726369276e-06,nan,nan,nan,3.9668417604357430e+01,1.2566370614359172e+01,nan,nan,3.6071625809999972e+00,3.3706057630000004e+00,1.7057641400000989e-01,1.4523771699999912e+00,1.1728934940000073e+00,1.6772943700000553e-01,2.7930047290000033e+00,6.4001673100000005e+00,9.0647028199999937e+00,6,6,0,nan,262144,0,21024,5.1887890625000000e+02,5.1887890625000000e+02
exp3_remap,a,B_l2c,B,3,3,abc,1,8,2.9999999999999999e-01,1,8,0.0000000000000000e+00,1,uniform,0.0000000000000000e+00,2.0000000000000000e+00,0,1,9.0977720054037048e-01,9.9999999999996692e-01,41472,41472,41472,41472,0.0000000000000000e+00,1.7649500889531839e-02,1.9815041779176297e-03,2.3294829563109238e-13,1.7671419882958617e-12,3.2691294212856078e-15,2.4799562709297072e-14,3.9668444320879388e+01,6.7349603467311972e-07,1.2566329582044686e+01,1.2566363386562230e+01,1.2212453270876722e-15,1.4142122709952341e+00,6.4570412734713838e-05,8.9503416399397100e-05,1.3464715461453914e-02,1.5116795714698106e-03,2.2862620972623772e-13,1.8287593661625579e-12,3.2084745100548095e-15,2.5664283278730243e-14,3.9668387313158419e+01,-7.6360996580583265e-07,1.2566332157433365e+01,1.2566346644016324e+01,1.1934897514720433e-15,1.4142114073134975e+00,2.7932756189736299e-15,0.0000000000000000e+00,1.3464715461453914e-02,1.5116795714698106e-03,2.2862620972623772e-13,1.8287593661625579e-12,3.2084745100548095e-15,2.5664283278730243e-14,3.9668387313158419e+01,-7.6360996580583265e-07,1.2566332157433365e+01,1.2566346644016324e+01,1.1934897514720433e-15,1.4142114073134975e+00,2.7932756189736299e-15,0.0000000000000000e+00,1.6149824339404741e-02,1.8131359408665834e-03,1.1287835720973199e-13,5.4800608495497727e-13,1.5841024188694468e-15,7.6905598751707435e-15,3.9668223208540944e+01,-4.9005185541982295e-06,nan,nan,9.7899710560511721e-09,nan,nan,nan,-5.5740108347971542e-06,nan,nan,nan,3.9668417604357430e+01,1.2566370614359172e+01,nan,nan,4.1797157389999882e+00,3.9386875230000129e+00,1.4343104099999948e-01,1.6664288009999950e+00,1.2330866859999787e+00,7.4791768409999975e+00,1.0378693800000008e+01,1.4558409538999996e+01,1.7104461719999989e+01,39,6,240,9.5146552951001473e-01,262144,0,21024,5.1893750000000000e+02,5.1893750000000000e+02
exp3_remap,a,A_pt,A,4,4,abc,1,8,2.9999999999999999e-01,1,8,0.0000000000000000e+00,1,uniform,0.0000000000000000e+00,2.0000000000000000e+00,0,1,9.1003834055708710e-01,9.9999999999991895e-01,98304,98304,98304,98304,0.0000000000000000e+00,1.3436109025258115e-03,1.5084679354472250e-04,4.8566673458531736e-13,4.4396708531735385e-12,6.8157073511581134e-15,6.2305064596475042e-14,3.9668418199399760e+01,1.5000405007601034e-08,1.2566370516501651e+01,1.2566370756820865e+01,3.3306690738754696e-15,1.4142135677508110e+00,5.3146427157398815e-06,7.4616159120984091e-06,6.6688357420060184e-04,7.4870819108936501e-05,4.7343272240734675e-13,4.0074610296869650e-12,6.6440187408464687e-15,5.6239556169805856e-14,3.9668417548663307e+01,-1.4039915493131647e-09,1.2566370525896859e+01,1.2566370561382472e+01,4.1633363423443370e-15,1.4142135574086603e+00,2.8191254053514921e-15,0.0000000000000000e+00,6.6688357420060184e-04,7.4870819108936501e-05,4.7343272240734675e-13,4.0074610296869650e-12,6.6440187408464687e-15,5.6239556169805856e-14,3.9668417548663307e+01,-1.4039915493131647e-09,1.2566370525896859e+01,1.2566370561382472e+01,4.1633363423443370e-15,1.4142135574086603e+00,2.8191254053514921e-15,0.0000000000000000e+00,5.9237246682996335e-03,6.6505479404414824e-04,4.7244222481873519e-13,4.5190517994342372e-12,6.6301183824005298e-15,6.3419073978717239e-14,3.9668444285293951e+01,6.7259896241845118e-07,1.2566373524138324e+01,1.2566376410643894e+01,3.7747582837255322e-15,1.4142137367961125e+00,7.2067148047735705e-05,1.0923188578949354e-04,6.5759854754660559e-07,2.3934012363374327e-07,2.3934011905660391e-07,1.0000001195330785e+00,3.9668417604357430e+01,1.2566370614359172e+01,nan,nan,3.1245783349999954e+00,2.6059547499999951e+00,5.1862188599997694e-01,1.3291099649999865e+00,3.7559571299999561e-01,0.0000000000000000e+00,1.7047067659999868e+00,4.8292851009999822e+00,1.9888919912000006e+01,0,0,0,nan,153600,0,13776,6.6828906250000000e+02,6.6828906250000000e+02
exp3_remap,a,A_int,A,4,4,abc,1,8,2.9999999999999999e-01,1,8,0.0000000000000000e+00,1,uniform,0.0000000000000000e+00,2.0000000000000000e+00,6,1,9.1003834055708710e-01,9.9999999999991895e-01,98304,98304,98304,98304,0.0000000000000000e+00,1.3436109025258115e-03,1.5084679354472250e-04,4.8566673458531736e-13,4.4396708531735385e-12,6.8157073511581134e-15,6.2305064596475042e-14,3.9668418199399760e+01,1.5000405007601034e-08,1.2566370516501651e+01,1.2566370756820865e+01,3.3306690738754696e-15,1.4142135677508110e+00,5.3146427157398815e-06,7.4616159120984091e-06,6.6688357420060184e-04,7.4870819108936501e-05,4.7343272240734675e-13,4.0074610296869650e-12,6.6440187408464687e-15,5.6239556169805856e-14,3.9668417548663307e+01,-1.4039915493131647e-09,1.2566370525896859e+01,1.2566370561382472e+01,4.1633363423443370e-15,1.4142135574086603e+00,2.8191254053514921e-15,0.0000000000000000e+00,6.6688357420060184e-04,7.4870819108936501e-05,4.7343272240734675e-13,4.0074610296869650e-12,6.6440187408464687e-15,5.6239556169805856e-14,3.9668417548663307e+01,-1.4039915493131647e-09,1.2566370525896859e+01,1.2566370561382472e+01,4.1633363423443370e-15,1.4142135574086603e+00,2.8191254053514921e-15,0.0000000000000000e+00,1.9697272797261243e-03,2.2114069165834782e-04,4.6799610575324300e-13,4.3485215428518131e-12,6.5677228254458757e-15,6.1025901375746774e-14,3.9668409468711047e+01,-2.0509127597424211e-07,1.2566367407506203e+01,1.2566367762816819e+01,3.4972025275692431e-15,1.4142133871812193e+00,5.8501230541828413e-05,8.5150998204555902e-05,-2.2009167768037885e-07,-2.4740599877739096e-07,-2.4740599404599981e-07,9.9999987231801768e-01,3.9668417604357430e+01,1.2566370614359172e+01,nan,nan,1.8759392415999997e+01,1.5849734615000017e+01,2.9096563239999966e+00,7.9219882090000056e+00,2.1021906070000114e+00,0.0000000000000000e+00,1.0024179987999986e+01,2.8783572403999983e+01,4.4463722138000008e+01,0,0,0,nan,921600,0,84048,7.9653125000000000e+02,7.9653125000000000e+02
exp3_remap,a,A_l2,A,4,4,abc,1,8,2.9999999999999999e-01,1,8,0.0000000000000000e+00,1,uniform,0.0000000000000000e+00,2.0000000000000000e+00,0,1,9.1003834055708710e-01,9.9999999999991895e-01,98304,98304,98304,98304,0.0000000000000000e+00,1.3436109025258115e-03,1.5084679354472250e-04,4.8566673458531736e-13,4.4396708531735385e-12,6.8157073511581134e-15,6.2305064596475042e-14,3.9668418199399760e+01,1.5000405007601034e-08,1.2566370516501651e+01,1.2566370756820865e+01,3.3306690738754696e-15,1.4142135677508110e+00,5.3146427157398815e-06,7.4616159120984091e-06,6.6688357420060184e-04,7.4870819108936501e-05,4.7343272240734675e-13,4.0074610296869650e-12,6.6440187408464687e-15,5.6239556169805856e-14,3.9668417548663307e+01,-1.4039915493131647e-09,1.2566370525896859e+01,1.2566370561382472e+01,4.1633363423443370e-15,1.4142135574086603e+00,2.8191254053514921e-15,0.0000000000000000e+00,6.6688357420060184e-04,7.4870819108936501e-05,4.7343272240734675e-13,4.0074610296869650e-12,6.6440187408464687e-15,5.6239556169805856e-14,3.9668417548663307e+01,-1.4039915493131647e-09,1.2566370525896859e+01,1.2566370561382472e+01,4.1633363423443370e-15,1.4142135574086603e+00,2.8191254053514921e-15,0.0000000000000000e+00,3.3696155447656292e-03,3.7830572783446474e-04,4.7735415960134695e-13,5.7894800065128038e-12,6.6990510632332857e-15,8.1247898259831175e-14,3.9668422169378758e+01,1.1507949153890391e-07,1.2566370262342442e+01,1.2566371193071062e+01,3.6082248300317588e-15,1.4142135457359646e+00,4.3014800938978381e-05,6.4763613072470547e-05,1.0007908503007606e-07,-2.0225347398476392e-08,-2.0225347011686946e-08,9.9999998443315286e-01,3.9668417604357430e+01,1.2566370614359172e+01,nan,nan,9.2429815490000067e+00,8.7317845640000087e+00,4.3164280400000621e-01,3.6449063630000182e+00,3.1822246090000021e+00,4.8280110100000684e-01,7.3099383260000081e+00,1.6552919875000015e+01,3.1801767737999995e+01,13,13,0,nan,512000,0,41376,7.9671875000000000e+02,7.9671875000000000e+02
exp3_remap,a,B_pt,B,4,4,abc,1,8,2.9999999999999999e-01,1,8,0.0000000000000000e+00,1,uniform,0.0000000000000000e+00,2.0000000000000000e+00,0,1,9.1003834055708710e-01,9.9999999999991895e-01,98304,98304,98304,98304,0.0000000000000000e+00,1.3436109025258115e-03,1.5084679354472250e-04,4.8566673458531736e-13,4.4396708531735385e-12,6.8157073511581134e-15,6.2305064596475042e-14,3.9668418199399760e+01,1.5000405007601034e-08,1.2566370516501651e+01,1.2566370756820865e+01,3.3306690738754696e-15,1.4142135677508110e+00,5.3146427157398815e-06,7.4616159120984091e-06,6.6688357420060184e-04,7.4870819108936501e-05,4.7343272240734675e-13,4.0074610296869650e-12,6.6440187408464687e-15,5.6239556169805856e-14,3.9668417548663307e+01,-1.4039915493131647e-09,1.2566370525896859e+01,1.2566370561382472e+01,4.1633363423443370e-15,1.4142135574086603e+00,2.8191254053514921e-15,0.0000000000000000e+00,6.6688357420060184e-04,7.4870819108936501e-05,4.7343272240734675e-13,4.0074610296869650e-12,6.6440187408464687e-15,5.6239556169805856e-14,3.9668417548663307e+01,-1.4039915493131647e-09,1.2566370525896859e+01,1.2566370561382472e+01,4.1633363423443370e-15,1.4142135574086603e+00,2.8191254053514921e-15,0.0000000000000000e+00,1.4457945984645705e-03,1.6231892647839736e-04,2.6382212230536078e-02,2.8874670772027189e-01,3.7024038303346170e-04,4.0521882976237503e-03,3.9668049440283809e+01,-9.2810375571913468e-06,nan,nan,2.8042719263376981e-07,nan,nan,nan,-9.2960378227546164e-06,nan,nan,nan,3.9668417604357430e+01,1.2566370614359172e+01,nan,nan,2.2236739360000115e+00,1.8099365420000026e+00,4.1373579599996901e-01,9.5864870500003008e-01,2.8028819700000440e-01,0.0000000000000000e+00,1.2389378610000108e+00,3.4626117970000223e+00,9.6087796570000137e+00,0,0,0,nan,122880,0,10080,7.9684375000000000e+02,7.9684375000000000e+02
exp3_remap,a,B_int,B,4,4,abc,1,8,2.9999999999999999e-01,1,8,0.0000000000000000e+00,1,uniform,0.0000000000000000e+00,2.0000000000000000e+00,6,1,9.1003834055708710e-01,9.9999999999991895e-01,98304,98304,98304,98304,0.0000000000000000e+00,1.3436109025258115e-03,1.5084679354472250e-04,4.8566673458531736e-13,4.4396708531735385e-12,6.8157073511581134e-15,6.2305064596475042e-14,3.9668418199399760e+01,1.5000405007601034e-08,1.2566370516501651e+01,1.2566370756820865e+01,3.3306690738754696e-15,1.4142135677508110e+00,5.3146427157398815e-06,7.4616159120984091e-06,6.6688357420060184e-04,7.4870819108936501e-05,4.7343272240734675e-13,4.0074610296869650e-12,6.6440187408464687e-15,5.6239556169805856e-14,3.9668417548663307e+01,-1.4039915493131647e-09,1.2566370525896859e+01,1.2566370561382472e+01,4.1633363423443370e-15,1.4142135574086603e+00,2.8191254053514921e-15,0.0000000000000000e+00,6.6688357420060184e-04,7.4870819108936501e-05,4.7343272240734675e-13,4.0074610296869650e-12,6.6440187408464687e-15,5.6239556169805856e-14,3.9668417548663307e+01,-1.4039915493131647e-09,1.2566370525896859e+01,1.2566370561382472e+01,4.1633363423443370e-15,1.4142135574086603e+00,2.8191254053514921e-15,0.0000000000000000e+00,1.1185200581692472e-03,1.2557591187531045e-04,3.9959842417546590e-03,3.3675737971008424e-02,5.6078494226898258e-05,4.7259562679468676e-04,3.9668414050773535e+01,-8.9582194332588986e-08,nan,nan,5.6580372259640299e-07,nan,nan,nan,-1.0458259777140869e-07,nan,nan,nan,3.9668417604357430e+01,1.2566370614359172e+01,nan,nan,9.4503773462999959e+01,7.7418793520999998e+01,1.7084978229999990e+01,3.2487221739000006e+01,1.0609318310999981e+01,0.0000000000000000e+00,4.3096541303000038e+01,1.3760031476600000e+02,1.4360643857399998e+02,0,0,0,nan,4423680,0,376032,1.5973515625000000e+03,1.5973515625000000e+03
exp3_remap,a,B_l2,B,4,4,abc,1,8,2.9999999999999999e-01,1,8,0.0000000000000000e+00,1,uniform,0.0000000000000000e+00,2.0000000000000000e+00,0,1,9.1003834055708710e-01,9.9999999999991895e-01,98304,98304,98304,98304,0.0000000000000000e+00,1.3436109025258115e-03,1.5084679354472250e-04,4.8566673458531736e-13,4.4396708531735385e-12,6.8157073511581134e-15,6.2305064596475042e-14,3.9668418199399760e+01,1.5000405007601034e-08,1.2566370516501651e+01,1.2566370756820865e+01,3.3306690738754696e-15,1.4142135677508110e+00,5.3146427157398815e-06,7.4616159120984091e-06,6.6688357420060184e-04,7.4870819108936501e-05,4.7343272240734675e-13,4.0074610296869650e-12,6.6440187408464687e-15,5.6239556169805856e-14,3.9668417548663307e+01,-1.4039915493131647e-09,1.2566370525896859e+01,1.2566370561382472e+01,4.1633363423443370e-15,1.4142135574086603e+00,2.8191254053514921e-15,0.0000000000000000e+00,6.6688357420060184e-04,7.4870819108936501e-05,4.7343272240734675e-13,4.0074610296869650e-12,6.6440187408464687e-15,5.6239556169805856e-14,3.9668417548663307e+01,-1.4039915493131647e-09,1.2566370525896859e+01,1.2566370561382472e+01,4.1633363423443370e-15,1.4142135574086603e+00,2.8191254053514921e-15,0.0000000000000000e+00,9.4992290975967467e-04,1.0664756052704563e-04,1.2606245705964813e-02,1.2519072499986805e-01,1.7691242864721301e-04,1.7568906493193686e-03,3.9668438781844458e+01,5.3386266221232116e-07,nan,nan,1.3288720191184655e-06,nan,nan,nan,5.1886224942157622e-07,nan,nan,nan,3.9668417604357430e+01,1.2566370614359172e+01,nan,nan,8.7130909410000186e+00,8.1781701790000056e+00,4.4507895899999994e-01,3.9960832470000014e+00,2.8985381659999803e+00,2.1365332400000625e-01,7.1082808609999688e+00,1.5821371801999987e+01,2.2124824999999987e+01,6,6,0,nan,512000,0,41376,1.5975078125000000e+03,1.5975078125000000e+03
exp3_remap,a,B_l2c,B,4,4,abc,1,8,2.9999999999999999e-01,1,8,0.0000000000000000e+00,1,uniform,0.0000000000000000e+00,2.0000000000000000e+00,0,1,9.1003834055708710e-01,9.9999999999991895e-01,98304,98304,98304,98304,0.0000000000000000e+00,1.3436109025258115e-03,1.5084679354472250e-04,4.8566673458531736e-13,4.4396708531735385e-12,6.8157073511581134e-15,6.2305064596475042e-14,3.9668418199399760e+01,1.5000405007601034e-08,1.2566370516501651e+01,1.2566370756820865e+01,3.3306690738754696e-15,1.4142135677508110e+00,5.3146427157398815e-06,7.4616159120984091e-06,6.6688357420060184e-04,7.4870819108936501e-05,4.7343272240734675e-13,4.0074610296869650e-12,6.6440187408464687e-15,5.6239556169805856e-14,3.9668417548663307e+01,-1.4039915493131647e-09,1.2566370525896859e+01,1.2566370561382472e+01,4.1633363423443370e-15,1.4142135574086603e+00,2.8191254053514921e-15,0.0000000000000000e+00,6.6688357420060184e-04,7.4870819108936501e-05,4.7343272240734675e-13,4.0074610296869650e-12,6.6440187408464687e-15,5.6239556169805856e-14,3.9668417548663307e+01,-1.4039915493131647e-09,1.2566370525896859e+01,1.2566370561382472e+01,4.1633363423443370e-15,1.4142135574086603e+00,2.8191254053514921e-15,0.0000000000000000e+00,9.4393721026002060e-04,1.0597554783725003e-04,6.4921890813156676e-14,5.1159076974727213e-13,9.1109515426073462e-16,7.1795178089113853e-15,3.9668438776175549e+01,5.3371975485074194e-07,nan,nan,8.1499140769381029e-10,nan,nan,nan,5.1871934206214074e-07,nan,nan,nan,3.9668417604357430e+01,1.2566370614359172e+01,nan,nan,8.1519822739999768e+00,7.4816941139999926e+00,4.3337070400002631e-01,3.9358407759999636e+00,2.9444321309999850e+00,1.3325800055999991e+01,2.0206075272999954e+01,2.8358057546999930e+01,3.3864690429000007e+01,53,6,324,1.2519072499986805e-01,512000,0,41376,1.5975703125000000e+03,1.5975703125000000e+03
exp3_remap,a,A_pt,A,1,1,abc,1,8,5.0000000000000000e-01,1,8,0.0000000000000000e+00,1,uniform,0.0000000000000000e+00,2.0000000000000000e+00,0,1,6.3153338020658778e-01,9.9999999999999756e-01,1536,1536,1536,1536,0.0000000000000000e+00,2.2309097204594179e+00,2.5046356604165154e-01,1.4758008819715408e-14,5.6843418860808015e-14,2.0710965367408874e-16,7.9772420099015346e-16,3.7769035133463404e+01,-4.7881478153174055e-02,1.1191337618832241e+01,1.1622268060943757e+01,8.8817841970012523e-16,1.3406348486559112e+00,1.1110411880886748e-02,1.9281342460950035e-02,1.9940339026590537e+00,2.2386958893392134e-01,1.0434915276310956e-14,4.2632564145606011e-14,1.4644060153345952e-16,5.9829315074261653e-16,3.7680332008120700e+01,-5.0117592692135650e-02,1.1313708498984756e+01,1.1632731522625619e+01,6.1062266354383610e-16,1.3434053201191207e+00,9.4658665712614442e-17,4.9531482977069434e-11,1.9940339026590537e+00,2.2386958893392134e-01,1.0434915276310956e-14,4.2632564145606011e-14,1.4644060153345952e-16,5.9829315074261653e-16,3.7680332008120700e+01,-5.0117592692135650e-02,1.1313708498984756e+01,1.1632731522625619e+01,6.1062266354383610e-16,1.3434053201191207e+00,9.4658665712614442e-17,4.9531482977069434e-11,2.3553398096356912e+00,2.6443329488014244e-01,1.1539265817440598e-14,4.2632564145606011e-14,1.6193873958868287e-16,5.9829315074261653e-16,3.4577375720280685e+01,-1.2833992862668445e-01,1.0171017813179127e+01,1.0602060981341236e+01,1.6653345369377348e-16,1.2784265552472764e+00,4.4976626767689216e-02,6.7078625572722594e-02,-8.4504658429966240e-02,-9.1170496361057840e-02,-8.7790076799369759e-02,9.5359788426281522e-01,3.9668417604357430e+01,1.2566370614359172e+01,nan,nan,3.2520457000000003e-02,3.1283467999999981e-02,1.2362149999999850e-03,2.5690239999999753e-03,4.8234409999999839e-03,0.0000000000000000e+00,7.3927999999999772e-03,3.9913256999999980e-02,1.0741920999999999e-01,0,0,0,nan,6144,0,624,3.9675781250000000e+01,3.9675781250000000e+01
exp3_remap,a,A_int,A,1,1,abc,1,8,5.0000000000000000e-01,1,8,0.0000000000000000e+00,1,uniform,0.0000000000000000e+00,2.0000000000000000e+00,3,1,6.3153338020658778e-01,9.9999999999999756e-01,1536,1536,1536,1536,0.0000000000000000e+00,2.2309097204594179e+00,2.5046356604165154e-01,1.4758008819715408e-14,5.6843418860808015e-14,2.0710965367408874e-16,7.9772420099015346e-16,3.7769035133463404e+01,-4.7881478153174055e-02,1.1191337618832241e+01,1.1622268060943757e+01,8.8817841970012523e-16,1.3406348486559112e+00,1.1110411880886748e-02,1.9281342460950035e-02,1.9940339026590537e+00,2.2386958893392134e-01,1.0434915276310956e-14,4.2632564145606011e-14,1.4644060153345952e-16,5.9829315074261653e-16,3.7680332008120700e+01,-5.0117592692135650e-02,1.1313708498984756e+01,1.1632731522625619e+01,6.1062266354383610e-16,1.3434053201191207e+00,9.4658665712614442e-17,4.9531482977069434e-11,1.9940339026590537e+00,2.2386958893392134e-01,1.0434915276310956e-14,4.2632564145606011e-14,1.4644060153345952e-16,5.9829315074261653e-16,3.7680332008120700e+01,-5.0117592692135650e-02,1.1313708498984756e+01,1.1632731522625619e+01,6.1062266354383610e-16,1.3434053201191207e+00,9.4658665712614442e-17,4.9531482977069434e-11,2.1294360722133514e+00,2.3907114994973958e-01,1.1384709859428172e-14,4.2632564145606011e-14,1.5976974570012673e-16,5.9829315074261653e-16,3.4094550292738475e+01,-1.4051146096149511e-01,1.0179901285441964e+01,1.0504281386034533e+01,4.9960036108132044e-16,1.2756230407600906e+00,2.6581666767043845e-02,3.6684892691602022e-02,-9.7288289937524294e-02,-9.0376715263087118e-02,-8.7025727516058152e-02,9.5150670000783588e-01,3.9668417604357430e+01,1.2566370614359172e+01,nan,nan,8.8715828000000052e-02,8.5028048000000023e-02,3.6869990000000241e-03,1.5883045999999901e-02,2.2267099999999651e-03,0.0000000000000000e+00,1.8109971999999974e-02,1.0682580000000003e-01,1.7833819300000003e-01,0,0,0,nan,18432,0,2208,4.1816406250000000e+01,4.1816406250000000e+01
exp3_remap,a,A_l2,A,1,1,abc,1,8,5.0000000000000000e-01,1,8,0.0000000000000000e+00,1,uniform,0.0000000000000000e+00,2.0000000000000000e+00,0,1,6.3153338020658778e-01,9.9999999999999756e-01,1536,1536,1536,1536,0.0000000000000000e+00,2.2309097204594179e+00,2.5046356604165154e-01,1.4758008819715408e-14,5.6843418860808015e-14,2.0710965367408874e-16,7.9772420099015346e-16,3.7769035133463404e+01,-4.7881478153174055e-02,1.1191337618832241e+01,1.1622268060943757e+01,8.8817841970012523e-16,1.3406348486559112e+00,1.1110411880886748e-02,1.9281342460950035e-02,1.9940339026590537e+00,2.2386958893392134e-01,1.0434915276310956e-14,4.2632564145606011e-14,1.4644060153345952e-16,5.9829315074261653e-16,3.7680332008120700e+01,-5.0117592692135650e-02,1.1313708498984756e+01,1.1632731522625619e+01,6.1062266354383610e-16,1.3434053201191207e+00,9.4658665712614442e-17,4.9531482977069434e-11,1.9940339026590537e+00,2.2386958893392134e-01,1.0434915276310956e-14,4.2632564145606011e-14,1.4644060153345952e-16,5.9829315074261653e-16,3.7680332008120700e+01,-5.0117592692135650e-02,1.1313708498984756e+01,1.1632731522625619e+01,6.1062266354383610e-16,1.3434053201191207e+00,9.4658665712614442e-17,4.9531482977069434e-11,2.0403673201452408e+00,2.2907142783580989e-01,1.1767840359268127e-14,4.2632564145606011e-14,1.6514648900629883e-16,5.9829315074261653e-16,3.7314503184288967e+01,-5.9339761004479651e-02,1.1177450730177325e+01,1.1511533200744225e+01,8.3266726846886741e-16,1.3359427496785803e+00,1.6476194053467084e-02,2.5945199107448989e-02,-1.2034513128764631e-02,-1.2408604876282150e-03,-1.1948518638614598e-03,9.9650009174233001e-01,3.9668417604357430e+01,1.2566370614359172e+01,nan,nan,1.5072259499999996e-01,1.4355422600000001e-01,5.4605720000000524e-03,3.0791818000000082e-02,1.6808919000000033e-02,2.5400831000000013e-02,7.3005415999999990e-02,2.2372801099999995e-01,2.9708128899999997e-01,15,15,0,nan,32768,0,3360,4.6535156250000000e+01,4.6535156250000000e+01
exp3_remap,a,B_pt,B,1,1,abc,1,8,5.0000000000000000e-01,1,8,0.0000000000000000e+00,1,uniform,0.0000000000000000e+00,2.0000000000000000e+00,0,1,6.3153338020658778e-01,9.9999999999999756e-01,1536,1536,1536,1536,0.0000000000000000e+00,2.2309097204594179e+00,2.5046356604165154e-01,1.4758008819715408e-14,5.6843418860808015e-14,2.0710965367408874e-16,7.9772420099015346e-16,3.7769035133463404e+01,-4.7881478153174055e-02,1.1191337618832241e+01,1.1622268060943757e+01,8.8817841970012523e-16,1.3406348486559112e+00,1.1110411880886748e-02,1.9281342460950035e-02,1.9940339026590537e+00,2.2386958893392134e-01,1.0434915276310956e-14,4.2632564145606011e-14,1.4644060153345952e-16,5.9829315074261653e-16,3.7680332008120700e+01,-5.0117592692135650e-02,1.1313708498984756e+01,1.1632731522625619e+01,6.1062266354383610e-16,1.3434053201191207e+00,9.4658665712614442e-17,4.9531482977069434e-11,1.9940339026590537e+00,2.2386958893392134e-01,1.0434915276310956e-14,4.2632564145606011e-14,1.4644060153345952e-16,5.9829315074261653e-16,3.7680332008120700e+01,-5.0117592692135650e-02,1.1313708498984756e+01,1.1632731522625619e+01,6.1062266354383610e-16,1.3434053201191207e+00,9.4658665712614442e-17,4.9531482977069434e-11,2.7177978514920063e+00,3.0512635066418015e-01,2.2240849647266156e+01,7.3084930139805607e+01,3.1212169094987779e-01,1.0256529017538585e+00,3.7261947737379785e+01,-6.0664629756073327e-02,nan,nan,2.8240613887814336e-01,nan,nan,nan,-1.3426008747423350e-02,nan,nan,nan,3.9668417604357430e+01,1.2566370614359172e+01,nan,nan,1.1621639999999989e-02,1.1022684000000060e-02,5.9871600000005465e-04,5.2824930000000547e-03,4.2916200000009397e-04,0.0000000000000000e+00,5.7117780000000007e-03,1.7333417999999989e-02,5.6202124999999881e-02,0,0,0,nan,3072,0,288,4.6574218750000000e+01,4.6574218750000000e+01
exp3_remap,a,B_int,B,1,1,abc,1,8,5.0000000000000000e-01,1,8,0.0000000000000000e+00,1,uniform,0.0000000000000000e+00,2.0000000000000000e+00,3,1,6.3153338020658778e-01,9.9999999999999756e-01,1536,1536,1536,1536,0.0000000000000000e+00,2.2309097204594179e+00,2.5046356604165154e-01,1.4758008819715408e-14,5.6843418860808015e-14,2.0710965367408874e-16,7.9772420099015346e-16,3.7769035133463404e+01,-4.7881478153174055e-02,1.1191337618832241e+01,1.1622268060943757e+01,8.8817841970012523e-16,1.3406348486559112e+00,1.1110411880886748e-02,1.9281342460950035e-02,1.9940339026590537e+00,2.2386958893392134e-01,1.0434915276310956e-14,4.2632564145606011e-14,1.4644060153345952e-16,5.9829315074261653e-16,3.7680332008120700e+01,-5.0117592692135650e-02,1.1313708498984756e+01,1.1632731522625619e+01,6.1062266354383610e-16,1.3434053201191207e+00,9.4658665712614442e-17,4.9531482977069434e-11,1.9940339026590537e+00,2.2386958893392134e-01,1.0434915276310956e-14,4.2632564145606011e-14,1.4644060153345952e-16,5.9829315074261653e-16,3.7680332008120700e+01,-5.0117592692135650e-02,1.1313708498984756e+01,1.1632731522625619e+01,6.1062266354383610e-16,1.3434053201191207e+00,9.4658665712614442e-17,4.9531482977069434e-11,2.1385518665959786e+00,2.4009457745441920e-01,6.0431524630163906e+00,2.0216896345739503e+01,8.4807864597764876e-02,2.8371811208958286e-01,3.4010633112106930e+01,-1.4262692675769886e-01,nan,nan,7.5854571906794621e-02,nan,nan,nan,-9.9510141259248799e-02,nan,nan,nan,3.9668417604357430e+01,1.2566370614359172e+01,nan,nan,1.3753593700000000e-01,1.2833916699999981e-01,9.1957250000000990e-03,3.1348368999999821e-02,8.6571850000001227e-03,0.0000000000000000e+00,4.0006119000000062e-02,1.7754205600000006e-01,2.1841155799999989e-01,0,0,0,nan,27648,0,3360,4.6796875000000000e+01,4.6796875000000000e+01
exp3_remap,a,B_l2,B,1,1,abc,1,8,5.0000000000000000e-01,1,8,0.0000000000000000e+00,1,uniform,0.0000000000000000e+00,2.0000000000000000e+00,0,1,6.3153338020658778e-01,9.9999999999999756e-01,1536,1536,1536,1536,0.0000000000000000e+00,2.2309097204594179e+00,2.5046356604165154e-01,1.4758008819715408e-14,5.6843418860808015e-14,2.0710965367408874e-16,7.9772420099015346e-16,3.7769035133463404e+01,-4.7881478153174055e-02,1.1191337618832241e+01,1.1622268060943757e+01,8.8817841970012523e-16,1.3406348486559112e+00,1.1110411880886748e-02,1.9281342460950035e-02,1.9940339026590537e+00,2.2386958893392134e-01,1.0434915276310956e-14,4.2632564145606011e-14,1.4644060153345952e-16,5.9829315074261653e-16,3.7680332008120700e+01,-5.0117592692135650e-02,1.1313708498984756e+01,1.1632731522625619e+01,6.1062266354383610e-16,1.3434053201191207e+00,9.4658665712614442e-17,4.9531482977069434e-11,1.9940339026590537e+00,2.2386958893392134e-01,1.0434915276310956e-14,4.2632564145606011e-14,1.4644060153345952e-16,5.9829315074261653e-16,3.7680332008120700e+01,-5.0117592692135650e-02,1.1313708498984756e+01,1.1632731522625619e+01,6.1062266354383610e-16,1.3434053201191207e+00,9.4658665712614442e-17,4.9531482977069434e-11,2.0734777678125882e+00,2.3278872787710941e-01,3.8387995596774580e+00,1.1802726131015795e+01,5.3872609580428228e-02,1.6563606589929816e-01,3.3988466066296517e+01,-1.4318573517883382e-01,nan,nan,4.5077450673634001e-03,nan,nan,nan,-1.0009705182585665e-01,nan,nan,nan,3.9668417604357430e+01,1.2566370614359172e+01,nan,nan,1.4335096099999989e-01,1.3607930999999995e-01,5.3311790000001302e-03,2.4817947999999923e-02,1.5084917000000031e-02,8.3587840000001190e-03,4.8264064000000051e-02,1.9161502499999994e-01,2.3004133200000010e-01,5,5,0,nan,32768,0,3360,4.7101562500000000e+01,4.7101562500000000e+01
exp3_remap,a,B_l2c,B,1,1,abc,1,8,5.0000000000000000e-01,1,8,0.0000000000000000e+00,1,uniform,0.0000000000000000e+00,2.0000000000000000e+00,0,1,6.3153338020658778e-01,9.9999999999999756e-01,1536,1536,1536,1536,0.0000000000000000e+00,2.2309097204594179e+00,2.5046356604165154e-01,1.4758008819715408e-14,5.6843418860808015e-14,2.0710965367408874e-16,7.9772420099015346e-16,3.7769035133463404e+01,-4.7881478153174055e-02,1.1191337618832241e+01,1.1622268060943757e+01,8.8817841970012523e-16,1.3406348486559112e+00,1.1110411880886748e-02,1.9281342460950035e-02,1.9940339026590537e+00,2.2386958893392134e-01,1.0434915276310956e-14,4.2632564145606011e-14,1.4644060153345952e-16,5.9829315074261653e-16,3.7680332008120700e+01,-5.0117592692135650e-02,1.1313708498984756e+01,1.1632731522625619e+01,6.1062266354383610e-16,1.3434053201191207e+00,9.4658665712614442e-17,4.9531482977069434e-11,1.9940339026590537e+00,2.2386958893392134e-01,1.0434915276310956e-14,4.2632564145606011e-14,1.4644060153345952e-16,5.9829315074261653e-16,3.7680332008120700e+01,-5.0117592692135650e-02,1.1313708498984756e+01,1.1632731522625619e+01,6.1062266354383610e-16,1.3434053201191207e+00,9.4658665712614442e-17,4.9531482977069434e-11,2.0673491647092024e+00,2.3210067144252997e-01,1.5154819069321368e-12,3.8404834867833415e-12,2.1267837465631481e-14,5.3896241329397376e-14,3.3975777323902228e+01,-1.4350560532139517e-01,nan,nan,3.1460330114363444e-06,nan,nan,nan,-1.0043300804897570e-01,nan,nan,nan,3.9668417604357430e+01,1.2566370614359172e+01,nan,nan,1.6232110599999983e-01,1.5516571499999987e-01,1.2307719999999911e-03,3.0861540999999937e-02,1.6315260999999914e-02,2.3110717099999989e-01,2.7828534399999993e-01,4.4060644999999976e-01,4.8205064900000005e-01,24,5,100,1.1802726131015795e+01,32768,0,3360,4.7214843750000000e+01,4.7214843750000000e+01
exp3_remap,a,A_pt,A,2,2,abc,1,8,5.0000000000000000e-01,1,8,0.0000000000000000e+00,1,uniform,0.0000000000000000e+00,2.0000000000000000e+00,0,1,7.2507050035441667e-01,9.9999999999998312e-01,12288,12288,12288,12288,0.0000000000000000e+00,2.6377498060515608e-01,2.9613938058116292e-02,9.2476098724180492e-14,5.6132876125047915e-13,1.2977829877909753e-15,7.8775264847777509e-15,3.9667470232894331e+01,-2.3882260002084603e-05,1.2555021349596272e+01,1.2562110387051634e+01,4.9960036108132044e-16,1.4137513982356238e+00,1.9429680532444640e-03,1.9936278869251756e-03,2.0254441727229264e-01,2.2739601054497086e-02,8.4790861886317085e-14,4.4053649617126212e-13,1.1899305830839918e-15,6.1823625576736998e-15,3.9658128469587318e+01,-2.5937850288692903e-04,1.2556590281248958e+01,1.2559878392954451e+01,8.8817841970012523e-16,1.4136671625649608e+00,1.7228396484440912e-15,8.0948539144800970e-11,2.0254441727229264e-01,2.2739601054497086e-02,8.4790861886317085e-14,4.4053649617126212e-13,1.1899305830839918e-15,6.1823625576736998e-15,3.9658128469587318e+01,-2.5937850288692903e-04,1.2556590281248958e+01,1.2559878392954451e+01,8.8817841970012523e-16,1.4136671625649608e+00,1.7228396484440912e-15,8.0948539144800970e-11,4.0143559594003531e-01,4.5069054105197681e-02,8.7012994688335493e-14,3.9790393202565610e-13,1.2211153560886703e-15,5.5840694069310835e-15,3.9675544449027250e+01,1.7966042257851431e-04,1.2542955325683572e+01,1.2556874892341243e+01,6.6613381477509392e-16,1.4130173814043980e+00,9.2179242434763768e-03,1.1422241172728744e-02,2.0354754375596167e-04,-9.6105164433576832e-04,-9.6050930464177428e-04,9.9948080204755818e-01,3.9668417604357430e+01,1.2566370614359172e+01,nan,nan,2.6431768200000061e-01,2.3850817000000024e-01,2.5808829999999894e-02,6.6215853000000102e-02,2.1431867999999632e-02,0.0000000000000000e+00,8.7648720999999874e-02,3.5196640300000048e-01,1.1286617520000002e+00,0,0,0,nan,27648,0,3168,8.5484375000000000e+01,8.5484375000000000e+01
exp3_remap,a,A_int,A,2,2,abc,1,8,5.0000000000000000e-01,1,8,0.0000000000000000e+00,1,uniform,0.0000000000000000e+00,2.0000000000000000e+00,4,1,7.2507050035441667e-01,9.9999999999998312e-01,12288,12288,12288,12288,0.0000000000000000e+00,2.6377498060515608e-01,2.9613938058116292e-02,9.2476098724180492e-14,5.6132876125047915e-13,1.2977829877909753e-15,7.8775264847777509e-15,3.9667470232894331e+01,-2.3882260002084603e-05,1.2555021349596272e+01,1.2562110387051634e+01,4.9960036108132044e-16,1.4137513982356238e+00,1.9429680532444640e-03,1.9936278869251756e-03,2.0254441727229264e-01,2.2739601054497086e-02,8.4790861886317085e-14,4.4053649617126212e-13,1.1899305830839918e-15,6.1823625576736998e-15,3.9658128469587318e+01,-2.5937850288692903e-04,1.2556590281248958e+01,1.2559878392954451e+01,8.8817841970012523e-16,1.4136671625649608e+00,1.7228396484440912e-15,8.0948539144800970e-11,2.0254441727229264e-01,2.2739601054497086e-02,8.4790861886317085e-14,4.4053649617126212e-13,1.1899305830839918e-15,6.1823625576736998e-15,3.9658128469587318e+01,-2.5937850288692903e-04,1.2556590281248958e+01,1.2559878392954451e+01,8.8817841970012523e-16,1.4136671625649608e+00,1.7228396484440912e-15,8.0948539144800970e-11,2.7199971691698654e-01,3.0537326740106230e-02,8.5290509939611655e-14,4.4053649617126212e-13,1.1969425002430688e-15,6.1823625576736998e-15,3.9638286420162700e+01,-7.5957615691279296e-04,1.2544916247371663e+01,1.2551483709874123e+01,4.9960036108132044e-16,1.4130775528009027e+00,7.6760226999623956e-03,8.9651834475882076e-03,-7.3571146736325845e-04,-8.0486539554419265e-04,-8.0441119471648620e-04,9.9952336355913629e-01,3.9668417604357430e+01,1.2566370614359172e+01,nan,nan,9.9884754700000045e-01,8.8077648800000041e-01,1.1807007200000008e-01,2.7150193900000019e-01,7.4647314999999992e-02,0.0000000000000000e+00,3.4615028999999975e-01,1.3449978370000002e+00,2.1224213130000003e+00,0,0,0,nan,110592,0,12240,1.0473046875000000e+02,1.0473046875000000e+02
exp3_remap,a,A_l2,A,2,2,abc,1,8,5.0000000000000000e-01,1,8,0.0000000000000000e+00,1,uniform,0.0000000000000000e+00,2.0000000000000000e+00,0,1,7.2507050035441667e-01,9.9999999999998312e-01,12288,12288,12288,12288,0.0000000000000000e+00,2.6377498060515608e-01,2.9613938058116292e-02,9.2476098724180492e-14,5.6132876125047915e-13,1.2977829877909753e-15,7.8775264847777509e-15,3.9667470232894331e+01,-2.3882260002084603e-05,1.2555021349596272e+01,1.2562110387051634e+01,4.9960036108132044e-16,1.4137513982356238e+00,1.9429680532444640e-03,1.9936278869251756e-03,2.0254441727229264e-01,2.2739601054497086e-02,8.4790861886317085e-14,4.4053649617126212e-13,1.1899305830839918e-15,6.1823625576736998e-15,3.9658128469587318e+01,-2.5937850288692903e-04,1.2556590281248958e+01,1.2559878392954451e+01,8.8817841970012523e-16,1.4136671625649608e+00,1.7228396484440912e-15,8.0948539144800970e-11,2.0254441727229264e-01,2.2739601054497086e-02,8.4790861886317085e-14,4.4053649617126212e-13,1.1899305830839918e-15,6.1823625576736998e-15,3.9658128469587318e+01,-2.5937850288692903e-04,1.2556590281248958e+01,1.2559878392954451e+01,8.8817841970012523e-16,1.4136671625649608e+00,1.7228396484440912e-15,8.0948539144800970e-11,3.1151830386883472e-01,3.4974066659303263e-02,8.5807219850009608e-14,3.6948222259525210e-13,1.2041938586004054e-15,5.1852073064360063e-15,3.9679792628877692e+01,2.8675266640867708e-04,1.2554869355343449e+01,1.2562734965913815e+01,8.8817841970012523e-16,1.4136007705092322e+00,6.2781769816710924e-03,7.7314085356220809e-03,3.1064234525201868e-04,-1.2106252039775388e-05,-1.2099420251842488e-05,9.9989345529448836e-01,3.9668417604357430e+01,1.2566370614359172e+01,nan,nan,9.0134743099999959e-01,8.6813069299999945e-01,2.3820249999999987e-02,2.7473798800000004e-01,1.9133261200000007e-01,1.3139469600000098e-01,5.9746913700000093e-01,1.4988165680000005e+00,2.2989912040000000e+00,19,19,0,nan,110592,0,12048,1.0678906250000000e+02,1.0678906250000000e+02
exp3_remap,a,B_pt,B,2,2,abc,1,8,5.0000000000000000e-01,1,8,0.0000000000000000e+00,1,uniform,0.0000000000000000e+00,2.0000000000000000e+00,0,1,7.2507050035441667e-01,9.9999999999998312e-01,12288,12288,12288,12288,0.0000000000000000e+00,2.6377498060515608e-01,2.9613938058116292e-02,9.2476098724180492e-14,5.6132876125047915e-13,1.2977829877909753e-15,7.8775264847777509e-15,3.9667470232894331e+01,-2.3882260002084603e-05,1.2555021349596272e+01,1.2562110387051634e+01,4.9960036108132044e-16,1.4137513982356238e+00,1.9429680532444640e-03,1.9936278869251756e-03,2.0254441727229264e-01,2.2739601054497086e-02,8.4790861886317085e-14,4.4053649617126212e-13,1.1899305830839918e-15,6.1823625576736998e-15,3.9658128469587318e+01,-2.5937850288692903e-04,1.2556590281248958e+01,1.2559878392954451e+01,8.8817841970012523e-16,1.4136671625649608e+00,1.7228396484440912e-15,8.0948539144800970e-11,2.0254441727229264e-01,2.2739601054497086e-02,8.4790861886317085e-14,4.4053649617126212e-13,1.1899305830839918e-15,6.1823625576736998e-15,3.9658128469587318e+01,-2.5937850288692903e-04,1.2556590281248958e+01,1.2559878392954451e+01,8.8817841970012523e-16,1.4136671625649608e+00,1.7228396484440912e-15,8.0948539144800970e-11,3.0212147058402172e-01,3.3919087001261124e-02,2.5919348085436948e+00,1.2134189436250635e+01,3.6374468066868448e-02,1.7028772664780950e-01,3.9566044425787609e+01,-2.5807225181216959e-03,nan,nan,7.9946592712770714e-03,nan,nan,nan,-2.5569013227017996e-03,nan,nan,nan,3.9668417604357430e+01,1.2566370614359172e+01,nan,nan,1.7106735700000009e-01,1.5404998900000066e-01,1.7016415999998813e-02,4.4965963999999303e-02,1.0749430999998921e-02,0.0000000000000000e+00,5.5716506000001331e-02,2.2678386300000142e-01,6.1758501099999918e-01,0,0,0,nan,18432,0,2160,1.0678906250000000e+02,1.0678906250000000e+02
exp3_remap,a,B_int,B,2,2,abc,1,8,5.0000000000000000e-01,1,8,0.0000000000000000e+00,1,uniform,0.0000000000000000e+00,2.0000000000000000e+00,4,1,7.2507050035441667e-01,9.9999999999998312e-01,12288,12288,12288,12288,0.0000000000000000e+00,2.6377498060515608e-01,2.9613938058116292e-02,9.2476098724180492e-14,5.6132876125047915e-13,1.2977829877909753e-15,7.8775264847777509e-15,3.9667470232894331e+01,-2.3882260002084603e-05,1.2555021349596272e+01,1.2562110387051634e+01,4.9960036108132044e-16,1.4137513982356238e+00,1.9429680532444640e-03,1.9936278869251756e-03,2.0254441727229264e-01,2.2739601054497086e-02,8.4790861886317085e-14,4.4053649617126212e-13,1.1899305830839918e-15,6.1823625576736998e-15,3.9658128469587318e+01,-2.5937850288692903e-04,1.2556590281248958e+01,1.2559878392954451e+01,8.8817841970012523e-16,1.4136671625649608e+00,1.7228396484440912e-15,8.0948539144800970e-11,2.0254441727229264e-01,2.2739601054497086e-02,8.4790861886317085e-14,4.4053649617126212e-13,1.1899305830839918e-15,6.1823625576736998e-15,3.9658128469587318e+01,-2.5937850288692903e-04,1.2556590281248958e+01,1.2559878392954451e+01,8.8817841970012523e-16,1.4136671625649608e+00,1.7228396484440912e-15,8.0948539144800970e-11,2.5510336229952379e-01,2.8640378068547006e-02,3.8831101445223459e-01,1.7125751867772010e+00,5.4494451591327467e-03,2.4033787901686886e-02,3.9629928785818016e+01,-9.7026352105321594e-04,nan,nan,2.7948310115455399e-04,nan,nan,nan,-9.4640386331426194e-04,nan,nan,nan,3.9668417604357430e+01,1.2566370614359172e+01,nan,nan,2.3368932310000012e+00,2.0334870130000002e+00,3.0340481299999844e-01,6.3118713599999943e-01,1.8416088100000039e-01,0.0000000000000000e+00,8.1534941700000019e-01,3.1522426480000014e+00,3.4940554240000008e+00,0,0,0,nan,294912,0,32688,1.5280078125000000e+02,1.5280078125000000e+02
exp3_remap,a,B_l2,B,2,2,abc,1,8,5.0000000000000000e-01,1,8,0.0000000000000000e+00,1,uniform,0.0000000000000000e+00,2.0000000000000000e+00,0,1,7.2507050035441667e-01,9.9999999999998312e-01,12288,12288,12288,12288,0.0000000000000000e+00,2.6377498060515608e-01,2.9613938058116292e-02,9.2476098724180492e-14,5.6132876125047915e-13,1.2977829877909753e-15,7.8775264847777509e-15,3.9667470232894331e+01,-2.3882260002084603e-05,1.2555021349596272e+01,1.2562110387051634e+01,4.9960036108132044e-16,1.4137513982356238e+00,1.9429680532444640e-03,1.9936278869251756e-03,2.0254441727229264e-01,2.2739601054497086e-02,8.4790861886317085e-14,4.4053649617126212e-13,1.1899305830839918e-15,6.1823625576736998e-15,3.9658128469587318e+01,-2.5937850288692903e-04,1.2556590281248958e+01,1.2559878392954451e+01,8.8817841970012523e-16,1.4136671625649608e+00,1.7228396484440912e-15,8.0948539144800970e-11,2.0254441727229264e-01,2.2739601054497086e-02,8.4790861886317085e-14,4.4053649617126212e-13,1.1899305830839918e-15,6.1823625576736998e-15,3.9658128469587318e+01,-2.5937850288692903e-04,1.2556590281248958e+01,1.2559878392954451e+01,8.8817841970012523e-16,1.4136671625649608e+00,1.7228396484440912e-15,8.0948539144800970e-11,2.3840941103564883e-01,2.6766153160864677e-02,1.0023201107469897e+00,5.6441934432408623e+00,1.4066272323273133e-02,7.9208988392630700e-02,3.9628521060877802e+01,-1.0057508186372837e-03,nan,nan,6.2334424519583376e-06,nan,nan,nan,-9.8189200843543860e-04,nan,nan,nan,3.9668417604357430e+01,1.2566370614359172e+01,nan,nan,8.1004887500000144e-01,7.7785532699999926e-01,1.8565170000000464e-02,2.4021986700000042e-01,1.7544867700000211e-01,4.6977524999999076e-02,4.6265012199999944e-01,1.2726989970000009e+00,1.6131560619999998e+00,6,6,0,nan,110592,0,12048,1.5297265625000000e+02,1.5297265625000000e+02
exp3_remap,a,B_l2c,B,2,2,abc,1,8,5.0000000000000000e-01,1,8,0.0000000000000000e+00,1,uniform,0.0000000000000000e+00,2.0000000000000000e+00,0,1,7.2507050035441667e-01,9.9999999999998312e-01,12288,12288,12288,12288,0.0000000000000000e+00,2.6377498060515608e-01,2.9613938058116292e-02,9.2476098724180492e-14,5.6132876125047915e-13,1.2977829877909753e-15,7.8775264847777509e-15,3.9667470232894331e+01,-2.3882260002084603e-05,1.2555021349596272e+01,1.2562110387051634e+01,4.9960036108132044e-16,1.4137513982356238e+00,1.9429680532444640e-03,1.9936278869251756e-03,2.0254441727229264e-01,2.2739601054497086e-02,8.4790861886317085e-14,4.4053649617126212e-13,1.1899305830839918e-15,6.1823625576736998e-15,3.9658128469587318e+01,-2.5937850288692903e-04,1.2556590281248958e+01,1.2559878392954451e+01,8.8817841970012523e-16,1.4136671625649608e+00,1.7228396484440912e-15,8.0948539144800970e-11,2.0254441727229264e-01,2.2739601054497086e-02,8.4790861886317085e-14,4.4053649617126212e-13,1.1899305830839918e-15,6.1823625576736998e-15,3.9658128469587318e+01,-2.5937850288692903e-04,1.2556590281248958e+01,1.2559878392954451e+01,8.8817841970012523e-16,1.4136671625649608e+00,1.7228396484440912e-15,8.0948539144800970e-11,2.3775868350067147e-01,2.6693096175439752e-02,5.4585749514391740e-13,2.0179413695586845e-12,7.6604071833616502e-15,2.8319209135150493e-14,3.9628366133032770e+01,-1.0096563902327138e-03,nan,nan,1.9762779879251013e-07,nan,nan,nan,-9.8579767330697252e-04,nan,nan,nan,3.9668417604357430e+01,1.2566370614359172e+01,nan,nan,8.8981610700000147e-01,8.4900673699999984e-01,1.7852163000000587e-02,2.6433613900000097e-01,1.7021827199999962e-01,1.3962612120000024e+00,1.8308172569999996e+00,2.7206333640000011e+00,3.1215511849999977e+00,29,6,180,5.6441934432408623e+00,110592,0,12048,1.5303515625000000e+02,1.5303515625000000e+02
exp3_remap,a,A_pt,A,3,3,abc,1,8,5.0000000000000000e-01,1,8,0.0000000000000000e+00,1,uniform,0.0000000000000000e+00,2.0000000000000000e+00,0,1,7.4938111261215390e-01,9.9999999999996692e-01,41472,41472,41472,41472,0.0000000000000000e+00,2.5754529074564114e-02,2.8914532643706985e-03,2.4598367064946278e-13,2.5011104298755527e-12,3.4520641273524854e-15,3.5099864843566619e-14,3.9668599071771922e+01,4.5746068396864297e-06,1.2566322862357012e+01,1.2566404382991989e+01,1.0269562977782698e-15,1.4142141150719891e+00,1.7696079911432833e-04,2.2174617243596502e-04,1.3464715461453914e-02,1.5116795714698106e-03,2.2862620972623772e-13,1.8287593661625579e-12,3.2084745100548095e-15,2.5664283278730243e-14,3.9668387313158419e+01,-7.6360996580583265e-07,1.2566332157433365e+01,1.2566346644016324e+01,1.1934897514720433e-15,1.4142114073134975e+00,2.7932756189736299e-15,0.0000000000000000e+00,1.3464715461453914e-02,1.5116795714698106e-03,2.2862620972623772e-13,1.8287593661625579e-12,3.2084745100548095e-15,2.5664283278730243e-14,3.9668387313158419e+01,-7.6360996580583265e-07,1.2566332157433365e+01,1.2566346644016324e+01,1.1934897514720433e-15,1.4142114073134975e+00,2.7932756189736299e-15,0.0000000000000000e+00,1.0884991381800269e-01,1.2220547218095948e-02,2.2478427345147843e-13,1.6577850203702837e-12,3.1545578807165524e-15,2.3264878455439534e-14,3.9674097040296679e+01,1.4317273746321393e-04,1.2566293072170598e+01,1.2567262248563519e+01,1.2212453270876722e-15,1.4142121845839737e+00,1.2986565590194540e-03,1.7345654573096652e-03,1.3859749659447161e-04,-2.3706367200646778e-06,-2.3706213412972252e-06,9.9999863493936680e-01,3.9668417604357430e+01,1.2566370614359172e+01,nan,nan,9.8933072999999894e-01,8.5472501599999973e-01,1.3460449600000146e-01,3.6331862500000156e-01,1.0092468999999937e-01,0.0000000000000000e+00,4.6424437599999990e-01,1.4535751059999988e+00,5.1443372519999997e+00,0,0,0,nan,73728,0,8544,2.3463281250000000e+02,2.3463281250000000e+02
exp3_remap,a,A_int,A,3,3,abc,1,8,5.0000000000000000e-01,1,8,0.0000000000000000e+00,1,uniform,0.0000000000000000e+00,2.0000000000000000e+00,5,1,7.4938111261215390e-01,9.9999999999996692e-01,41472,41472,41472,41472,0.0000000000000000e+00,2.5754529074564114e-02,2.8914532643706985e-03,2.4598367064946278e-13,2.5011104298755527e-12,3.4520641273524854e-15,3.5099864843566619e-14,3.9668599071771922e+01,4.5746068396864297e-06,1.2566322862357012e+01,1.2566404382991989e+01,1.0269562977782698e-15,1.4142141150719891e+00,1.7696079911432833e-04,2.2174617243596502e-04,1.3464715461453914e-02,1.5116795714698106e-03,2.2862620972623772e-13,1.8287593661625579e-12,3.2084745100548095e-15,2.5664283278730243e-14,3.9668387313158419e+01,-7.6360996580583265e-07,1.2566332157433365e+01,1.2566346644016324e+01,1.1934897514720433e-15,1.4142114073134975e+00,2.7932756189736299e-15,0.0000000000000000e+00,1.3464715461453914e-02,1.5116795714698106e-03,2.2862620972623772e-13,1.8287593661625579e-12,3.2084745100548095e-15,2.5664283278730243e-14,3.9668387313158419e+01,-7.6360996580583265e-07,1.2566332157433365e+01,1.2566346644016324e+01,1.1934897514720433e-15,1.4142114073134975e+00,2.7932756189736299e-15,0.0000000000000000e+00,4.1523935694309629e-02,4.6618798218061993e-03,2.2750665560969288e-13,1.7181811529098923e-12,3.1927630093923863e-15,2.4112460418991577e-14,3.9669034980327403e+01,1.5563413094291152e-05,1.2566292831839421e+01,1.2566443565055357e+01,1.2767564783189300e-15,1.4142107143170644e+00,1.0575048764583980e-03,1.4241070892047690e-03,1.0988755985366430e-05,-2.3897617401532029e-06,-2.3897462373181389e-06,9.9999759530407129e-01,3.9668417604357430e+01,1.2566370614359172e+01,nan,nan,4.4837078890000015e+00,3.8972776649999972e+00,5.8642857299999918e-01,1.7368929000000009e+00,4.8525851300000511e-01,0.0000000000000000e+00,2.2221521319999979e+00,6.7058600209999994e+00,1.0430962501999996e+01,0,0,0,nan,368640,0,43296,2.9778125000000000e+02,2.9778125000000000e+02
exp3_remap,a,A_l2,A,3,3,abc,1,8,5.0000000000000000e-01,1,8,0.0000000000000000e+00,1,uniform,0.0000000000000000e+00,2.0000000000000000e+00,0,1,7.4938111261215390e-01,9.9999999999996692e-01,41472,41472,41472,41472,0.0000000000000000e+00,2.5754529074564114e-02,2.8914532643706985e-03,2.4598367064946278e-13,2.5011104298755527e-12,3.4520641273524854e-15,3.5099864843566619e-14,3.9668599071771922e+01,4.5746068396864297e-06,1.2566322862357012e+01,1.2566404382991989e+01,1.0269562977782698e-15,1.4142141150719891e+00,1.7696079911432833e-04,2.2174617243596502e-04,1.3464715461453914e-02,1.5116795714698106e-03,2.2862620972623772e-13,1.8287593661625579e-12,3.2084745100548095e-15,2.5664283278730243e-14,3.9668387313158419e+01,-7.6360996580583265e-07,1.2566332157433365e+01,1.2566346644016324e+01,1.1934897514720433e-15,1.4142114073134975e+00,2.7932756189736299e-15,0.0000000000000000e+00,1.3464715461453914e-02,1.5116795714698106e-03,2.2862620972623772e-13,1.8287593661625579e-12,3.2084745100548095e-15,2.5664283278730243e-14,3.9668387313158419e+01,-7.6360996580583265e-07,1.2566332157433365e+01,1.2566346644016324e+01,1.1934897514720433e-15,1.4142114073134975e+00,2.7932756189736299e-15,0.0000000000000000e+00,5.3387614877110190e-02,5.9938115298658334e-03,2.2913179246743968e-13,1.4495071809506044e-12,3.2155697129180880e-15,2.0341967125249031e-14,3.9669383557184645e+01,2.4350677076393553e-05,1.2566224428091443e+01,1.2566460222252434e+01,8.8817841970012523e-16,1.4142063456008107e+00,8.0380096550183714e-04,1.1147865171525506e-03,1.9775979769374809e-05,-7.8331797333995021e-06,-7.8331289180854094e-06,9.9999450615639063e-01,3.9668417604357430e+01,1.2566370614359172e+01,nan,nan,3.0727699989999948e+00,2.9230263489999970e+00,1.1693723700000191e-01,1.2316940629999991e+00,8.7008613600000473e-01,2.7256303900000489e-01,2.3743499979999996e+00,5.4471199969999944e+00,9.3151497449999994e+00,16,16,0,nan,262144,0,29136,3.0203906250000000e+02,3.0203906250000000e+02
exp3_remap,a,B_pt,B,3,3,abc,1,8,5.0000000000000000e-01,1,8,0.0000000000000000e+00,1,uniform,0.0000000000000000e+00,2.0000000000000000e+00,0,1,7.4938111261215390e-01,9.9999999999996692e-01,41472,41472,41472,41472,0.0000000000000000e+00,2.5754529074564114e-02,2.8914532643706985e-03,2.4598367064946278e-13,2.5011104298755527e-12,3.4520641273524854e-15,3.5099864843566619e-14,3.9668599071771922e+01,4.5746068396864297e-06,1.2566322862357012e+01,1.2566404382991989e+01,1.0269562977782698e-15,1.4142141150719891e+00,1.7696079911432833e-04,2.2174617243596502e-04,1.3464715461453914e-02,1.5116795714698106e-03,2.2862620972623772e-13,1.8287593661625579e-12,3.2084745100548095e-15,2.5664283278730243e-14,3.9668387313158419e+01,-7.6360996580583265e-07,1.2566332157433365e+01,1.2566346644016324e+01,1.1934897514720433e-15,1.4142114073134975e+00,2.7932756189736299e-15,0.0000000000000000e+00,1.3464715461453914e-02,1.5116795714698106e-03,2.2862620972623772e-13,1.8287593661625579e-12,3.2084745100548095e-15,2.5664283278730243e-14,3.9668387313158419e+01,-7.6360996580583265e-07,1.2566332157433365e+01,1.2566346644016324e+01,1.1934897514720433e-15,1.4142114073134975e+00,2.7932756189736299e-15,0.0000000000000000e+00,2.7899308690163067e-02,3.1322470293401695e-03,5.8641691458579381e-01,3.8232136795739535e+00,8.2296064172452648e-03,5.3653881819124297e-02,3.9674433887349828e+01,1.5166430515083960e-04,nan,nan,4.0448946111520945e-05,nan,nan,nan,1.4708902543669137e-04,nan,nan,nan,3.9668417604357430e+01,1.2566370614359172e+01,nan,nan,7.7131013400000370e-01,6.6710402500000043e-01,1.0420456199999961e-01,2.4828823800000066e-01,7.8743334999998638e-02,0.0000000000000000e+00,3.2703255599999892e-01,1.0983426900000026e+00,2.8446572109999977e+00,0,0,0,nan,55296,0,6000,3.0208984375000000e+02,3.0208984375000000e+02
exp3_remap,a,B_int,B,3,3,abc,1,8,5.0000000000000000e-01,1,8,0.0000000000000000e+00,1,uniform,0.0000000000000000e+00,2.0000000000000000e+00,5,1,7.4938111261215390e-01,9.9999999999996692e-01,41472,41472,41472,41472,0.0000000000000000e+00,2.5754529074564114e-02,2.8914532643706985e-03,2.4598367064946278e-13,2.5011104298755527e-12,3.4520641273524854e-15,3.5099864843566619e-14,3.9668599071771922e+01,4.5746068396864297e-06,1.2566322862357012e+01,1.2566404382991989e+01,1.0269562977782698e-15,1.4142141150719891e+00,1.7696079911432833e-04,2.2174617243596502e-04,1.3464715461453914e-02,1.5116795714698106e-03,2.2862620972623772e-13,1.8287593661625579e-12,3.2084745100548095e-15,2.5664283278730243e-14,3.9668387313158419e+01,-7.6360996580583265e-07,1.2566332157433365e+01,1.2566346644016324e+01,1.1934897514720433e-15,1.4142114073134975e+00,2.7932756189736299e-15,0.0000000000000000e+00,1.3464715461453914e-02,1.5116795714698106e-03,2.2862620972623772e-13,1.8287593661625579e-12,3.2084745100548095e-15,2.5664283278730243e-14,3.9668387313158419e+01,-7.6360996580583265e-07,1.2566332157433365e+01,1.2566346644016324e+01,1.1934897514720433e-15,1.4142114073134975e+00,2.7932756189736299e-15,0.0000000000000000e+00,2.1227161524995278e-02,2.3831670657643734e-03,1.2701734709881915e-01,1.4706421392589615e+00,1.7825249388044070e-03,2.0638569055030545e-02,3.9668970293380099e+01,1.3932721697684193e-05,nan,nan,2.6151316588507445e-05,nan,nan,nan,9.3580720484973638e-06,nan,nan,nan,3.9668417604357430e+01,1.2566370614359172e+01,nan,nan,1.6670417182000001e+01,1.4484846587000000e+01,2.1855694589999999e+00,6.1570909460000109e+00,1.9036088390000003e+00,0.0000000000000000e+00,8.0607005880000031e+00,2.4731117770000004e+01,2.6501508983999997e+01,0,0,0,nan,1382400,0,157296,4.6057812500000000e+02,4.6057812500000000e+02
exp3_remap,a,B_l2,B,3,3,abc,1,8,5.0000000000000000e-01,1,8,0.0000000000000000e+00,1,uniform,0.0000000000000000e+00,2.0000000000000000e+00,0,1,7.4938111261215390e-01,9.9999999999996692e-01,41472,41472,41472,41472,0.0000000000000000e+00,2.5754529074564114e-02,2.8914532643706985e-03,2.4598367064946278e-13,2.5011104298755527e-12,3.4520641273524854e-15,3.5099864843566619e-14,3.9668599071771922e+01,4.5746068396864297e-06,1.2566322862357012e+01,1.2566404382991989e+01,1.0269562977782698e-15,1.4142141150719891e+00,1.7696079911432833e-04,2.2174617243596502e-04,1.3464715461453914e-02,1.5116795714698106e-03,2.2862620972623772e-13,1.8287593661625579e-12,3.2084745100548095e-15,2.5664283278730243e-14,3.9668387313158419e+01,-7.6360996580583265e-07,1.2566332157433365e+01,1.2566346644016324e+01,1.1934897514720433e-15,1.4142114073134975e+00,2.7932756189736299e-15,0.0000000000000000e+00,1.3464715461453914e-02,1.5116795714698106e-03,2.2862620972623772e-13,1.8287593661625579e-12,3.2084745100548095e-15,2.5664283278730243e-14,3.9668387313158419e+01,-7.6360996580583265e-07,1.2566332157433365e+01,1.2566346644016324e+01,1.1934897514720433e-15,1.4142114073134975e+00,2.7932756189736299e-15,0.0000000000000000e+00,1.9006884079582991e-02,2.1338971820573384e-03,2.2838530503122895e-01,1.3518973003391181e+00,3.2050937228116768e-03,1.8972138118126647e-02,3.9668721056039558e+01,7.6497047388000546e-06,nan,nan,5.7585120696673764e-05,nan,nan,nan,3.0750838318140943e-06,nan,nan,nan,3.9668417604357430e+01,1.2566370614359172e+01,nan,nan,3.2404383760000002e+00,3.0800476679999917e+00,1.2029485699999043e-01,1.1729363590000048e+00,8.3596796799999140e-01,1.2011495400000172e-01,2.1290245889999966e+00,5.3694629649999968e+00,7.0635219269999965e+00,6,6,0,nan,262144,0,29136,4.6184765625000000e+02,4.6184765625000000e+02
exp3_remap,a,B_l2c,B,3,3,abc,1,8,5.0000000000000000e-01,1,8,0.0000000000000000e+00,1,uniform,0.0000000000000000e+00,2.0000000000000000e+00,0,1,7.4938111261215390e-01,9.9999999999996692e-01,41472,41472,41472,41472,0.0000000000000000e+00,2.5754529074564114e-02,2.8914532643706985e-03,2.4598367064946278e-13,2.5011104298755527e-12,3.4520641273524854e-15,3.5099864843566619e-14,3.9668599071771922e+01,4.5746068396864297e-06,1.2566322862357012e+01,1.2566404382991989e+01,1.0269562977782698e-15,1.4142141150719891e+00,1.7696079911432833e-04,2.2174617243596502e-04,1.3464715461453914e-02,1.5116795714698106e-03,2.2862620972623772e-13,1.8287593661625579e-12,3.2084745100548095e-15,2.5664283278730243e-14,3.9668387313158419e+01,-7.6360996580583265e-07,1.2566332157433365e+01,1.2566346644016324e+01,1.1934897514720433e-15,1.4142114073134975e+00,2.7932756189736299e-15,0.0000000000000000e+00,1.3464715461453914e-02,1.5116795714698106e-03,2.2862620972623772e-13,1.8287593661625579e-12,3.2084745100548095e-15,2.5664283278730243e-14,3.9668387313158419e+01,-7.6360996580583265e-07,1.2566332157433365e+01,1.2566346644016324e+01,1.1934897514720433e-15,1.4142114073134975e+00,2.7932756189736299e-15,0.0000000000000000e+00,1.8834737465046346e-02,2.1145703332102381e-03,1.3970088718072710e-13,6.9633188104489818e-13,1.9605220945057985e-15,9.7721214621294374e-15,3.9668717798886576e+01,7.5675952628091318e-06,nan,nan,4.7294508531692259e-08,nan,nan,nan,2.9929747314400238e-06,nan,nan,nan,3.9668417604357430e+01,1.2566370614359172e+01,nan,nan,3.3047390029999946e+00,3.1115904260000065e+00,1.1317026499999372e-01,1.1082470220000005e+00,7.8362676499999395e-01,4.1687831750000015e+00,6.0606594000000058e+00,9.3653984030000004e+00,1.1112386024000003e+01,39,6,240,1.3518973003391181e+00,262144,0,29136,4.6191015625000000e+02,4.6191015625000000e+02
exp3_remap,a,A_pt,A,4,4,abc,1,8,5.0000000000000000e-01,1,8,0.0000000000000000e+00,1,uniform,0.0000000000000000e+00,2.0000000000000000e+00,0,1,7.5010650154749259e-01,9.9999999999991895e-01,98304,98304,98304,98304,0.0000000000000000e+00,2.4163259980609893e-03,2.7128019598609220e-04,5.0970436865719364e-13,6.2585492344169324e-12,7.1530445982479959e-15,8.7830680973080065e-14,3.9668420090836619e+01,6.2681582473383934e-08,1.2566370476706069e+01,1.2566371254461115e+01,3.7192471324942744e-15,1.4142135898945056e+00,1.4355373998427175e-05,1.8852929546169731e-05,6.6688357420060184e-04,7.4870819108936501e-05,4.7343272240734675e-13,4.0074610296869650e-12,6.6440187408464687e-15,5.6239556169805856e-14,3.9668417548663307e+01,-1.4039915493131647e-09,1.2566370525896859e+01,1.2566370561382472e+01,4.1633363423443370e-15,1.4142135574086603e+00,2.8191254053514921e-15,0.0000000000000000e+00,6.6688357420060184e-04,7.4870819108936501e-05,4.7343272240734675e-13,4.0074610296869650e-12,6.6440187408464687e-15,5.6239556169805856e-14,3.9668417548663307e+01,-1.4039915493131647e-09,1.2566370525896859e+01,1.2566370561382472e+01,4.1633363423443370e-15,1.4142135574086603e+00,2.8191254053514921e-15,0.0000000000000000e+00,1.0487085082565526e-02,1.1773819007882850e-03,4.7075416866575457e-13,4.2723602433625274e-12,6.6064286875712943e-15,5.9957075590826381e-14,3.9668515031655950e+01,2.4560419700143605e-06,1.2566384108705602e+01,1.2566393146982151e+01,3.4972025275692431e-15,1.4142143531420261e+00,1.2347045562833924e-04,1.8733360783140300e-04,2.3933602375213694e-06,1.0848000668146426e-06,1.0847999996744388e-06,1.0000005396974869e+00,3.9668417604357430e+01,1.2566370614359172e+01,nan,nan,3.2725833690000172e+00,2.7767513350000002e+00,4.9583039600000234e-01,1.2924106010000003e+00,3.5214900400001170e-01,0.0000000000000000e+00,1.6445608989999982e+00,4.9171442680000155e+00,2.0916575421999994e+01,0,0,0,nan,153600,0,17472,6.6768750000000000e+02,6.6768750000000000e+02
exp3_remap,a,A_int,A,4,4,abc,1,8,5.0000000000000000e-01,1,8,0.0000000000000000e+00,1,uniform,0.0000000000000000e+00,2.0000000000000000e+00,6,1,7.5010650154749259e-01,9.9999999999991895e-01,98304,98304,98304,98304,0.0000000000000000e+00,2.4163259980609893e-03,2.7128019598609220e-04,5.0970436865719364e-13,6.2585492344169324e-12,7.1530445982479959e-15,8.7830680973080065e-14,3.9668420090836619e+01,6.2681582473383934e-08,1.2566370476706069e+01,1.2566371254461115e+01,3.7192471324942744e-15,1.4142135898945056e+00,1.4355373998427175e-05,1.8852929546169731e-05,6.6688357420060184e-04,7.4870819108936501e-05,4.7343272240734675e-13,4.0074610296869650e-12,6.6440187408464687e-15,5.6239556169805856e-14,3.9668417548663307e+01,-1.4039915493131647e-09,1.2566370525896859e+01,1.2566370561382472e+01,4.1633363423443370e-15,1.4142135574086603e+00,2.8191254053514921e-15,0.0000000000000000e+00,6.6688357420060184e-04,7.4870819108936501e-05,4.7343272240734675e-13,4.0074610296869650e-12,6.6440187408464687e-15,5.6239556169805856e-14,3.9668417548663307e+01,-1.4039915493131647e-09,1.2566370525896859e+01,1.2566370561382472e+01,4.1633363423443370e-15,1.4142135574086603e+00,2.8191254053514921e-15,0.0000000000000000e+00,3.5060563008485609e-03,3.9362389064874162e-04,4.7203455906970600e-13,4.3614001299374650e-12,6.6243973184597473e-15,6.1206635765033613e-14,3.9668429495077802e+01,2.9975282834245649e-07,1.2566372442829326e+01,1.2566373570212969e+01,3.3861802251067274e-15,1.4142136820461864e+00,1.0239115920979810e-04,1.5218264098742004e-04,2.3707123100907263e-07,1.5645911926086060e-07,1.5645910957732769e-07,1.0000000651610770e+00,3.9668417604357430e+01,1.2566370614359172e+01,nan,nan,1.9821170838000000e+01,1.6984510279000006e+01,2.8366219080000121e+00,8.0676764889999788e+00,2.1834497949999729e+00,0.0000000000000000e+00,1.0251127284999995e+01,3.0072298122999996e+01,5.3038052450999999e+01,0,0,0,nan,921600,0,106416,8.0181640625000000e+02,8.0181640625000000e+02
exp3_remap,a,A_l2,A,4,4,abc,1,8,5.0000000000000000e-01,1,8,0.0000000000000000e+00,1,uniform,0.0000000000000000e+00,2.0000000000000000e+00,0,1,7.5010650154749259e-01,9.9999999999991895e-01,98304,98304,98304,98304,0.0000000000000000e+00,2.4163259980609893e-03,2.7128019598609220e-04,5.0970436865719364e-13,6.2585492344169324e-12,7.1530445982479959e-15,8.7830680973080065e-14,3.9668420090836619e+01,6.2681582473383934e-08,1.2566370476706069e+01,1.2566371254461115e+01,3.7192471324942744e-15,1.4142135898945056e+00,1.4355373998427175e-05,1.8852929546169731e-05,6.6688357420060184e-04,7.4870819108936501e-05,4.7343272240734675e-13,4.0074610296869650e-12,6.6440187408464687e-15,5.6239556169805856e-14,3.9668417548663307e+01,-1.4039915493131647e-09,1.2566370525896859e+01,1.2566370561382472e+01,4.1633363423443370e-15,1.4142135574086603e+00,2.8191254053514921e-15,0.0000000000000000e+00,6.6688357420060184e-04,7.4870819108936501e-05,4.7343272240734675e-13,4.0074610296869650e-12,6.6440187408464687e-15,5.6239556169805856e-14,3.9668417548663307e+01,-1.4039915493131647e-09,1.2566370525896859e+01,1.2566370561382472e+01,4.1633363423443370e-15,1.4142135574086603e+00,2.8191254053514921e-15,0.0000000000000000e+00,6.6327329257880058e-03,7.4465493872725346e-04,4.7149715612074095e-13,4.6447290458218049e-12,6.6168555599472513e-15,6.5182792329343908e-14,3.9668447813321336e+01,7.6153690342961476e-07,1.2566373231959890e+01,1.2566376823590135e+01,3.7747582837255322e-15,1.4142137200776130e+00,7.5624446796945924e-05,1.1621866189972735e-04,6.9885527715087612e-07,2.1925613491655781e-07,2.1925612134640604e-07,1.0000000920533563e+00,3.9668417604357430e+01,1.2566370614359172e+01,nan,nan,1.4073785444999999e+01,1.3307704356000016e+01,6.4515278199999671e-01,6.2064930909999987e+00,4.7555953940000109e+00,7.4596369600001822e-01,1.1708057725000003e+01,2.5781843170000002e+01,4.9507897772000007e+01,14,14,0,nan,512000,0,56736,8.0202343750000000e+02,8.0202343750000000e+02
exp3_remap,a,B_pt,B,4,4,abc,1,8,5.0000000000000000e-01,1,8,0.0000000000000000e+00,1,uniform,0.0000000000000000e+00,2.0000000000000000e+00,0,1,7.5010650154749259e-01,9.9999999999991895e-01,98304,98304,98304,98304,0.0000000000000000e+00,2.4163259980609893e-03,2.7128019598609220e-04,5.0970436865719364e-13,6.2585492344169324e-12,7.1530445982479959e-15,8.7830680973080065e-14,3.9668420090836619e+01,6.2681582473383934e-08,1.2566370476706069e+01,1.2566371254461115e+01,3.7192471324942744e-15,1.4142135898945056e+00,1.4355373998427175e-05,1.8852929546169731e-05,6.6688357420060184e-04,7.4870819108936501e-05,4.7343272240734675e-13,4.0074610296869650e-12,6.6440187408464687e-15,5.6239556169805856e-14,3.9668417548663307e+01,-1.4039915493131647e-09,1.2566370525896859e+01,1.2566370561382472e+01,4.1633363423443370e-15,1.4142135574086603e+00,2.8191254053514921e-15,0.0000000000000000e+00,6.6688357420060184e-04,7.4870819108936501e-05,4.7343272240734675e-13,4.0074610296869650e-12,6.6440187408464687e-15,5.6239556169805856e-14,3.9668417548663307e+01,-1.4039915493131647e-09,1.2566370525896859e+01,1.2566370561382472e+01,4.1633363423443370e-15,1.4142135574086603e+00,2.8191254053514921e-15,0.0000000000000000e+00,2.3812891861734295e-03,2.6734662361083621e-04,5.8925433708167378e-02,6.4359859110133666e-01,8.2694259889521933e-04,9.0320776289317759e-03,3.9668476788664982e+01,1.4919755091537414e-06,nan,nan,1.5532302734266867e-06,nan,nan,nan,1.4292938370899579e-06,nan,nan,nan,3.9668417604357430e+01,1.2566370614359172e+01,nan,nan,3.9967553180000266e+00,3.3981731579999916e+00,5.9858060100000898e-01,1.4497328580000328e+00,4.1552047200002562e-01,0.0000000000000000e+00,1.8652544110000235e+00,5.8620097290000501e+00,1.4922402266999995e+01,0,0,0,nan,122880,0,13680,8.0207031250000000e+02,8.0207031250000000e+02
exp3_remap,a,B_int,B,4,4,abc,1,8,5.0000000000000000e-01,1,8,0.0000000000000000e+00,1,uniform,0.0000000000000000e+00,2.0000000000000000e+00,6,1,7.5010650154749259e-01,9.9999999999991895e-01,98304,98304,98304,98304,0.0000000000000000e+00,2.4163259980609893e-03,2.7128019598609220e-04,5.0970436865719364e-13,6.2585492344169324e-12,7.1530445982479959e-15,8.7830680973080065e-14,3.9668420090836619e+01,6.2681582473383934e-08,1.2566370476706069e+01,1.2566371254461115e+01,3.7192471324942744e-15,1.4142135898945056e+00,1.4355373998427175e-05,1.8852929546169731e-05,6.6688357420060184e-04,7.4870819108936501e-05,4.7343272240734675e-13,4.0074610296869650e-12,6.6440187408464687e-15,5.6239556169805856e-14,3.9668417548663307e+01,-1.4039915493131647e-09,1.2566370525896859e+01,1.2566370561382472e+01,4.1633363423443370e-15,1.4142135574086603e+00,2.8191254053514921e-15,0.0000000000000000e+00,6.6688357420060184e-04,7.4870819108936501e-05,4.7343272240734675e-13,4.0074610296869650e-12,6.6440187408464687e-15,5.6239556169805856e-14,3.9668417548663307e+01,-1.4039915493131647e-09,1.2566370525896859e+01,1.2566370561382472e+01,4.1633363423443370e-15,1.4142135574086603e+00,2.8191254053514921e-15,0.0000000000000000e+00,1.7385712939401213e-03,1.9518887837748010e-04,8.5362845591622841e-03,9.1682328967018278e-02,1.1979576379909400e-04,1.2866434511833562e-03,3.9668422366725785e+01,1.2005440708952452e-07,nan,nan,5.0669666176728079e-07,nan,nan,nan,5.7372821019921361e-08,nan,nan,nan,3.9668417604357430e+01,1.2566370614359172e+01,nan,nan,1.4494183728199999e+02,1.2316794901100002e+02,2.1773886784000013e+01,4.7870247091000010e+01,1.5261889381000003e+01,0.0000000000000000e+00,6.3132137784000008e+01,2.0807397506600000e+02,2.1698543418800000e+02,0,0,0,nan,4423680,0,500496,1.6277031250000000e+03,1.6277031250000000e+03
exp3_remap,a,B_l2,B,4,4,abc,1,8,5.0000000000000000e-01,1,8,0.0000000000000000e+00,1,uniform,0.0000000000000000e+00,2.0000000000000000e+00,0,1,7.5010650154749259e-01,9.9999999999991895e-01,98304,98304,98304,98304,0.0000000000000000e+00,2.4163259980609893e-03,2.7128019598609220e-04,5.0970436865719364e-13,6.2585492344169324e-12,7.1530445982479959e-15,8.7830680973080065e-14,3.9668420090836619e+01,6.2681582473383934e-08,1.2566370476706069e+01,1.2566371254461115e+01,3.7192471324942744e-15,1.4142135898945056e+00,1.4355373998427175e-05,1.8852929546169731e-05,6.6688357420060184e-04,7.4870819108936501e-05,4.7343272240734675e-13,4.0074610296869650e-12,6.6440187408464687e-15,5.6239556169805856e-14,3.9668417548663307e+01,-1.4039915493131647e-09,1.2566370525896859e+01,1.2566370561382472e+01,4.1633363423443370e-15,1.4142135574086603e+00,2.8191254053514921e-15,0.0000000000000000e+00,6.6688357420060184e-04,7.4870819108936501e-05,4.7343272240734675e-13,4.0074610296869650e-12,6.6440187408464687e-15,5.6239556169805856e-14,3.9668417548663307e+01,-1.4039915493131647e-09,1.2566370525896859e+01,1.2566370561382472e+01,4.1633363423443370e-15,1.4142135574086603e+00,2.8191254053514921e-15,0.0000000000000000e+00,1.4323153481925149e-03,1.6080561508809523e-04,2.7604242051008629e-02,1.9387441741156408e-01,3.8738999826877496e-04,2.7207778459065247e-03,3.9668378249555971e+01,-9.9209405958846846e-07,nan,nan,1.4684681592935789e-06,nan,nan,nan,-1.0547755759468501e-06,nan,nan,nan,3.9668417604357430e+01,1.2566370614359172e+01,nan,nan,1.4726563712000029e+01,1.3912805782000021e+01,6.6905495399998927e-01,6.2104887079999571e+00,3.9244435149999504e+00,3.0000441199996430e-01,1.0434941641999956e+01,2.5161505353999985e+01,3.4254354409000030e+01,6,6,0,nan,512000,0,56736,1.6279921875000000e+03,1.6279921875000000e+03
exp3_remap,a,B_l2c,B,4,4,abc,1,8,5.0000000000000000e-01,1,8,0.0000000000000000e+00,1,uniform,0.0000000000000000e+00,2.0000000000000000e+00,0,1,7.5010650154749259e-01,9.9999999999991895e-01,98304,98304,98304,98304,0.0000000000000000e+00,2.4163259980609893e-03,2.7128019598609220e-04,5.0970436865719364e-13,6.2585492344169324e-12,7.1530445982479959e-15,8.7830680973080065e-14,3.9668420090836619e+01,6.2681582473383934e-08,1.2566370476706069e+01,1.2566371254461115e+01,3.7192471324942744e-15,1.4142135898945056e+00,1.4355373998427175e-05,1.8852929546169731e-05,6.6688357420060184e-04,7.4870819108936501e-05,4.7343272240734675e-13,4.0074610296869650e-12,6.6440187408464687e-15,5.6239556169805856e-14,3.9668417548663307e+01,-1.4039915493131647e-09,1.2566370525896859e+01,1.2566370561382472e+01,4.1633363423443370e-15,1.4142135574086603e+00,2.8191254053514921e-15,0.0000000000000000e+00,6.6688357420060184e-04,7.4870819108936501e-05,4.7343272240734675e-13,4.0074610296869650e-12,6.6440187408464687e-15,5.6239556169805856e-14,3.9668417548663307e+01,-1.4039915493131647e-09,1.2566370525896859e+01,1.2566370561382472e+01,4.1633363423443370e-15,1.4142135574086603e+00,2.8191254053514921e-15,0.0000000000000000e+00,1.4152360453878036e-03,1.5888812687835620e-04,6.7266153818821873e-14,5.4001247917767614e-13,9.4399386743779169e-16,7.5783799094064633e-15,3.9668378225239834e+01,-9.9270704437909677e-07,nan,nan,1.4718152252513050e-09,nan,nan,nan,-1.0553885606990555e-06,nan,nan,nan,3.9668417604357430e+01,1.2566370614359172e+01,nan,nan,1.4679616565000060e+01,1.3665142823999986e+01,6.5470031300003484e-01,6.1757408460000534e+00,4.2247140630000786e+00,1.8661334760999921e+01,2.9061791553000035e+01,4.3741408118000095e+01,5.2648767270000008e+01,52,6,318,1.9387441741156408e-01,512000,0,56736,1.6314375000000000e+03,1.6314375000000000e+03
exp3_remap,a,A_pt,A,1,1,abc,1,16,1.0000000000000001e-01,1,16,0.0000000000000000e+00,1,uniform,0.0000000000000000e+00,2.0000000000000000e+00,0,1,9.8926606797771144e-01,9.9999999999999556e-01,12288,12288,12288,12288,0.0000000000000000e+00,1.0096048009449314e+00,1.1334802857256156e-01,4.0048205529600947e-14,2.1316282072803006e-13,2.8101250239205074e-16,1.4957328768565355e-15,3.9163773151746938e+01,-1.2721567511053395e-02,1.2244360655758832e+01,1.2326001328928312e+01,1.8318679906315083e-15,1.3961145479095742e+00,1.2597830833318606e-04,8.8607277519723790e-04,1.0047270775301984e+00,1.1280040802592374e-01,3.7488107532391654e-14,1.8474111129762605e-13,2.6304866268810102e-16,1.2963018266090067e-15,3.9163679354216825e+01,-1.2723932050295881e-02,1.2245869835682948e+01,1.2326358930922963e+01,7.7715611723760958e-16,1.3961565176133324e+00,9.5978575595933674e-17,3.1231187867844629e-11,1.0047270775301984e+00,1.1280040802592374e-01,3.7488107532391654e-14,1.8474111129762605e-13,2.6304866268810102e-16,1.2963018266090067e-15,3.9163679354216825e+01,-1.2723932050295881e-02,1.2245869835682948e+01,1.2326358930922963e+01,7.7715611723760958e-16,1.3961565176133324e+00,9.5978575595933674e-17,3.1231187867844629e-11,1.0102786754440662e+00,1.1342368426071929e-01,3.7069665703095838e-14,1.8474111129762605e-13,2.6011251651123892e-16,1.2963018266090067e-15,3.8654199687021048e+01,-2.5567390346948788e-02,1.2084762795736237e+01,1.2164828464549345e+01,3.5527136788005009e-15,1.3869558643827877e+00,1.2648057989299811e-03,4.0941419924597714e-03,-1.3011347572448069e-02,-1.3034397181655395e-02,-1.2948064482844853e-02,9.9343987673468492e-01,3.9668417604357430e+01,1.2566370614359172e+01,nan,nan,3.3389354899999990e-01,2.9899760099999995e-01,3.4892945000000175e-02,6.2093820000000299e-02,2.2029689000000019e-02,0.0000000000000000e+00,8.4124590000000055e-02,4.1801813899999996e-01,1.4128163139999996e+00,0,0,0,nan,49152,0,2688,1.2621875000000000e+02,1.2621875000000000e+02
exp3_remap,a,A_int,A,1,1,abc,1,16,1.0000000000000001e-01,1,16,0.0000000000000000e+00,1,uniform,0.0000000000000000e+00,2.0000000000000000e+00,3,1,9.8926606797771144e-01,9.9999999999999556e-01,12288,12288,12288,12288,0.0000000000000000e+00,1.0096048009449314e+00,1.1334802857256156e-01,4.0048205529600947e-14,2.1316282072803006e-13,2.8101250239205074e-16,1.4957328768565355e-15,3.9163773151746938e+01,-1.2721567511053395e-02,1.2244360655758832e+01,1.2326001328928312e+01,1.8318679906315083e-15,1.3961145479095742e+00,1.2597830833318606e-04,8.8607277519723790e-04,1.0047270775301984e+00,1.1280040802592374e-01,3.7488107532391654e-14,1.8474111129762605e-13,2.6304866268810102e-16,1.2963018266090067e-15,3.9163679354216825e+01,-1.2723932050295881e-02,1.2245869835682948e+01,1.2326358930922963e+01,7.7715611723760958e-16,1.3961565176133324e+00,9.5978575595933674e-17,3.1231187867844629e-11,1.0047270775301984e+00,1.1280040802592374e-01,3.7488107532391654e-14,1.8474111129762605e-13,2.6304866268810102e-16,1.2963018266090067e-15,3.9163679354216825e+01,-1.2723932050295881e-02,1.2245869835682948e+01,1.2326358930922963e+01,7.7715611723760958e-16,1.3961565176133324e+00,9.5978575595933674e-17,3.1231187867844629e-11,1.0118750209737826e+00,1.1360290549515144e-01,3.6948064554685139e-14,1.7941204077942530e-13,2.5925925872960423e-16,1.2589085046875930e-15,3.8661521652239919e+01,-2.5382811136053646e-02,1.2086540784388960e+01,1.2166793687617790e+01,2.3314683517128287e-15,1.3870479150369681e+00,9.6633718252694012e-04,2.9926010044105866e-03,-1.2824389967763226e-02,-1.2889188403287150e-02,-1.2803817487791386e-02,9.9350581018858253e-01,3.9668417604357430e+01,1.2566370614359172e+01,nan,nan,1.1510671600000002e+00,1.0447228109999998e+00,1.0634306700000007e-01,2.2899118700000010e-01,6.9895593000000034e-02,0.0000000000000000e+00,2.9888780400000048e-01,1.4499549640000007e+00,2.5142672360000002e+00,0,0,0,nan,147456,0,9264,1.5012890625000000e+02,1.5012890625000000e+02
exp3_remap,a,A_l2,A,1,1,abc,1,16,1.0000000000000001e-01,1,16,0.0000000000000000e+00,1,uniform,0.0000000000000000e+00,2.0000000000000000e+00,0,1,9.8926606797771144e-01,9.9999999999999556e-01,12288,12288,12288,12288,0.0000000000000000e+00,1.0096048009449314e+00,1.1334802857256156e-01,4.0048205529600947e-14,2.1316282072803006e-13,2.8101250239205074e-16,1.4957328768565355e-15,3.9163773151746938e+01,-1.2721567511053395e-02,1.2244360655758832e+01,1.2326001328928312e+01,1.8318679906315083e-15,1.3961145479095742e+00,1.2597830833318606e-04,8.8607277519723790e-04,1.0047270775301984e+00,1.1280040802592374e-01,3.7488107532391654e-14,1.8474111129762605e-13,2.6304866268810102e-16,1.2963018266090067e-15,3.9163679354216825e+01,-1.2723932050295881e-02,1.2245869835682948e+01,1.2326358930922963e+01,7.7715611723760958e-16,1.3961565176133324e+00,9.5978575595933674e-17,3.1231187867844629e-11,1.0047270775301984e+00,1.1280040802592374e-01,3.7488107532391654e-14,1.8474111129762605e-13,2.6304866268810102e-16,1.2963018266090067e-15,3.9163679354216825e+01,-1.2723932050295881e-02,1.2245869835682948e+01,1.2326358930922963e+01,7.7715611723760958e-16,1.3961565176133324e+00,9.5978575595933674e-17,3.1231187867844629e-11,1.0058505116349599e+00,1.1292653563633795e-01,3.8282342396102513e-14,1.8474111129762605e-13,2.6862169457771798e-16,1.2963018266090067e-15,3.9151573933699154e+01,-1.3029097248424196e-02,1.2241714857881938e+01,1.2322374302236499e+01,1.6098233857064770e-15,1.3959220019647376e+00,3.1168870366569046e-04,1.1912983933653673e-03,-3.1149240908211819e-04,-2.1608297495305943e-04,-2.1465175982782422e-04,9.9986208442199465e-01,3.9668417604357430e+01,1.2566370614359172e+01,nan,nan,1.6560109500000006e+00,1.5606302830000001e+00,3.8058492999999416e-02,4.3206961699999979e-01,2.5389773699999907e-01,7.0691457900000110e-01,1.3928864240000003e+00,3.0488973740000009e+00,4.1434633630000004e+00,26,26,0,nan,262144,0,7296,1.7808593750000000e+02,1.7808593750000000e+02
exp3_remap,a,B_pt,B,1,1,abc,1,16,1.0000000000000001e-01,1,16,0.0000000000000000e+00,1,uniform,0.0000000000000000e+00,2.0000000000000000e+00,0,1,9.8926606797771144e-01,9.9999999999999556e-01,12288,12288,12288,12288,0.0000000000000000e+00,1.0096048009449314e+00,1.1334802857256156e-01,4.0048205529600947e-14,2.1316282072803006e-13,2.8101250239205074e-16,1.4957328768565355e-15,3.9163773151746938e+01,-1.2721567511053395e-02,1.2244360655758832e+01,1.2326001328928312e+01,1.8318679906315083e-15,1.3961145479095742e+00,1.2597830833318606e-04,8.8607277519723790e-04,1.0047270775301984e+00,1.1280040802592374e-01,3.7488107532391654e-14,1.8474111129762605e-13,2.6304866268810102e-16,1.2963018266090067e-15,3.9163679354216825e+01,-1.2723932050295881e-02,1.2245869835682948e+01,1.2326358930922963e+01,7.7715611723760958e-16,1.3961565176133324e+00,9.5978575595933674e-17,3.1231187867844629e-11,1.0047270775301984e+00,1.1280040802592374e-01,3.7488107532391654e-14,1.8474111129762605e-13,2.6304866268810102e-16,1.2963018266090067e-15,3.9163679354216825e+01,-1.2723932050295881e-02,1.2245869835682948e+01,1.2326358930922963e+01,7.7715611723760958e-16,1.3961565176133324e+00,9.5978575595933674e-17,3.1231187867844629e-11,1.0928302618408667e+00,1.2269172613696355e-01,2.6843979778842177e+00,6.4133763737537990e+00,1.8836034803702901e-02,4.5001740271197174e-02,3.9174676755327880e+01,-1.2446698881563504e-02,nan,nan,1.4527931485925488e-02,nan,nan,nan,2.7841044678444314e-04,nan,nan,nan,3.9668417604357430e+01,1.2566370614359172e+01,nan,nan,1.6772288499999988e-01,1.4515682799999929e-01,2.2565092999998981e-02,3.6650790000001265e-02,1.2287102000000161e-02,0.0000000000000000e+00,4.8938858999999724e-02,2.1666174399999960e-01,7.7492737899999931e-01,0,0,0,nan,24576,0,768,1.7809375000000000e+02,1.7809375000000000e+02
exp3_remap,a,B_int,B,1,1,abc,1,16,1.0000000000000001e-01,1,16,0.0000000000000000e+00,1,uniform,0.0000000000000000e+00,2.0000000000000000e+00,3,1,9.8926606797771144e-01,9.9999999999999556e-01,12288,12288,12288,12288,0.0000000000000000e+00,1.0096048009449314e+00,1.1334802857256156e-01,4.0048205529600947e-14,2.1316282072803006e-13,2.8101250239205074e-16,1.4957328768565355e-15,3.9163773151746938e+01,-1.2721567511053395e-02,1.2244360655758832e+01,1.2326001328928312e+01,1.8318679906315083e-15,1.3961145479095742e+00,1.2597830833318606e-04,8.8607277519723790e-04,1.0047270775301984e+00,1.1280040802592374e-01,3.7488107532391654e-14,1.8474111129762605e-13,2.6304866268810102e-16,1.2963018266090067e-15,3.9163679354216825e+01,-1.2723932050295881e-02,1.2245869835682948e+01,1.2326358930922963e+01,7.7715611723760958e-16,1.3961565176133324e+00,9.5978575595933674e-17,3.1231187867844629e-11,1.0047270775301984e+00,1.1280040802592374e-01,3.7488107532391654e-14,1.8474111129762605e-13,2.6304866268810102e-16,1.2963018266090067e-15,3.9163679354216825e+01,-1.2723932050295881e-02,1.2245869835682948e+01,1.2326358930922963e+01,7.7715611723760958e-16,1.3961565176133324e+00,9.5978575595933674e-17,3.1231187867844629e-11,1.0313392972683812e+00,1.1578815396417566e-01,4.7270139078099378e+00,1.8954376618513056e+01,3.3168777215095938e-02,1.3300013657073448e-01,3.8663658469593933e+01,-2.5328944168751699e-02,nan,nan,1.4728928491587856e-02,nan,nan,nan,-1.2769828898130470e-02,nan,nan,nan,3.9668417604357430e+01,1.2566370614359172e+01,nan,nan,1.6571215299999995e+00,1.5040165990000016e+00,1.5310307699999903e-01,3.3667272400000137e-01,1.0926293700000045e-01,0.0000000000000000e+00,4.4593722900000010e-01,2.1030587589999996e+00,2.6686600409999990e+00,0,0,0,nan,221184,0,10560,1.7809765625000000e+02,1.7809765625000000e+02
exp3_remap,a,B_l2,B,1,1,abc,1,16,1.0000000000000001e-01,1,16,0.0000000000000000e+00,1,uniform,0.0000000000000000e+00,2.0000000000000000e+00,0,1,9.8926606797771144e-01,9.9999999999999556e-01,12288,12288,12288,12288,0.0000000000000000e+00,1.0096048009449314e+00,1.1334802857256156e-01,4.0048205529600947e-14,2.1316282072803006e-13,2.8101250239205074e-16,1.4957328768565355e-15,3.9163773151746938e+01,-1.2721567511053395e-02,1.2244360655758832e+01,1.2326001328928312e+01,1.8318679906315083e-15,1.3961145479095742e+00,1.2597830833318606e-04,8.8607277519723790e-04,1.0047270775301984e+00,1.1280040802592374e-01,3.7488107532391654e-14,1.8474111129762605e-13,2.6304866268810102e-16,1.2963018266090067e-15,3.9163679354216825e+01,-1.2723932050295881e-02,1.2245869835682948e+01,1.2326358930922963e+01,7.7715611723760958e-16,1.3961565176133324e+00,9.5978575595933674e-17,3.1231187867844629e-11,1.0047270775301984e+00,1.1280040802592374e-01,3.7488107532391654e-14,1.8474111129762605e-13,2.6304866268810102e-16,1.2963018266090067e-15,3.9163679354216825e+01,-1.2723932050295881e-02,1.2245869835682948e+01,1.2326358930922963e+01,7.7715611723760958e-16,1.3961565176133324e+00,9.5978575595933674e-17,3.1231187867844629e-11,1.0146989221429887e+00,1.1391994403351188e-01,2.9087927871745740e+00,1.6680329263454944e+01,2.0410580930017162e-02,1.1704347311098029e-01,3.8650318674261207e+01,-2.5665226686138042e-02,nan,nan,1.7966292677614321e-02,nan,nan,nan,-1.3110444580920755e-02,nan,nan,nan,3.9668417604357430e+01,1.2566370614359172e+01,nan,nan,1.6271945360000011e+00,1.5326129929999972e+00,3.6896634999997957e-02,3.9695116600000091e-01,2.3833001799999920e-01,2.3027197200000060e-01,8.6555701900000059e-01,2.4927515550000017e+00,3.0554968140000014e+00,9,9,0,nan,262144,0,7296,1.7862500000000000e+02,1.7862500000000000e+02
exp3_remap,a,B_l2c,B,1,1,abc,1,16,1.0000000000000001e-01,1,16,0.0000000000000000e+00,1,uniform,0.0000000000000000e+00,2.0000000000000000e+00,0,1,9.8926606797771144e-01,9.9999999999999556e-01,12288,12288,12288,12288,0.0000000000000000e+00,1.0096048009449314e+00,1.1334802857256156e-01,4.0048205529600947e-14,2.1316282072803006e-13,2.8101250239205074e-16,1.4957328768565355e-15,3.9163773151746938e+01,-1.2721567511053395e-02,1.2244360655758832e+01,1.2326001328928312e+01,1.8318679906315083e-15,1.3961145479095742e+00,1.2597830833318606e-04,8.8607277519723790e-04,1.0047270775301984e+00,1.1280040802592374e-01,3.7488107532391654e-14,1.8474111129762605e-13,2.6304866268810102e-16,1.2963018266090067e-15,3.9163679354216825e+01,-1.2723932050295881e-02,1.2245869835682948e+01,1.2326358930922963e+01,7.7715611723760958e-16,1.3961565176133324e+00,9.5978575595933674e-17,3.1231187867844629e-11,1.0047270775301984e+00,1.1280040802592374e-01,3.7488107532391654e-14,1.8474111129762605e-13,2.6304866268810102e-16,1.2963018266090067e-15,3.9163679354216825e+01,-1.2723932050295881e-02,1.2245869835682948e+01,1.2326358930922963e+01,7.7715611723760958e-16,1.3961565176133324e+00,9.5978575595933674e-17,3.1231187867844629e-11,1.0110852264547794e+00,1.1351423550108777e-01,2.3626697123848255e-12,8.5265128291212022e-12,1.6578513804131167e-14,5.9829315074261850e-14,3.8646658390540580e+01,-2.5757498673317721e-02,nan,nan,1.6846922523683361e-08,nan,nan,nan,-1.3203905537975250e-02,nan,nan,nan,3.9668417604357430e+01,1.2566370614359172e+01,nan,nan,1.3786156960000007e+00,1.2808884419999984e+00,3.6849898999999908e-02,3.0286029899999889e-01,1.7812841299999960e-01,5.0823970209999985e+00,5.5633879149999999e+00,6.9420036110000005e+00,7.3914639459999982e+00,28,9,232,1.6680329263454944e+01,262144,0,7296,1.7868359375000000e+02,1.7868359375000000e+02
exp3_remap,a,A_pt,A,2,2,abc,1,16,1.0000000000000001e-01,1,16,0.0000000000000000e+00,1,uniform,0.0000000000000000e+00,2.0000000000000000e+00,0,1,9.8974482571828171e-01,9.9999999999996447e-01,98304,98304,98304,98304,0.0000000000000000e+00,5.1476616033171940e-02,5.7792642621010771e-03,3.3073994905978356e-13,2.0747847884194925e-12,2.3207546879375666e-15,1.4558466668070184e-14,3.9667782949333422e+01,-1.5999000271149050e-05,1.2565747241619857e+01,1.2565961632557798e+01,4.9960036108132044e-16,1.4141789035323720e+00,1.7387586409330645e-05,2.7727516457508440e-05,5.0959653831987375e-02,5.7212250706313861e-03,3.3037403199857340e-13,1.8189894035458565e-12,2.3181871005094156e-15,1.2763587215842463e-14,3.9667767860838850e+01,-1.6379365697408082e-05,1.2565750866815554e+01,1.2565957897945749e+01,1.2767564783189300e-15,1.4141787529211318e+00,2.3258634265080446e-15,2.3472171559870322e-11,5.0959653831987375e-02,5.7212250706313861e-03,3.3037403199857340e-13,1.8189894035458565e-12,2.3181871005094156e-15,1.2763587215842463e-14,3.9667767860838850e+01,-1.6379365697408082e-05,1.2565750866815554e+01,1.2565957897945749e+01,1.2767564783189300e-15,1.4141787529211318e+00,2.3258634265080446e-15,2.3472171559870322e-11,6.1697564889165335e-02,6.9267671284538902e-03,3.3037443902178995e-13,1.7479351299698465e-12,2.3181899565328280e-15,1.2265009590223617e-14,3.9667243976676900e+01,-2.9585946488586486e-05,1.2565388877355350e+01,1.2565699443896365e+01,1.1102230246251565e-15,1.4141590496124765e+00,5.1016022716374578e-04,8.0145025855023449e-04,-1.3587163598471530e-05,-2.8519136794340282e-05,-2.8518650222387780e-05,9.9998596081454338e-01,3.9668417604357430e+01,1.2566370614359172e+01,nan,nan,2.2656259310000024e+00,2.0037113489999996e+00,2.6191333599999922e-01,8.6192566900000145e-01,2.2934257800000069e-01,0.0000000000000000e+00,1.0912693779999998e+00,3.3568953090000022e+00,1.2385640798000004e+01,0,0,0,nan,221184,0,9312,4.9350000000000000e+02,4.9350000000000000e+02
exp3_remap,a,A_int,A,2,2,abc,1,16,1.0000000000000001e-01,1,16,0.0000000000000000e+00,1,uniform,0.0000000000000000e+00,2.0000000000000000e+00,4,1,9.8974482571828171e-01,9.9999999999996447e-01,98304,98304,98304,98304,0.0000000000000000e+00,5.1476616033171940e-02,5.7792642621010771e-03,3.3073994905978356e-13,2.0747847884194925e-12,2.3207546879375666e-15,1.4558466668070184e-14,3.9667782949333422e+01,-1.5999000271149050e-05,1.2565747241619857e+01,1.2565961632557798e+01,4.9960036108132044e-16,1.4141789035323720e+00,1.7387586409330645e-05,2.7727516457508440e-05,5.0959653831987375e-02,5.7212250706313861e-03,3.3037403199857340e-13,1.8189894035458565e-12,2.3181871005094156e-15,1.2763587215842463e-14,3.9667767860838850e+01,-1.6379365697408082e-05,1.2565750866815554e+01,1.2565957897945749e+01,1.2767564783189300e-15,1.4141787529211318e+00,2.3258634265080446e-15,2.3472171559870322e-11,5.0959653831987375e-02,5.7212250706313861e-03,3.3037403199857340e-13,1.8189894035458565e-12,2.3181871005094156e-15,1.2763587215842463e-14,3.9667767860838850e+01,-1.6379365697408082e-05,1.2565750866815554e+01,1.2565957897945749e+01,1.2767564783189300e-15,1.4141787529211318e+00,2.3258634265080446e-15,2.3472171559870322e-11,6.0483287175471058e-02,6.7904405332772184e-03,3.3067233762491420e-13,1.8189894035458565e-12,2.3202802682163605e-15,1.2763587215842463e-14,3.9666899124660063e+01,-3.8279311075929343e-05,1.2565302467648728e+01,1.2565598851620825e+01,1.1657341758564144e-15,1.4141539054941064e+00,3.3479797465027229e-04,5.1647843024715053e-04,-2.2280667273182039e-05,-3.5395743888249450e-05,-3.5395139992825189e-05,9.9998232328441394e-01,3.9668417604357430e+01,1.2566370614359172e+01,nan,nan,9.8939454179999942e+00,8.6080035280000047e+00,1.2859403699999987e+00,3.1690139210000012e+00,9.4561274199999445e-01,0.0000000000000000e+00,4.1146276930000028e+00,1.4008573110999997e+01,2.3017437896000004e+01,0,0,0,nan,884736,0,41232,5.9981640625000000e+02,5.9981640625000000e+02
exp3_remap,a,A_l2,A,2,2,abc,1,16,1.0000000000000001e-01,1,16,0.0000000000000000e+00,1,uniform,0.0000000000000000e+00,2.0000000000000000e+00,0,1,9.8974482571828171e-01,9.9999999999996447e-01,98304,98304,98304,98304,0.0000000000000000e+00,5.1476616033171940e-02,5.7792642621010771e-03,3.3073994905978356e-13,2.0747847884194925e-12,2.3207546879375666e-15,1.4558466668070184e-14,3.9667782949333422e+01,-1.5999000271149050e-05,1.2565747241619857e+01,1.2565961632557798e+01,4.9960036108132044e-16,1.4141789035323720e+00,1.7387586409330645e-05,2.7727516457508440e-05,5.0959653831987375e-02,5.7212250706313861e-03,3.3037403199857340e-13,1.8189894035458565e-12,2.3181871005094156e-15,1.2763587215842463e-14,3.9667767860838850e+01,-1.6379365697408082e-05,1.2565750866815554e+01,1.2565957897945749e+01,1.2767564783189300e-15,1.4141787529211318e+00,2.3258634265080446e-15,2.3472171559870322e-11,5.0959653831987375e-02,5.7212250706313861e-03,3.3037403199857340e-13,1.8189894035458565e-12,2.3181871005094156e-15,1.2763587215842463e-14,3.9667767860838850e+01,-1.6379365697408082e-05,1.2565750866815554e+01,1.2565957897945749e+01,1.2767564783189300e-15,1.4141787529211318e+00,2.3258634265080446e-15,2.3472171559870322e-11,6.3120586574674953e-02,7.0865293468165159e-03,3.3358754562283050e-13,1.7053025658242404e-12,2.3407358637581454e-15,1.1965863014852310e-14,3.9668457235753358e+01,9.9906672163799070e-07,1.2565749423520725e+01,1.2566068387088876e+01,9.4368957093138306e-16,1.4141788400260460e+00,2.7882183366623062e-04,4.3105421546806851e-04,1.6998338949216498e-05,1.7363876783662269e-07,1.7363580534323079e-07,9.9999995509314565e-01,3.9668417604357430e+01,1.2566370614359172e+01,nan,nan,8.1829566720000031e+00,7.7845061499999986e+00,2.4133194099999855e-01,3.2082675190000032e+00,1.8577607649999948e+00,1.4050557709999936e+00,6.4710893179999971e+00,1.4654045990000000e+01,2.4337764618999998e+01,17,17,0,nan,884736,0,27648,6.5443359375000000e+02,6.5443359375000000e+02
exp3_remap,a,B_pt,B,2,2,abc,1,16,1.0000000000000001e-01,1,16,0.0000000000000000e+00,1,uniform,0.0000000000000000e+00,2.0000000000000000e+00,0,1,9.8974482571828171e-01,9.9999999999996447e-01,98304,98304,98304,98304,0.0000000000000000e+00,5.1476616033171940e-02,5.7792642621010771e-03,3.3073994905978356e-13,2.0747847884194925e-12,2.3207546879375666e-15,1.4558466668070184e-14,3.9667782949333422e+01,-1.5999000271149050e-05,1.2565747241619857e+01,1.2565961632557798e+01,4.9960036108132044e-16,1.4141789035323720e+00,1.7387586409330645e-05,2.7727516457508440e-05,5.0959653831987375e-02,5.7212250706313861e-03,3.3037403199857340e-13,1.8189894035458565e-12,2.3181871005094156e-15,1.2763587215842463e-14,3.9667767860838850e+01,-1.6379365697408082e-05,1.2565750866815554e+01,1.2565957897945749e+01,1.2767564783189300e-15,1.4141787529211318e+00,2.3258634265080446e-15,2.3472171559870322e-11,5.0959653831987375e-02,5.7212250706313861e-03,3.3037403199857340e-13,1.8189894035458565e-12,2.3181871005094156e-15,1.2763587215842463e-14,3.9667767860838850e+01,-1.6379365697408082e-05,1.2565750866815554e+01,1.2565957897945749e+01,1.2767564783189300e-15,1.4141787529211318e+00,2.3258634265080446e-15,2.3472171559870322e-11,7.1086164277810227e-02,7.9808223694397152e-03,2.4758394221569294e-01,2.6322571537429766e+00,1.7372609392622188e-03,1.8470170134488498e-02,3.9751574987306007e+01,2.0963120782373514e-03,nan,nan,1.5214896479584517e-04,nan,nan,nan,2.1123448739147109e-03,nan,nan,nan,3.9668417604357430e+01,1.2566370614359172e+01,nan,nan,1.6659573840000093e+00,1.4380141049999935e+00,2.2794138700000133e-01,5.0387295599999504e-01,1.6534737000000632e-01,0.0000000000000000e+00,6.6922155599999655e-01,2.3351789400000058e+00,6.8413304670000059e+00,0,0,0,nan,147456,0,4032,6.5455859375000000e+02,6.5455859375000000e+02
exp3_remap,a,B_int,B,2,2,abc,1,16,1.0000000000000001e-01,1,16,0.0000000000000000e+00,1,uniform,0.0000000000000000e+00,2.0000000000000000e+00,4,1,9.8974482571828171e-01,9.9999999999996447e-01,98304,98304,98304,98304,0.0000000000000000e+00,5.1476616033171940e-02,5.7792642621010771e-03,3.3073994905978356e-13,2.0747847884194925e-12,2.3207546879375666e-15,1.4558466668070184e-14,3.9667782949333422e+01,-1.5999000271149050e-05,1.2565747241619857e+01,1.2565961632557798e+01,4.9960036108132044e-16,1.4141789035323720e+00,1.7387586409330645e-05,2.7727516457508440e-05,5.0959653831987375e-02,5.7212250706313861e-03,3.3037403199857340e-13,1.8189894035458565e-12,2.3181871005094156e-15,1.2763587215842463e-14,3.9667767860838850e+01,-1.6379365697408082e-05,1.2565750866815554e+01,1.2565957897945749e+01,1.2767564783189300e-15,1.4141787529211318e+00,2.3258634265080446e-15,2.3472171559870322e-11,5.0959653831987375e-02,5.7212250706313861e-03,3.3037403199857340e-13,1.8189894035458565e-12,2.3181871005094156e-15,1.2763587215842463e-14,3.9667767860838850e+01,-1.6379365697408082e-05,1.2565750866815554e+01,1.2565957897945749e+01,1.2767564783189300e-15,1.4141787529211318e+00,2.3258634265080446e-15,2.3472171559870322e-11,6.0331249934859263e-02,6.7733713578168502e-03,8.8181922695429835e-02,5.3661220299395040e-01,6.1875987786941635e-04,3.7653307054166035e-03,3.9666934498542602e+01,-3.7387571887025664e-05,nan,nan,1.5217416641588599e-04,nan,nan,nan,-2.1388913817114575e-05,nan,nan,nan,3.9668417604357430e+01,1.2566370614359172e+01,nan,nan,2.6883818273000003e+01,2.3336090941999998e+01,3.5477261160000069e+00,8.1313296480000190e+00,2.0357145339999931e+00,0.0000000000000000e+00,1.0167045264999985e+01,3.7050863537999987e+01,4.1474392935000012e+01,0,0,0,nan,2359296,0,86880,8.5491015625000000e+02,8.5491015625000000e+02
exp3_remap,a,B_l2,B,2,2,abc,1,16,1.0000000000000001e-01,1,16,0.0000000000000000e+00,1,uniform,0.0000000000000000e+00,2.0000000000000000e+00,0,1,9.8974482571828171e-01,9.9999999999996447e-01,98304,98304,98304,98304,0.0000000000000000e+00,5.1476616033171940e-02,5.7792642621010771e-03,3.3073994905978356e-13,2.0747847884194925e-12,2.3207546879375666e-15,1.4558466668070184e-14,3.9667782949333422e+01,-1.5999000271149050e-05,1.2565747241619857e+01,1.2565961632557798e+01,4.9960036108132044e-16,1.4141789035323720e+00,1.7387586409330645e-05,2.7727516457508440e-05,5.0959653831987375e-02,5.7212250706313861e-03,3.3037403199857340e-13,1.8189894035458565e-12,2.3181871005094156e-15,1.2763587215842463e-14,3.9667767860838850e+01,-1.6379365697408082e-05,1.2565750866815554e+01,1.2565957897945749e+01,1.2767564783189300e-15,1.4141787529211318e+00,2.3258634265080446e-15,2.3472171559870322e-11,5.0959653831987375e-02,5.7212250706313861e-03,3.3037403199857340e-13,1.8189894035458565e-12,2.3181871005094156e-15,1.2763587215842463e-14,3.9667767860838850e+01,-1.6379365697408082e-05,1.2565750866815554e+01,1.2565957897945749e+01,1.2767564783189300e-15,1.4141787529211318e+00,2.3258634265080446e-15,2.3472171559870322e-11,5.7819025217011988e-02,6.4913246412870423e-03,1.3238054356515838e-01,7.0138722588258240e-01,9.2889524819704972e-04,4.9215333592263306e-03,3.9667676454625493e+01,-1.8683622304493371e-05,nan,nan,1.2013914690026106e-04,nan,nan,nan,-2.6846649853001472e-06,nan,nan,nan,3.9668417604357430e+01,1.2566370614359172e+01,nan,nan,8.5390752039999995e+00,8.0591106009999862e+00,2.8921394799999689e-01,3.0131026409999890e+00,1.9774679070000047e+00,9.1172907699998973e-01,5.9023050419999947e+00,1.4441380245999994e+01,1.8360120856999998e+01,10,10,0,nan,884736,0,27648,8.7648437500000000e+02,8.7648437500000000e+02
exp3_remap,a,B_l2c,B,2,2,abc,1,16,1.0000000000000001e-01,1,16,0.0000000000000000e+00,1,uniform,0.0000000000000000e+00,2.0000000000000000e+00,0,1,9.8974482571828171e-01,9.9999999999996447e-01,98304,98304,98304,98304,0.0000000000000000e+00,5.1476616033171940e-02,5.7792642621010771e-03,3.3073994905978356e-13,2.0747847884194925e-12,2.3207546879375666e-15,1.4558466668070184e-14,3.9667782949333422e+01,-1.5999000271149050e-05,1.2565747241619857e+01,1.2565961632557798e+01,4.9960036108132044e-16,1.4141789035323720e+00,1.7387586409330645e-05,2.7727516457508440e-05,5.0959653831987375e-02,5.7212250706313861e-03,3.3037403199857340e-13,1.8189894035458565e-12,2.3181871005094156e-15,1.2763587215842463e-14,3.9667767860838850e+01,-1.6379365697408082e-05,1.2565750866815554e+01,1.2565957897945749e+01,1.2767564783189300e-15,1.4141787529211318e+00,2.3258634265080446e-15,2.3472171559870322e-11,5.0959653831987375e-02,5.7212250706313861e-03,3.3037403199857340e-13,1.8189894035458565e-12,2.3181871005094156e-15,1.2763587215842463e-14,3.9667767860838850e+01,-1.6379365697408082e-05,1.2565750866815554e+01,1.2565957897945749e+01,1.2767564783189300e-15,1.4141787529211318e+00,2.3258634265080446e-15,2.3472171559870322e-11,5.7800267293818992e-02,6.4892186948691455e-03,1.3376552169486631e-13,5.9685589803848416e-13,9.3861344068135026e-16,4.1880520551983081e-15,3.9667675370236090e+01,-1.8710958645810949e-05,nan,nan,8.2497619846577663e-11,nan,nan,nan,-2.7120017639788539e-06,nan,nan,nan,3.9668417604357430e+01,1.2566370614359172e+01,nan,nan,8.5491286970000147e+00,8.0864450990000023e+00,2.4265036799999962e-01,2.9754445139999746e+00,2.0230809150000084e+00,3.2600036918000001e+01,3.7598564283000002e+01,4.6147692980000016e+01,5.0673516683000003e+01,32,10,330,7.0138722588258240e-01,884736,0,27648,8.7823828125000000e+02,8.7823828125000000e+02
exp3_remap,a,A_pt,A,1,1,abc,1,16,2.9999999999999999e-01,1,16,0.0000000000000000e+00,1,uniform,0.0000000000000000e+00,2.0000000000000000e+00,0,1,8.9709733619746757e-01,9.9999999999999556e-01,12288,12288,12288,12288,0.0000000000000000e+00,1.0502257348390578e+00,1.1790852865275843e-01,4.1640307628061317e-14,2.2737367544323206e-13,2.9218405399681402e-16,1.5954484019803207e-15,3.9167069236711349e+01,-1.2638476599858360e-02,1.2232292575914803e+01,1.2323561439833549e+01,1.2767564783189300e-15,1.3957809859092425e+00,5.0502068442541284e-04,2.6884458163054779e-03,1.0047270775301984e+00,1.1280040802592374e-01,3.7488107532391654e-14,1.8474111129762605e-13,2.6304866268810102e-16,1.2963018266090067e-15,3.9163679354216825e+01,-1.2723932050295881e-02,1.2245869835682948e+01,1.2326358930922963e+01,7.7715611723760958e-16,1.3961565176133324e+00,9.5978575595933674e-17,3.1231187867844629e-11,1.0047270775301984e+00,1.1280040802592374e-01,3.7488107532391654e-14,1.8474111129762605e-13,2.6304866268810102e-16,1.2963018266090067e-15,3.9163679354216825e+01,-1.2723932050295881e-02,1.2245869835682948e+01,1.2326358930922963e+01,7.7715611723760958e-16,1.3961565176133324e+00,9.5978575595933674e-17,3.1231187867844629e-11,1.3071784171623559e+00,1.4675652932640615e-01,3.7843879382603075e-14,1.8474111129762605e-13,2.6554506262878415e-16,1.2963018266090067e-15,3.8540473134515679e+01,-2.8434319742510983e-02,1.1942316632767065e+01,1.2077730134901870e+01,4.9960036108132044e-16,1.3790657116234970e+00,5.9362658225958903e-03,1.3250586965055841e-02,-1.5998033919994208e-02,-2.3705772352003416e-02,-2.3530206309553190e-02,9.8802442900821097e-01,3.9668417604357430e+01,1.2566370614359172e+01,nan,nan,4.0876969700000032e-01,3.7184481800000047e-01,3.6923845999999649e-02,8.4075748000000061e-02,2.3436160000000150e-02,0.0000000000000000e+00,1.0751272999999983e-01,5.1628242700000015e-01,1.6206841310000000e+00,0,0,0,nan,49152,0,3312,1.2551171875000000e+02,1.2551171875000000e+02
exp3_remap,a,A_int,A,1,1,abc,1,16,2.9999999999999999e-01,1,16,0.0000000000000000e+00,1,uniform,0.0000000000000000e+00,2.0000000000000000e+00,3,1,8.9709733619746757e-01,9.9999999999999556e-01,12288,12288,12288,12288,0.0000000000000000e+00,1.0502257348390578e+00,1.1790852865275843e-01,4.1640307628061317e-14,2.2737367544323206e-13,2.9218405399681402e-16,1.5954484019803207e-15,3.9167069236711349e+01,-1.2638476599858360e-02,1.2232292575914803e+01,1.2323561439833549e+01,1.2767564783189300e-15,1.3957809859092425e+00,5.0502068442541284e-04,2.6884458163054779e-03,1.0047270775301984e+00,1.1280040802592374e-01,3.7488107532391654e-14,1.8474111129762605e-13,2.6304866268810102e-16,1.2963018266090067e-15,3.9163679354216825e+01,-1.2723932050295881e-02,1.2245869835682948e+01,1.2326358930922963e+01,7.7715611723760958e-16,1.3961565176133324e+00,9.5978575595933674e-17,3.1231187867844629e-11,1.0047270775301984e+00,1.1280040802592374e-01,3.7488107532391654e-14,1.8474111129762605e-13,2.6304866268810102e-16,1.2963018266090067e-15,3.9163679354216825e+01,-1.2723932050295881e-02,1.2245869835682948e+01,1.2326358930922963e+01,7.7715611723760958e-16,1.3961565176133324e+00,9.5978575595933674e-17,3.1231187867844629e-11,1.0765788513124215e+00,1.2086718514508378e-01,3.6602328591449802e-14,1.7763568394002505e-13,2.5683327916545426e-16,1.2464440640471218e-15,3.8220998199159553e+01,-3.6487954211687115e-02,1.1928620614570219e+01,1.2018048027214478e+01,1.6653345369377348e-15,1.3780027210971026e+00,3.0329783752097812e-03,7.2382999327721817e-03,-2.4154756942218247e-02,-2.4825433127924800e-02,-2.4641574826171807e-02,9.8726285499543565e-01,3.9668417604357430e+01,1.2566370614359172e+01,nan,nan,1.1501576389999988e+00,1.0397261820000008e+00,1.1043004600000028e-01,2.3977954499999932e-01,7.0823290000001649e-02,0.0000000000000000e+00,3.1060386999999956e-01,1.4607615089999983e+00,2.5358703949999990e+00,0,0,0,nan,147456,0,10848,1.4775390625000000e+02,1.4775390625000000e+02
exp3_remap,a,A_l2,A,1,1,abc,1,16,2.9999999999999999e-01,1,16,0.0000000000000000e+00,1,uniform,0.0000000000000000e+00,2.0000000000000000e+00,0,1,8.9709733619746757e-01,9.9999999999999556e-01,12288,12288,12288,12288,0.0000000000000000e+00,1.0502257348390578e+00,1.1790852865275843e-01,4.1640307628061317e-14,2.2737367544323206e-13,2.9218405399681402e-16,1.5954484019803207e-15,3.9167069236711349e+01,-1.2638476599858360e-02,1.2232292575914803e+01,1.2323561439833549e+01,1.2767564783189300e-15,1.3957809859092425e+00,5.0502068442541284e-04,2.6884458163054779e-03,1.0047270775301984e+00,1.1280040802592374e-01,3.7488107532391654e-14,1.8474111129762605e-13,2.6304866268810102e-16,1.2963018266090067e-15,3.9163679354216825e+01,-1.2723932050295881e-02,1.2245869835682948e+01,1.2326358930922963e+01,7.7715611723760958e-16,1.3961565176133324e+00,9.5978575595933674e-17,3.1231187867844629e-11,1.0047270775301984e+00,1.1280040802592374e-01,3.7488107532391654e-14,1.8474111129762605e-13,2.6304866268810102e-16,1.2963018266090067e-15,3.9163679354216825e+01,-1.2723932050295881e-02,1.2245869835682948e+01,1.2326358930922963e+01,7.7715611723760958e-16,1.3961565176133324e+00,9.5978575595933674e-17,3.1231187867844629e-11,1.0449449768979491e+00,1.1731565954057346e-01,3.8329689327438275e-14,1.8474111129762605e-13,2.6895392119010420e-16,1.2963018266090067e-15,3.9163209384120819e+01,-1.2735779512947236e-02,1.2232832334556191e+01,1.2319957900417434e+01,1.7208456881689926e-15,1.3954399125236856e+00,1.3058719591252492e-03,4.2847245886021403e-03,-9.8548414924856456e-05,4.4125713805321662e-05,4.3798916735474800e-05,9.9975563975365755e-01,3.9668417604357430e+01,1.2566370614359172e+01,nan,nan,1.9097582370000001e+00,1.8153710919999995e+00,3.7735666999999751e-02,4.6530466399999959e-01,2.5540486599999923e-01,7.9584414600000031e-01,1.5165589890000000e+00,3.4263172260000001e+00,4.4205484990000006e+00,29,29,0,nan,262144,0,16176,1.7863671875000000e+02,1.7863671875000000e+02
exp3_remap,a,B_pt,B,1,1,abc,1,16,2.9999999999999999e-01,1,16,0.0000000000000000e+00,1,uniform,0.0000000000000000e+00,2.0000000000000000e+00,0,1,8.9709733619746757e-01,9.9999999999999556e-01,12288,12288,12288,12288,0.0000000000000000e+00,1.0502257348390578e+00,1.1790852865275843e-01,4.1640307628061317e-14,2.2737367544323206e-13,2.9218405399681402e-16,1.5954484019803207e-15,3.9167069236711349e+01,-1.2638476599858360e-02,1.2232292575914803e+01,1.2323561439833549e+01,1.2767564783189300e-15,1.3957809859092425e+00,5.0502068442541284e-04,2.6884458163054779e-03,1.0047270775301984e+00,1.1280040802592374e-01,3.7488107532391654e-14,1.8474111129762605e-13,2.6304866268810102e-16,1.2963018266090067e-15,3.9163679354216825e+01,-1.2723932050295881e-02,1.2245869835682948e+01,1.2326358930922963e+01,7.7715611723760958e-16,1.3961565176133324e+00,9.5978575595933674e-17,3.1231187867844629e-11,1.0047270775301984e+00,1.1280040802592374e-01,3.7488107532391654e-14,1.8474111129762605e-13,2.6304866268810102e-16,1.2963018266090067e-15,3.9163679354216825e+01,-1.2723932050295881e-02,1.2245869835682948e+01,1.2326358930922963e+01,7.7715611723760958e-16,1.3961565176133324e+00,9.5978575595933674e-17,3.1231187867844629e-11,1.3666053808913849e+00,1.5342837674277557e-01,1.8997030850826949e+01,1.0009658270905908e+02,1.3329943518852846e-01,7.0236333478600321e-01,3.9053354296054188e+01,-1.5505113272672599e-02,nan,nan,1.3094360294832957e-01,nan,nan,nan,-2.9033303454468265e-03,nan,nan,nan,3.9668417604357430e+01,1.2566370614359172e+01,nan,nan,2.0261780299999899e-01,1.8043364500000081e-01,2.2183117999999169e-02,3.7310902999999840e-02,1.2268740000001443e-02,0.0000000000000000e+00,4.9580359000000129e-02,2.5219816199999912e-01,8.0314310199999994e-01,0,0,0,nan,24576,0,1536,1.7876171875000000e+02,1.7876171875000000e+02
exp3_remap,a,B_int,B,1,1,abc,1,16,2.9999999999999999e-01,1,16,0.0000000000000000e+00,1,uniform,0.0000000000000000e+00,2.0000000000000000e+00,3,1,8.9709733619746757e-01,9.9999999999999556e-01,12288,12288,12288,12288,0.0000000000000000e+00,1.0502257348390578e+00,1.1790852865275843e-01,4.1640307628061317e-14,2.2737367544323206e-13,2.9218405399681402e-16,1.5954484019803207e-15,3.9167069236711349e+01,-1.2638476599858360e-02,1.2232292575914803e+01,1.2323561439833549e+01,1.2767564783189300e-15,1.3957809859092425e+00,5.0502068442541284e-04,2.6884458163054779e-03,1.0047270775301984e+00,1.1280040802592374e-01,3.7488107532391654e-14,1.8474111129762605e-13,2.6304866268810102e-16,1.2963018266090067e-15,3.9163679354216825e+01,-1.2723932050295881e-02,1.2245869835682948e+01,1.2326358930922963e+01,7.7715611723760958e-16,1.3961565176133324e+00,9.5978575595933674e-17,3.1231187867844629e-11,1.0047270775301984e+00,1.1280040802592374e-01,3.7488107532391654e-14,1.8474111129762605e-13,2.6304866268810102e-16,1.2963018266090067e-15,3.9163679354216825e+01,-1.2723932050295881e-02,1.2245869835682948e+01,1.2326358930922963e+01,7.7715611723760958e-16,1.3961565176133324e+00,9.5978575595933674e-17,3.1231187867844629e-11,1.0472542612015387e+00,1.1757492219758586e-01,7.1937706934625361e+00,3.0437841931558211e+01,5.0477655052742217e-02,2.1357796224549477e-01,3.8205621130910814e+01,-3.6875594283497036e-02,nan,nan,2.0706734922615627e-02,nan,nan,nan,-2.4547358904744618e-02,nan,nan,nan,3.9668417604357430e+01,1.2566370614359172e+01,nan,nan,1.6022322300000020e+00,1.4567458200000019e+00,1.4548531300000000e-01,3.1558770800000246e-01,1.0611258400000168e-01,0.0000000000000000e+00,4.2170146599999825e-01,2.0239336960000003e+00,2.5712176400000004e+00,0,0,0,nan,221184,0,16128,1.7942187500000000e+02,1.7942187500000000e+02
exp3_remap,a,B_l2,B,1,1,abc,1,16,2.9999999999999999e-01,1,16,0.0000000000000000e+00,1,uniform,0.0000000000000000e+00,2.0000000000000000e+00,0,1,8.9709733619746757e-01,9.9999999999999556e-01,12288,12288,12288,12288,0.0000000000000000e+00,1.0502257348390578e+00,1.1790852865275843e-01,4.1640307628061317e-14,2.2737367544323206e-13,2.9218405399681402e-16,1.5954484019803207e-15,3.9167069236711349e+01,-1.2638476599858360e-02,1.2232292575914803e+01,1.2323561439833549e+01,1.2767564783189300e-15,1.3957809859092425e+00,5.0502068442541284e-04,2.6884458163054779e-03,1.0047270775301984e+00,1.1280040802592374e-01,3.7488107532391654e-14,1.8474111129762605e-13,2.6304866268810102e-16,1.2963018266090067e-15,3.9163679354216825e+01,-1.2723932050295881e-02,1.2245869835682948e+01,1.2326358930922963e+01,7.7715611723760958e-16,1.3961565176133324e+00,9.5978575595933674e-17,3.1231187867844629e-11,1.0047270775301984e+00,1.1280040802592374e-01,3.7488107532391654e-14,1.8474111129762605e-13,2.6304866268810102e-16,1.2963018266090067e-15,3.9163679354216825e+01,-1.2723932050295881e-02,1.2245869835682948e+01,1.2326358930922963e+01,7.7715611723760958e-16,1.3961565176133324e+00,9.5978575595933674e-17,3.1231187867844629e-11,1.0236568041470062e+00,1.1492564276274801e-01,5.3021187103277940e+00,2.3079150119839188e+01,3.7204204959137489e-02,1.6194307940874370e-01,3.8166030765713785e+01,-3.7873626662602571e-02,nan,nan,3.7526933337386215e-03,nan,nan,nan,-2.5558166350095175e-02,nan,nan,nan,3.9668417604357430e+01,1.2566370614359172e+01,nan,nan,1.7300287770000011e+00,1.6313004950000014e+00,4.0669275000002614e-02,3.7702548099999689e-01,1.4899575400000131e-01,2.2316053399999802e-01,7.4918564200000048e-01,2.4792144190000016e+00,2.7541648750000007e+00,9,9,0,nan,262144,0,16176,1.7966015625000000e+02,1.7966015625000000e+02
exp3_remap,a,B_l2c,B,1,1,abc,1,16,2.9999999999999999e-01,1,16,0.0000000000000000e+00,1,uniform,0.0000000000000000e+00,2.0000000000000000e+00,0,1,8.9709733619746757e-01,9.9999999999999556e-01,12288,12288,12288,12288,0.0000000000000000e+00,1.0502257348390578e+00,1.1790852865275843e-01,4.1640307628061317e-14,2.2737367544323206e-13,2.9218405399681402e-16,1.5954484019803207e-15,3.9167069236711349e+01,-1.2638476599858360e-02,1.2232292575914803e+01,1.2323561439833549e+01,1.2767564783189300e-15,1.3957809859092425e+00,5.0502068442541284e-04,2.6884458163054779e-03,1.0047270775301984e+00,1.1280040802592374e-01,3.7488107532391654e-14,1.8474111129762605e-13,2.6304866268810102e-16,1.2963018266090067e-15,3.9163679354216825e+01,-1.2723932050295881e-02,1.2245869835682948e+01,1.2326358930922963e+01,7.7715611723760958e-16,1.3961565176133324e+00,9.5978575595933674e-17,3.1231187867844629e-11,1.0047270775301984e+00,1.1280040802592374e-01,3.7488107532391654e-14,1.8474111129762605e-13,2.6304866268810102e-16,1.2963018266090067e-15,3.9163679354216825e+01,-1.2723932050295881e-02,1.2245869835682948e+01,1.2326358930922963e+01,7.7715611723760958e-16,1.3961565176133324e+00,9.5978575595933674e-17,3.1231187867844629e-11,1.0183749208444335e+00,1.1433264730656890e-01,4.2323147326482425e-12,1.4672707493446069e-11,2.9697544202153056e-14,1.0295627969029226e-13,3.8160637879078642e+01,-3.8009575786889051e-02,nan,nan,6.9852239081846790e-07,nan,nan,nan,-2.5695855657470974e-02,nan,nan,nan,3.9668417604357430e+01,1.2566370614359172e+01,nan,nan,1.6967512599999992e+00,1.6596645769999974e+00,1.4055155000001207e-02,3.8256651100000028e-01,2.1642885599999673e-01,6.7416332079999997e+00,7.3406303530000017e+00,9.0373816130000009e+00,9.5547995380000010e+00,28,9,232,2.3079150119839188e+01,262144,0,16176,1.7972265625000000e+02,1.7972265625000000e+02
exp3_remap,a,A_pt,A,2,2,abc,1,16,2.9999999999999999e-01,1,16,0.0000000000000000e+00,1,uniform,0.0000000000000000e+00,2.0000000000000000e+00,0,1,9.0770343146455312e-01,9.9999999999996447e-01,98304,98304,98304,98304,0.0000000000000000e+00,5.6010059000329085e-02,6.2882325460200481e-03,3.3857927918459862e-13,1.9948487306464813e-12,2.3757621407389712e-15,1.3997566839248812e-14,3.9667931620978855e+01,-1.2251141031676387e-05,1.2565717014352334e+01,1.2565997586325528e+01,1.3322676295501878e-15,1.4141802921331137e+00,7.0644290808790185e-05,1.0988468761140337e-04,5.0959653831987375e-02,5.7212250706313861e-03,3.3037403199857340e-13,1.8189894035458565e-12,2.3181871005094156e-15,1.2763587215842463e-14,3.9667767860838850e+01,-1.6379365697408082e-05,1.2565750866815554e+01,1.2565957897945749e+01,1.2767564783189300e-15,1.4141787529211318e+00,2.3258634265080446e-15,2.3472171559870322e-11,5.0959653831987375e-02,5.7212250706313861e-03,3.3037403199857340e-13,1.8189894035458565e-12,2.3181871005094156e-15,1.2763587215842463e-14,3.9667767860838850e+01,-1.6379365697408082e-05,1.2565750866815554e+01,1.2565957897945749e+01,1.2767564783189300e-15,1.4141787529211318e+00,2.3258634265080446e-15,2.3472171559870322e-11,8.4433564802141384e-02,9.4793310280607158e-03,3.3139402833572054e-13,1.9895196601282805e-12,2.3253442682112390e-15,1.3960173517327694e-14,3.9666914344963303e+01,-3.7895622888722727e-05,1.2564755903330266e+01,1.2565354314293469e+01,2.3869795029440866e-15,1.4141261122387740e+00,1.2623624990658955e-03,2.0012357895577613e-03,-2.5644796035059291e-05,-7.6486763228109591e-05,-7.6485055441526407e-05,9.9996168812799824e-01,3.9668417604357430e+01,1.2566370614359172e+01,nan,nan,2.4335827539999997e+00,2.1195867539999966e+00,3.1399407099999621e-01,8.8247415000000728e-01,2.7566324100000372e-01,0.0000000000000000e+00,1.1581386210000062e+00,3.5917213750000059e+00,1.2794715687999997e+01,0,0,0,nan,221184,0,14688,4.9212500000000000e+02,4.9212500000000000e+02
exp3_remap,a,A_int,A,2,2,abc,1,16,2.9999999999999999e-01,1,16,0.0000000000000000e+00,1,uniform,0.0000000000000000e+00,2.0000000000000000e+00,4,1,9.0770343146455312e-01,9.9999999999996447e-01,98304,98304,98304,98304,0.0000000000000000e+00,5.6010059000329085e-02,6.2882325460200481e-03,3.3857927918459862e-13,1.9948487306464813e-12,2.3757621407389712e-15,1.3997566839248812e-14,3.9667931620978855e+01,-1.2251141031676387e-05,1.2565717014352334e+01,1.2565997586325528e+01,1.3322676295501878e-15,1.4141802921331137e+00,7.0644290808790185e-05,1.0988468761140337e-04,5.0959653831987375e-02,5.7212250706313861e-03,3.3037403199857340e-13,1.8189894035458565e-12,2.3181871005094156e-15,1.2763587215842463e-14,3.9667767860838850e+01,-1.6379365697408082e-05,1.2565750866815554e+01,1.2565957897945749e+01,1.2767564783189300e-15,1.4141787529211318e+00,2.3258634265080446e-15,2.3472171559870322e-11,5.0959653831987375e-02,5.7212250706313861e-03,3.3037403199857340e-13,1.8189894035458565e-12,2.3181871005094156e-15,1.2763587215842463e-14,3.9667767860838850e+01,-1.6379365697408082e-05,1.2565750866815554e+01,1.2565957897945749e+01,1.2767564783189300e-15,1.4141787529211318e+00,2.3258634265080446e-15,2.3472171559870322e-11,6.5385531957971699e-02,7.3408140865294496e-03,3.3122328504823824e-13,1.9468870959826745e-12,2.3241461871025466e-15,1.3661026941956388e-14,3.9666576934869653e+01,-4.6401384248174428e-05,1.2565102447887051e+01,1.2565460606230118e+01,9.7144514654701197e-16,1.4141441178861909e+00,9.8491553146873648e-04,1.5407023833305178e-03,-3.4150661601069641e-05,-4.8908189208813520e-05,-4.8907097193073628e-05,9.9997442034291950e-01,3.9668417604357430e+01,1.2566370614359172e+01,nan,nan,9.4801415120000030e+00,8.0891024550000026e+00,1.3910371919999989e+00,3.3625309060000035e+00,9.3036465500000531e-01,0.0000000000000000e+00,4.2928968670000103e+00,1.3773038379000013e+01,2.3029770647000007e+01,0,0,0,nan,884736,0,60000,5.8905859375000000e+02,5.8905859375000000e+02
exp3_remap,a,A_l2,A,2,2,abc,1,16,2.9999999999999999e-01,1,16,0.0000000000000000e+00,1,uniform,0.0000000000000000e+00,2.0000000000000000e+00,0,1,9.0770343146455312e-01,9.9999999999996447e-01,98304,98304,98304,98304,0.0000000000000000e+00,5.6010059000329085e-02,6.2882325460200481e-03,3.3857927918459862e-13,1.9948487306464813e-12,2.3757621407389712e-15,1.3997566839248812e-14,3.9667931620978855e+01,-1.2251141031676387e-05,1.2565717014352334e+01,1.2565997586325528e+01,1.3322676295501878e-15,1.4141802921331137e+00,7.0644290808790185e-05,1.0988468761140337e-04,5.0959653831987375e-02,5.7212250706313861e-03,3.3037403199857340e-13,1.8189894035458565e-12,2.3181871005094156e-15,1.2763587215842463e-14,3.9667767860838850e+01,-1.6379365697408082e-05,1.2565750866815554e+01,1.2565957897945749e+01,1.2767564783189300e-15,1.4141787529211318e+00,2.3258634265080446e-15,2.3472171559870322e-11,5.0959653831987375e-02,5.7212250706313861e-03,3.3037403199857340e-13,1.8189894035458565e-12,2.3181871005094156e-15,1.2763587215842463e-14,3.9667767860838850e+01,-1.6379365697408082e-05,1.2565750866815554e+01,1.2565957897945749e+01,1.2767564783189300e-15,1.4141787529211318e+00,2.3258634265080446e-15,2.3472171559870322e-11,7.3987839921741128e-02,8.3065926247799775e-03,3.2934939082605357e-13,1.8758328224066645e-12,2.3109973406653473e-15,1.3162449316337541e-14,3.9669080384931412e+01,1.6708016452607329e-05,1.2565717247514625e+01,1.2566155497837752e+01,2.1094237467877974e-15,1.4141774824002369e+00,7.2202724812516796e-04,1.1426079286035789e-03,2.8959512271352760e-05,1.8555430699722805e-08,1.8555016396459645e-08,9.9999801317208814e-01,3.9668417604357430e+01,1.2566370614359172e+01,nan,nan,8.8342919100000046e+00,8.3601096289999930e+00,2.8393613900000503e-01,3.3918186500000047e+00,2.3055256979999967e+00,1.9035725749999983e+00,7.6009224919999951e+00,1.6435214402000000e+01,2.5547053773000002e+01,19,19,0,nan,884736,0,56544,6.4692968750000000e+02,6.4692968750000000e+02
exp3_remap,a,B_pt,B,2,2,abc,1,16,2.9999999999999999e-01,1,16,0.0000000000000000e+00,1,uniform,0.0000000000000000e+00,2.0000000000000000e+00,0,1,9.0770343146455312e-01,9.9999999999996447e-01,98304,98304,98304,98304,0.0000000000000000e+00,5.6010059000329085e-02,6.2882325460200481e-03,3.3857927918459862e-13,1.9948487306464813e-12,2.3757621407389712e-15,1.3997566839248812e-14,3.9667931620978855e+01,-1.2251141031676387e-05,1.2565717014352334e+01,1.2565997586325528e+01,1.3322676295501878e-15,1.4141802921331137e+00,7.0644290808790185e-05,1.0988468761140337e-04,5.0959653831987375e-02,5.7212250706313861e-03,3.3037403199857340e-13,1.8189894035458565e-12,2.3181871005094156e-15,1.2763587215842463e-14,3.9667767860838850e+01,-1.6379365697408082e-05,1.2565750866815554e+01,1.2565957897945749e+01,1.2767564783189300e-15,1.4141787529211318e+00,2.3258634265080446e-15,2.3472171559870322e-11,5.0959653831987375e-02,5.7212250706313861e-03,3.3037403199857340e-13,1.8189894035458565e-12,2.3181871005094156e-15,1.2763587215842463e-14,3.9667767860838850e+01,-1.6379365697408082e-05,1.2565750866815554e+01,1.2565957897945749e+01,1.2767564783189300e-15,1.4141787529211318e+00,2.3258634265080446e-15,2.3472171559870322e-11,7.3416911665399043e-02,8.2424946804633727e-03,6.6262140414089277e-01,3.7051085559195318e+00,4.6495191595672600e-03,2.5998214231186357e-02,3.9656103017366299e+01,-3.1043806974993831e-04,nan,nan,1.6721281333980376e-03,nan,nan,nan,-2.9819058189313501e-04,nan,nan,nan,3.9668417604357430e+01,1.2566370614359172e+01,nan,nan,1.5287630650000068e+00,1.3114595080000129e+00,2.1730209699998682e-01,5.4028140099998723e-01,1.6572076299999594e-01,0.0000000000000000e+00,7.0600332999998727e-01,2.2347663949999941e+00,6.7694903510000017e+00,0,0,0,nan,147456,0,9456,6.4705468750000000e+02,6.4705468750000000e+02
exp3_remap,a,B_int,B,2,2,abc,1,16,2.9999999999999999e-01,1,16,0.0000000000000000e+00,1,uniform,0.0000000000000000e+00,2.0000000000000000e+00,4,1,9.0770343146455312e-01,9.9999999999996447e-01,98304,98304,98304,98304,0.0000000000000000e+00,5.6010059000329085e-02,6.2882325460200481e-03,3.3857927918459862e-13,1.9948487306464813e-12,2.3757621407389712e-15,1.3997566839248812e-14,3.9667931620978855e+01,-1.2251141031676387e-05,1.2565717014352334e+01,1.2565997586325528e+01,1.3322676295501878e-15,1.4141802921331137e+00,7.0644290808790185e-05,1.0988468761140337e-04,5.0959653831987375e-02,5.7212250706313861e-03,3.3037403199857340e-13,1.8189894035458565e-12,2.3181871005094156e-15,1.2763587215842463e-14,3.9667767860838850e+01,-1.6379365697408082e-05,1.2565750866815554e+01,1.2565957897945749e+01,1.2767564783189300e-15,1.4141787529211318e+00,2.3258634265080446e-15,2.3472171559870322e-11,5.0959653831987375e-02,5.7212250706313861e-03,3.3037403199857340e-13,1.8189894035458565e-12,2.3181871005094156e-15,1.2763587215842463e-14,3.9667767860838850e+01,-1.6379365697408082e-05,1.2565750866815554e+01,1.2565957897945749e+01,1.2767564783189300e-15,1.4141787529211318e+00,2.3258634265080446e-15,2.3472171559870322e-11,6.3357988112189623e-02,7.1131823463190906e-03,1.2406424988399113e-01,7.6364181859047786e-01,8.7054101067085966e-04,5.3583648889015626e-03,3.9666252063458067e+01,-5.4591058331616108e-05,nan,nan,4.1603704145631859e-06,nan,nan,nan,-4.2340436018592729e-05,nan,nan,nan,3.9668417604357430e+01,1.2566370614359172e+01,nan,nan,2.7490564457999994e+01,2.3910781272999998e+01,3.5797812699999838e+00,7.6951773620000097e+00,1.9751976580000132e+00,0.0000000000000000e+00,9.6703761200000145e+00,3.7160940578000009e+01,4.0751070633000012e+01,0,0,0,nan,2359296,0,153648,8.7578515625000000e+02,8.7578515625000000e+02
exp3_remap,a,B_l2,B,2,2,abc,1,16,2.9999999999999999e-01,1,16,0.0000000000000000e+00,1,uniform,0.0000000000000000e+00,2.0000000000000000e+00,0,1,9.0770343146455312e-01,9.9999999999996447e-01,98304,98304,98304,98304,0.0000000000000000e+00,5.6010059000329085e-02,6.2882325460200481e-03,3.3857927918459862e-13,1.9948487306464813e-12,2.3757621407389712e-15,1.3997566839248812e-14,3.9667931620978855e+01,-1.2251141031676387e-05,1.2565717014352334e+01,1.2565997586325528e+01,1.3322676295501878e-15,1.4141802921331137e+00,7.0644290808790185e-05,1.0988468761140337e-04,5.0959653831987375e-02,5.7212250706313861e-03,3.3037403199857340e-13,1.8189894035458565e-12,2.3181871005094156e-15,1.2763587215842463e-14,3.9667767860838850e+01,-1.6379365697408082e-05,1.2565750866815554e+01,1.2565957897945749e+01,1.2767564783189300e-15,1.4141787529211318e+00,2.3258634265080446e-15,2.3472171559870322e-11,5.0959653831987375e-02,5.7212250706313861e-03,3.3037403199857340e-13,1.8189894035458565e-12,2.3181871005094156e-15,1.2763587215842463e-14,3.9667767860838850e+01,-1.6379365697408082e-05,1.2565750866815554e+01,1.2565957897945749e+01,1.2767564783189300e-15,1.4141787529211318e+00,2.3258634265080446e-15,2.3472171559870322e-11,5.8395960057573325e-02,6.5560969430146568e-03,3.1839832612312380e-01,1.3758121320418901e+00,2.2341552935540737e-03,9.6538759960336073e-03,3.9665161303199625e+01,-8.2088002356997197e-05,nan,nan,1.1612081196615831e-04,nan,nan,nan,-6.9837716917040086e-05,nan,nan,nan,3.9668417604357430e+01,1.2566370614359172e+01,nan,nan,7.1776473710000062e+00,6.7915913569999873e+00,2.3787312499999302e-01,2.5772745509999879e+00,1.7352417830000206e+00,8.4303179299999442e-01,5.1555537049999884e+00,1.2333201075999995e+01,1.6123114317000017e+01,10,10,0,nan,884736,0,56544,8.7596484375000000e+02,8.7596484375000000e+02
exp3_remap,a,B_l2c,B,2,2,abc,1,16,2.9999999999999999e-01,1,16,0.0000000000000000e+00,1,uniform,0.0000000000000000e+00,2.0000000000000000e+00,0,1,9.0770343146455312e-01,9.9999999999996447e-01,98304,98304,98304,98304,0.0000000000000000e+00,5.6010059000329085e-02,6.2882325460200481e-03,3.3857927918459862e-13,1.9948487306464813e-12,2.3757621407389712e-15,1.3997566839248812e-14,3.9667931620978855e+01,-1.2251141031676387e-05,1.2565717014352334e+01,1.2565997586325528e+01,1.3322676295501878e-15,1.4141802921331137e+00,7.0644290808790185e-05,1.0988468761140337e-04,5.0959653831987375e-02,5.7212250706313861e-03,3.3037403199857340e-13,1.8189894035458565e-12,2.3181871005094156e-15,1.2763587215842463e-14,3.9667767860838850e+01,-1.6379365697408082e-05,1.2565750866815554e+01,1.2565957897945749e+01,1.2767564783189300e-15,1.4141787529211318e+00,2.3258634265080446e-15,2.3472171559870322e-11,5.0959653831987375e-02,5.7212250706313861e-03,3.3037403199857340e-13,1.8189894035458565e-12,2.3181871005094156e-15,1.2763587215842463e-14,3.9667767860838850e+01,-1.6379365697408082e-05,1.2565750866815554e+01,1.2565957897945749e+01,1.2767564783189300e-15,1.4141787529211318e+00,2.3258634265080446e-15,2.3472171559870322e-11,5.8334883493320271e-02,6.5492398954415968e-03,1.4150768068583449e-13,6.2883032114768866e-13,9.9293905760221319e-16,4.4124119867267896e-15,3.9665157738440008e+01,-8.2177866279776655e-05,nan,nan,1.3390800690515903e-09,nan,nan,nan,-6.9927581940768628e-05,nan,nan,nan,3.9668417604357430e+01,1.2566370614359172e+01,nan,nan,8.8162850129999981e+00,8.3049522270000011e+00,2.4947783199999662e-01,3.1165515619999837e+00,1.9946463080000001e+00,2.9634691866999987e+01,3.4745892437999998e+01,4.3562177450999997e+01,4.7452393164999989e+01,32,10,330,1.3758121320418901e+00,884736,0,56544,8.7603515625000000e+02,8.7603515625000000e+02
exp3_remap,a,A_pt,A,1,1,abc,1,16,5.0000000000000000e-01,1,16,0.0000000000000000e+00,1,uniform,0.0000000000000000e+00,2.0000000000000000e+00,0,1,6.9422447752775529e-01,9.9999999999999556e-01,12288,12288,12288,12288,0.0000000000000000e+00,1.1406174291293558e+00,1.2805677709368343e-01,4.1993228906421248e-14,2.1316282072803006e-13,2.9466045188450593e-16,1.4957328768565542e-15,3.9189064816975652e+01,-1.2083990648750327e-02,1.2208184981596171e+01,1.2321757326856853e+01,1.3877787807814457e-15,1.3951872879801519e+00,1.3104299468287314e-03,5.1048465353183770e-03,1.0047270775301984e+00,1.1280040802592374e-01,3.7488107532391654e-14,1.8474111129762605e-13,2.6304866268810102e-16,1.2963018266090067e-15,3.9163679354216825e+01,-1.2723932050295881e-02,1.2245869835682948e+01,1.2326358930922963e+01,7.7715611723760958e-16,1.3961565176133324e+00,9.5978575595933674e-17,3.1231187867844629e-11,1.0047270775301984e+00,1.1280040802592374e-01,3.7488107532391654e-14,1.8474111129762605e-13,2.6304866268810102e-16,1.2963018266090067e-15,3.9163679354216825e+01,-1.2723932050295881e-02,1.2245869835682948e+01,1.2326358930922963e+01,7.7715611723760958e-16,1.3961565176133324e+00,9.5978575595933674e-17,3.1231187867844629e-11,1.7017707573957335e+00,1.9105729316333112e-01,3.7159673178879081e-14,1.7763568394002505e-13,2.6074408603275335e-16,1.2464440640471218e-15,3.9122292583441528e+01,-1.3767249966026173e-02,1.1938915571508888e+01,1.2169621552238558e+01,2.2759572004815709e-15,1.3791359702552688e+00,1.1688410751854162e-02,2.0683792455195554e-02,-1.7038486079208486e-03,-2.2056465436361441e-02,-2.1853166147037771e-02,9.8849522364261144e-01,3.9668417604357430e+01,1.2566370614359172e+01,nan,nan,4.6773413900000005e-01,4.2177821099999946e-01,4.5954609999999896e-02,8.0273162999999315e-02,2.3399003999999834e-02,0.0000000000000000e+00,1.0367304700000002e-01,5.7140718600000007e-01,1.6861523599999995e+00,0,0,0,nan,49152,0,4656,1.2528906250000000e+02,1.2528906250000000e+02
exp3_remap,a,A_int,A,1,1,abc,1,16,5.0000000000000000e-01,1,16,0.0000000000000000e+00,1,uniform,0.0000000000000000e+00,2.0000000000000000e+00,3,1,6.9422447752775529e-01,9.9999999999999556e-01,12288,12288,12288,12288,0.0000000000000000e+00,1.1406174291293558e+00,1.2805677709368343e-01,4.1993228906421248e-14,2.1316282072803006e-13,2.9466045188450593e-16,1.4957328768565542e-15,3.9189064816975652e+01,-1.2083990648750327e-02,1.2208184981596171e+01,1.2321757326856853e+01,1.3877787807814457e-15,1.3951872879801519e+00,1.3104299468287314e-03,5.1048465353183770e-03,1.0047270775301984e+00,1.1280040802592374e-01,3.7488107532391654e-14,1.8474111129762605e-13,2.6304866268810102e-16,1.2963018266090067e-15,3.9163679354216825e+01,-1.2723932050295881e-02,1.2245869835682948e+01,1.2326358930922963e+01,7.7715611723760958e-16,1.3961565176133324e+00,9.5978575595933674e-17,3.1231187867844629e-11,1.0047270775301984e+00,1.1280040802592374e-01,3.7488107532391654e-14,1.8474111129762605e-13,2.6304866268810102e-16,1.2963018266090067e-15,3.9163679354216825e+01,-1.2723932050295881e-02,1.2245869835682948e+01,1.2326358930922963e+01,7.7715611723760958e-16,1.3961565176133324e+00,9.5978575595933674e-17,3.1231187867844629e-11,1.1394844811811999e+00,1.2792958136692012e-01,3.7285911210727229e-14,2.1316282072803006e-13,2.6162988015904633e-16,1.4957328768565461e-15,3.8328356374265134e+01,-3.3781565059078512e-02,1.1940334992285825e+01,1.2042066172927832e+01,1.4432899320127035e-15,1.3788119072469109e+00,8.2586380200767012e-03,1.4588122650918094e-02,-2.1962974792337529e-02,-2.1940197475229063e-02,-2.1737969853255608e-02,9.8826295159487298e-01,3.9668417604357430e+01,1.2566370614359172e+01,nan,nan,1.2584877260000003e+00,1.1407303969999996e+00,1.1775629899999984e-01,2.3025621899999926e-01,6.9777817000000297e-02,0.0000000000000000e+00,3.0003491299999929e-01,1.5585226389999995e+00,2.4153101339999994e+00,0,0,0,nan,147456,0,14976,1.4842968750000000e+02,1.4842968750000000e+02
exp3_remap,a,A_l2,A,1,1,abc,1,16,5.0000000000000000e-01,1,16,0.0000000000000000e+00,1,uniform,0.0000000000000000e+00,2.0000000000000000e+00,0,1,6.9422447752775529e-01,9.9999999999999556e-01,12288,12288,12288,12288,0.0000000000000000e+00,1.1406174291293558e+00,1.2805677709368343e-01,4.1993228906421248e-14,2.1316282072803006e-13,2.9466045188450593e-16,1.4957328768565542e-15,3.9189064816975652e+01,-1.2083990648750327e-02,1.2208184981596171e+01,1.2321757326856853e+01,1.3877787807814457e-15,1.3951872879801519e+00,1.3104299468287314e-03,5.1048465353183770e-03,1.0047270775301984e+00,1.1280040802592374e-01,3.7488107532391654e-14,1.8474111129762605e-13,2.6304866268810102e-16,1.2963018266090067e-15,3.9163679354216825e+01,-1.2723932050295881e-02,1.2245869835682948e+01,1.2326358930922963e+01,7.7715611723760958e-16,1.3961565176133324e+00,9.5978575595933674e-17,3.1231187867844629e-11,1.0047270775301984e+00,1.1280040802592374e-01,3.7488107532391654e-14,1.8474111129762605e-13,2.6304866268810102e-16,1.2963018266090067e-15,3.9163679354216825e+01,-1.2723932050295881e-02,1.2245869835682948e+01,1.2326358930922963e+01,7.7715611723760958e-16,1.3961565176133324e+00,9.5978575595933674e-17,3.1231187867844629e-11,1.0382957030275186e+00,1.1656914755494607e-01,3.7240450791478953e-14,1.7408297026122455e-13,2.6131089093084466e-16,1.2215151827661793e-15,3.9073268964882793e+01,-1.5003084958177457e-02,1.2206853662765457e+01,1.2292863596229397e+01,9.4368957093138306e-16,1.3939804405980030e+00,2.1202520673875005e-03,6.3538609216346673e-03,-2.9548000860357133e-03,-1.0905133176801624e-04,-1.0804618167666529e-04,9.9913499256153904e-01,3.9668417604357430e+01,1.2566370614359172e+01,nan,nan,1.7563018400000008e+00,1.6743017019999993e+00,3.5167868000000269e-02,3.3304292100000055e-01,2.1341260099999992e-01,7.2124476499999979e-01,1.2677064740000006e+00,3.0240083140000014e+00,3.8615985159999990e+00,29,29,0,nan,262144,0,25152,1.7907812500000000e+02,1.7907812500000000e+02
exp3_remap,a,B_pt,B,1,1,abc,1,16,5.0000000000000000e-01,1,16,0.0000000000000000e+00,1,uniform,0.0000000000000000e+00,2.0000000000000000e+00,0,1,6.9422447752775529e-01,9.9999999999999556e-01,12288,12288,12288,12288,0.0000000000000000e+00,1.1406174291293558e+00,1.2805677709368343e-01,4.1993228906421248e-14,2.1316282072803006e-13,2.9466045188450593e-16,1.4957328768565542e-15,3.9189064816975652e+01,-1.2083990648750327e-02,1.2208184981596171e+01,1.2321757326856853e+01,1.3877787807814457e-15,1.3951872879801519e+00,1.3104299468287314e-03,5.1048465353183770e-03,1.0047270775301984e+00,1.1280040802592374e-01,3.7488107532391654e-14,1.8474111129762605e-13,2.6304866268810102e-16,1.2963018266090067e-15,3.9163679354216825e+01,-1.2723932050295881e-02,1.2245869835682948e+01,1.2326358930922963e+01,7.7715611723760958e-16,1.3961565176133324e+00,9.5978575595933674e-17,3.1231187867844629e-11,1.0047270775301984e+00,1.1280040802592374e-01,3.7488107532391654e-14,1.8474111129762605e-13,2.6304866268810102e-16,1.2963018266090067e-15,3.9163679354216825e+01,-1.2723932050295881e-02,1.2245869835682948e+01,1.2326358930922963e+01,7.7715611723760958e-16,1.3961565176133324e+00,9.5978575595933674e-17,3.1231187867844629e-11,1.3520322283805104e+00,1.5179225327580226e-01,2.1850397728395752e+01,9.4721966938002055e+01,1.5332110047676584e-01,6.6465042837115296e-01,3.9089704569917345e+01,-1.4588760262938131e-02,nan,nan,1.8237340023205983e-01,nan,nan,nan,-2.5354074541545793e-03,nan,nan,nan,3.9668417604357430e+01,1.2566370614359172e+01,nan,nan,1.7042539500000053e-01,1.5765072399999980e-01,1.2773286999999911e-02,3.4767535000000294e-02,1.1398779000000303e-02,0.0000000000000000e+00,4.6167228999999921e-02,2.1659262400000046e-01,6.6422771400000080e-01,0,0,0,nan,24576,0,2112,1.7907812500000000e+02,1.7907812500000000e+02
exp3_remap,a,B_int,B,1,1,abc,1,16,5.0000000000000000e-01,1,16,0.0000000000000000e+00,1,uniform,0.0000000000000000e+00,2.0000000000000000e+00,3,1,6.9422447752775529e-01,9.9999999999999556e-01,12288,12288,12288,12288,0.0000000000000000e+00,1.1406174291293558e+00,1.2805677709368343e-01,4.1993228906421248e-14,2.1316282072803006e-13,2.9466045188450593e-16,1.4957328768565542e-15,3.9189064816975652e+01,-1.2083990648750327e-02,1.2208184981596171e+01,1.2321757326856853e+01,1.3877787807814457e-15,1.3951872879801519e+00,1.3104299468287314e-03,5.1048465353183770e-03,1.0047270775301984e+00,1.1280040802592374e-01,3.7488107532391654e-14,1.8474111129762605e-13,2.6304866268810102e-16,1.2963018266090067e-15,3.9163679354216825e+01,-1.2723932050295881e-02,1.2245869835682948e+01,1.2326358930922963e+01,7.7715611723760958e-16,1.3961565176133324e+00,9.5978575595933674e-17,3.1231187867844629e-11,1.0047270775301984e+00,1.1280040802592374e-01,3.7488107532391654e-14,1.8474111129762605e-13,2.6304866268810102e-16,1.2963018266090067e-15,3.9163679354216825e+01,-1.2723932050295881e-02,1.2245869835682948e+01,1.2326358930922963e+01,7.7715611723760958e-16,1.3961565176133324e+00,9.5978575595933674e-17,3.1231187867844629e-11,1.0565006907020857e+00,1.1861301606782226e-01,5.1192873545384350e+00,2.5024987853301241e+01,3.5921303612456067e-02,1.7559674312470946e-01,3.8199558964908213e+01,-3.7028415252134170e-02,nan,nan,7.6784676296519361e-03,nan,nan,nan,-2.5249539806288281e-02,nan,nan,nan,3.9668417604357430e+01,1.2566370614359172e+01,nan,nan,1.6280666789999998e+00,1.5057939850000004e+00,1.2227166499999953e-01,3.2736009799999977e-01,1.1651028399999852e-01,0.0000000000000000e+00,4.4387144000000234e-01,2.0719381190000021e+00,2.6213599079999987e+00,0,0,0,nan,221184,0,22080,1.8080859375000000e+02,1.8080859375000000e+02
exp3_remap,a,B_l2,B,1,1,abc,1,16,5.0000000000000000e-01,1,16,0.0000000000000000e+00,1,uniform,0.0000000000000000e+00,2.0000000000000000e+00,0,1,6.9422447752775529e-01,9.9999999999999556e-01,12288,12288,12288,12288,0.0000000000000000e+00,1.1406174291293558e+00,1.2805677709368343e-01,4.1993228906421248e-14,2.1316282072803006e-13,2.9466045188450593e-16,1.4957328768565542e-15,3.9189064816975652e+01,-1.2083990648750327e-02,1.2208184981596171e+01,1.2321757326856853e+01,1.3877787807814457e-15,1.3951872879801519e+00,1.3104299468287314e-03,5.1048465353183770e-03,1.0047270775301984e+00,1.1280040802592374e-01,3.7488107532391654e-14,1.8474111129762605e-13,2.6304866268810102e-16,1.2963018266090067e-15,3.9163679354216825e+01,-1.2723932050295881e-02,1.2245869835682948e+01,1.2326358930922963e+01,7.7715611723760958e-16,1.3961565176133324e+00,9.5978575595933674e-17,3.1231187867844629e-11,1.0047270775301984e+00,1.1280040802592374e-01,3.7488107532391654e-14,1.8474111129762605e-13,2.6304866268810102e-16,1.2963018266090067e-15,3.9163679354216825e+01,-1.2723932050295881e-02,1.2245869835682948e+01,1.2326358930922963e+01,7.7715611723760958e-16,1.3961565176133324e+00,9.5978575595933674e-17,3.1231187867844629e-11,1.0211521351309720e+00,1.1464444432259743e-01,3.4107893545417913e+00,1.4230262100817669e+01,2.3933018695270210e-02,9.9851703959366128e-02,3.8157686208344337e+01,-3.8083984369649874e-02,nan,nan,1.2024617137126076e-02,nan,nan,nan,-2.6318020433714173e-02,nan,nan,nan,3.9668417604357430e+01,1.2566370614359172e+01,nan,nan,2.1112676199999996e+00,2.0171114780000003e+00,3.6868898999998123e-02,3.9481572800000109e-01,2.1442699600000026e-01,2.7101117499999816e-01,8.8025809900000240e-01,2.9915257190000020e+00,3.5485378820000015e+00,9,9,0,nan,262144,0,25152,1.8105859375000000e+02,1.8105859375000000e+02
exp3_remap,a,B_l2c,B,1,1,abc,1,16,5.0000000000000000e-01,1,16,0.0000000000000000e+00,1,uniform,0.0000000000000000e+00,2.0000000000000000e+00,0,1,6.9422447752775529e-01,9.9999999999999556e-01,12288,12288,12288,12288,0.0000000000000000e+00,1.1406174291293558e+00,1.2805677709368343e-01,4.1993228906421248e-14,2.1316282072803006e-13,2.9466045188450593e-16,1.4957328768565542e-15,3.9189064816975652e+01,-1.2083990648750327e-02,1.2208184981596171e+01,1.2321757326856853e+01,1.3877787807814457e-15,1.3951872879801519e+00,1.3104299468287314e-03,5.1048465353183770e-03,1.0047270775301984e+00,1.1280040802592374e-01,3.7488107532391654e-14,1.8474111129762605e-13,2.6304866268810102e-16,1.2963018266090067e-15,3.9163679354216825e+01,-1.2723932050295881e-02,1.2245869835682948e+01,1.2326358930922963e+01,7.7715611723760958e-16,1.3961565176133324e+00,9.5978575595933674e-17,3.1231187867844629e-11,1.0047270775301984e+00,1.1280040802592374e-01,3.7488107532391654e-14,1.8474111129762605e-13,2.6304866268810102e-16,1.2963018266090067e-15,3.9163679354216825e+01,-1.2723932050295881e-02,1.2245869835682948e+01,1.2326358930922963e+01,7.7715611723760958e-16,1.3961565176133324e+00,9.5978575595933674e-17,3.1231187867844629e-11,1.0189590000886650e+00,1.1439822170835645e-01,2.5367928204952222e-12,9.7912788987741806e-12,1.7800310628416295e-14,6.8703996810277356e-14,3.8155449088734279e+01,-3.8140379853643477e-02,nan,nan,4.7299749343920894e-06,nan,nan,nan,-2.6375105735966367e-02,nan,nan,nan,3.9668417604357430e+01,1.2566370614359172e+01,nan,nan,1.9204704970000002e+00,1.8145905429999978e+00,4.5357124000002358e-02,3.2224492799999993e-01,1.7841319099999708e-01,6.4436700409999972e+00,6.9443297440000009e+00,8.8648002410000011e+00,9.4238632970000005e+00,28,9,232,1.4230262100817669e+01,262144,0,25152,1.8112109375000000e+02,1.8112109375000000e+02
exp3_remap,a,A_pt,A,2,2,abc,1,16,5.0000000000000000e-01,1,16,0.0000000000000000e+00,1,uniform,0.0000000000000000e+00,2.0000000000000000e+00,0,1,7.4362064295708730e-01,9.9999999999996447e-01,98304,98304,98304,98304,0.0000000000000000e+00,6.6725168725884812e-02,7.4912147051717009e-03,3.6013656288748823e-13,2.5259794256271562e-12,2.5270265022257582e-15,1.7724434590750037e-14,3.9668378689278015e+01,-9.8100911921974740e-07,1.2565650027902361e+01,1.2566101873708542e+01,7.2164496600635175e-16,1.4141840357000439e+00,1.8741822420860910e-04,2.6091584875954015e-04,5.0959653831987375e-02,5.7212250706313861e-03,3.3037403199857340e-13,1.8189894035458565e-12,2.3181871005094156e-15,1.2763587215842463e-14,3.9667767860838850e+01,-1.6379365697408082e-05,1.2565750866815554e+01,1.2565957897945749e+01,1.2767564783189300e-15,1.4141787529211318e+00,2.3258634265080446e-15,2.3472171559870322e-11,5.0959653831987375e-02,5.7212250706313861e-03,3.3037403199857340e-13,1.8189894035458565e-12,2.3181871005094156e-15,1.2763587215842463e-14,3.9667767860838850e+01,-1.6379365697408082e-05,1.2565750866815554e+01,1.2565957897945749e+01,1.2767564783189300e-15,1.4141787529211318e+00,2.3258634265080446e-15,2.3472171559870322e-11,1.5678705936594384e-01,1.7602436189076968e-02,3.3183024444270030e-13,1.8118839761882555e-12,2.3284051339400541e-15,1.2713729453280578e-14,3.9678471456058375e+01,2.5344725875430527e-04,1.2565655457551644e+01,1.2567709656310852e+01,1.6098233857064770e-15,1.4141841959503134e+00,2.3378045044654778e-03,3.6685842916939927e-03,2.5442851747022082e-04,4.3210253914571149e-07,4.3208700181184966e-07,1.0000001133164180e+00,3.9668417604357430e+01,1.2566370614359172e+01,nan,nan,2.8811388140000034e+00,2.5570431490000018e+00,3.2409327300000257e-01,7.5324955399999993e-01,2.3766423600000053e-01,0.0000000000000000e+00,9.9091500699999813e-01,3.8720538210000015e+00,1.3265993867000006e+01,0,0,0,nan,221184,0,22416,4.9213671875000000e+02,4.9213671875000000e+02
exp3_remap,a,A_int,A,2,2,abc,1,16,5.0000000000000000e-01,1,16,0.0000000000000000e+00,1,uniform,0.0000000000000000e+00,2.0000000000000000e+00,4,1,7.4362064295708730e-01,9.9999999999996447e-01,98304,98304,98304,98304,0.0000000000000000e+00,6.6725168725884812e-02,7.4912147051717009e-03,3.6013656288748823e-13,2.5259794256271562e-12,2.5270265022257582e-15,1.7724434590750037e-14,3.9668378689278015e+01,-9.8100911921974740e-07,1.2565650027902361e+01,1.2566101873708542e+01,7.2164496600635175e-16,1.4141840357000439e+00,1.8741822420860910e-04,2.6091584875954015e-04,5.0959653831987375e-02,5.7212250706313861e-03,3.3037403199857340e-13,1.8189894035458565e-12,2.3181871005094156e-15,1.2763587215842463e-14,3.9667767860838850e+01,-1.6379365697408082e-05,1.2565750866815554e+01,1.2565957897945749e+01,1.2767564783189300e-15,1.4141787529211318e+00,2.3258634265080446e-15,2.3472171559870322e-11,5.0959653831987375e-02,5.7212250706313861e-03,3.3037403199857340e-13,1.8189894035458565e-12,2.3181871005094156e-15,1.2763587215842463e-14,3.9667767860838850e+01,-1.6379365697408082e-05,1.2565750866815554e+01,1.2565957897945749e+01,1.2767564783189300e-15,1.4141787529211318e+00,2.3258634265080446e-15,2.3472171559870322e-11,7.3339189304022959e-02,8.2337688142335979e-03,3.3137186921404070e-13,1.9042545318370685e-12,2.3251887808391654e-15,1.3361880366585080e-14,3.9667057437199901e+01,-3.4288414806325073e-05,1.2565079453402879e+01,1.2565556023814571e+01,1.5265566588595902e-15,1.4141462500371831e+00,1.7153384165478536e-03,2.6732150626831135e-03,-3.3307438362006096e-05,-4.5407479773462923e-05,-4.5405847033293294e-05,9.9997328094370541e-01,3.9668417604357430e+01,1.2566370614359172e+01,nan,nan,1.0701044843999995e+01,9.4221311200000031e+00,1.2789111940000026e+00,3.0732143920000112e+00,9.3142167000000597e-01,0.0000000000000000e+00,4.0046371170000015e+00,1.4705681960999996e+01,2.3201574809999997e+01,0,0,0,nan,884736,0,89328,6.3512890625000000e+02,6.3512890625000000e+02
exp3_remap,a,A_l2,A,2,2,abc,1,16,5.0000000000000000e-01,1,16,0.0000000000000000e+00,1,uniform,0.0000000000000000e+00,2.0000000000000000e+00,0,1,7.4362064295708730e-01,9.9999999999996447e-01,98304,98304,98304,98304,0.0000000000000000e+00,6.6725168725884812e-02,7.4912147051717009e-03,3.6013656288748823e-13,2.5259794256271562e-12,2.5270265022257582e-15,1.7724434590750037e-14,3.9668378689278015e+01,-9.8100911921974740e-07,1.2565650027902361e+01,1.2566101873708542e+01,7.2164496600635175e-16,1.4141840357000439e+00,1.8741822420860910e-04,2.6091584875954015e-04,5.0959653831987375e-02,5.7212250706313861e-03,3.3037403199857340e-13,1.8189894035458565e-12,2.3181871005094156e-15,1.2763587215842463e-14,3.9667767860838850e+01,-1.6379365697408082e-05,1.2565750866815554e+01,1.2565957897945749e+01,1.2767564783189300e-15,1.4141787529211318e+00,2.3258634265080446e-15,2.3472171559870322e-11,5.0959653831987375e-02,5.7212250706313861e-03,3.3037403199857340e-13,1.8189894035458565e-12,2.3181871005094156e-15,1.2763587215842463e-14,3.9667767860838850e+01,-1.6379365697408082e-05,1.2565750866815554e+01,1.2565957897945749e+01,1.2767564783189300e-15,1.4141787529211318e+00,2.3258634265080446e-15,2.3472171559870322e-11,8.7102180536963780e-02,9.7789357172190176e-03,3.3362743582797288e-13,1.8740564655672642e-12,2.3410157675945283e-15,1.3149984875697069e-14,3.9669936696024678e+01,3.8294738207081797e-05,1.2565652863336982e+01,1.2566281178353867e+01,1.2767564783189300e-15,1.4141762894739558e+00,1.3440973846236804e-03,2.1461889720435466e-03,3.9275785856205630e-05,2.2564965720210152e-07,2.2564154340099616e-07,9.9999452247664200e-01,3.9668417604357430e+01,1.2566370614359172e+01,nan,nan,9.6142457609999923e+00,9.2648624759999905e+00,2.2936452999999801e-01,3.3106315010000031e+00,2.3045372290000046e+00,1.9023039470000072e+00,7.5174776549999933e+00,1.7131723415999986e+01,2.6410779733000012e+01,19,19,0,nan,884736,0,88416,6.5344921875000000e+02,6.5344921875000000e+02
exp3_remap,a,B_pt,B,2,2,abc,1,16,5.0000000000000000e-01,1,16,0.0000000000000000e+00,1,uniform,0.0000000000000000e+00,2.0000000000000000e+00,0,1,7.4362064295708730e-01,9.9999999999996447e-01,98304,98304,98304,98304,0.0000000000000000e+00,6.6725168725884812e-02,7.4912147051717009e-03,3.6013656288748823e-13,2.5259794256271562e-12,2.5270265022257582e-15,1.7724434590750037e-14,3.9668378689278015e+01,-9.8100911921974740e-07,1.2565650027902361e+01,1.2566101873708542e+01,7.2164496600635175e-16,1.4141840357000439e+00,1.8741822420860910e-04,2.6091584875954015e-04,5.0959653831987375e-02,5.7212250706313861e-03,3.3037403199857340e-13,1.8189894035458565e-12,2.3181871005094156e-15,1.2763587215842463e-14,3.9667767860838850e+01,-1.6379365697408082e-05,1.2565750866815554e+01,1.2565957897945749e+01,1.2767564783189300e-15,1.4141787529211318e+00,2.3258634265080446e-15,2.3472171559870322e-11,5.0959653831987375e-02,5.7212250706313861e-03,3.3037403199857340e-13,1.8189894035458565e-12,2.3181871005094156e-15,1.2763587215842463e-14,3.9667767860838850e+01,-1.6379365697408082e-05,1.2565750866815554e+01,1.2565957897945749e+01,1.2767564783189300e-15,1.4141787529211318e+00,2.3258634265080446e-15,2.3472171559870322e-11,8.1684983796829744e-02,9.1707486619383733e-03,1.1639955995525022e+00,7.8157791286031655e+00,8.1675898302563492e-03,5.4842198845812484e-02,3.9689619478169682e+01,5.3447742795577032e-04,nan,nan,8.3080159731699355e-04,nan,nan,nan,5.3545896236511506e-04,nan,nan,nan,3.9668417604357430e+01,1.2566370614359172e+01,nan,nan,1.8855042789999885e+00,1.6600514180000090e+00,2.2545050099999742e-01,5.1496777899998847e-01,1.5683518499999138e-01,0.0000000000000000e+00,6.7180458900000417e-01,2.5573088679999927e+00,7.0493360819999964e+00,0,0,0,nan,147456,0,15216,6.5344921875000000e+02,6.5344921875000000e+02
exp3_remap,a,B_int,B,2,2,abc,1,16,5.0000000000000000e-01,1,16,0.0000000000000000e+00,1,uniform,0.0000000000000000e+00,2.0000000000000000e+00,4,1,7.4362064295708730e-01,9.9999999999996447e-01,98304,98304,98304,98304,0.0000000000000000e+00,6.6725168725884812e-02,7.4912147051717009e-03,3.6013656288748823e-13,2.5259794256271562e-12,2.5270265022257582e-15,1.7724434590750037e-14,3.9668378689278015e+01,-9.8100911921974740e-07,1.2565650027902361e+01,1.2566101873708542e+01,7.2164496600635175e-16,1.4141840357000439e+00,1.8741822420860910e-04,2.6091584875954015e-04,5.0959653831987375e-02,5.7212250706313861e-03,3.3037403199857340e-13,1.8189894035458565e-12,2.3181871005094156e-15,1.2763587215842463e-14,3.9667767860838850e+01,-1.6379365697408082e-05,1.2565750866815554e+01,1.2565957897945749e+01,1.2767564783189300e-15,1.4141787529211318e+00,2.3258634265080446e-15,2.3472171559870322e-11,5.0959653831987375e-02,5.7212250706313861e-03,3.3037403199857340e-13,1.8189894035458565e-12,2.3181871005094156e-15,1.2763587215842463e-14,3.9667767860838850e+01,-1.6379365697408082e-05,1.2565750866815554e+01,1.2565957897945749e+01,1.2767564783189300e-15,1.4141787529211318e+00,2.3258634265080446e-15,2.3472171559870322e-11,6.7228239711551660e-02,7.5476943340363704e-03,1.2499594016191840e-01,6.6527643244077694e-01,8.7707854744666276e-04,4.6681491115615056e-03,3.9666256816271975e+01,-5.4471244782329247e-05,nan,nan,4.5693988607820035e-05,nan,nan,nan,-5.3490288137569954e-05,nan,nan,nan,3.9668417604357430e+01,1.2566370614359172e+01,nan,nan,3.0140773624000005e+01,2.6646232575000013e+01,3.4945388000000008e+00,7.1931593010000086e+00,2.5042202969999892e+00,0.0000000000000000e+00,9.6973812059999887e+00,3.9838154829999993e+01,4.4079454232999993e+01,0,0,0,nan,2359296,0,238944,9.7666406250000000e+02,9.7666406250000000e+02
exp3_remap,a,B_l2,B,2,2,abc,1,16,5.0000000000000000e-01,1,16,0.0000000000000000e+00,1,uniform,0.0000000000000000e+00,2.0000000000000000e+00,0,1,7.4362064295708730e-01,9.9999999999996447e-01,98304,98304,98304,98304,0.0000000000000000e+00,6.6725168725884812e-02,7.4912147051717009e-03,3.6013656288748823e-13,2.5259794256271562e-12,2.5270265022257582e-15,1.7724434590750037e-14,3.9668378689278015e+01,-9.8100911921974740e-07,1.2565650027902361e+01,1.2566101873708542e+01,7.2164496600635175e-16,1.4141840357000439e+00,1.8741822420860910e-04,2.6091584875954015e-04,5.0959653831987375e-02,5.7212250706313861e-03,3.3037403199857340e-13,1.8189894035458565e-12,2.3181871005094156e-15,1.2763587215842463e-14,3.9667767860838850e+01,-1.6379365697408082e-05,1.2565750866815554e+01,1.2565957897945749e+01,1.2767564783189300e-15,1.4141787529211318e+00,2.3258634265080446e-15,2.3472171559870322e-11,5.0959653831987375e-02,5.7212250706313861e-03,3.3037403199857340e-13,1.8189894035458565e-12,2.3181871005094156e-15,1.2763587215842463e-14,3.9667767860838850e+01,-1.6379365697408082e-05,1.2565750866815554e+01,1.2565957897945749e+01,1.2767564783189300e-15,1.4141787529211318e+00,2.3258634265080446e-15,2.3472171559870322e-11,6.1577871610976234e-02,6.9133291999660066e-03,4.4528286551593893e-01,2.2831549162020508e+00,3.1244858703706347e-03,1.6020569907344004e-02,3.9665603339674917e+01,-7.0944717547895725e-05,nan,nan,6.9711868459970683e-05,nan,nan,nan,-6.9963777063779297e-05,nan,nan,nan,3.9668417604357430e+01,1.2566370614359172e+01,nan,nan,9.6480358889999991e+00,9.2637339020000127e+00,2.3955974800000490e-01,2.8433721489999755e+00,1.8300730750000014e+00,9.3106843399999661e-01,5.6045199179999940e+00,1.5252555806999993e+01,1.9386847629000016e+01,10,10,0,nan,884736,0,88416,9.7680078125000000e+02,9.7680078125000000e+02
exp3_remap,a,B_l2c,B,2,2,abc,1,16,5.0000000000000000e-01,1,16,0.0000000000000000e+00,1,uniform,0.0000000000000000e+00,2.0000000000000000e+00,0,1,7.4362064295708730e-01,9.9999999999996447e-01,98304,98304,98304,98304,0.0000000000000000e+00,6.6725168725884812e-02,7.4912147051717009e-03,3.6013656288748823e-13,2.5259794256271562e-12,2.5270265022257582e-15,1.7724434590750037e-14,3.9668378689278015e+01,-9.8100911921974740e-07,1.2565650027902361e+01,1.2566101873708542e+01,7.2164496600635175e-16,1.4141840357000439e+00,1.8741822420860910e-04,2.6091584875954015e-04,5.0959653831987375e-02,5.7212250706313861e-03,3.3037403199857340e-13,1.8189894035458565e-12,2.3181871005094156e-15,1.2763587215842463e-14,3.9667767860838850e+01,-1.6379365697408082e-05,1.2565750866815554e+01,1.2565957897945749e+01,1.2767564783189300e-15,1.4141787529211318e+00,2.3258634265080446e-15,2.3472171559870322e-11,5.0959653831987375e-02,5.7212250706313861e-03,3.3037403199857340e-13,1.8189894035458565e-12,2.3181871005094156e-15,1.2763587215842463e-14,3.9667767860838850e+01,-1.6379365697408082e-05,1.2565750866815554e+01,1.2565957897945749e+01,1.2767564783189300e-15,1.4141787529211318e+00,2.3258634265080446e-15,2.3472171559870322e-11,6.1460673698905732e-02,6.9001714254847656e-03,3.3649294598774640e-13,1.9930723738070810e-12,2.3611226405487391e-15,1.3985102398608637e-14,3.9665596129743975e+01,-7.1126472489924515e-05,nan,nan,6.1555292640846915e-08,nan,nan,nan,-7.0145532184111517e-05,nan,nan,nan,3.9668417604357430e+01,1.2566370614359172e+01,nan,nan,9.9548708430000090e+00,9.4027640150000025e+00,2.7613935499999798e-01,3.0318907310000043e+00,2.0112887150000063e+00,3.0507620387000003e+01,3.5550802337999983e+01,4.5505673180999992e+01,4.9918326602999997e+01,31,10,320,2.2831549162020508e+00,884736,0,88416,9.7686328125000000e+02,9.7686328125000000e+02
exp3_remap,b,A_pt,A,1,1,mod2,0,8,2.9999999999999999e-01,1,8,1.4999999999999999e-01,2,deformed:0.15:2,0.0000000000000000e+00,2.0000000000000000e+00,0,1,8.7664045879113228e-01,9.7090169755717326e-01,1536,1536,1536,1536,0.0000000000000000e+00,2.9866911903605189e+00,3.3280923490741998e-01,1.0698307463947706e-14,5.6843418860808015e-14,1.4901505106102865e-16,7.9176308893454603e-16,3.1590513425324961e+01,-2.1549308526394909e-01,-1.2833966590778100e-04,6.3754794913666686e+00,2.0816681711721685e-16,8.0208337195461343e-01,1.0657759634522113e-02,2.6637732426350685e-02,2.8665391975917007e+00,3.1942060835647174e-01,1.1279112248930028e-14,4.2632564145606011e-14,1.5710499002163500e-16,5.9382231658591041e-16,3.1179905763635048e+01,-2.2568996131665364e-01,2.6607732501650886e-04,6.3198244287250489e+00,2.5673907444456745e-16,8.0029963041462171e-01,6.3349765835364891e-03,1.5272809144574868e-02,2.8665391975917007e+00,3.1942060835647174e-01,1.1279112248930028e-14,4.2632564145606011e-14,1.5710499002163500e-16,5.9382231658591041e-16,3.1179905763635048e+01,-2.2568996131665364e-01,2.6607732501650886e-04,6.3198244287250489e+00,2.5673907444456745e-16,8.0029963041462171e-01,6.3349765835364891e-03,1.5272809144574868e-02,3.2767660397286575e+00,3.6513249242546647e-01,1.0063300393149881e-14,4.2632564145606011e-14,1.4017013688293650e-16,5.9382231658591041e-16,2.5881760617673777e+01,-3.5726210281118859e-01,-5.9817055693023790e-04,5.3490041930832248e+00,1.3877787807814457e-16,7.4346586340287657e-01,2.1638103016825245e-02,5.8184112648994694e-02,-1.8071098531354307e-01,-3.6608392868971298e+00,-7.3693420496242929e-05,9.2691843441550137e-01,4.0267985956444576e+01,0.0000000000000000e+00,nan,nan,4.4398962000000042e-02,4.2894494000000005e-02,1.5040310000000723e-03,1.1188762999999935e-02,8.7461399999999578e-04,0.0000000000000000e+00,1.2063580999999934e-02,5.6462542999999976e-02,2.8255827000000000e-01,0,0,0,nan,6144,0,576,3.9046875000000000e+01,3.9046875000000000e+01
exp3_remap,b,A_int,A,1,1,mod2,0,8,2.9999999999999999e-01,1,8,1.4999999999999999e-01,2,deformed:0.15:2,0.0000000000000000e+00,2.0000000000000000e+00,3,1,8.7664045879113228e-01,9.7090169755717326e-01,1536,1536,1536,1536,0.0000000000000000e+00,2.9866911903605189e+00,3.3280923490741998e-01,1.0698307463947706e-14,5.6843418860808015e-14,1.4901505106102865e-16,7.9176308893454603e-16,3.1590513425324961e+01,-2.1549308526394909e-01,-1.2833966590778100e-04,6.3754794913666686e+00,2.0816681711721685e-16,8.0208337195461343e-01,1.0657759634522113e-02,2.6637732426350685e-02,2.8665391975917007e+00,3.1942060835647174e-01,1.1279112248930028e-14,4.2632564145606011e-14,1.5710499002163500e-16,5.9382231658591041e-16,3.1179905763635048e+01,-2.2568996131665364e-01,2.6607732501650886e-04,6.3198244287250489e+00,2.5673907444456745e-16,8.0029963041462171e-01,6.3349765835364891e-03,1.5272809144574868e-02,2.8665391975917007e+00,3.1942060835647174e-01,1.1279112248930028e-14,4.2632564145606011e-14,1.5710499002163500e-16,5.9382231658591041e-16,3.1179905763635048e+01,-2.2568996131665364e-01,2.6607732501650886e-04,6.3198244287250489e+00,2.5673907444456745e-16,8.0029963041462171e-01,6.3349765835364891e-03,1.5272809144574868e-02,3.2677325237067381e+00,3.6412588097366994e-01,9.1958194856514387e-15,2.8421709430404007e-14,1.2808713103028794e-16,3.9588154439060693e-16,2.5816879588382108e+01,-3.5887333386113102e-01,8.6906995402174780e-03,5.3359006347868769e+00,1.6653345369377348e-16,7.4257591856025806e-01,1.4604766251380439e-02,3.7402285848915223e-02,-1.8276479901445164e-01,6.8716395229376829e+01,1.3832746569207111e-03,9.2580889284696122e-01,4.0267985956444576e+01,0.0000000000000000e+00,nan,nan,1.3471636099999995e-01,1.2588014900000011e-01,8.8354979999998307e-03,3.3242111999999935e-02,2.7870439999999608e-03,0.0000000000000000e+00,3.6029488000000054e-02,1.7074584900000001e-01,4.1001151800000013e-01,0,0,0,nan,18432,0,2064,4.2113281250000000e+01,4.2113281250000000e+01
exp3_remap,b,A_l2,A,1,1,mod2,0,8,2.9999999999999999e-01,1,8,1.4999999999999999e-01,2,deformed:0.15:2,0.0000000000000000e+00,2.0000000000000000e+00,0,1,8.7664045879113228e-01,9.7090169755717326e-01,1536,1536,1536,1536,0.0000000000000000e+00,2.9866911903605189e+00,3.3280923490741998e-01,1.0698307463947706e-14,5.6843418860808015e-14,1.4901505106102865e-16,7.9176308893454603e-16,3.1590513425324961e+01,-2.1549308526394909e-01,-1.2833966590778100e-04,6.3754794913666686e+00,2.0816681711721685e-16,8.0208337195461343e-01,1.0657759634522113e-02,2.6637732426350685e-02,2.8665391975917007e+00,3.1942060835647174e-01,1.1279112248930028e-14,4.2632564145606011e-14,1.5710499002163500e-16,5.9382231658591041e-16,3.1179905763635048e+01,-2.2568996131665364e-01,2.6607732501650886e-04,6.3198244287250489e+00,2.5673907444456745e-16,8.0029963041462171e-01,6.3349765835364891e-03,1.5272809144574868e-02,2.8665391975917007e+00,3.1942060835647174e-01,1.1279112248930028e-14,4.2632564145606011e-14,1.5710499002163500e-16,5.9382231658591041e-16,3.1179905763635048e+01,-2.2568996131665364e-01,2.6607732501650886e-04,6.3198244287250489e+00,2.5673907444456745e-16,8.0029963041462171e-01,6.3349765835364891e-03,1.5272809144574868e-02,2.9146502790566178e+00,3.2478166217465171e-01,1.0961500163966649e-14,4.1744385725905886e-14,1.5268102097711594e-16,5.8145101832370393e-16,3.1120398383673972e+01,-2.2716774518261210e-01,-1.1654107869543243e-02,6.3090559379864093e+00,1.8041124150158794e-16,7.9969946637060130e-01,1.0282254891453103e-02,2.5338175591618148e-02,-1.4881525834085186e-02,-8.9806749317216955e+01,-1.8078276652356954e-03,9.9702785811629191e-01,4.0267985956444576e+01,0.0000000000000000e+00,nan,nan,2.5488024599999992e-01,2.4264907500000010e-01,9.7671999999999759e-03,4.9796060000000031e-02,3.3959506999999833e-02,8.3210728000000067e-02,1.6696978000000007e-01,4.2185002599999999e-01,5.4466610599999998e-01,29,29,0,nan,32768,0,2136,4.6710937500000000e+01,4.6710937500000000e+01
exp3_remap,b,B_pt,B,1,1,mod2,0,8,2.9999999999999999e-01,1,8,1.4999999999999999e-01,2,deformed:0.15:2,0.0000000000000000e+00,2.0000000000000000e+00,0,1,8.7664045879113228e-01,9.7090169755717326e-01,1536,1536,1536,1536,0.0000000000000000e+00,2.9866911903605189e+00,3.3280923490741998e-01,1.0698307463947706e-14,5.6843418860808015e-14,1.4901505106102865e-16,7.9176308893454603e-16,3.1590513425324961e+01,-2.1549308526394909e-01,-1.2833966590778100e-04,6.3754794913666686e+00,2.0816681711721685e-16,8.0208337195461343e-01,1.0657759634522113e-02,2.6637732426350685e-02,2.8665391975917007e+00,3.1942060835647174e-01,1.1279112248930028e-14,4.2632564145606011e-14,1.5710499002163500e-16,5.9382231658591041e-16,3.1179905763635048e+01,-2.2568996131665364e-01,2.6607732501650886e-04,6.3198244287250489e+00,2.5673907444456745e-16,8.0029963041462171e-01,6.3349765835364891e-03,1.5272809144574868e-02,2.8665391975917007e+00,3.1942060835647174e-01,1.1279112248930028e-14,4.2632564145606011e-14,1.5710499002163500e-16,5.9382231658591041e-16,3.1179905763635048e+01,-2.2568996131665364e-01,2.6607732501650886e-04,6.3198244287250489e+00,2.5673907444456745e-16,8.0029963041462171e-01,6.3349765835364891e-03,1.5272809144574868e-02,3.3946578180833709e+00,3.7826926152805757e-01,1.4705059603359727e+01,5.9176094281333206e+01,2.0482447476950452e-01,8.2425455979216056e-01,2.8367259483903258e+01,-2.9553815990235044e-01,nan,nan,9.5396361700263388e-02,nan,nan,nan,-1.0203233793717763e-01,nan,nan,nan,4.0267985956444576e+01,0.0000000000000000e+00,nan,nan,1.5620745999999963e-02,1.4908626999999841e-02,7.1184799999990389e-04,9.5764200000001409e-03,5.2049300000001075e-04,0.0000000000000000e+00,1.0097121999999903e-02,2.5717867999999866e-02,9.7673247999999990e-02,0,0,0,nan,3072,0,192,4.6835937500000000e+01,4.6835937500000000e+01
exp3_remap,b,B_int,B,1,1,mod2,0,8,2.9999999999999999e-01,1,8,1.4999999999999999e-01,2,deformed:0.15:2,0.0000000000000000e+00,2.0000000000000000e+00,3,1,8.7664045879113228e-01,9.7090169755717326e-01,1536,1536,1536,1536,0.0000000000000000e+00,2.9866911903605189e+00,3.3280923490741998e-01,1.0698307463947706e-14,5.6843418860808015e-14,1.4901505106102865e-16,7.9176308893454603e-16,3.1590513425324961e+01,-2.1549308526394909e-01,-1.2833966590778100e-04,6.3754794913666686e+00,2.0816681711721685e-16,8.0208337195461343e-01,1.0657759634522113e-02,2.6637732426350685e-02,2.8665391975917007e+00,3.1942060835647174e-01,1.1279112248930028e-14,4.2632564145606011e-14,1.5710499002163500e-16,5.9382231658591041e-16,3.1179905763635048e+01,-2.2568996131665364e-01,2.6607732501650886e-04,6.3198244287250489e+00,2.5673907444456745e-16,8.0029963041462171e-01,6.3349765835364891e-03,1.5272809144574868e-02,2.8665391975917007e+00,3.1942060835647174e-01,1.1279112248930028e-14,4.2632564145606011e-14,1.5710499002163500e-16,5.9382231658591041e-16,3.1179905763635048e+01,-2.2568996131665364e-01,2.6607732501650886e-04,6.3198244287250489e+00,2.5673907444456745e-16,8.0029963041462171e-01,6.3349765835364891e-03,1.5272809144574868e-02,3.2747871872267744e+00,3.6491198741003522e-01,4.6149938673369899e+00,1.5825533125903759e+01,6.4281527612837078e-02,2.2043137517919636e-01,2.6029653438796174e+01,-3.5358938818169694e-01,nan,nan,1.0086265195702150e-01,nan,nan,nan,-1.7602942730493415e-01,nan,nan,nan,4.0267985956444576e+01,0.0000000000000000e+00,nan,nan,2.1419056000000003e-01,1.9197215700000037e-01,2.2217862999999838e-02,3.7567349999999777e-02,1.2506156999999796e-02,0.0000000000000000e+00,5.0074393999999689e-02,2.6426495399999972e-01,3.4618448800000001e-01,0,0,0,nan,27648,0,2976,4.6863281250000000e+01,4.6863281250000000e+01
exp3_remap,b,B_l2,B,1,1,mod2,0,8,2.9999999999999999e-01,1,8,1.4999999999999999e-01,2,deformed:0.15:2,0.0000000000000000e+00,2.0000000000000000e+00,0,1,8.7664045879113228e-01,9.7090169755717326e-01,1536,1536,1536,1536,0.0000000000000000e+00,2.9866911903605189e+00,3.3280923490741998e-01,1.0698307463947706e-14,5.6843418860808015e-14,1.4901505106102865e-16,7.9176308893454603e-16,3.1590513425324961e+01,-2.1549308526394909e-01,-1.2833966590778100e-04,6.3754794913666686e+00,2.0816681711721685e-16,8.0208337195461343e-01,1.0657759634522113e-02,2.6637732426350685e-02,2.8665391975917007e+00,3.1942060835647174e-01,1.1279112248930028e-14,4.2632564145606011e-14,1.5710499002163500e-16,5.9382231658591041e-16,3.1179905763635048e+01,-2.2568996131665364e-01,2.6607732501650886e-04,6.3198244287250489e+00,2.5673907444456745e-16,8.0029963041462171e-01,6.3349765835364891e-03,1.5272809144574868e-02,2.8665391975917007e+00,3.1942060835647174e-01,1.1279112248930028e-14,4.2632564145606011e-14,1.5710499002163500e-16,5.9382231658591041e-16,3.1179905763635048e+01,-2.2568996131665364e-01,2.6607732501650886e-04,6.3198244287250489e+00,2.5673907444456745e-16,8.0029963041462171e-01,6.3349765835364891e-03,1.5272809144574868e-02,3.0713415740877474e+00,3.4224189046145009e-01,7.0828568207631362e+00,3.5809064497876207e+01,9.8656004620950657e-02,4.9877885745454881e-01,2.8362233087252775e+01,-2.9566298354403736e-01,nan,nan,1.1936937682506230e-02,nan,nan,nan,-1.0219144888870944e-01,nan,nan,nan,4.0267985956444576e+01,0.0000000000000000e+00,nan,nan,2.2978617799999990e-01,2.1795662500000024e-01,1.6198450000000086e-03,4.7877929000000208e-02,2.4873821000000351e-02,4.8046412000000149e-02,1.2080089400000027e-01,3.5058707200000017e-01,4.2292675300000004e-01,19,19,0,nan,32768,0,2136,4.7191406250000000e+01,4.7191406250000000e+01
exp3_remap,b,B_l2c,B,1,1,mod2,0,8,2.9999999999999999e-01,1,8,1.4999999999999999e-01,2,deformed:0.15:2,0.0000000000000000e+00,2.0000000000000000e+00,0,1,8.7664045879113228e-01,9.7090169755717326e-01,1536,1536,1536,1536,0.0000000000000000e+00,2.9866911903605189e+00,3.3280923490741998e-01,1.0698307463947706e-14,5.6843418860808015e-14,1.4901505106102865e-16,7.9176308893454603e-16,3.1590513425324961e+01,-2.1549308526394909e-01,-1.2833966590778100e-04,6.3754794913666686e+00,2.0816681711721685e-16,8.0208337195461343e-01,1.0657759634522113e-02,2.6637732426350685e-02,2.8665391975917007e+00,3.1942060835647174e-01,1.1279112248930028e-14,4.2632564145606011e-14,1.5710499002163500e-16,5.9382231658591041e-16,3.1179905763635048e+01,-2.2568996131665364e-01,2.6607732501650886e-04,6.3198244287250489e+00,2.5673907444456745e-16,8.0029963041462171e-01,6.3349765835364891e-03,1.5272809144574868e-02,2.8665391975917007e+00,3.1942060835647174e-01,1.1279112248930028e-14,4.2632564145606011e-14,1.5710499002163500e-16,5.9382231658591041e-16,3.1179905763635048e+01,-2.2568996131665364e-01,2.6607732501650886e-04,6.3198244287250489e+00,2.5673907444456745e-16,8.0029963041462171e-01,6.3349765835364891e-03,1.5272809144574868e-02,3.0582660036616898e+00,3.4078486986197315e-01,4.3962023199335445e-12,1.3910650409343361e-11,6.1234014376598376e-14,1.9375927338267769e-13,2.8321118385537243e+01,-2.9668401056436078e-01,nan,nan,1.2876688939577122e-02,nan,nan,nan,-1.0349293776171307e-01,nan,nan,nan,4.0267985956444576e+01,0.0000000000000000e+00,nan,nan,2.3092869300000007e-01,2.1886737700000003e-01,9.5066929999996219e-03,4.4805207000000014e-02,9.1405619999997967e-03,9.8657530699999940e-01,1.0405220460000000e+00,1.2714507390000001e+00,1.3487660790000002e+00,23,19,567,3.5809064497876207e+01,32768,0,2136,4.7304687500000000e+01,4.7304687500000000e+01
exp3_remap,b,A_pt,A,2,2,mod2,0,8,2.9999999999999999e-01,1,8,1.4999999999999999e-01,2,deformed:0.15:2,0.0000000000000000e+00,2.0000000000000000e+00,0,1,9.0102538012759037e-01,9.6951416639227361e-01,12288,12288,12288,12288,0.0000000000000000e+00,5.5829849191190595e-01,6.2211618864198438e-02,6.1548190101347230e-14,2.7933211299568939e-13,8.5729511180786630e-16,3.8907733054026118e-15,4.0098814686440619e+01,-4.2011356164408029e-03,5.9832054027011488e-05,8.0835120469803137e+00,1.3877787807814457e-16,9.0264987112709194e-01,1.4776168275313008e-03,2.8390324730666761e-03,5.1522884866853647e-01,5.7412336278110140e-02,5.9660794968336875e-14,2.8332891588433995e-13,8.3100588024941930e-16,3.9464441476104428e-15,4.0088695574498665e+01,-4.4524298319721968e-03,-6.5868873433416305e-05,8.0824781171081899e+00,2.7408630920433552e-16,9.0264831759187825e-01,9.3613573386302498e-04,2.1838065871763383e-03,5.1522884866853647e-01,5.7412336278110140e-02,5.9660794968336875e-14,2.8332891588433995e-13,8.3100588024941930e-16,3.9464441476104428e-15,4.0088695574498665e+01,-4.4524298319721968e-03,-6.5868873433416305e-05,8.0824781171081899e+00,2.7408630920433552e-16,9.0264831759187825e-01,9.3613573386302498e-04,2.1838065871763383e-03,6.6435150333689630e-01,7.4029185312532594e-02,5.9600925249183562e-14,2.7000623958883807e-13,8.3017196429687977e-16,3.7608746735848733e-15,3.9918987928151857e+01,-8.6668856165344112e-03,-3.3590352762163499e-03,8.0550510031807470e+00,1.1796119636642288e-16,9.0149544313037588e-01,7.1566393939552142e-03,1.3489520810617057e-02,-4.4845903724323828e-03,-5.7141065702004745e+01,-4.2294330859821226e-04,9.9872106778758574e-01,4.0267985956444576e+01,0.0000000000000000e+00,nan,nan,4.5632472099999966e-01,3.9729485300000000e-01,5.9028796999999855e-02,1.3968996299999858e-01,4.0339040999999298e-02,0.0000000000000000e+00,1.8003005299999941e-01,6.3635477399999907e-01,2.5336497529999988e+00,0,0,0,nan,27648,0,2496,8.5578125000000000e+01,8.5578125000000000e+01
exp3_remap,b,A_int,A,2,2,mod2,0,8,2.9999999999999999e-01,1,8,1.4999999999999999e-01,2,deformed:0.15:2,0.0000000000000000e+00,2.0000000000000000e+00,4,1,9.0102538012759037e-01,9.6951416639227361e-01,12288,12288,12288,12288,0.0000000000000000e+00,5.5829849191190595e-01,6.2211618864198438e-02,6.1548190101347230e-14,2.7933211299568939e-13,8.5729511180786630e-16,3.8907733054026118e-15,4.0098814686440619e+01,-4.2011356164408029e-03,5.9832054027011488e-05,8.0835120469803137e+00,1.3877787807814457e-16,9.0264987112709194e-01,1.4776168275313008e-03,2.8390324730666761e-03,5.1522884866853647e-01,5.7412336278110140e-02,5.9660794968336875e-14,2.8332891588433995e-13,8.3100588024941930e-16,3.9464441476104428e-15,4.0088695574498665e+01,-4.4524298319721968e-03,-6.5868873433416305e-05,8.0824781171081899e+00,2.7408630920433552e-16,9.0264831759187825e-01,9.3613573386302498e-04,2.1838065871763383e-03,5.1522884866853647e-01,5.7412336278110140e-02,5.9660794968336875e-14,2.8332891588433995e-13,8.3100588024941930e-16,3.9464441476104428e-15,4.0088695574498665e+01,-4.4524298319721968e-03,-6.5868873433416305e-05,8.0824781171081899e+00,2.7408630920433552e-16,9.0264831759187825e-01,9.3613573386302498e-04,2.1838065871763383e-03,6.2322649990811230e-01,6.9446595396627592e-02,5.9250502172019487e-14,2.2737367544323206e-13,8.2529097607248575e-16,3.1670523567030509e-15,3.9876472404427290e+01,-9.7227001231390883e-03,1.4837337755337389e-03,8.0485288702582256e+00,8.3266726846886741e-17,9.0124556841459946e-01,5.1942216893823660e-03,9.8717848904083163e-03,-5.5448592122229051e-03,2.3798309194999383e+01,1.7614889583032685e-04,9.9844424426634104e-01,4.0267985956444576e+01,0.0000000000000000e+00,nan,nan,2.1929594840000011e+00,1.9141307580000007e+00,2.7882769699999876e-01,6.7700356599999978e-01,1.8260837700000110e-01,0.0000000000000000e+00,8.5961303199999861e-01,3.0525725159999997e+00,4.9917371049999986e+00,0,0,0,nan,110592,0,9648,9.8691406250000000e+01,9.8691406250000000e+01
exp3_remap,b,A_l2,A,2,2,mod2,0,8,2.9999999999999999e-01,1,8,1.4999999999999999e-01,2,deformed:0.15:2,0.0000000000000000e+00,2.0000000000000000e+00,0,1,9.0102538012759037e-01,9.6951416639227361e-01,12288,12288,12288,12288,0.0000000000000000e+00,5.5829849191190595e-01,6.2211618864198438e-02,6.1548190101347230e-14,2.7933211299568939e-13,8.5729511180786630e-16,3.8907733054026118e-15,4.0098814686440619e+01,-4.2011356164408029e-03,5.9832054027011488e-05,8.0835120469803137e+00,1.3877787807814457e-16,9.0264987112709194e-01,1.4776168275313008e-03,2.8390324730666761e-03,5.1522884866853647e-01,5.7412336278110140e-02,5.9660794968336875e-14,2.8332891588433995e-13,8.3100588024941930e-16,3.9464441476104428e-15,4.0088695574498665e+01,-4.4524298319721968e-03,-6.5868873433416305e-05,8.0824781171081899e+00,2.7408630920433552e-16,9.0264831759187825e-01,9.3613573386302498e-04,2.1838065871763383e-03,5.1522884866853647e-01,5.7412336278110140e-02,5.9660794968336875e-14,2.8332891588433995e-13,8.3100588024941930e-16,3.9464441476104428e-15,4.0088695574498665e+01,-4.4524298319721968e-03,-6.5868873433416305e-05,8.0824781171081899e+00,2.7408630920433552e-16,9.0264831759187825e-01,9.3613573386302498e-04,2.1838065871763383e-03,6.2902479656908539e-01,7.0092703933834516e-02,5.9192897690805571e-14,2.5490720645393594e-13,8.2448861226484812e-16,3.5505626030225614e-15,4.0123418088975960e+01,-3.5901439824923605e-03,3.9680703089902688e-04,8.0849729432646580e+00,1.3877787807814457e-16,9.0253616113237534e-01,4.0708278775335258e-03,7.7330730445916099e-03,6.1356932187974650e-04,5.6320141828974535e+00,4.1686704357408133e-05,9.9987402646546153e-01,4.0267985956444576e+01,0.0000000000000000e+00,nan,nan,1.8802630259999980e+00,1.7772192950000019e+00,5.9737005999998871e-02,6.6013167699999897e-01,4.8519746499999883e-01,5.9385508799999798e-01,1.7391879719999999e+00,3.6194509979999978e+00,5.5893103959999983e+00,30,30,0,nan,110592,0,8232,1.0592187500000000e+02,1.0592187500000000e+02
exp3_remap,b,B_pt,B,2,2,mod2,0,8,2.9999999999999999e-01,1,8,1.4999999999999999e-01,2,deformed:0.15:2,0.0000000000000000e+00,2.0000000000000000e+00,0,1,9.0102538012759037e-01,9.6951416639227361e-01,12288,12288,12288,12288,0.0000000000000000e+00,5.5829849191190595e-01,6.2211618864198438e-02,6.1548190101347230e-14,2.7933211299568939e-13,8.5729511180786630e-16,3.8907733054026118e-15,4.0098814686440619e+01,-4.2011356164408029e-03,5.9832054027011488e-05,8.0835120469803137e+00,1.3877787807814457e-16,9.0264987112709194e-01,1.4776168275313008e-03,2.8390324730666761e-03,5.1522884866853647e-01,5.7412336278110140e-02,5.9660794968336875e-14,2.8332891588433995e-13,8.3100588024941930e-16,3.9464441476104428e-15,4.0088695574498665e+01,-4.4524298319721968e-03,-6.5868873433416305e-05,8.0824781171081899e+00,2.7408630920433552e-16,9.0264831759187825e-01,9.3613573386302498e-04,2.1838065871763383e-03,5.1522884866853647e-01,5.7412336278110140e-02,5.9660794968336875e-14,2.8332891588433995e-13,8.3100588024941930e-16,3.9464441476104428e-15,4.0088695574498665e+01,-4.4524298319721968e-03,-6.5868873433416305e-05,8.0824781171081899e+00,2.7408630920433552e-16,9.0264831759187825e-01,9.3613573386302498e-04,2.1838065871763383e-03,7.3715849116098486e-01,8.2142122464935699e-02,7.6584027506861112e+00,4.1362776011719909e+01,1.0667269389414065e-01,5.7613563660057032e-01,4.0311879392731413e+01,1.0900330683117222e-03,nan,nan,4.6185737250536291e-03,nan,nan,nan,5.3134913826478180e-03,nan,nan,nan,4.0267985956444576e+01,0.0000000000000000e+00,nan,nan,3.0077941300000077e-01,2.6144971799999794e-01,3.9328683999997338e-02,8.1031982999999030e-02,2.1176057999998221e-02,0.0000000000000000e+00,1.0220906900000060e-01,4.0298848200000137e-01,1.1836327330000032e+00,0,0,0,nan,18432,0,1632,1.0595312500000000e+02,1.0595312500000000e+02
exp3_remap,b,B_int,B,2,2,mod2,0,8,2.9999999999999999e-01,1,8,1.4999999999999999e-01,2,deformed:0.15:2,0.0000000000000000e+00,2.0000000000000000e+00,4,1,9.0102538012759037e-01,9.6951416639227361e-01,12288,12288,12288,12288,0.0000000000000000e+00,5.5829849191190595e-01,6.2211618864198438e-02,6.1548190101347230e-14,2.7933211299568939e-13,8.5729511180786630e-16,3.8907733054026118e-15,4.0098814686440619e+01,-4.2011356164408029e-03,5.9832054027011488e-05,8.0835120469803137e+00,1.3877787807814457e-16,9.0264987112709194e-01,1.4776168275313008e-03,2.8390324730666761e-03,5.1522884866853647e-01,5.7412336278110140e-02,5.9660794968336875e-14,2.8332891588433995e-13,8.3100588024941930e-16,3.9464441476104428e-15,4.0088695574498665e+01,-4.4524298319721968e-03,-6.5868873433416305e-05,8.0824781171081899e+00,2.7408630920433552e-16,9.0264831759187825e-01,9.3613573386302498e-04,2.1838065871763383e-03,5.1522884866853647e-01,5.7412336278110140e-02,5.9660794968336875e-14,2.8332891588433995e-13,8.3100588024941930e-16,3.9464441476104428e-15,4.0088695574498665e+01,-4.4524298319721968e-03,-6.5868873433416305e-05,8.0824781171081899e+00,2.7408630920433552e-16,9.0264831759187825e-01,9.3613573386302498e-04,2.1838065871763383e-03,6.2147156613687760e-01,6.9251041812855435e-02,2.0024128683690092e+00,8.8325396165410126e+00,2.7891295601824930e-02,1.2302706262591630e-01,3.9885815788609669e+01,-9.4906700386822758e-03,nan,nan,3.2716787866250013e-04,nan,nan,nan,-5.3118502254126537e-03,nan,nan,nan,4.0267985956444576e+01,0.0000000000000000e+00,nan,nan,4.8373668880000018e+00,4.2367331379999982e+00,6.0063271599999979e-01,1.3614864860000004e+00,4.7843312500000224e-01,0.0000000000000000e+00,1.8399207980000014e+00,6.6772876860000032e+00,7.4719656639999990e+00,0,0,0,nan,294912,0,23232,1.4824609375000000e+02,1.4824609375000000e+02
exp3_remap,b,B_l2,B,2,2,mod2,0,8,2.9999999999999999e-01,1,8,1.4999999999999999e-01,2,deformed:0.15:2,0.0000000000000000e+00,2.0000000000000000e+00,0,1,9.0102538012759037e-01,9.6951416639227361e-01,12288,12288,12288,12288,0.0000000000000000e+00,5.5829849191190595e-01,6.2211618864198438e-02,6.1548190101347230e-14,2.7933211299568939e-13,8.5729511180786630e-16,3.8907733054026118e-15,4.0098814686440619e+01,-4.2011356164408029e-03,5.9832054027011488e-05,8.0835120469803137e+00,1.3877787807814457e-16,9.0264987112709194e-01,1.4776168275313008e-03,2.8390324730666761e-03,5.1522884866853647e-01,5.7412336278110140e-02,5.9660794968336875e-14,2.8332891588433995e-13,8.3100588024941930e-16,3.9464441476104428e-15,4.0088695574498665e+01,-4.4524298319721968e-03,-6.5868873433416305e-05,8.0824781171081899e+00,2.7408630920433552e-16,9.0264831759187825e-01,9.3613573386302498e-04,2.1838065871763383e-03,5.1522884866853647e-01,5.7412336278110140e-02,5.9660794968336875e-14,2.8332891588433995e-13,8.3100588024941930e-16,3.9464441476104428e-15,4.0088695574498665e+01,-4.4524298319721968e-03,-6.5868873433416305e-05,8.0824781171081899e+00,2.7408630920433552e-16,9.0264831759187825e-01,9.3613573386302498e-04,2.1838065871763383e-03,5.8261010382421830e-01,6.4920679977878176e-02,3.6533427204251949e+00,1.7614817186338342e+01,5.0886839252661381e-02,2.4535403306533829e-01,3.9944812699941401e+01,-8.0255629584437532e-03,nan,nan,1.6028776802646579e-03,nan,nan,nan,-3.8405620640774981e-03,nan,nan,nan,4.0267985956444576e+01,0.0000000000000000e+00,nan,nan,1.6449053750000004e+00,1.5628742500000001e+00,6.0167977000006090e-02,5.0048630599999910e-01,3.5393066500000003e-01,2.8141551400000253e-01,1.1358360189999956e+00,2.7807413939999961e+00,3.5644129939999942e+00,20,20,0,nan,110592,0,8232,1.4872656250000000e+02,1.4872656250000000e+02
exp3_remap,b,B_l2c,B,2,2,mod2,0,8,2.9999999999999999e-01,1,8,1.4999999999999999e-01,2,deformed:0.15:2,0.0000000000000000e+00,2.0000000000000000e+00,0,1,9.0102538012759037e-01,9.6951416639227361e-01,12288,12288,12288,12288,0.0000000000000000e+00,5.5829849191190595e-01,6.2211618864198438e-02,6.1548190101347230e-14,2.7933211299568939e-13,8.5729511180786630e-16,3.8907733054026118e-15,4.0098814686440619e+01,-4.2011356164408029e-03,5.9832054027011488e-05,8.0835120469803137e+00,1.3877787807814457e-16,9.0264987112709194e-01,1.4776168275313008e-03,2.8390324730666761e-03,5.1522884866853647e-01,5.7412336278110140e-02,5.9660794968336875e-14,2.8332891588433995e-13,8.3100588024941930e-16,3.9464441476104428e-15,4.0088695574498665e+01,-4.4524298319721968e-03,-6.5868873433416305e-05,8.0824781171081899e+00,2.7408630920433552e-16,9.0264831759187825e-01,9.3613573386302498e-04,2.1838065871763383e-03,5.1522884866853647e-01,5.7412336278110140e-02,5.9660794968336875e-14,2.8332891588433995e-13,8.3100588024941930e-16,3.9464441476104428e-15,4.0088695574498665e+01,-4.4524298319721968e-03,-6.5868873433416305e-05,8.0824781171081899e+00,2.7408630920433552e-16,9.0264831759187825e-01,9.3613573386302498e-04,2.1838065871763383e-03,5.8343963318453251e-01,6.5013115055436430e-02,2.0240476630984574e-12,8.3986151366843842e-12,2.8192643273234642e-14,1.1698299642571896e-13,3.9942272367895022e+01,-8.0886486079005514e-03,nan,nan,9.2091684676015584e-04,nan,nan,nan,-3.9039138630332540e-03,nan,nan,nan,4.0267985956444576e+01,0.0000000000000000e+00,nan,nan,1.9408716280000036e+00,1.8313704590000057e+00,6.2426778000002514e-02,6.3202405300000208e-01,4.3918028299999889e-01,1.1701276722999999e+01,1.2772482678000003e+01,1.4713354306000006e+01,1.5692173347000001e+01,29,20,750,1.7614817186338342e+01,110592,0,8232,1.4879687500000000e+02,1.4879687500000000e+02
exp3_remap,b,A_pt,A,3,3,mod2,0,8,2.9999999999999999e-01,1,8,1.4999999999999999e-01,2,deformed:0.15:2,0.0000000000000000e+00,2.0000000000000000e+00,0,1,9.0977720054037048e-01,9.7666668530632006e-01,41472,41472,41472,41472,0.0000000000000000e+00,8.8514376767711331e-02,9.8632232600517310e-03,1.5527206548171768e-13,9.1393559387142886e-13,2.1627603105575574e-15,1.2730065918159067e-14,4.0266205456202862e+01,-4.4216272540690054e-05,9.6097021091745561e-07,8.1137222632799393e+00,2.4980018054066022e-16,9.0413813429811085e-01,1.9870776584966261e-04,3.9138067431983059e-04,7.7467768424237318e-02,8.6322914234759525e-03,1.5292422978283717e-13,1.0069722833350170e-12,2.1300576743847419e-15,1.4025959411771415e-14,4.0266026066408187e+01,-4.8671171150917496e-05,1.3199164838872888e-05,8.1137345024749923e+00,1.8041124150158794e-16,9.0414151217160821e-01,1.1941224873083716e-04,2.6457066617224735e-04,7.7467768424237318e-02,8.6322914234759525e-03,1.5292422978283717e-13,1.0069722833350170e-12,2.1300576743847419e-15,1.4025959411771415e-14,4.0266026066408187e+01,-4.8671171150917496e-05,1.3199164838872888e-05,8.1137345024749923e+00,1.8041124150158794e-16,9.0414151217160821e-01,1.1941224873083716e-04,2.6457066617224735e-04,1.0600517255567486e-01,1.1812235727318867e-02,1.5334561024185329e-13,9.6633812063373625e-13,2.1359270168809415e-15,1.3459972515993209e-14,4.0260573928467210e+01,-1.8406751172963452e-04,2.7338708829777854e-05,8.1129429244843561e+00,2.0122792321330962e-16,9.0411451584670610e-01,9.7972282000766977e-04,2.1027482878892625e-03,-1.3985742316288387e-04,2.7449070032750647e+01,3.2510033943653013e-06,9.9997387738608867e-01,4.0267985956444576e+01,0.0000000000000000e+00,nan,nan,1.3818182060000055e+00,1.1854665090000012e+00,1.9635054499999427e-01,5.6669597899999502e-01,1.6497829899999772e-01,0.0000000000000000e+00,7.3167533799999518e-01,2.1134935440000007e+00,8.0999604450000007e+00,0,0,0,nan,73728,0,6552,2.3458203125000000e+02,2.3458203125000000e+02
exp3_remap,b,A_int,A,3,3,mod2,0,8,2.9999999999999999e-01,1,8,1.4999999999999999e-01,2,deformed:0.15:2,0.0000000000000000e+00,2.0000000000000000e+00,5,1,9.0977720054037048e-01,9.7666668530632006e-01,41472,41472,41472,41472,0.0000000000000000e+00,8.8514376767711331e-02,9.8632232600517310e-03,1.5527206548171768e-13,9.1393559387142886e-13,2.1627603105575574e-15,1.2730065918159067e-14,4.0266205456202862e+01,-4.4216272540690054e-05,9.6097021091745561e-07,8.1137222632799393e+00,2.4980018054066022e-16,9.0413813429811085e-01,1.9870776584966261e-04,3.9138067431983059e-04,7.7467768424237318e-02,8.6322914234759525e-03,1.5292422978283717e-13,1.0069722833350170e-12,2.1300576743847419e-15,1.4025959411771415e-14,4.0266026066408187e+01,-4.8671171150917496e-05,1.3199164838872888e-05,8.1137345024749923e+00,1.8041124150158794e-16,9.0414151217160821e-01,1.1941224873083716e-04,2.6457066617224735e-04,7.7467768424237318e-02,8.6322914234759525e-03,1.5292422978283717e-13,1.0069722833350170e-12,2.1300576743847419e-15,1.4025959411771415e-14,4.0266026066408187e+01,-4.8671171150917496e-05,1.3199164838872888e-05,8.1137345024749923e+00,1.8041124150158794e-16,9.0414151217160821e-01,1.1941224873083716e-04,2.6457066617224735e-04,9.5631750817596714e-02,1.0656317578091599e-02,1.5210795623066269e-13,1.0373923942097463e-12,2.1186879277679000e-15,1.4449676377463297e-14,4.0260318685233777e+01,-1.9040612607475481e-04,1.3799912059361211e-04,8.1129487018377144e+00,3.9204750557075840e-16,9.0411802564058796e-01,7.6855402331972426e-04,1.5700403111821241e-03,-1.4619631779029662e-04,1.4260395257399483e+02,1.6889677257364926e-05,9.9997775930827371e-01,4.0267985956444576e+01,0.0000000000000000e+00,nan,nan,7.2529949320000000e+00,6.1848165250000022e+00,1.0681769740000036e+00,2.6966012779999957e+00,7.3383349299999878e-01,0.0000000000000000e+00,3.4304356389999953e+00,1.0683430570999995e+01,1.6604361738000001e+01,0,0,0,nan,368640,0,33696,2.9638281250000000e+02,2.9638281250000000e+02
exp3_remap,b,A_l2,A,3,3,mod2,0,8,2.9999999999999999e-01,1,8,1.4999999999999999e-01,2,deformed:0.15:2,0.0000000000000000e+00,2.0000000000000000e+00,0,1,9.0977720054037048e-01,9.7666668530632006e-01,41472,41472,41472,41472,0.0000000000000000e+00,8.8514376767711331e-02,9.8632232600517310e-03,1.5527206548171768e-13,9.1393559387142886e-13,2.1627603105575574e-15,1.2730065918159067e-14,4.0266205456202862e+01,-4.4216272540690054e-05,9.6097021091745561e-07,8.1137222632799393e+00,2.4980018054066022e-16,9.0413813429811085e-01,1.9870776584966261e-04,3.9138067431983059e-04,7.7467768424237318e-02,8.6322914234759525e-03,1.5292422978283717e-13,1.0069722833350170e-12,2.1300576743847419e-15,1.4025959411771415e-14,4.0266026066408187e+01,-4.8671171150917496e-05,1.3199164838872888e-05,8.1137345024749923e+00,1.8041124150158794e-16,9.0414151217160821e-01,1.1941224873083716e-04,2.6457066617224735e-04,7.7467768424237318e-02,8.6322914234759525e-03,1.5292422978283717e-13,1.0069722833350170e-12,2.1300576743847419e-15,1.4025959411771415e-14,4.0266026066408187e+01,-4.8671171150917496e-05,1.3199164838872888e-05,8.1137345024749923e+00,1.8041124150158794e-16,9.0414151217160821e-01,1.1941224873083716e-04,2.6457066617224735e-04,1.0713814403647681e-01,1.1938483587502607e-02,1.5299698517419895e-13,9.9475983006414026e-13,2.1310710728497402e-15,1.3855854060581243e-14,4.0266743840714312e+01,-3.0846234316449919e-05,-7.2379524313270378e-05,8.1137280789969086e+00,2.2204460492503131e-16,9.0413273797044347e-01,5.4203234428701460e-04,1.1480497400597740e-03,1.3370629423634772e-05,-7.6319217485595459e+01,-9.0390688939530248e-06,9.9999403152299116e-01,4.0267985956444576e+01,0.0000000000000000e+00,nan,nan,4.2248719450000038e+00,3.9953478639999958e+00,1.7168916400000001e-01,2.0055199760000022e+00,1.3737420590000085e+00,6.5864536299999088e-01,4.0379110599999990e+00,8.2627830050000028e+00,1.4015767234999991e+01,28,28,0,nan,262144,0,20256,2.9846484375000000e+02,2.9846484375000000e+02
exp3_remap,b,B_pt,B,3,3,mod2,0,8,2.9999999999999999e-01,1,8,1.4999999999999999e-01,2,deformed:0.15:2,0.0000000000000000e+00,2.0000000000000000e+00,0,1,9.0977720054037048e-01,9.7666668530632006e-01,41472,41472,41472,41472,0.0000000000000000e+00,8.8514376767711331e-02,9.8632232600517310e-03,1.5527206548171768e-13,9.1393559387142886e-13,2.1627603105575574e-15,1.2730065918159067e-14,4.0266205456202862e+01,-4.4216272540690054e-05,9.6097021091745561e-07,8.1137222632799393e+00,2.4980018054066022e-16,9.0413813429811085e-01,1.9870776584966261e-04,3.9138067431983059e-04,7.7467768424237318e-02,8.6322914234759525e-03,1.5292422978283717e-13,1.0069722833350170e-12,2.1300576743847419e-15,1.4025959411771415e-14,4.0266026066408187e+01,-4.8671171150917496e-05,1.3199164838872888e-05,8.1137345024749923e+00,1.8041124150158794e-16,9.0414151217160821e-01,1.1941224873083716e-04,2.6457066617224735e-04,7.7467768424237318e-02,8.6322914234759525e-03,1.5292422978283717e-13,1.0069722833350170e-12,2.1300576743847419e-15,1.4025959411771415e-14,4.0266026066408187e+01,-4.8671171150917496e-05,1.3199164838872888e-05,8.1137345024749923e+00,1.8041124150158794e-16,9.0414151217160821e-01,1.1941224873083716e-04,2.6457066617224735e-04,1.1228565350130670e-01,1.2512074420301273e-02,1.6837541176810269e+00,1.7162521412430067e+01,2.3452747711964584e-02,2.3905407598424908e-01,4.0253593703788908e+01,-3.5741178292937533e-04,nan,nan,3.2401093644382206e-03,nan,nan,nan,-3.1320935933908009e-04,nan,nan,nan,4.0267985956444576e+01,0.0000000000000000e+00,nan,nan,1.0338409990000059e+00,8.8645542100000796e-01,1.4738431300000343e-01,3.6689674899999147e-01,1.0949630999999727e-01,0.0000000000000000e+00,4.7639392600000008e-01,1.5102349250000060e+00,4.1348425820000045e+00,0,0,0,nan,55296,0,4584,2.9851562500000000e+02,2.9851562500000000e+02
exp3_remap,b,B_int,B,3,3,mod2,0,8,2.9999999999999999e-01,1,8,1.4999999999999999e-01,2,deformed:0.15:2,0.0000000000000000e+00,2.0000000000000000e+00,5,1,9.0977720054037048e-01,9.7666668530632006e-01,41472,41472,41472,41472,0.0000000000000000e+00,8.8514376767711331e-02,9.8632232600517310e-03,1.5527206548171768e-13,9.1393559387142886e-13,2.1627603105575574e-15,1.2730065918159067e-14,4.0266205456202862e+01,-4.4216272540690054e-05,9.6097021091745561e-07,8.1137222632799393e+00,2.4980018054066022e-16,9.0413813429811085e-01,1.9870776584966261e-04,3.9138067431983059e-04,7.7467768424237318e-02,8.6322914234759525e-03,1.5292422978283717e-13,1.0069722833350170e-12,2.1300576743847419e-15,1.4025959411771415e-14,4.0266026066408187e+01,-4.8671171150917496e-05,1.3199164838872888e-05,8.1137345024749923e+00,1.8041124150158794e-16,9.0414151217160821e-01,1.1941224873083716e-04,2.6457066617224735e-04,7.7467768424237318e-02,8.6322914234759525e-03,1.5292422978283717e-13,1.0069722833350170e-12,2.1300576743847419e-15,1.4025959411771415e-14,4.0266026066408187e+01,-4.8671171150917496e-05,1.3199164838872888e-05,8.1137345024749923e+00,1.8041124150158794e-16,9.0414151217160821e-01,1.1941224873083716e-04,2.6457066617224735e-04,9.4388431869067271e-02,1.0517773616979149e-02,2.9342522237743424e-01,2.1819252398692583e+00,4.0870740213677309e-03,3.0391695342963172e-02,4.0260176742176931e+01,-1.9393108649864212e-04,nan,nan,7.7337183742469395e-05,nan,nan,nan,-1.4972143408168660e-04,nan,nan,nan,4.0267985956444576e+01,0.0000000000000000e+00,nan,nan,2.6853249168999994e+01,2.3042513591000002e+01,3.8107342730000084e+00,8.9509021719999993e+00,2.8352721990000020e+00,0.0000000000000000e+00,1.1786175989000000e+01,3.8639425157999995e+01,4.1350745250000003e+01,0,0,0,nan,1382400,0,114936,5.2166406250000000e+02,5.2166406250000000e+02
exp3_remap,b,B_l2,B,3,3,mod2,0,8,2.9999999999999999e-01,1,8,1.4999999999999999e-01,2,deformed:0.15:2,0.0000000000000000e+00,2.0000000000000000e+00,0,1,9.0977720054037048e-01,9.7666668530632006e-01,41472,41472,41472,41472,0.0000000000000000e+00,8.8514376767711331e-02,9.8632232600517310e-03,1.5527206548171768e-13,9.1393559387142886e-13,2.1627603105575574e-15,1.2730065918159067e-14,4.0266205456202862e+01,-4.4216272540690054e-05,9.6097021091745561e-07,8.1137222632799393e+00,2.4980018054066022e-16,9.0413813429811085e-01,1.9870776584966261e-04,3.9138067431983059e-04,7.7467768424237318e-02,8.6322914234759525e-03,1.5292422978283717e-13,1.0069722833350170e-12,2.1300576743847419e-15,1.4025959411771415e-14,4.0266026066408187e+01,-4.8671171150917496e-05,1.3199164838872888e-05,8.1137345024749923e+00,1.8041124150158794e-16,9.0414151217160821e-01,1.1941224873083716e-04,2.6457066617224735e-04,7.7467768424237318e-02,8.6322914234759525e-03,1.5292422978283717e-13,1.0069722833350170e-12,2.1300576743847419e-15,1.4025959411771415e-14,4.0266026066408187e+01,-4.8671171150917496e-05,1.3199164838872888e-05,8.1137345024749923e+00,1.8041124150158794e-16,9.0414151217160821e-01,1.1941224873083716e-04,2.6457066617224735e-04,8.7666824791575060e-02,9.7687799089216220e-03,1.0124812908295586e+00,5.7565089901293618e+00,1.4102693515377202e-02,8.0181513220646927e-02,4.0260830297630633e+01,-1.7770093646309545e-04,nan,nan,4.5178946441576818e-03,nan,nan,nan,-1.3349056637766997e-04,nan,nan,nan,4.0267985956444576e+01,0.0000000000000000e+00,nan,nan,3.6982789970000027e+00,3.4590316430000030e+00,1.8074556300000211e-01,1.4240636279999990e+00,1.0433338070000104e+00,4.0995182400001795e-01,2.8773540050000150e+00,6.5756330020000178e+00,8.7456197510000067e+00,20,20,0,nan,262144,0,20256,5.2190234375000000e+02,5.2190234375000000e+02
exp3_remap,b,B_l2c,B,3,3,mod2,0,8,2.9999999999999999e-01,1,8,1.4999999999999999e-01,2,deformed:0.15:2,0.0000000000000000e+00,2.0000000000000000e+00,0,1,9.0977720054037048e-01,9.7666668530632006e-01,41472,41472,41472,41472,0.0000000000000000e+00,8.8514376767711331e-02,9.8632232600517310e-03,1.5527206548171768e-13,9.1393559387142886e-13,2.1627603105575574e-15,1.2730065918159067e-14,4.0266205456202862e+01,-4.4216272540690054e-05,9.6097021091745561e-07,8.1137222632799393e+00,2.4980018054066022e-16,9.0413813429811085e-01,1.9870776584966261e-04,3.9138067431983059e-04,7.7467768424237318e-02,8.6322914234759525e-03,1.5292422978283717e-13,1.0069722833350170e-12,2.1300576743847419e-15,1.4025959411771415e-14,4.0266026066408187e+01,-4.8671171150917496e-05,1.3199164838872888e-05,8.1137345024749923e+00,1.8041124150158794e-16,9.0414151217160821e-01,1.1941224873083716e-04,2.6457066617224735e-04,7.7467768424237318e-02,8.6322914234759525e-03,1.5292422978283717e-13,1.0069722833350170e-12,2.1300576743847419e-15,1.4025959411771415e-14,4.0266026066408187e+01,-4.8671171150917496e-05,1.3199164838872888e-05,8.1137345024749923e+00,1.8041124150158794e-16,9.0414151217160821e-01,1.1941224873083716e-04,2.6457066617224735e-04,8.7470518212363416e-02,9.7469053198561348e-03,6.2604328271746152e-13,3.2613911571388599e-12,8.7200589516979633e-15,4.5427407241477077e-14,4.0260756025623451e+01,-1.7954537952173316e-04,nan,nan,5.0772738434429199e-05,nan,nan,nan,-1.3533509099431085e-04,nan,nan,nan,4.0267985956444576e+01,0.0000000000000000e+00,nan,nan,4.3862124419999873e+00,4.0903981099999953e+00,1.6746477899999945e-01,1.7586886790000165e+00,1.2870639610000012e+00,2.4565616863999992e+01,2.7611371638999998e+01,3.1997584080999985e+01,3.4631520576000014e+01,38,20,974,5.7565089901293618e+00,262144,0,20256,5.2195312500000000e+02,5.2195312500000000e+02
exp3_remap,b,A_pt,A,1,1,mod2,0,16,2.9999999999999999e-01,1,16,1.4999999999999999e-01,2,deformed:0.15:2,0.0000000000000000e+00,2.0000000000000000e+00,0,1,8.9709733619746757e-01,9.7090169755717004e-01,12288,12288,12288,12288,0.0000000000000000e+00,1.5053710392154549e+00,1.6774462173489871e-01,2.8426844780791204e-14,1.1368683772161603e-13,1.9797653704014911e-16,7.9176308917617728e-16,3.7778039824671446e+01,-6.1834384626694605e-02,-1.4755263970153855e-04,7.6166367481255115e+00,1.9428902930940239e-16,8.7625101871923894e-01,1.3899381699169376e-03,7.3895222191198021e-03,1.4247131112771747e+00,1.5875684844888804e-01,2.8840345724381833e-14,1.2789769243681803e-13,2.0085633201948354e-16,8.9073347532368851e-16,3.7649279641638934e+01,-6.5031966526414742e-02,1.8421045448699924e-05,7.6000038340344345e+00,1.6653345369377348e-16,8.7583133281860881e-01,1.2361805781983112e-03,5.1613385294511952e-03,1.4247131112771747e+00,1.5875684844888804e-01,2.8840345724381833e-14,1.2789769243681803e-13,2.0085633201948354e-16,8.9073347532368851e-16,3.7649279641638934e+01,-6.5031966526414742e-02,1.8421045448699924e-05,7.6000038340344345e+00,1.6653345369377348e-16,8.7583133281860881e-01,1.2361805781983112e-03,5.1613385294511952e-03,1.7485978034939034e+00,1.9484756214427321e-01,2.7994453652055668e-14,1.2789769243681803e-13,1.9496518284410608e-16,8.9073347532368851e-16,3.4928678763112380e+01,-1.3259434427903594e-01,2.1206465348867208e-03,7.1073151464565187e+00,2.2724877535296173e-16,8.5035348543699774e-01,5.3586162629454146e-03,1.9682261827616090e-02,-7.5423740214765000e-02,1.5372135525167488e+01,2.9779537210389788e-04,9.7044507483700959e-01,4.0267985956444576e+01,0.0000000000000000e+00,nan,nan,3.1902909400000024e-01,2.8866897699999949e-01,3.0359204000000695e-02,8.3974071000000095e-02,2.3745722000000136e-02,0.0000000000000000e+00,1.0772100199999990e-01,4.2675009600000013e-01,1.5291563030000006e+00,0,0,0,nan,49152,0,3600,1.2535546875000000e+02,1.2535546875000000e+02
exp3_remap,b,A_int,A,1,1,mod2,0,16,2.9999999999999999e-01,1,16,1.4999999999999999e-01,2,deformed:0.15:2,0.0000000000000000e+00,2.0000000000000000e+00,3,1,8.9709733619746757e-01,9.7090169755717004e-01,12288,12288,12288,12288,0.0000000000000000e+00,1.5053710392154549e+00,1.6774462173489871e-01,2.8426844780791204e-14,1.1368683772161603e-13,1.9797653704014911e-16,7.9176308917617728e-16,3.7778039824671446e+01,-6.1834384626694605e-02,-1.4755263970153855e-04,7.6166367481255115e+00,1.9428902930940239e-16,8.7625101871923894e-01,1.3899381699169376e-03,7.3895222191198021e-03,1.4247131112771747e+00,1.5875684844888804e-01,2.8840345724381833e-14,1.2789769243681803e-13,2.0085633201948354e-16,8.9073347532368851e-16,3.7649279641638934e+01,-6.5031966526414742e-02,1.8421045448699924e-05,7.6000038340344345e+00,1.6653345369377348e-16,8.7583133281860881e-01,1.2361805781983112e-03,5.1613385294511952e-03,1.4247131112771747e+00,1.5875684844888804e-01,2.8840345724381833e-14,1.2789769243681803e-13,2.0085633201948354e-16,8.9073347532368851e-16,3.7649279641638934e+01,-6.5031966526414742e-02,1.8421045448699924e-05,7.6000038340344345e+00,1.6653345369377348e-16,8.7583133281860881e-01,1.2361805781983112e-03,5.1613385294511952e-03,1.6061120081007561e+00,1.7897026330684546e-01,2.7459028179207478e-14,1.1368683772161603e-13,1.9123625401732136e-16,7.9176308917661204e-16,3.4697827070050486e+01,-1.3832722829542532e-01,6.0947799639360966e-03,7.0838309247283888e+00,3.3653635433950058e-16,8.5035848605022069e-01,3.5694573474206195e-03,1.4003053050933901e-02,-8.1534477937878228e-02,4.2305800941713315e+01,8.1956548671878059e-04,9.7045078166429555e-01,4.0267985956444576e+01,0.0000000000000000e+00,nan,nan,1.1061232599999995e+00,1.0073093399999999e+00,9.8812141999999881e-02,2.3805186599999928e-01,6.2796315000001712e-02,0.0000000000000000e+00,3.0084956500000004e-01,1.4069728249999995e+00,2.5173109379999996e+00,0,0,0,nan,147456,0,11040,1.4796875000000000e+02,1.4796875000000000e+02
exp3_remap,b,A_l2,A,1,1,mod2,0,16,2.9999999999999999e-01,1,16,1.4999999999999999e-01,2,deformed:0.15:2,0.0000000000000000e+00,2.0000000000000000e+00,0,1,8.9709733619746757e-01,9.7090169755717004e-01,12288,12288,12288,12288,0.0000000000000000e+00,1.5053710392154549e+00,1.6774462173489871e-01,2.8426844780791204e-14,1.1368683772161603e-13,1.9797653704014911e-16,7.9176308917617728e-16,3.7778039824671446e+01,-6.1834384626694605e-02,-1.4755263970153855e-04,7.6166367481255115e+00,1.9428902930940239e-16,8.7625101871923894e-01,1.3899381699169376e-03,7.3895222191198021e-03,1.4247131112771747e+00,1.5875684844888804e-01,2.8840345724381833e-14,1.2789769243681803e-13,2.0085633201948354e-16,8.9073347532368851e-16,3.7649279641638934e+01,-6.5031966526414742e-02,1.8421045448699924e-05,7.6000038340344345e+00,1.6653345369377348e-16,8.7583133281860881e-01,1.2361805781983112e-03,5.1613385294511952e-03,1.4247131112771747e+00,1.5875684844888804e-01,2.8840345724381833e-14,1.2789769243681803e-13,2.0085633201948354e-16,8.9073347532368851e-16,3.7649279641638934e+01,-6.5031966526414742e-02,1.8421045448699924e-05,7.6000038340344345e+00,1.6653345369377348e-16,8.7583133281860881e-01,1.2361805781983112e-03,5.1613385294511952e-03,1.4579197038625826e+00,1.6245708391724820e-01,2.8442987397664418e-14,1.2079226507921703e-13,1.9808896103285955e-16,8.4124828225015032e-16,3.7667551112500298e+01,-6.4578219699316708e-02,-3.1728032304662360e-03,7.6008151811813001e+00,5.4817261840867104e-16,8.7571236416590870e-01,1.6291636803109652e-03,6.9018928139311713e-03,-2.9246809173775865e-03,-2.0502856450985963e+01,-3.9718982154547742e-04,9.9938527369232899e-01,4.0267985956444576e+01,0.0000000000000000e+00,nan,nan,1.8744722469999999e+00,1.7943373680000008e+00,3.2865699999998554e-02,4.1063148699999985e-01,2.5237525000000005e-01,9.5960963300000124e-01,1.6226215229999994e+00,3.4970937699999993e+00,4.5724980799999990e+00,35,35,0,nan,262144,0,15672,1.8119921875000000e+02,1.8119921875000000e+02
exp3_remap,b,B_pt,B,1,1,mod2,0,16,2.9999999999999999e-01,1,16,1.4999999999999999e-01,2,deformed:0.15:2,0.0000000000000000e+00,2.0000000000000000e+00,0,1,8.9709733619746757e-01,9.7090169755717004e-01,12288,12288,12288,12288,0.0000000000000000e+00,1.5053710392154549e+00,1.6774462173489871e-01,2.8426844780791204e-14,1.1368683772161603e-13,1.9797653704014911e-16,7.9176308917617728e-16,3.7778039824671446e+01,-6.1834384626694605e-02,-1.4755263970153855e-04,7.6166367481255115e+00,1.9428902930940239e-16,8.7625101871923894e-01,1.3899381699169376e-03,7.3895222191198021e-03,1.4247131112771747e+00,1.5875684844888804e-01,2.8840345724381833e-14,1.2789769243681803e-13,2.0085633201948354e-16,8.9073347532368851e-16,3.7649279641638934e+01,-6.5031966526414742e-02,1.8421045448699924e-05,7.6000038340344345e+00,1.6653345369377348e-16,8.7583133281860881e-01,1.2361805781983112e-03,5.1613385294511952e-03,1.4247131112771747e+00,1.5875684844888804e-01,2.8840345724381833e-14,1.2789769243681803e-13,2.0085633201948354e-16,8.9073347532368851e-16,3.7649279641638934e+01,-6.5031966526414742e-02,1.8421045448699924e-05,7.6000038340344345e+00,1.6653345369377348e-16,8.7583133281860881e-01,1.2361805781983112e-03,5.1613385294511952e-03,1.9668683443101322e+00,2.1916961189234871e-01,2.6585595387482357e+01,1.1923796267025855e+02,1.8515329965581617e-01,8.3042346469435668e-01,3.6230130874973753e+01,-1.0027457260560101e-01,nan,nan,1.4257714484227144e-01,nan,nan,nan,-4.0973776217124169e-02,nan,nan,nan,4.0267985956444576e+01,0.0000000000000000e+00,nan,nan,1.8124046099999980e-01,1.6785938999999850e-01,1.3380387000001548e-02,3.5977006999999617e-02,1.2013330000000266e-02,0.0000000000000000e+00,4.7991561999999988e-02,2.2923202299999978e-01,7.9345952100000083e-01,0,0,0,nan,24576,0,1440,1.8119921875000000e+02,1.8119921875000000e+02
exp3_remap,b,B_int,B,1,1,mod2,0,16,2.9999999999999999e-01,1,16,1.4999999999999999e-01,2,deformed:0.15:2,0.0000000000000000e+00,2.0000000000000000e+00,3,1,8.9709733619746757e-01,9.7090169755717004e-01,12288,12288,12288,12288,0.0000000000000000e+00,1.5053710392154549e+00,1.6774462173489871e-01,2.8426844780791204e-14,1.1368683772161603e-13,1.9797653704014911e-16,7.9176308917617728e-16,3.7778039824671446e+01,-6.1834384626694605e-02,-1.4755263970153855e-04,7.6166367481255115e+00,1.9428902930940239e-16,8.7625101871923894e-01,1.3899381699169376e-03,7.3895222191198021e-03,1.4247131112771747e+00,1.5875684844888804e-01,2.8840345724381833e-14,1.2789769243681803e-13,2.0085633201948354e-16,8.9073347532368851e-16,3.7649279641638934e+01,-6.5031966526414742e-02,1.8421045448699924e-05,7.6000038340344345e+00,1.6653345369377348e-16,8.7583133281860881e-01,1.2361805781983112e-03,5.1613385294511952e-03,1.4247131112771747e+00,1.5875684844888804e-01,2.8840345724381833e-14,1.2789769243681803e-13,2.0085633201948354e-16,8.9073347532368851e-16,3.7649279641638934e+01,-6.5031966526414742e-02,1.8421045448699924e-05,7.6000038340344345e+00,1.6653345369377348e-16,8.7583133281860881e-01,1.2361805781983112e-03,5.1613385294511952e-03,1.6052349381405524e+00,1.7887253074465523e-01,8.4795871697221603e+00,3.6046442439580680e+01,5.9055421603701079e-02,2.5104262896005231e-01,3.4833634533921703e+01,-1.3495463687706855e-01,nan,nan,2.7602872291844167e-02,nan,nan,nan,-7.7939599418465844e-02,nan,nan,nan,4.0267985956444576e+01,0.0000000000000000e+00,nan,nan,1.6897407780000009e+00,1.5325796270000005e+00,1.5716014500000064e-01,3.3173421299999717e-01,1.0873534399999940e-01,0.0000000000000000e+00,4.4047085899999772e-01,2.1302116369999986e+00,2.7329211260000026e+00,0,0,0,nan,221184,0,15744,1.8177734375000000e+02,1.8177734375000000e+02
exp3_remap,b,B_l2,B,1,1,mod2,0,16,2.9999999999999999e-01,1,16,1.4999999999999999e-01,2,deformed:0.15:2,0.0000000000000000e+00,2.0000000000000000e+00,0,1,8.9709733619746757e-01,9.7090169755717004e-01,12288,12288,12288,12288,0.0000000000000000e+00,1.5053710392154549e+00,1.6774462173489871e-01,2.8426844780791204e-14,1.1368683772161603e-13,1.9797653704014911e-16,7.9176308917617728e-16,3.7778039824671446e+01,-6.1834384626694605e-02,-1.4755263970153855e-04,7.6166367481255115e+00,1.9428902930940239e-16,8.7625101871923894e-01,1.3899381699169376e-03,7.3895222191198021e-03,1.4247131112771747e+00,1.5875684844888804e-01,2.8840345724381833e-14,1.2789769243681803e-13,2.0085633201948354e-16,8.9073347532368851e-16,3.7649279641638934e+01,-6.5031966526414742e-02,1.8421045448699924e-05,7.6000038340344345e+00,1.6653345369377348e-16,8.7583133281860881e-01,1.2361805781983112e-03,5.1613385294511952e-03,1.4247131112771747e+00,1.5875684844888804e-01,2.8840345724381833e-14,1.2789769243681803e-13,2.0085633201948354e-16,8.9073347532368851e-16,3.7649279641638934e+01,-6.5031966526414742e-02,1.8421045448699924e-05,7.6000038340344345e+00,1.6653345369377348e-16,8.7583133281860881e-01,1.2361805781983112e-03,5.1613385294511952e-03,1.5045038744594168e+00,1.6764799291711630e-01,7.0109027854524149e+00,3.1284869620182690e+01,4.8826884084148245e-02,2.1788102749078106e-01,3.6069696586647268e+01,-1.0425873730904599e-01,nan,nan,1.0645933514860890e-02,nan,nan,nan,-4.5220536744432181e-02,nan,nan,nan,4.0267985956444576e+01,0.0000000000000000e+00,nan,nan,1.8764510080000001e+00,1.7804214410000014e+00,3.7266982000002002e-02,3.8363684200000137e-01,2.2666940799999935e-01,4.9505249099999915e-01,1.1053622609999998e+00,2.9818132689999999e+00,3.5628718480000003e+00,21,21,0,nan,262144,0,15672,1.8321093750000000e+02,1.8321093750000000e+02
exp3_remap,b,B_l2c,B,1,1,mod2,0,16,2.9999999999999999e-01,1,16,1.4999999999999999e-01,2,deformed:0.15:2,0.0000000000000000e+00,2.0000000000000000e+00,0,1,8.9709733619746757e-01,9.7090169755717004e-01,12288,12288,12288,12288,0.0000000000000000e+00,1.5053710392154549e+00,1.6774462173489871e-01,2.8426844780791204e-14,1.1368683772161603e-13,1.9797653704014911e-16,7.9176308917617728e-16,3.7778039824671446e+01,-6.1834384626694605e-02,-1.4755263970153855e-04,7.6166367481255115e+00,1.9428902930940239e-16,8.7625101871923894e-01,1.3899381699169376e-03,7.3895222191198021e-03,1.4247131112771747e+00,1.5875684844888804e-01,2.8840345724381833e-14,1.2789769243681803e-13,2.0085633201948354e-16,8.9073347532368851e-16,3.7649279641638934e+01,-6.5031966526414742e-02,1.8421045448699924e-05,7.6000038340344345e+00,1.6653345369377348e-16,8.7583133281860881e-01,1.2361805781983112e-03,5.1613385294511952e-03,1.4247131112771747e+00,1.5875684844888804e-01,2.8840345724381833e-14,1.2789769243681803e-13,2.0085633201948354e-16,8.9073347532368851e-16,3.7649279641638934e+01,-6.5031966526414742e-02,1.8421045448699924e-05,7.6000038340344345e+00,1.6653345369377348e-16,8.7583133281860881e-01,1.2361805781983112e-03,5.1613385294511952e-03,1.4980984976128182e+00,1.6693423698039872e-01,3.1974825357007881e-12,1.0913936421275139e-11,2.2268617025428650e-14,7.6009256560954753e-14,3.6060015666576312e+01,-1.0449914963265779e-01,nan,nan,3.8476303912822543e-03,nan,nan,nan,-4.5476794615827446e-02,nan,nan,nan,4.0267985956444576e+01,0.0000000000000000e+00,nan,nan,1.8254943980000000e+00,1.7288211699999998e+00,3.6098073000001563e-02,3.8557205900000113e-01,2.1458784500000050e-01,1.8906512631000002e+01,1.9506674452999999e+01,2.1332168850999999e+01,2.1898679775000002e+01,29,21,810,3.1284869620182690e+01,262144,0,15672,1.8327343750000000e+02,1.8327343750000000e+02
exp3_remap,b,A_pt,A,2,2,mod2,0,16,2.9999999999999999e-01,1,16,1.4999999999999999e-01,2,deformed:0.15:2,0.0000000000000000e+00,2.0000000000000000e+00,0,1,9.0770343146455312e-01,9.7525634503189629e-01,98304,98304,98304,98304,0.0000000000000000e+00,1.4238985128707538e-01,1.5866607713859272e-02,2.2895936158514450e-13,1.4495071809506044e-12,1.5945695654614151e-15,1.0094979386995163e-14,4.0256624863955217e+01,-2.8213709276763527e-04,3.6969876519660581e-06,8.1120191625126132e+00,3.4347524824340780e-16,9.0405591032461663e-01,1.5459704014468299e-04,3.7401986994639862e-04,1.2999420080759166e-01,1.4485351102251780e-02,2.2212915832502884e-13,1.2114753644709708e-12,1.5470011490878962e-15,8.4372254190326870e-15,4.0255877188267391e+01,-3.0070458925566184e-04,2.8064433123077664e-06,8.1119512241790623e+00,4.0592529337857286e-16,9.0405673427983613e-01,7.9297592178207522e-05,2.2927831561365061e-04,1.2999420080759166e-01,1.4485351102251780e-02,2.2212915832502884e-13,1.2114753644709708e-12,1.5470011490878962e-15,8.4372254190326870e-15,4.0255877188267391e+01,-3.0070458925566184e-04,2.8064433123077664e-06,8.1119512241790623e+00,4.0592529337857286e-16,9.0405673427983613e-01,7.9297592178207522e-05,2.2927831561365061e-04,1.7371275082521831e-01,1.9356941855934805e-02,2.2040134754484423e-13,1.0800249583553523e-12,1.5349679460518458e-15,7.5217493471728358e-15,4.0240716371660795e+01,-6.7720259993327679e-04,3.2055121660540936e-04,8.1095037093715039e+00,3.9031278209478160e-16,9.0395420055280717e-01,1.2802754689545312e-03,3.2833699134453189e-03,-3.9517700125590448e-04,8.5706055519265860e+01,3.9059847197809261e-05,9.9988749614858119e-01,4.0267985956444576e+01,0.0000000000000000e+00,nan,nan,2.5114671620000024e+00,2.1856551639999964e+00,3.2581015500001342e-01,8.2314647799999818e-01,2.2810474000000625e-01,0.0000000000000000e+00,1.0512523270000003e+00,3.5627194890000027e+00,1.3329028469999997e+01,0,0,0,nan,221184,0,14760,4.9231250000000000e+02,4.9231250000000000e+02
exp3_remap,b,A_int,A,2,2,mod2,0,16,2.9999999999999999e-01,1,16,1.4999999999999999e-01,2,deformed:0.15:2,0.0000000000000000e+00,2.0000000000000000e+00,4,1,9.0770343146455312e-01,9.7525634503189629e-01,98304,98304,98304,98304,0.0000000000000000e+00,1.4238985128707538e-01,1.5866607713859272e-02,2.2895936158514450e-13,1.4495071809506044e-12,1.5945695654614151e-15,1.0094979386995163e-14,4.0256624863955217e+01,-2.8213709276763527e-04,3.6969876519660581e-06,8.1120191625126132e+00,3.4347524824340780e-16,9.0405591032461663e-01,1.5459704014468299e-04,3.7401986994639862e-04,1.2999420080759166e-01,1.4485351102251780e-02,2.2212915832502884e-13,1.2114753644709708e-12,1.5470011490878962e-15,8.4372254190326870e-15,4.0255877188267391e+01,-3.0070458925566184e-04,2.8064433123077664e-06,8.1119512241790623e+00,4.0592529337857286e-16,9.0405673427983613e-01,7.9297592178207522e-05,2.2927831561365061e-04,1.2999420080759166e-01,1.4485351102251780e-02,2.2212915832502884e-13,1.2114753644709708e-12,1.5470011490878962e-15,8.4372254190326870e-15,4.0255877188267391e+01,-3.0070458925566184e-04,2.8064433123077664e-06,8.1119512241790623e+00,4.0592529337857286e-16,9.0405673427983613e-01,7.9297592178207522e-05,2.2927831561365061e-04,1.6162818973000484e-01,1.8010350167280361e-02,2.2117264730415499e-13,1.0800249583553523e-12,1.5403396028975401e-15,7.5217493471728358e-15,4.0239675040982320e+01,-7.0306261388088033e-04,4.1319963270420367e-05,8.1095412007531298e+00,4.7184478546569153e-16,9.0397007599660972e-01,1.0188246344033807e-03,2.5575597788120570e-03,-4.2104431333173477e-04,1.0176657094985538e+01,4.6379298254518652e-06,9.9990505639416027e-01,4.0267985956444576e+01,0.0000000000000000e+00,nan,nan,1.0169711086999996e+01,8.8133698550000048e+00,1.3563397180000010e+00,3.2871625079999944e+00,8.9354906100000164e-01,0.0000000000000000e+00,4.1807125939999992e+00,1.4350423680999995e+01,2.3459924053999998e+01,0,0,0,nan,884736,0,60720,5.9701562500000000e+02,5.9701562500000000e+02
exp3_remap,b,A_l2,A,2,2,mod2,0,16,2.9999999999999999e-01,1,16,1.4999999999999999e-01,2,deformed:0.15:2,0.0000000000000000e+00,2.0000000000000000e+00,0,1,9.0770343146455312e-01,9.7525634503189629e-01,98304,98304,98304,98304,0.0000000000000000e+00,1.4238985128707538e-01,1.5866607713859272e-02,2.2895936158514450e-13,1.4495071809506044e-12,1.5945695654614151e-15,1.0094979386995163e-14,4.0256624863955217e+01,-2.8213709276763527e-04,3.6969876519660581e-06,8.1120191625126132e+00,3.4347524824340780e-16,9.0405591032461663e-01,1.5459704014468299e-04,3.7401986994639862e-04,1.2999420080759166e-01,1.4485351102251780e-02,2.2212915832502884e-13,1.2114753644709708e-12,1.5470011490878962e-15,8.4372254190326870e-15,4.0255877188267391e+01,-3.0070458925566184e-04,2.8064433123077664e-06,8.1119512241790623e+00,4.0592529337857286e-16,9.0405673427983613e-01,7.9297592178207522e-05,2.2927831561365061e-04,1.2999420080759166e-01,1.4485351102251780e-02,2.2212915832502884e-13,1.2114753644709708e-12,1.5470011490878962e-15,8.4372254190326870e-15,4.0255877188267391e+01,-3.0070458925566184e-04,2.8064433123077664e-06,8.1119512241790623e+00,4.0592529337857286e-16,9.0405673427983613e-01,7.9297592178207522e-05,2.2927831561365061e-04,1.8229377817182421e-01,2.0313132156435897e-02,2.1983344162123563e-13,1.2292389328649733e-12,1.5310128096662354e-15,8.5609384017164510e-15,4.0261497489002927e+01,-1.6113215715996256e-04,-4.6486067116075787e-05,8.1124169169309752e+00,2.6194324487249787e-16,9.0404552788460224e-01,7.3299144421227482e-04,1.8587720457726932e-03,1.2103908522328884e-04,-1.3574039053485746e+01,-6.1862593964211211e-06,9.9998851571026104e-01,4.0267985956444576e+01,0.0000000000000000e+00,nan,nan,8.6563322559999989e+00,8.2042628170000000e+00,2.7355615400000488e-01,2.9860928770000044e+00,1.8010227700000030e+00,2.4881694100000118e+00,7.2752908049999974e+00,1.5931623060999996e+01,2.4192759349999989e+01,31,31,0,nan,884736,0,54240,6.4831640625000000e+02,6.4831640625000000e+02
exp3_remap,b,B_pt,B,2,2,mod2,0,16,2.9999999999999999e-01,1,16,1.4999999999999999e-01,2,deformed:0.15:2,0.0000000000000000e+00,2.0000000000000000e+00,0,1,9.0770343146455312e-01,9.7525634503189629e-01,98304,98304,98304,98304,0.0000000000000000e+00,1.4238985128707538e-01,1.5866607713859272e-02,2.2895936158514450e-13,1.4495071809506044e-12,1.5945695654614151e-15,1.0094979386995163e-14,4.0256624863955217e+01,-2.8213709276763527e-04,3.6969876519660581e-06,8.1120191625126132e+00,3.4347524824340780e-16,9.0405591032461663e-01,1.5459704014468299e-04,3.7401986994639862e-04,1.2999420080759166e-01,1.4485351102251780e-02,2.2212915832502884e-13,1.2114753644709708e-12,1.5470011490878962e-15,8.4372254190326870e-15,4.0255877188267391e+01,-3.0070458925566184e-04,2.8064433123077664e-06,8.1119512241790623e+00,4.0592529337857286e-16,9.0405673427983613e-01,7.9297592178207522e-05,2.2927831561365061e-04,1.2999420080759166e-01,1.4485351102251780e-02,2.2212915832502884e-13,1.2114753644709708e-12,1.5470011490878962e-15,8.4372254190326870e-15,4.0255877188267391e+01,-3.0070458925566184e-04,2.8064433123077664e-06,8.1119512241790623e+00,4.0592529337857286e-16,9.0405673427983613e-01,7.9297592178207522e-05,2.2927831561365061e-04,1.8636669071480103e-01,2.0766979849850375e-02,2.3060465492247091e+00,1.6644262563294546e+01,1.6060280822208620e-02,1.1591766477348611e-01,4.0223112784358285e+01,-1.1143634582277721e-03,nan,nan,2.4972666051820708e-03,nan,nan,nan,-8.3246123365244120e-04,nan,nan,nan,4.0267985956444576e+01,0.0000000000000000e+00,nan,nan,1.6748927419999973e+00,1.4560948860000167e+00,2.1879587899999819e-01,4.9076101699998276e-01,1.3906903200000897e-01,0.0000000000000000e+00,6.2983103799999185e-01,2.3047237799999891e+00,6.7588619130000041e+00,0,0,0,nan,147456,0,9168,6.4835546875000000e+02,6.4835546875000000e+02
exp3_remap,b,B_int,B,2,2,mod2,0,16,2.9999999999999999e-01,1,16,1.4999999999999999e-01,2,deformed:0.15:2,0.0000000000000000e+00,2.0000000000000000e+00,4,1,9.0770343146455312e-01,9.7525634503189629e-01,98304,98304,98304,98304,0.0000000000000000e+00,1.4238985128707538e-01,1.5866607713859272e-02,2.2895936158514450e-13,1.4495071809506044e-12,1.5945695654614151e-15,1.0094979386995163e-14,4.0256624863955217e+01,-2.8213709276763527e-04,3.6969876519660581e-06,8.1120191625126132e+00,3.4347524824340780e-16,9.0405591032461663e-01,1.5459704014468299e-04,3.7401986994639862e-04,1.2999420080759166e-01,1.4485351102251780e-02,2.2212915832502884e-13,1.2114753644709708e-12,1.5470011490878962e-15,8.4372254190326870e-15,4.0255877188267391e+01,-3.0070458925566184e-04,2.8064433123077664e-06,8.1119512241790623e+00,4.0592529337857286e-16,9.0405673427983613e-01,7.9297592178207522e-05,2.2927831561365061e-04,1.2999420080759166e-01,1.4485351102251780e-02,2.2212915832502884e-13,1.2114753644709708e-12,1.5470011490878962e-15,8.4372254190326870e-15,4.0255877188267391e+01,-3.0070458925566184e-04,2.8064433123077664e-06,8.1119512241790623e+00,4.0592529337857286e-16,9.0405673427983613e-01,7.9297592178207522e-05,2.2927831561365061e-04,1.6035285964700555e-01,1.7868239181492218e-02,5.4763602111328624e-01,4.5500168543520942e+00,3.8139682351135888e-03,3.1688236497760432e-02,4.0238965358666242e+01,-7.2068659728162824e-04,nan,nan,2.5122419118695817e-04,nan,nan,nan,-4.3867327051521103e-04,nan,nan,nan,4.0267985956444576e+01,0.0000000000000000e+00,nan,nan,2.9204820231999975e+01,2.5144781524999985e+01,4.0600367650000067e+00,7.8911867159999929e+00,2.4382830380000087e+00,0.0000000000000000e+00,1.0329470652999987e+01,3.9534290884999962e+01,4.3987538564000005e+01,0,0,0,nan,2359296,0,154536,8.8203125000000000e+02,8.8203125000000000e+02
exp3_remap,b,B_l2,B,2,2,mod2,0,16,2.9999999999999999e-01,1,16,1.4999999999999999e-01,2,deformed:0.15:2,0.0000000000000000e+00,2.0000000000000000e+00,0,1,9.0770343146455312e-01,9.7525634503189629e-01,98304,98304,98304,98304,0.0000000000000000e+00,1.4238985128707538e-01,1.5866607713859272e-02,2.2895936158514450e-13,1.4495071809506044e-12,1.5945695654614151e-15,1.0094979386995163e-14,4.0256624863955217e+01,-2.8213709276763527e-04,3.6969876519660581e-06,8.1120191625126132e+00,3.4347524824340780e-16,9.0405591032461663e-01,1.5459704014468299e-04,3.7401986994639862e-04,1.2999420080759166e-01,1.4485351102251780e-02,2.2212915832502884e-13,1.2114753644709708e-12,1.5470011490878962e-15,8.4372254190326870e-15,4.0255877188267391e+01,-3.0070458925566184e-04,2.8064433123077664e-06,8.1119512241790623e+00,4.0592529337857286e-16,9.0405673427983613e-01,7.9297592178207522e-05,2.2927831561365061e-04,1.2999420080759166e-01,1.4485351102251780e-02,2.2212915832502884e-13,1.2114753644709708e-12,1.5470011490878962e-15,8.4372254190326870e-15,4.0255877188267391e+01,-3.0070458925566184e-04,2.8064433123077664e-06,8.1119512241790623e+00,4.0592529337857286e-16,9.0405673427983613e-01,7.9297592178207522e-05,2.2927831561365061e-04,1.4728863908969428e-01,1.6412483305658893e-02,2.0791320333503984e+00,1.0988344755787452e+01,1.4479952424760545e-02,7.6527467586688963e-02,4.0239792135339115e+01,-7.0015473671706369e-04,nan,nan,6.8662921955143369e-04,nan,nan,nan,-4.1813561551637282e-04,nan,nan,nan,4.0267985956444576e+01,0.0000000000000000e+00,nan,nan,8.6764000550000162e+00,8.2363399270000173e+00,2.7140227099999947e-01,2.9371749549999890e+00,2.0434668030000012e+00,1.8328136359999974e+00,6.8134667139999863e+00,1.5489866769000002e+01,2.0025670798999982e+01,20,20,0,nan,884736,0,54240,8.8562500000000000e+02,8.8562500000000000e+02
exp3_remap,b,B_l2c,B,2,2,mod2,0,16,2.9999999999999999e-01,1,16,1.4999999999999999e-01,2,deformed:0.15:2,0.0000000000000000e+00,2.0000000000000000e+00,0,1,9.0770343146455312e-01,9.7525634503189629e-01,98304,98304,98304,98304,0.0000000000000000e+00,1.4238985128707538e-01,1.5866607713859272e-02,2.2895936158514450e-13,1.4495071809506044e-12,1.5945695654614151e-15,1.0094979386995163e-14,4.0256624863955217e+01,-2.8213709276763527e-04,3.6969876519660581e-06,8.1120191625126132e+00,3.4347524824340780e-16,9.0405591032461663e-01,1.5459704014468299e-04,3.7401986994639862e-04,1.2999420080759166e-01,1.4485351102251780e-02,2.2212915832502884e-13,1.2114753644709708e-12,1.5470011490878962e-15,8.4372254190326870e-15,4.0255877188267391e+01,-3.0070458925566184e-04,2.8064433123077664e-06,8.1119512241790623e+00,4.0592529337857286e-16,9.0405673427983613e-01,7.9297592178207522e-05,2.2927831561365061e-04,1.2999420080759166e-01,1.4485351102251780e-02,2.2212915832502884e-13,1.2114753644709708e-12,1.5470011490878962e-15,8.4372254190326870e-15,4.0255877188267391e+01,-3.0070458925566184e-04,2.8064433123077664e-06,8.1119512241790623e+00,4.0592529337857286e-16,9.0405673427983613e-01,7.9297592178207522e-05,2.2927831561365061e-04,1.4748550128352275e-01,1.6434419807277036e-02,1.7773616717382992e-12,7.7200468240334885e-12,1.2378296344600693e-14,5.3765662274363727e-14,4.0239623375170289e+01,-7.0434566320165602e-04,nan,nan,4.9997702263101379e-06,nan,nan,nan,-4.2232772475047698e-04,nan,nan,nan,4.0267985956444576e+01,0.0000000000000000e+00,nan,nan,7.7978302450000001e+00,7.1727766120000069e+00,3.0150938599999222e-01,2.5817649889999927e+00,2.0752104510000038e+00,6.8194221960000021e+01,7.2851200818000024e+01,8.0649031063000024e+01,8.5281196681000011e+01,31,20,832,1.0988344755787452e+01,884736,0,54240,8.9012890625000000e+02,8.9012890625000000e+02
exp3_remap,b,A_pt,A,3,3,mod2,0,16,2.9999999999999999e-01,1,16,1.4999999999999999e-01,2,deformed:0.15:2,0.0000000000000000e+00,2.0000000000000000e+00,0,1,9.0998581936420997e-01,9.7744430013505124e-01,331776,331776,331776,331776,0.0000000000000000e+00,1.1410806325795620e-02,1.2715146903637170e-03,5.9117414316119772e-13,4.3627323975670151e-12,4.1171860807360175e-15,3.0383908547132065e-14,4.0267956703401737e+01,-7.2645905040467703e-07,2.6274297124516391e-08,8.1140657269815062e+00,2.1597307275911248e-16,9.0415674610191621e-01,8.7263200589555797e-06,2.6635557045987077e-05,1.0663814706493073e-02,1.1882768550694311e-03,5.7120176485286238e-13,4.5474735088646412e-12,3.9780900141683299e-15,3.1670523567043549e-14,4.0267961161812778e+01,-6.1574054945794594e-07,5.9030095259984687e-08,8.1140666165345383e+00,4.2674197509029455e-16,9.0415679517203518e-01,6.4650293942901940e-06,2.0687409054392301e-05,1.0663814706493073e-02,1.1882768550694311e-03,5.7120176485286238e-13,4.5474735088646412e-12,3.9780900141683299e-15,3.1670523567043549e-14,4.0267961161812778e+01,-6.1574054945794594e-07,5.9030095259984687e-08,8.1140666165345383e+00,4.2674197509029455e-16,9.0415679517203518e-01,6.4650293942901940e-06,2.0687409054392301e-05,2.2058018713601066e-02,2.4579415366342535e-03,5.7578881132723766e-13,4.0074610296869650e-12,4.0100361405584314e-15,2.7909648893457129e-14,4.0267983504834056e+01,-6.0882372477694172e-08,-2.1316319595845025e-05,8.1140610020236537e+00,4.3021142204224816e-16,9.0415591870341983e-01,8.1750111399752970e-05,2.5270633248441316e-04,6.6557716144153549e-07,-8.1229932781169987e+02,-2.6303205582867701e-06,9.9999908489484823e-01,4.0267985956444576e+01,0.0000000000000000e+00,nan,nan,1.0567583215000013e+01,8.9357518749999940e+00,1.6318294889999834e+00,4.2343699259999994e+00,1.2015496570000437e+00,0.0000000000000000e+00,5.4359205290000432e+00,1.6003503744000056e+01,6.6488569136000024e+01,0,0,0,nan,589824,0,39264,1.6780664062500000e+03,1.6780664062500000e+03
exp3_remap,b,A_int,A,3,3,mod2,0,16,2.9999999999999999e-01,1,16,1.4999999999999999e-01,2,deformed:0.15:2,0.0000000000000000e+00,2.0000000000000000e+00,5,1,9.0998581936420997e-01,9.7744430013505124e-01,331776,331776,331776,331776,0.0000000000000000e+00,1.1410806325795620e-02,1.2715146903637170e-03,5.9117414316119772e-13,4.3627323975670151e-12,4.1171860807360175e-15,3.0383908547132065e-14,4.0267956703401737e+01,-7.2645905040467703e-07,2.6274297124516391e-08,8.1140657269815062e+00,2.1597307275911248e-16,9.0415674610191621e-01,8.7263200589555797e-06,2.6635557045987077e-05,1.0663814706493073e-02,1.1882768550694311e-03,5.7120176485286238e-13,4.5474735088646412e-12,3.9780900141683299e-15,3.1670523567043549e-14,4.0267961161812778e+01,-6.1574054945794594e-07,5.9030095259984687e-08,8.1140666165345383e+00,4.2674197509029455e-16,9.0415679517203518e-01,6.4650293942901940e-06,2.0687409054392301e-05,1.0663814706493073e-02,1.1882768550694311e-03,5.7120176485286238e-13,4.5474735088646412e-12,3.9780900141683299e-15,3.1670523567043549e-14,4.0267961161812778e+01,-6.1574054945794594e-07,5.9030095259984687e-08,8.1140666165345383e+00,4.2674197509029455e-16,9.0415679517203518e-01,6.4650293942901940e-06,2.0687409054392301e-05,1.4386734656741998e-02,1.6031246118917060e-03,5.7562470643104695e-13,4.0958347824471275e-12,4.0088932448445492e-15,2.8525120982308854e-14,4.0267852636774549e+01,-3.3108104828356766e-06,-1.3029898847216524e-06,8.1140484938709463e+00,2.5673907444456745e-16,9.0415599413283221e-01,6.4613136710845931e-05,1.9921503368074272e-04,-2.5843533098578510e-06,-5.0591807481915097e+01,-1.6382221029169122e-07,9.9999916831999847e-01,4.0267985956444576e+01,0.0000000000000000e+00,nan,nan,5.2526168089999999e+01,4.5042394141000045e+01,7.4837717429999771e+00,2.0432244475999994e+01,5.9831393050000088e+00,0.0000000000000000e+00,2.6415384814999982e+01,7.8941552904999980e+01,1.3157146781799997e+02,0,0,0,nan,2949120,0,194280,2.1327500000000000e+03,2.1327500000000000e+03
exp3_remap,b,A_l2,A,3,3,mod2,0,16,2.9999999999999999e-01,1,16,1.4999999999999999e-01,2,deformed:0.15:2,0.0000000000000000e+00,2.0000000000000000e+00,0,1,9.0998581936420997e-01,9.7744430013505124e-01,331776,331776,331776,331776,0.0000000000000000e+00,1.1410806325795620e-02,1.2715146903637170e-03,5.9117414316119772e-13,4.3627323975670151e-12,4.1171860807360175e-15,3.0383908547132065e-14,4.0267956703401737e+01,-7.2645905040467703e-07,2.6274297124516391e-08,8.1140657269815062e+00,2.1597307275911248e-16,9.0415674610191621e-01,8.7263200589555797e-06,2.6635557045987077e-05,1.0663814706493073e-02,1.1882768550694311e-03,5.7120176485286238e-13,4.5474735088646412e-12,3.9780900141683299e-15,3.1670523567043549e-14,4.0267961161812778e+01,-6.1574054945794594e-07,5.9030095259984687e-08,8.1140666165345383e+00,4.2674197509029455e-16,9.0415679517203518e-01,6.4650293942901940e-06,2.0687409054392301e-05,1.0663814706493073e-02,1.1882768550694311e-03,5.7120176485286238e-13,4.5474735088646412e-12,3.9780900141683299e-15,3.1670523567043549e-14,4.0267961161812778e+01,-6.1574054945794594e-07,5.9030095259984687e-08,8.1140666165345383e+00,4.2674197509029455e-16,9.0415679517203518e-01,6.4650293942901940e-06,2.0687409054392301e-05,1.8864441989184248e-02,2.1020788917026690e-03,5.7479577766105590e-13,4.3769432522822171e-12,4.0031202352614855e-15,3.0482878933279418e-14,4.0268036178162511e+01,1.2471872317846704e-06,-8.7467398823664951e-06,8.1140715852998575e+00,4.5796699765787707e-16,9.0415650665618053e-01,5.5851743539241425e-05,1.7728685820795831e-04,1.9736477159635932e-06,-3.3390100362779884e+02,-1.0812106377593566e-06,9.9999973517231755e-01,4.0267985956444576e+01,0.0000000000000000e+00,nan,nan,3.3760335220999934e+01,3.1912800914000002e+01,1.3529118870000048e+00,1.5034598825999979e+01,1.1031156105999912e+01,5.8224546449999934e+00,3.1888216421000038e+01,6.5648551641999973e+01,1.1292546039699994e+02,27,27,0,nan,2097152,0,129480,2.1603007812500000e+03,2.1603007812500000e+03
exp3_remap,b,B_pt,B,3,3,mod2,0,16,2.9999999999999999e-01,1,16,1.4999999999999999e-01,2,deformed:0.15:2,0.0000000000000000e+00,2.0000000000000000e+00,0,1,9.0998581936420997e-01,9.7744430013505124e-01,331776,331776,331776,331776,0.0000000000000000e+00,1.1410806325795620e-02,1.2715146903637170e-03,5.9117414316119772e-13,4.3627323975670151e-12,4.1171860807360175e-15,3.0383908547132065e-14,4.0267956703401737e+01,-7.2645905040467703e-07,2.6274297124516391e-08,8.1140657269815062e+00,2.1597307275911248e-16,9.0415674610191621e-01,8.7263200589555797e-06,2.6635557045987077e-05,1.0663814706493073e-02,1.1882768550694311e-03,5.7120176485286238e-13,4.5474735088646412e-12,3.9780900141683299e-15,3.1670523567043549e-14,4.0267961161812778e+01,-6.1574054945794594e-07,5.9030095259984687e-08,8.1140666165345383e+00,4.2674197509029455e-16,9.0415679517203518e-01,6.4650293942901940e-06,2.0687409054392301e-05,1.0663814706493073e-02,1.1882768550694311e-03,5.7120176485286238e-13,4.5474735088646412e-12,3.9780900141683299e-15,3.1670523567043549e-14,4.0267961161812778e+01,-6.1574054945794594e-07,5.9030095259984687e-08,8.1140666165345383e+00,4.2674197509029455e-16,9.0415679517203518e-01,6.4650293942901940e-06,2.0687409054392301e-05,1.5087399575093386e-02,1.6812002282214904e-03,5.9688844056570023e-01,5.3230520701270621e+00,4.1569828580599140e-03,3.7071979794259226e-02,4.0267274296535589e+01,-1.7673094198370785e-05,nan,nan,6.6867810156119676e-05,nan,nan,nan,-1.6946647459011528e-05,nan,nan,nan,4.0267985956444576e+01,0.0000000000000000e+00,nan,nan,4.6469404590000067e+00,3.8463013190000765e+00,8.0063731099994584e-01,1.9539815599999883e+00,5.3829279499996119e-01,0.0000000000000000e+00,2.4922754839999470e+00,7.1392159429999538e+00,2.0028041819999999e+01,0,0,0,nan,442368,0,28440,2.1603007812500000e+03,2.1603007812500000e+03
exp3_remap,b,B_int,B,3,3,mod2,0,16,2.9999999999999999e-01,1,16,1.4999999999999999e-01,2,deformed:0.15:2,0.0000000000000000e+00,2.0000000000000000e+00,5,1,9.0998581936420997e-01,9.7744430013505124e-01,331776,331776,331776,331776,0.0000000000000000e+00,1.1410806325795620e-02,1.2715146903637170e-03,5.9117414316119772e-13,4.3627323975670151e-12,4.1171860807360175e-15,3.0383908547132065e-14,4.0267956703401737e+01,-7.2645905040467703e-07,2.6274297124516391e-08,8.1140657269815062e+00,2.1597307275911248e-16,9.0415674610191621e-01,8.7263200589555797e-06,2.6635557045987077e-05,1.0663814706493073e-02,1.1882768550694311e-03,5.7120176485286238e-13,4.5474735088646412e-12,3.9780900141683299e-15,3.1670523567043549e-14,4.0267961161812778e+01,-6.1574054945794594e-07,5.9030095259984687e-08,8.1140666165345383e+00,4.2674197509029455e-16,9.0415679517203518e-01,6.4650293942901940e-06,2.0687409054392301e-05,1.0663814706493073e-02,1.1882768550694311e-03,5.7120176485286238e-13,4.5474735088646412e-12,3.9780900141683299e-15,3.1670523567043549e-14,4.0267961161812778e+01,-6.1574054945794594e-07,5.9030095259984687e-08,8.1140666165345383e+00,4.2674197509029455e-16,9.0415679517203518e-01,6.4650293942901940e-06,2.0687409054392301e-05,1.2794556526731900e-02,1.4257070110507289e-03,1.6262112541809687e-01,1.4152755727953945e+00,1.1325621083912254e-03,9.8565760294595656e-03,4.0267781162543216e+01,-5.0857746295595159e-06,nan,nan,9.3916240195349165e-06,nan,nan,nan,-4.3593187460213960e-06,nan,nan,nan,4.0267985956444576e+01,0.0000000000000000e+00,nan,nan,1.4333785111999998e+02,1.1834919579999996e+02,2.4988653440999997e+01,4.6135246457999983e+01,1.4305008643999940e+01,0.0000000000000000e+00,6.0440256786999953e+01,2.0377810790699994e+02,2.1787364175300002e+02,0,0,0,nan,11059200,0,702960,3.8101679687500000e+03,3.8101679687500000e+03
exp3_remap,b,B_l2,B,3,3,mod2,0,16,2.9999999999999999e-01,1,16,1.4999999999999999e-01,2,deformed:0.15:2,0.0000000000000000e+00,2.0000000000000000e+00,0,1,9.0998581936420997e-01,9.7744430013505124e-01,331776,331776,331776,331776,0.0000000000000000e+00,1.1410806325795620e-02,1.2715146903637170e-03,5.9117414316119772e-13,4.3627323975670151e-12,4.1171860807360175e-15,3.0383908547132065e-14,4.0267956703401737e+01,-7.2645905040467703e-07,2.6274297124516391e-08,8.1140657269815062e+00,2.1597307275911248e-16,9.0415674610191621e-01,8.7263200589555797e-06,2.6635557045987077e-05,1.0663814706493073e-02,1.1882768550694311e-03,5.7120176485286238e-13,4.5474735088646412e-12,3.9780900141683299e-15,3.1670523567043549e-14,4.0267961161812778e+01,-6.1574054945794594e-07,5.9030095259984687e-08,8.1140666165345383e+00,4.2674197509029455e-16,9.0415679517203518e-01,6.4650293942901940e-06,2.0687409054392301e-05,1.0663814706493073e-02,1.1882768550694311e-03,5.7120176485286238e-13,4.5474735088646412e-12,3.9780900141683299e-15,3.1670523567043549e-14,4.0267961161812778e+01,-6.1574054945794594e-07,5.9030095259984687e-08,8.1140666165345383e+00,4.2674197509029455e-16,9.0415679517203518e-01,6.4650293942901940e-06,2.0687409054392301e-05,1.2482753377208862e-02,1.3909625527012812e-03,3.0617604415896116e-01,2.5262421585976913e+00,2.1323391116623604e-03,1.7593815920854579e-02,4.0268023807839988e+01,9.3998730040120710e-07,nan,nan,2.9912135029157641e-04,nan,nan,nan,1.6664475614117970e-06,nan,nan,nan,4.0267985956444576e+01,0.0000000000000000e+00,nan,nan,2.1375039385999912e+01,2.0128530727999987e+01,9.5035911200000101e-01,9.1962021389999791e+00,5.7250022370000124e+00,2.4313459619999094e+00,1.7352557477000005e+01,3.8727596862999917e+01,5.2947617009000055e+01,19,19,0,nan,2097152,0,129480,3.8104179687500000e+03,3.8104179687500000e+03
exp3_remap,b,B_l2c,B,3,3,mod2,0,16,2.9999999999999999e-01,1,16,1.4999999999999999e-01,2,deformed:0.15:2,0.0000000000000000e+00,2.0000000000000000e+00,0,1,9.0998581936420997e-01,9.7744430013505124e-01,331776,331776,331776,331776,0.0000000000000000e+00,1.1410806325795620e-02,1.2715146903637170e-03,5.9117414316119772e-13,4.3627323975670151e-12,4.1171860807360175e-15,3.0383908547132065e-14,4.0267956703401737e+01,-7.2645905040467703e-07,2.6274297124516391e-08,8.1140657269815062e+00,2.1597307275911248e-16,9.0415674610191621e-01,8.7263200589555797e-06,2.6635557045987077e-05,1.0663814706493073e-02,1.1882768550694311e-03,5.7120176485286238e-13,4.5474735088646412e-12,3.9780900141683299e-15,3.1670523567043549e-14,4.0267961161812778e+01,-6.1574054945794594e-07,5.9030095259984687e-08,8.1140666165345383e+00,4.2674197509029455e-16,9.0415679517203518e-01,6.4650293942901940e-06,2.0687409054392301e-05,1.0663814706493073e-02,1.1882768550694311e-03,5.7120176485286238e-13,4.5474735088646412e-12,3.9780900141683299e-15,3.1670523567043549e-14,4.0267961161812778e+01,-6.1574054945794594e-07,5.9030095259984687e-08,8.1140666165345383e+00,4.2674197509029455e-16,9.0415679517203518e-01,6.4650293942901940e-06,2.0687409054392301e-05,1.2395132794279272e-02,1.3811989255576541e-03,2.6270472707707630e-13,1.4779288903810084e-12,1.8295865240005602e-15,1.0292920159289153e-14,4.0268021949958310e+01,8.9384936641450590e-07,nan,nan,8.8647277889496862e-06,nan,nan,nan,1.6203095939077518e-06,nan,nan,nan,4.0267985956444576e+01,0.0000000000000000e+00,nan,nan,2.0652411437999945e+01,1.8974933262000036e+01,9.7372043799998664e-01,8.8109804470000199e+00,6.5365426900000330e+00,1.8100362859899997e+02,1.9635115536499984e+02,2.1700356680299979e+02,2.3120806403800009e+02,54,19,1375,2.5262421585976913e+00,2097152,0,129480,3.8104804687500000e+03,3.8104804687500000e+03
exp3_remap,c,A_pt,A,1,1,abc,1,8,2.9999999999999999e-01,1,8,0.0000000000000000e+00,1,uniform,5.0000000000000000e-01,2.0000000000000000e+00,0,1,8.7664045879113228e-01,9.9999999999999756e-01,1536,1536,1536,1536,9.3774089356605168e-15,2.0744160449229572e+00,2.3289406796722628e-01,1.8708127655784248e-14,7.1054273576010019e-14,2.6254448598132956e-16,9.9715525123768991e-16,3.7695369808696064e+01,-4.9738505209359130e-02,1.1269531761367215e+01,1.8803473437348821e+01,5.5511151231257827e-16,2.1710947520946453e+00,7.2786983216796286e-01,7.8599335637964229e-01,1.9940339026590537e+00,2.2386958893392134e-01,1.0434915276310956e-14,4.2632564145606011e-14,1.4644060153345952e-16,5.9829315074261653e-16,3.7680332008120700e+01,-5.0117592692135650e-02,1.1313708498984756e+01,1.1632731522625619e+01,6.1062266354383610e-16,1.3434053201191207e+00,9.4658665712614442e-17,4.9531482977069434e-11,1.9940339026590537e+00,2.2386958893392134e-01,1.0434915276310956e-14,4.2632564145606011e-14,1.4644060153345952e-16,5.9829315074261653e-16,3.7680332008120700e+01,-5.0117592692135650e-02,1.1313708498984756e+01,1.1632731522625619e+01,6.1062266354383610e-16,1.3434053201191207e+00,9.4658665712614442e-17,4.9531482977069434e-11,3.7165483466976639e+00,4.1725576958282684e-01,1.4548542403764923e-14,4.9737991503207013e-14,2.0417006220251467e-16,6.9800867586638603e-16,3.9969454870365510e+01,7.5888397921628371e-03,1.0536408498089909e+01,1.7656512241681401e+01,4.9960036108132044e-16,1.9795228003250571e+00,6.2463139402179668e-01,7.4945578147820013e-01,6.0327967949655982e-02,-6.5053569110165438e-02,-3.8988714809526842e-02,9.1176250986523644e-01,3.9668417604357430e+01,1.2566370614359172e+01,3.4509967083279541e-01,1.1523703154516569e+00,5.8731714999999962e-02,4.9026791999999930e-02,9.7039569999999298e-03,1.1372201999999998e-02,9.3590300000001569e-04,0.0000000000000000e+00,1.2308312000000043e-02,7.1040027000000006e-02,4.9701723700000011e-01,0,0,0,nan,6144,0,576,3.9156250000000000e+01,3.9156250000000000e+01
exp3_remap,c,A_int,A,1,1,abc,1,8,2.9999999999999999e-01,1,8,0.0000000000000000e+00,1,uniform,5.0000000000000000e-01,2.0000000000000000e+00,3,1,8.7664045879113228e-01,9.9999999999999756e-01,1536,1536,1536,1536,9.3774089356605168e-15,2.0744160449229572e+00,2.3289406796722628e-01,1.8708127655784248e-14,7.1054273576010019e-14,2.6254448598132956e-16,9.9715525123768991e-16,3.7695369808696064e+01,-4.9738505209359130e-02,1.1269531761367215e+01,1.8803473437348821e+01,5.5511151231257827e-16,2.1710947520946453e+00,7.2786983216796286e-01,7.8599335637964229e-01,1.9940339026590537e+00,2.2386958893392134e-01,1.0434915276310956e-14,4.2632564145606011e-14,1.4644060153345952e-16,5.9829315074261653e-16,3.7680332008120700e+01,-5.0117592692135650e-02,1.1313708498984756e+01,1.1632731522625619e+01,6.1062266354383610e-16,1.3434053201191207e+00,9.4658665712614442e-17,4.9531482977069434e-11,1.9940339026590537e+00,2.2386958893392134e-01,1.0434915276310956e-14,4.2632564145606011e-14,1.4644060153345952e-16,5.9829315074261653e-16,3.7680332008120700e+01,-5.0117592692135650e-02,1.1313708498984756e+01,1.1632731522625619e+01,6.1062266354383610e-16,1.3434053201191207e+00,9.4658665712614442e-17,4.9531482977069434e-11,2.3521591936883430e+00,2.6407620808049476e-01,1.4768939739790571e-14,6.3948846218409017e-14,2.0726305506439618e-16,8.9743972611392474e-16,3.5887859210737048e+01,-9.5303987956532485e-02,1.0553922964306910e+01,1.6190249699402024e+01,4.4408920985006262e-16,1.9160968760888852e+00,5.9698273477074781e-01,7.3548814893747172e-01,-4.7950467315538467e-02,-6.3499425904585044e-02,-3.8057266357975718e-02,8.8254871153838810e-01,3.9668417604357430e+01,1.2566370614359172e+01,1.3623639031890500e-01,1.0863005606593519e+00,1.6564240100000016e-01,1.4350983799999995e-01,2.2131453999999939e-02,2.6039413999999983e-02,1.0838145999999993e-02,0.0000000000000000e+00,3.6878273999999989e-02,2.0252067500000015e-01,6.7110033800000002e-01,0,0,0,nan,18432,0,2160,4.1316406250000000e+01,4.1316406250000000e+01
exp3_remap,c,A_l2,A,1,1,abc,1,8,2.9999999999999999e-01,1,8,0.0000000000000000e+00,1,uniform,5.0000000000000000e-01,2.0000000000000000e+00,0,1,8.7664045879113228e-01,9.9999999999999756e-01,1536,1536,1536,1536,9.3774089356605168e-15,2.0744160449229572e+00,2.3289406796722628e-01,1.8708127655784248e-14,7.1054273576010019e-14,2.6254448598132956e-16,9.9715525123768991e-16,3.7695369808696064e+01,-4.9738505209359130e-02,1.1269531761367215e+01,1.8803473437348821e+01,5.5511151231257827e-16,2.1710947520946453e+00,7.2786983216796286e-01,7.8599335637964229e-01,1.9940339026590537e+00,2.2386958893392134e-01,1.0434915276310956e-14,4.2632564145606011e-14,1.4644060153345952e-16,5.9829315074261653e-16,3.7680332008120700e+01,-5.0117592692135650e-02,1.1313708498984756e+01,1.1632731522625619e+01,6.1062266354383610e-16,1.3434053201191207e+00,9.4658665712614442e-17,4.9531482977069434e-11,1.9940339026590537e+00,2.2386958893392134e-01,1.0434915276310956e-14,4.2632564145606011e-14,1.4644060153345952e-16,5.9829315074261653e-16,3.7680332008120700e+01,-5.0117592692135650e-02,1.1313708498984756e+01,1.1632731522625619e+01,6.1062266354383610e-16,1.3434053201191207e+00,9.4658665712614442e-17,4.9531482977069434e-11,2.4991365167114759e+00,2.8057730810889425e-01,1.7071213389236049e-14,7.1054273576010019e-14,2.3957250168585641e-16,9.9715525123769425e-16,3.8640861313294771e+01,-2.5903637027099000e-02,1.1261569208489059e+01,1.8361386525105736e+01,6.6613381477509392e-16,2.0938108159101452e+00,6.7965410866436871e-01,7.6764657353955490e-01,2.5082430797126389e-02,-7.0655578659024963e-04,-4.2346180904751434e-04,9.6440324121739152e-01,3.9668417604357430e+01,1.2566370614359172e+01,1.6815918300400493e-01,1.1998295686700831e+00,2.2815752100000020e-01,2.1646226800000012e-01,9.7305130000000517e-03,5.7789008999999947e-02,2.5993789000000156e-02,4.7381488000000083e-02,1.3116813400000016e-01,3.5932565500000035e-01,8.7675222300000022e-01,15,15,0,nan,32768,0,2160,4.5582031250000000e+01,4.5582031250000000e+01
exp3_remap,c,A_pt,A,2,2,abc,1,8,2.9999999999999999e-01,1,8,0.0000000000000000e+00,1,uniform,5.0000000000000000e-01,2.0000000000000000e+00,0,1,9.0102538012759037e-01,9.9999999999998312e-01,12288,12288,12288,12288,4.5994455045704708e-14,2.2214277755491812e-01,2.4939903092691843e-02,1.4486795718730259e-13,8.3844042819691822e-13,2.0330352697345476e-15,1.1766431964604761e-14,3.9660626792931836e+01,-1.9639834145382081e-04,1.2556061256342810e+01,2.1199206360103972e+01,4.9960036108132044e-16,2.3859845157568551e+00,3.7651767949063031e-01,8.0557189071203661e-01,2.0254441727229264e-01,2.2739601054497086e-02,8.4790861886317085e-14,4.4053649617126212e-13,1.1899305830839918e-15,6.1823625576736998e-15,3.9658128469587318e+01,-2.5937850288692903e-04,1.2556590281248958e+01,1.2559878392954451e+01,8.8817841970012523e-16,1.4136671625649608e+00,1.7228396484440912e-15,8.0948539144800970e-11,2.0254441727229264e-01,2.2739601054497086e-02,8.4790861886317085e-14,4.4053649617126212e-13,1.1899305830839918e-15,6.1823625576736998e-15,3.9658128469587318e+01,-2.5937850288692903e-04,1.2556590281248958e+01,1.2559878392954451e+01,8.8817841970012523e-16,1.4136671625649608e+00,1.7228396484440912e-15,8.0948539144800970e-11,1.1832862941454512e+00,1.3284719778747855e-01,1.4592956593723725e-13,6.9633188104489818e-13,2.0479335817780178e-15,9.7721214621293964e-15,4.0315879952538232e+01,1.6321859738354701e-02,1.2549489577505167e+01,2.1385939779224227e+01,4.9960036108132044e-16,2.3872673423831756e+00,3.7998915879221817e-01,8.0586203594965444e-01,1.6521502875571609e-02,-5.2338696853070446e-04,-3.0999645581122881e-04,1.0005376508597810e+00,3.9668417604357430e+01,1.2566370614359172e+01,1.2719911639332887e-01,1.3612730963288111e+00,3.4551378599999971e-01,3.0768848299999974e-01,3.7824187999999204e-02,1.0651571899999990e-01,2.5516191000000354e-02,0.0000000000000000e+00,1.3203284899999979e-01,4.7754663499999950e-01,4.3347129119999996e+00,0,0,0,nan,27648,0,2496,8.5421875000000000e+01,8.5421875000000000e+01
exp3_remap,c,A_int,A,2,2,abc,1,8,2.9999999999999999e-01,1,8,0.0000000000000000e+00,1,uniform,5.0000000000000000e-01,2.0000000000000000e+00,4,1,9.0102538012759037e-01,9.9999999999998312e-01,12288,12288,12288,12288,4.5994455045704708e-14,2.2214277755491812e-01,2.4939903092691843e-02,1.4486795718730259e-13,8.3844042819691822e-13,2.0330352697345476e-15,1.1766431964604761e-14,3.9660626792931836e+01,-1.9639834145382081e-04,1.2556061256342810e+01,2.1199206360103972e+01,4.9960036108132044e-16,2.3859845157568551e+00,3.7651767949063031e-01,8.0557189071203661e-01,2.0254441727229264e-01,2.2739601054497086e-02,8.4790861886317085e-14,4.4053649617126212e-13,1.1899305830839918e-15,6.1823625576736998e-15,3.9658128469587318e+01,-2.5937850288692903e-04,1.2556590281248958e+01,1.2559878392954451e+01,8.8817841970012523e-16,1.4136671625649608e+00,1.7228396484440912e-15,8.0948539144800970e-11,2.0254441727229264e-01,2.2739601054497086e-02,8.4790861886317085e-14,4.4053649617126212e-13,1.1899305830839918e-15,6.1823625576736998e-15,3.9658128469587318e+01,-2.5937850288692903e-04,1.2556590281248958e+01,1.2559878392954451e+01,8.8817841970012523e-16,1.4136671625649608e+00,1.7228396484440912e-15,8.0948539144800970e-11,4.4471101489885911e-01,4.9927572428449883e-02,1.4464606559893394e-13,7.6294526252240757e-13,2.0299213069648023e-15,1.0706954510164733e-14,3.9706643270624291e+01,9.6362972297291789e-04,1.2546916330103585e+01,2.1188132196629386e+01,7.7715611723760958e-16,2.3833490602218257e+00,3.7689917673837553e-01,8.0525584388129967e-01,1.1602559367683821e-03,-7.2832762221554728e-04,-4.3138059434315844e-04,9.9889544315244916e-01,3.9668417604357430e+01,1.2566370614359172e+01,4.0519784625866223e-02,1.3580845741739374e+00,1.2276093639999992e+00,1.0703205520000001e+00,1.5728804300000121e-01,3.9551238499999997e-01,1.1783158499999935e-01,0.0000000000000000e+00,5.1334492699999856e-01,1.7409542909999978e+00,6.0301306769999989e+00,0,0,0,nan,110592,0,9792,9.8988281250000000e+01,9.8988281250000000e+01
exp3_remap,c,A_l2,A,2,2,abc,1,8,2.9999999999999999e-01,1,8,0.0000000000000000e+00,1,uniform,5.0000000000000000e-01,2.0000000000000000e+00,0,1,9.0102538012759037e-01,9.9999999999998312e-01,12288,12288,12288,12288,4.5994455045704708e-14,2.2214277755491812e-01,2.4939903092691843e-02,1.4486795718730259e-13,8.3844042819691822e-13,2.0330352697345476e-15,1.1766431964604761e-14,3.9660626792931836e+01,-1.9639834145382081e-04,1.2556061256342810e+01,2.1199206360103972e+01,4.9960036108132044e-16,2.3859845157568551e+00,3.7651767949063031e-01,8.0557189071203661e-01,2.0254441727229264e-01,2.2739601054497086e-02,8.4790861886317085e-14,4.4053649617126212e-13,1.1899305830839918e-15,6.1823625576736998e-15,3.9658128469587318e+01,-2.5937850288692903e-04,1.2556590281248958e+01,1.2559878392954451e+01,8.8817841970012523e-16,1.4136671625649608e+00,1.7228396484440912e-15,8.0948539144800970e-11,2.0254441727229264e-01,2.2739601054497086e-02,8.4790861886317085e-14,4.4053649617126212e-13,1.1899305830839918e-15,6.1823625576736998e-15,3.9658128469587318e+01,-2.5937850288692903e-04,1.2556590281248958e+01,1.2559878392954451e+01,8.8817841970012523e-16,1.4136671625649608e+00,1.7228396484440912e-15,8.0948539144800970e-11,5.2521822783786176e-01,5.8966093108984083e-02,1.4012323406292899e-13,6.8212102632969618e-13,1.9664491892495140e-15,9.5726904118818566e-15,3.9772956631265167e+01,2.6353213266630047e-03,1.2555852114685765e+01,2.1220627566295512e+01,5.2735593669694936e-16,2.3850039916656551e+00,3.7582593042466217e-01,8.0540581153796253e-01,2.8322759224105264e-03,-1.6656629238684142e-05,-9.8655418270140870e-06,9.9958904842645679e-01,3.9668417604357430e+01,1.2566370614359172e+01,5.0571487675549642e-02,1.3588324625656123e+00,1.2329775100000013e+00,1.1727693770000016e+00,3.6359382000000551e-02,4.2951373900000078e-01,2.8965409599999958e-01,1.9264762000000246e-01,9.1181883199999803e-01,2.1447963419999994e+00,6.8096913800000003e+00,18,18,0,nan,110592,0,8592,1.0584765625000000e+02,1.0584765625000000e+02
exp3_remap,c,A_pt,A,3,3,abc,1,8,2.9999999999999999e-01,1,8,0.0000000000000000e+00,1,uniform,5.0000000000000000e-01,2.0000000000000000e+00,0,1,9.0977720054037048e-01,9.9999999999996692e-01,41472,41472,41472,41472,1.5770737445494724e-13,1.7649500889531655e-02,1.9815041779176093e-03,3.8755786530590250e-13,2.7515767442309880e-12,5.4388756805012790e-15,3.8614837104179097e-14,3.9668444320879416e+01,6.7349603538960181e-07,1.2566329582044471e+01,2.1216500926415769e+01,1.1934897514720433e-15,2.3876944375016413e+00,2.1218696595531233e-01,8.0572340835491496e-01,1.3464715461453914e-02,1.5116795714698106e-03,2.2862620972623772e-13,1.8287593661625579e-12,3.2084745100548095e-15,2.5664283278730243e-14,3.9668387313158419e+01,-7.6360996580583265e-07,1.2566332157433365e+01,1.2566346644016324e+01,1.1934897514720433e-15,1.4142114073134975e+00,2.7932756189736299e-15,0.0000000000000000e+00,1.3464715461453914e-02,1.5116795714698106e-03,2.2862620972623772e-13,1.8287593661625579e-12,3.2084745100548095e-15,2.5664283278730243e-14,3.9668387313158419e+01,-7.6360996580583265e-07,1.2566332157433365e+01,1.2566346644016324e+01,1.1934897514720433e-15,1.4142114073134975e+00,2.7932756189736299e-15,0.0000000000000000e+00,2.1096770423950850e-01,2.3685280959090806e-02,3.7146039085486184e-13,2.7569058147491887e-12,5.2129683511786989e-15,3.8689623748022670e-14,3.9690402059908394e+01,5.5420550852900504e-04,1.2566285169704827e+01,2.1219854298670398e+01,1.0547118733938987e-15,2.3874079827228143e+00,2.1237727160315242e-01,8.0567122078011422e-01,5.5353163969225057e-04,-3.5342332344679904e-06,-2.0932923764466691e-06,9.9988002871124215e-01,3.9668417604357430e+01,1.2566370614359172e+01,2.3275702868757957e-02,1.3601009317750479e+00,1.2146475770000009e+00,1.0573534339999995e+00,1.5729269599999895e-01,5.4034340399999792e-01,1.4929771799999969e-01,0.0000000000000000e+00,6.8964223800000468e-01,1.9042898150000056e+00,2.1181240535000001e+01,0,0,0,nan,73728,0,6480,2.3439843750000000e+02,2.3439843750000000e+02
exp3_remap,c,A_int,A,3,3,abc,1,8,2.9999999999999999e-01,1,8,0.0000000000000000e+00,1,uniform,5.0000000000000000e-01,2.0000000000000000e+00,5,1,9.0977720054037048e-01,9.9999999999996692e-01,41472,41472,41472,41472,1.5770737445494724e-13,1.7649500889531655e-02,1.9815041779176093e-03,3.8755786530590250e-13,2.7515767442309880e-12,5.4388756805012790e-15,3.8614837104179097e-14,3.9668444320879416e+01,6.7349603538960181e-07,1.2566329582044471e+01,2.1216500926415769e+01,1.1934897514720433e-15,2.3876944375016413e+00,2.1218696595531233e-01,8.0572340835491496e-01,1.3464715461453914e-02,1.5116795714698106e-03,2.2862620972623772e-13,1.8287593661625579e-12,3.2084745100548095e-15,2.5664283278730243e-14,3.9668387313158419e+01,-7.6360996580583265e-07,1.2566332157433365e+01,1.2566346644016324e+01,1.1934897514720433e-15,1.4142114073134975e+00,2.7932756189736299e-15,0.0000000000000000e+00,1.3464715461453914e-02,1.5116795714698106e-03,2.2862620972623772e-13,1.8287593661625579e-12,3.2084745100548095e-15,2.5664283278730243e-14,3.9668387313158419e+01,-7.6360996580583265e-07,1.2566332157433365e+01,1.2566346644016324e+01,1.1934897514720433e-15,1.4142114073134975e+00,2.7932756189736299e-15,0.0000000000000000e+00,7.3620681306206651e-02,8.2653718369972030e-03,3.7455579814655226e-13,2.8288482667448989e-12,5.2564084073538797e-15,3.9699243439900838e-14,3.9670738577319767e+01,5.8509340742709986e-05,1.2566247173954745e+01,2.1216354468431899e+01,1.1657341758564144e-15,2.3876085783275633e+00,2.1229658917106570e-01,8.0570941362635828e-01,5.7835805755134507e-05,-6.5578488283580355e-06,-3.8841508320426400e-06,9.9996404097076685e-01,3.9668417604357430e+01,1.2566370614359172e+01,7.8992335191996922e-03,1.3602807133492560e+00,7.0296195510000032e+00,5.9327484040000016e+00,1.0968699169999994e+00,2.5525948369999938e+00,6.9915368799999555e-01,0.0000000000000000e+00,3.2517491110000023e+00,1.0281368662000006e+01,3.1464630184999997e+01,0,0,0,nan,368640,0,32016,2.9557421875000000e+02,2.9557421875000000e+02
exp3_remap,c,A_l2,A,3,3,abc,1,8,2.9999999999999999e-01,1,8,0.0000000000000000e+00,1,uniform,5.0000000000000000e-01,2.0000000000000000e+00,0,1,9.0977720054037048e-01,9.9999999999996692e-01,41472,41472,41472,41472,1.5770737445494724e-13,1.7649500889531655e-02,1.9815041779176093e-03,3.8755786530590250e-13,2.7515767442309880e-12,5.4388756805012790e-15,3.8614837104179097e-14,3.9668444320879416e+01,6.7349603538960181e-07,1.2566329582044471e+01,2.1216500926415769e+01,1.1934897514720433e-15,2.3876944375016413e+00,2.1218696595531233e-01,8.0572340835491496e-01,1.3464715461453914e-02,1.5116795714698106e-03,2.2862620972623772e-13,1.8287593661625579e-12,3.2084745100548095e-15,2.5664283278730243e-14,3.9668387313158419e+01,-7.6360996580583265e-07,1.2566332157433365e+01,1.2566346644016324e+01,1.1934897514720433e-15,1.4142114073134975e+00,2.7932756189736299e-15,0.0000000000000000e+00,1.3464715461453914e-02,1.5116795714698106e-03,2.2862620972623772e-13,1.8287593661625579e-12,3.2084745100548095e-15,2.5664283278730243e-14,3.9668387313158419e+01,-7.6360996580583265e-07,1.2566332157433365e+01,1.2566346644016324e+01,1.1934897514720433e-15,1.4142114073134975e+00,2.7932756189736299e-15,0.0000000000000000e+00,1.1858770686628529e-01,1.3313806326647510e-02,3.7480527071486949e-13,2.8115287875607464e-12,5.2599094336682387e-15,3.9456186847411646e-14,3.9675331148930866e+01,1.7428334657535325e-04,1.2566333016155760e+01,2.1218105450670457e+01,1.1934897514720433e-15,2.3876667594056329e+00,2.1235960066488388e-01,8.0571839916469934e-01,1.7360973361449635e-04,2.7327878568267008e-07,1.6186039821456428e-07,9.9998840802425393e-01,3.9668417604357430e+01,1.2566370614359172e+01,1.2945653940052997e-02,1.3603247915552992e+00,4.1414195810000081e+00,3.8711803049999958e+00,1.8553193299999293e-01,1.5675135190000020e+00,1.1584572849999972e+00,4.0156990899998846e-01,3.1275462729999930e+00,7.2689658540000011e+00,2.6556831285000001e+01,16,16,0,nan,262144,0,21024,2.9848828125000000e+02,2.9848828125000000e+02
exp3_remap,c,A_pt,A,1,1,abc,1,8,2.9999999999999999e-01,1,8,0.0000000000000000e+00,1,uniform,5.0000000000000000e-01,6.0000000000000000e+00,0,1,8.7664045879113228e-01,9.9999999999999756e-01,1536,1536,1536,1536,1.4814730533066880e-08,2.0744160449229443e+00,2.3289406796722484e-01,4.2953503130175147e-14,2.3203661214665772e-13,6.0279711620005631e-16,3.2563351173230810e-15,3.7695369808695951e+01,-4.9738505209361995e-02,1.1269531761367306e+01,2.2677892495527203e+01,2.2204460492503131e-16,2.6184445948060802e+00,1.2174458048648873e+00,8.5862025056656954e-01,1.9940339026590537e+00,2.2386958893392134e-01,1.0434915276310956e-14,4.2632564145606011e-14,1.4644060153345952e-16,5.9829315074261653e-16,3.7680332008120700e+01,-5.0117592692135650e-02,1.1313708498984756e+01,1.1632731522625619e+01,6.1062266354383610e-16,1.3434053201191207e+00,9.4658665712614442e-17,4.9531482977069434e-11,1.9940339026590537e+00,2.2386958893392134e-01,1.0434915276310956e-14,4.2632564145606011e-14,1.4644060153345952e-16,5.9829315074261653e-16,3.7680332008120700e+01,-5.0117592692135650e-02,1.1313708498984756e+01,1.1632731522625619e+01,6.1062266354383610e-16,1.3434053201191207e+00,9.4658665712614442e-17,4.9531482977069434e-11,2.0569348035742593e+01,2.3093145423755663e+00,3.6510426261250865e-14,1.9184653865522705e-13,5.1237682744567286e-16,2.6923191783417746e-15,2.4461212837144748e+02,5.1664201181692144e+00,1.0536408498089921e+01,3.8415342206055485e+01,6.6613381477509392e-16,1.7374785337909859e+00,5.3402133572739052e-01,5.6925521004545210e-01,5.4891823481996420e+00,-6.5053569110171849e-02,-3.2327662873522303e-02,6.6355367504717511e-01,3.9668417604357430e+01,1.2566370614359172e+01,9.2523538906449521e-01,8.9076650348365038e-01,5.8431694999999895e-02,5.6883255000000021e-02,1.5479999999999938e-03,3.2322769999999501e-03,1.3044162999999998e-02,0.0000000000000000e+00,1.6277190000000052e-02,7.4708884999999947e-02,5.1434211000000007e-01,0,0,0,nan,6144,0,576,3.9328125000000000e+01,3.9328125000000000e+01
exp3_remap,c,A_int,A,1,1,abc,1,8,2.9999999999999999e-01,1,8,0.0000000000000000e+00,1,uniform,5.0000000000000000e-01,6.0000000000000000e+00,3,1,8.7664045879113228e-01,9.9999999999999756e-01,1536,1536,1536,1536,1.4814730533066880e-08,2.0744160449229443e+00,2.3289406796722484e-01,4.2953503130175147e-14,2.3203661214665772e-13,6.0279711620005631e-16,3.2563351173230810e-15,3.7695369808695951e+01,-4.9738505209361995e-02,1.1269531761367306e+01,2.2677892495527203e+01,2.2204460492503131e-16,2.6184445948060802e+00,1.2174458048648873e+00,8.5862025056656954e-01,1.9940339026590537e+00,2.2386958893392134e-01,1.0434915276310956e-14,4.2632564145606011e-14,1.4644060153345952e-16,5.9829315074261653e-16,3.7680332008120700e+01,-5.0117592692135650e-02,1.1313708498984756e+01,1.1632731522625619e+01,6.1062266354383610e-16,1.3434053201191207e+00,9.4658665712614442e-17,4.9531482977069434e-11,1.9940339026590537e+00,2.2386958893392134e-01,1.0434915276310956e-14,4.2632564145606011e-14,1.4644060153345952e-16,5.9829315074261653e-16,3.7680332008120700e+01,-5.0117592692135650e-02,1.1313708498984756e+01,1.1632731522625619e+01,6.1062266354383610e-16,1.3434053201191207e+00,9.4658665712614442e-17,4.9531482977069434e-11,5.7017837712958208e+00,6.4013755602045641e-01,1.6043121867342285e-14,7.1054273576010019e-14,2.2514456078638818e-16,9.9715525123769425e-16,4.9376701861817168e+01,2.4473585899714131e-01,1.0553922964306890e+01,1.5006787769142832e+01,1.3877787807814457e-15,1.5130347113449036e+00,4.0971113500428563e-01,5.0002745389914716e-01,3.0988771598220133e-01,-6.3499425904594314e-02,-3.1555348328842998e-02,5.7783720699920238e-01,3.9668417604357430e+01,1.2566370614359172e+01,5.3541789943432794e-01,5.9945235210307712e-01,1.5732631400000008e-01,1.4460814700000002e-01,1.2717187999999879e-02,3.4049430999999908e-02,2.7793830000000241e-03,0.0000000000000000e+00,3.6828976000000013e-02,1.9415529000000009e-01,6.6312353800000001e-01,0,0,0,nan,18432,0,2160,4.1488281250000000e+01,4.1488281250000000e+01
exp3_remap,c,A_l2,A,1,1,abc,1,8,2.9999999999999999e-01,1,8,0.0000000000000000e+00,1,uniform,5.0000000000000000e-01,6.0000000000000000e+00,0,1,8.7664045879113228e-01,9.9999999999999756e-01,1536,1536,1536,1536,1.4814730533066880e-08,2.0744160449229443e+00,2.3289406796722484e-01,4.2953503130175147e-14,2.3203661214665772e-13,6.0279711620005631e-16,3.2563351173230810e-15,3.7695369808695951e+01,-4.9738505209361995e-02,1.1269531761367306e+01,2.2677892495527203e+01,2.2204460492503131e-16,2.6184445948060802e+00,1.2174458048648873e+00,8.5862025056656954e-01,1.9940339026590537e+00,2.2386958893392134e-01,1.0434915276310956e-14,4.2632564145606011e-14,1.4644060153345952e-16,5.9829315074261653e-16,3.7680332008120700e+01,-5.0117592692135650e-02,1.1313708498984756e+01,1.1632731522625619e+01,6.1062266354383610e-16,1.3434053201191207e+00,9.4658665712614442e-17,4.9531482977069434e-11,1.9940339026590537e+00,2.2386958893392134e-01,1.0434915276310956e-14,4.2632564145606011e-14,1.4644060153345952e-16,5.9829315074261653e-16,3.7680332008120700e+01,-5.0117592692135650e-02,1.1313708498984756e+01,1.1632731522625619e+01,6.1062266354383610e-16,1.3434053201191207e+00,9.4658665712614442e-17,4.9531482977069434e-11,3.6311806000267022e+00,4.0767155823619006e-01,3.0004810674980873e-14,1.4921397450962104e-13,4.2107888830843918e-16,2.0940260275991580e-15,4.2110755923718699e+01,6.1568836541969534e-02,1.1261569208488746e+01,1.7474702041021285e+01,5.5511151231257827e-16,1.9084475507802288e+00,6.9686951350205850e-01,7.1012101967134011e-01,1.1713338103408558e-01,-7.0655578662602483e-04,-3.5111520526567071e-04,7.2884778794472327e-01,3.9668417604357430e+01,1.2566370614359172e+01,3.2916061878811737e-01,1.0132923034578238e+00,2.3224081900000004e-01,2.2863092399999996e-01,1.6969430000000063e-03,4.9638156999999961e-02,3.5500032999999931e-02,3.8199866999999887e-02,1.2334202599999999e-01,3.5558284500000004e-01,8.2098875500000013e-01,15,15,0,nan,32768,0,2160,4.5718750000000000e+01,4.5718750000000000e+01
exp3_remap,c,A_pt,A,2,2,abc,1,8,2.9999999999999999e-01,1,8,0.0000000000000000e+00,1,uniform,5.0000000000000000e-01,6.0000000000000000e+00,0,1,9.0102538012759037e-01,9.9999999999998312e-01,12288,12288,12288,12288,2.2768703095569246e-11,2.2214277755491951e-01,2.4939903092691999e-02,3.0896005070179324e-13,1.2647660696529783e-12,4.3358565428212853e-15,1.7749363472030912e-14,3.9660626792931787e+01,-1.9639834145507466e-04,1.2556061256342941e+01,5.0096102660112550e+01,8.6042284408449632e-16,5.6383490596960248e+00,2.8739757365100371e+00,9.6805761394697609e-01,2.0254441727229264e-01,2.2739601054497086e-02,8.4790861886317085e-14,4.4053649617126212e-13,1.1899305830839918e-15,6.1823625576736998e-15,3.9658128469587318e+01,-2.5937850288692903e-04,1.2556590281248958e+01,1.2559878392954451e+01,8.8817841970012523e-16,1.4136671625649608e+00,1.7228396484440912e-15,8.0948539144800970e-11,2.0254441727229264e-01,2.2739601054497086e-02,8.4790861886317085e-14,4.4053649617126212e-13,1.1899305830839918e-15,6.1823625576736998e-15,3.9658128469587318e+01,-2.5937850288692903e-04,1.2556590281248958e+01,1.2559878392954451e+01,8.8817841970012523e-16,1.4136671625649608e+00,1.7228396484440912e-15,8.0948539144800970e-11,2.7007531374277672e+01,3.0321274572197252e+00,3.1899777393139926e-13,1.8189894035458565e-12,4.4767230653417852e-15,2.5527174431684952e-14,4.0431917219188256e+02,9.1924703986041933e+00,1.2549489577505035e+01,1.5478652448078367e+02,6.6613381477509392e-16,5.4445006050036113e+00,2.7452780611040777e+00,9.6106642872469794e-01,9.1944725761101509e+00,-5.2338696855163715e-04,-1.3118143905311192e-04,9.6561964279968426e-01,3.9668417604357430e+01,1.2566370614359172e+01,9.4968432243981993e-01,3.7201767790887654e+00,3.4650556300000002e-01,3.0084528999999982e-01,4.5659237000000630e-02,9.6920370000000311e-02,2.5045448000000192e-02,0.0000000000000000e+00,1.2196666799999978e-01,4.6847223099999979e-01,4.2553519379999996e+00,0,0,0,nan,27648,0,2496,8.5406250000000000e+01,8.5406250000000000e+01
exp3_remap,c,A_int,A,2,2,abc,1,8,2.9999999999999999e-01,1,8,0.0000000000000000e+00,1,uniform,5.0000000000000000e-01,6.0000000000000000e+00,4,1,9.0102538012759037e-01,9.9999999999998312e-01,12288,12288,12288,12288,2.2768703095569246e-11,2.2214277755491951e-01,2.4939903092691999e-02,3.0896005070179324e-13,1.2647660696529783e-12,4.3358565428212853e-15,1.7749363472030912e-14,3.9660626792931787e+01,-1.9639834145507466e-04,1.2556061256342941e+01,5.0096102660112550e+01,8.6042284408449632e-16,5.6383490596960248e+00,2.8739757365100371e+00,9.6805761394697609e-01,2.0254441727229264e-01,2.2739601054497086e-02,8.4790861886317085e-14,4.4053649617126212e-13,1.1899305830839918e-15,6.1823625576736998e-15,3.9658128469587318e+01,-2.5937850288692903e-04,1.2556590281248958e+01,1.2559878392954451e+01,8.8817841970012523e-16,1.4136671625649608e+00,1.7228396484440912e-15,8.0948539144800970e-11,2.0254441727229264e-01,2.2739601054497086e-02,8.4790861886317085e-14,4.4053649617126212e-13,1.1899305830839918e-15,6.1823625576736998e-15,3.9658128469587318e+01,-2.5937850288692903e-04,1.2556590281248958e+01,1.2559878392954451e+01,8.8817841970012523e-16,1.4136671625649608e+00,1.7228396484440912e-15,8.0948539144800970e-11,1.0051152153369484e+01,1.1284398414121952e+00,2.8774111756231771e-13,1.1652900866465643e-12,4.0380761343979313e-15,1.6353346120298172e-14,9.0120589132328519e+01,1.2718473429207093e+00,1.2546916330103523e+01,7.0204255572869769e+01,7.2164496600635175e-16,5.2347352456832308e+00,2.6606755519988248e+00,9.6219626977491257e-01,1.2722936176185087e+00,-7.2832762223096030e-04,-1.8254765847683195e-04,9.2841631304845929e-01,3.9668417604357430e+01,1.2566370614359172e+01,7.4841753708722392e-01,3.5667311800491444e+00,1.3245274980000001e+00,1.1507429140000003e+00,1.7378369500000090e-01,4.0092023899999951e-01,1.1012761399999960e-01,0.0000000000000000e+00,5.1104844900000046e-01,1.8355759470000006e+00,6.1244094720000000e+00,0,0,0,nan,110592,0,9792,9.8972656250000000e+01,9.8972656250000000e+01
exp3_remap,c,A_l2,A,2,2,abc,1,8,2.9999999999999999e-01,1,8,0.0000000000000000e+00,1,uniform,5.0000000000000000e-01,6.0000000000000000e+00,0,1,9.0102538012759037e-01,9.9999999999998312e-01,12288,12288,12288,12288,2.2768703095569246e-11,2.2214277755491951e-01,2.4939903092691999e-02,3.0896005070179324e-13,1.2647660696529783e-12,4.3358565428212853e-15,1.7749363472030912e-14,3.9660626792931787e+01,-1.9639834145507466e-04,1.2556061256342941e+01,5.0096102660112550e+01,8.6042284408449632e-16,5.6383490596960248e+00,2.8739757365100371e+00,9.6805761394697609e-01,2.0254441727229264e-01,2.2739601054497086e-02,8.4790861886317085e-14,4.4053649617126212e-13,1.1899305830839918e-15,6.1823625576736998e-15,3.9658128469587318e+01,-2.5937850288692903e-04,1.2556590281248958e+01,1.2559878392954451e+01,8.8817841970012523e-16,1.4136671625649608e+00,1.7228396484440912e-15,8.0948539144800970e-11,2.0254441727229264e-01,2.2739601054497086e-02,8.4790861886317085e-14,4.4053649617126212e-13,1.1899305830839918e-15,6.1823625576736998e-15,3.9658128469587318e+01,-2.5937850288692903e-04,1.2556590281248958e+01,1.2559878392954451e+01,8.8817841970012523e-16,1.4136671625649608e+00,1.7228396484440912e-15,8.0948539144800970e-11,1.1748008659959709e+01,1.3189454131096665e+00,2.9271113755487803e-13,1.1386447340555605e-12,4.1078239663708571e-15,1.5979412901084037e-14,1.0864288327512430e+02,1.7387753239541948e+00,1.2555852114699215e+01,8.0479754839568770e+01,4.4408920985006262e-16,5.4645083723661427e+00,2.7284825381683513e+00,9.6510084542426733e-01,1.7393133205470763e+00,-1.6656628177911541e-05,-4.1748086701464636e-06,9.6916815800346101e-01,3.9668417604357430e+01,1.2566370614359172e+01,7.9677307672761122e-01,3.7339682655580697e+00,1.2197061209999980e+00,1.1602028769999997e+00,3.5852648999998848e-02,4.1697117200000022e-01,2.8925625100000119e-01,2.0476846200000054e-01,9.1099955199999982e-01,2.1307056729999978e+00,6.5850074699999972e+00,19,19,0,nan,110592,0,8592,1.0583203125000000e+02,1.0583203125000000e+02
exp3_remap,c,A_pt,A,3,3,abc,1,8,2.9999999999999999e-01,1,8,0.0000000000000000e+00,1,uniform,5.0000000000000000e-01,6.0000000000000000e+00,0,1,9.0977720054037048e-01,9.9999999999996692e-01,41472,41472,41472,41472,2.1568374488571955e-11,1.7649500889531971e-02,1.9815041779176448e-03,9.5915199604805915e-13,5.8895111010315304e-12,1.3460463410005776e-14,8.2651705886963063e-14,3.9668444320879644e+01,6.7349604112145831e-07,1.2566329582044494e+01,5.2651701296122248e+01,1.5265566588595902e-15,5.9253962161698635e+00,1.8763641286848818e+00,9.7110081670793569e-01,1.3464715461453914e-02,1.5116795714698106e-03,2.2862620972623772e-13,1.8287593661625579e-12,3.2084745100548095e-15,2.5664283278730243e-14,3.9668387313158419e+01,-7.6360996580583265e-07,1.2566332157433365e+01,1.2566346644016324e+01,1.1934897514720433e-15,1.4142114073134975e+00,2.7932756189736299e-15,0.0000000000000000e+00,1.3464715461453914e-02,1.5116795714698106e-03,2.2862620972623772e-13,1.8287593661625579e-12,3.2084745100548095e-15,2.5664283278730243e-14,3.9668387313158419e+01,-7.6360996580583265e-07,1.2566332157433365e+01,1.2566346644016324e+01,1.1934897514720433e-15,1.4142114073134975e+00,2.7932756189736299e-15,0.0000000000000000e+00,7.7866770415386712e+00,8.7420789893587314e-01,9.3425787220474132e-13,5.1336712658667238e-12,1.3111106431656644e-14,7.2044466901923661e-14,6.9984318048404973e+01,7.6423266353628017e-01,1.2566285169705203e+01,6.9823103621654823e+01,1.1934897514720433e-15,5.9098181472471589e+00,1.8709784281727808e+00,9.7073746183793108e-01,7.6423147533336588e-01,-3.5342332063376527e-06,-8.4351195113073657e-07,9.9737096586381968e-01,3.9668417604357430e+01,1.2566370614359172e+01,6.5815989824197674e-01,4.0574713754739857e+00,1.3850493230000041e+00,1.1817497039999978e+00,2.0329841600000265e-01,5.2965106299999576e-01,1.4535493999999716e-01,0.0000000000000000e+00,6.7500715300000280e-01,2.0600564760000069e+00,2.1372119722000001e+01,0,0,0,nan,73728,0,6480,2.3448828125000000e+02,2.3448828125000000e+02
exp3_remap,c,A_int,A,3,3,abc,1,8,2.9999999999999999e-01,1,8,0.0000000000000000e+00,1,uniform,5.0000000000000000e-01,6.0000000000000000e+00,5,1,9.0977720054037048e-01,9.9999999999996692e-01,41472,41472,41472,41472,2.1568374488571955e-11,1.7649500889531971e-02,1.9815041779176448e-03,9.5915199604805915e-13,5.8895111010315304e-12,1.3460463410005776e-14,8.2651705886963063e-14,3.9668444320879644e+01,6.7349604112145831e-07,1.2566329582044494e+01,5.2651701296122248e+01,1.5265566588595902e-15,5.9253962161698635e+00,1.8763641286848818e+00,9.7110081670793569e-01,1.3464715461453914e-02,1.5116795714698106e-03,2.2862620972623772e-13,1.8287593661625579e-12,3.2084745100548095e-15,2.5664283278730243e-14,3.9668387313158419e+01,-7.6360996580583265e-07,1.2566332157433365e+01,1.2566346644016324e+01,1.1934897514720433e-15,1.4142114073134975e+00,2.7932756189736299e-15,0.0000000000000000e+00,1.3464715461453914e-02,1.5116795714698106e-03,2.2862620972623772e-13,1.8287593661625579e-12,3.2084745100548095e-15,2.5664283278730243e-14,3.9668387313158419e+01,-7.6360996580583265e-07,1.2566332157433365e+01,1.2566346644016324e+01,1.1934897514720433e-15,1.4142114073134975e+00,2.7932756189736299e-15,0.0000000000000000e+00,1.3911160550348873e+00,1.5618018278663570e-01,9.4301427402722114e-13,5.7127635955112055e-12,1.3233991257857739e-14,8.0171282199510897e-14,4.0635630514249648e+01,2.4382442464404571e-02,1.2566247173954620e+01,5.3150488264806022e+01,1.4710455076283324e-15,5.9095778147597118e+00,1.8613340791615411e+00,9.7093914050280661e-01,2.4381752547349634e-02,-6.5578488400907751e-06,-1.5651553101832659e-06,9.9733040613098833e-01,3.9668417604357430e+01,1.2566370614359172e+01,1.5429157121224890e-01,4.0573040101915945e+00,6.5743651969999988e+00,5.5028895909999989e+00,1.0714742429999973e+00,1.4100344739999997e+00,3.8713883799999849e-01,0.0000000000000000e+00,1.7971746519999954e+00,8.3715398489999941e+00,2.8276845762000001e+01,0,0,0,nan,368640,0,32016,2.9566406250000000e+02,2.9566406250000000e+02
exp3_remap,c,A_l2,A,3,3,abc,1,8,2.9999999999999999e-01,1,8,0.0000000000000000e+00,1,uniform,5.0000000000000000e-01,6.0000000000000000e+00,0,1,9.0977720054037048e-01,9.9999999999996692e-01,41472,41472,41472,41472,2.1568374488571955e-11,1.7649500889531971e-02,1.9815041779176448e-03,9.5915199604805915e-13,5.8895111010315304e-12,1.3460463410005776e-14,8.2651705886963063e-14,3.9668444320879644e+01,6.7349604112145831e-07,1.2566329582044494e+01,5.2651701296122248e+01,1.5265566588595902e-15,5.9253962161698635e+00,1.8763641286848818e+00,9.7110081670793569e-01,1.3464715461453914e-02,1.5116795714698106e-03,2.2862620972623772e-13,1.8287593661625579e-12,3.2084745100548095e-15,2.5664283278730243e-14,3.9668387313158419e+01,-7.6360996580583265e-07,1.2566332157433365e+01,1.2566346644016324e+01,1.1934897514720433e-15,1.4142114073134975e+00,2.7932756189736299e-15,0.0000000000000000e+00,1.3464715461453914e-02,1.5116795714698106e-03,2.2862620972623772e-13,1.8287593661625579e-12,3.2084745100548095e-15,2.5664283278730243e-14,3.9668387313158419e+01,-7.6360996580583265e-07,1.2566332157433365e+01,1.2566346644016324e+01,1.1934897514720433e-15,1.4142114073134975e+00,2.7932756189736299e-15,0.0000000000000000e+00,5.1024993596194941e+00,5.7285607463863164e-01,9.4537479391910752e-13,5.7228111138840632e-12,1.3267118115503079e-14,8.0312286184256216e-14,5.2686049484283835e+01,3.2816110815815519e-01,1.2566333016156353e+01,6.0576955489837395e+01,1.1934897514720433e-15,5.9119279624742838e+00,1.8595734172054303e+00,9.7091890387247037e-01,3.2816021364750930e-01,2.7327883105873122e-07,6.5223188887398655e-08,9.9772702901135524e-01,3.9668417604357430e+01,1.2566370614359172e+01,4.9706566550489550e-01,4.0590011868819458e+00,4.3198413290000133e+00,4.0899142269999942e+00,1.7976520400000595e-01,2.0031002999999998e+00,1.6200068739999978e+00,4.7620003400000144e-01,4.0993121199999933e+00,8.4191534490000066e+00,3.1600300890000000e+01,18,18,0,nan,262144,0,21024,2.9868359375000000e+02,2.9868359375000000e+02
exp3_remap,d,A_pt,A,1,1,abc,1,8,2.9999999999999999e-01,1,12,0.0000000000000000e+00,1,fine:12,0.0000000000000000e+00,2.0000000000000000e+00,0,1,8.7664045879113228e-01,9.9999999999999567e-01,1536,1536,5184,5184,0.0000000000000000e+00,2.0744160449229567e+00,2.3289406796722623e-01,1.4336828827059505e-14,6.0396132539608516e-14,2.0119893472283748e-16,8.4758196355203644e-16,3.7695369808696057e+01,-4.9738505209359310e-02,1.1269531761367238e+01,1.1625607299134952e+01,4.4408920985006262e-16,1.3423208792334611e+00,4.7510811659157255e-03,1.0517242565809382e-02,1.3369621494442749e+00,1.5010034002790798e-01,2.3413676289191002e-14,9.2370555648813024e-14,2.1905386861374267e-16,8.6420121773933655e-16,3.8774683710082847e+01,-2.2530112070223065e-02,1.2000000000000060e+01,1.2142744539303260e+01,5.5511151231257827e-16,1.3822747926960797e+00,6.2926149869904113e-17,0.0000000000000000e+00,1.3369621494442749e+00,1.5010034002790798e-01,2.3413676289191002e-14,9.2370555648813024e-14,2.1905386861374267e-16,8.6420121773933655e-16,3.8774683710082847e+01,-2.2530112070223065e-02,1.2000000000000060e+01,1.2142744539303260e+01,5.5511151231257827e-16,1.3822747926960797e+00,6.2926149869904113e-17,0.0000000000000000e+00,1.7686968351833461e+00,1.9857106386867862e-01,2.2233990720992461e-14,9.9475983006414026e-14,2.0801695650007389e-16,9.3067823448851629e-16,3.5419854007330663e+01,-1.0710191768678158e-01,1.0781880308991957e+01,1.1008357732788713e+01,6.1062266354383610e-16,1.3114511388892116e+00,2.2501122652927436e-02,3.4660315203011494e-02,-6.0365923266269390e-02,-4.3271669373787632e-02,-4.1946320723526186e-02,9.7700271163041297e-01,3.9668417604357430e+01,1.2566370614359172e+01,nan,nan,8.5816636999999973e-02,7.7843319000000077e-02,7.9725600000000174e-03,1.6890494999999950e-02,2.3573700000000253e-03,0.0000000000000000e+00,1.9248048999999989e-02,1.0506468599999996e-01,3.4442476900000008e-01,0,0,0,nan,20736,0,1488,5.4773437500000000e+01,5.4773437500000000e+01
exp3_remap,d,A_int,A,1,1,abc,1,8,2.9999999999999999e-01,1,12,0.0000000000000000e+00,1,fine:12,0.0000000000000000e+00,2.0000000000000000e+00,3,1,8.7664045879113228e-01,9.9999999999999567e-01,1536,1536,5184,5184,0.0000000000000000e+00,2.0744160449229567e+00,2.3289406796722623e-01,1.4336828827059505e-14,6.0396132539608516e-14,2.0119893472283748e-16,8.4758196355203644e-16,3.7695369808696057e+01,-4.9738505209359310e-02,1.1269531761367238e+01,1.1625607299134952e+01,4.4408920985006262e-16,1.3423208792334611e+00,4.7510811659157255e-03,1.0517242565809382e-02,1.3369621494442749e+00,1.5010034002790798e-01,2.3413676289191002e-14,9.2370555648813024e-14,2.1905386861374267e-16,8.6420121773933655e-16,3.8774683710082847e+01,-2.2530112070223065e-02,1.2000000000000060e+01,1.2142744539303260e+01,5.5511151231257827e-16,1.3822747926960797e+00,6.2926149869904113e-17,0.0000000000000000e+00,1.3369621494442749e+00,1.5010034002790798e-01,2.3413676289191002e-14,9.2370555648813024e-14,2.1905386861374267e-16,8.6420121773933655e-16,3.8774683710082847e+01,-2.2530112070223065e-02,1.2000000000000060e+01,1.2142744539303260e+01,5.5511151231257827e-16,1.3822747926960797e+00,6.2926149869904113e-17,0.0000000000000000e+00,1.6534926497206610e+00,1.8563712447647152e-01,2.2744663058641836e-14,9.9475983006414026e-14,2.1279470903130547e-16,9.3067823448851629e-16,3.5250811276364111e+01,-1.1136331103633590e-01,1.0790513446021249e+01,1.0980939186012209e+01,1.6653345369377348e-15,1.3113345626699573e+00,1.3473354721732131e-02,2.2695813604000494e-02,-6.4850366099021631e-02,-4.2505609415654545e-02,-4.1203724073978695e-02,9.7691586487040361e-01,3.9668417604357430e+01,1.2566370614359172e+01,nan,nan,2.5950428900000011e-01,2.3031671700000000e-01,2.9186764999999948e-02,7.0016829000000058e-02,1.6357893999999984e-02,0.0000000000000000e+00,8.6375609000000075e-02,3.4587989800000019e-01,5.9445141299999982e-01,0,0,0,nan,62208,0,5568,6.3457031250000000e+01,6.3457031250000000e+01
exp3_remap,d,A_l2,A,1,1,abc,1,8,2.9999999999999999e-01,1,12,0.0000000000000000e+00,1,fine:12,0.0000000000000000e+00,2.0000000000000000e+00,0,1,8.7664045879113228e-01,9.9999999999999567e-01,1536,1536,5184,5184,0.0000000000000000e+00,2.0744160449229567e+00,2.3289406796722623e-01,1.4336828827059505e-14,6.0396132539608516e-14,2.0119893472283748e-16,8.4758196355203644e-16,3.7695369808696057e+01,-4.9738505209359310e-02,1.1269531761367238e+01,1.1625607299134952e+01,4.4408920985006262e-16,1.3423208792334611e+00,4.7510811659157255e-03,1.0517242565809382e-02,1.3369621494442749e+00,1.5010034002790798e-01,2.3413676289191002e-14,9.2370555648813024e-14,2.1905386861374267e-16,8.6420121773933655e-16,3.8774683710082847e+01,-2.2530112070223065e-02,1.2000000000000060e+01,1.2142744539303260e+01,5.5511151231257827e-16,1.3822747926960797e+00,6.2926149869904113e-17,0.0000000000000000e+00,1.3369621494442749e+00,1.5010034002790798e-01,2.3413676289191002e-14,9.2370555648813024e-14,2.1905386861374267e-16,8.6420121773933655e-16,3.8774683710082847e+01,-2.2530112070223065e-02,1.2000000000000060e+01,1.2142744539303260e+01,5.5511151231257827e-16,1.3822747926960797e+00,6.2926149869904113e-17,0.0000000000000000e+00,1.4950994035489078e+00,1.6785436217584346e-01,2.3832074284088388e-14,9.9475983006414026e-14,2.2296832007666038e-16,9.3067823448851629e-16,3.6653687265145507e+01,-7.5998250529679956e-02,1.1284597237552967e+01,1.1449831846565059e+01,1.2212453270876722e-15,1.3407685653293819e+00,1.3270550316664553e-02,2.2229804218201435e-02,-2.7634230645224796e-02,1.3368324882294120e-03,1.2958872425400056e-03,9.9884355974186612e-01,3.9668417604357430e+01,1.2566370614359172e+01,nan,nan,4.0872830699999985e-01,3.8576854700000007e-01,8.5812400000000455e-03,9.4593872999999995e-02,5.6626424999999703e-02,1.4910504900000010e-01,3.0032943400000001e-01,7.0905774099999985e-01,9.5499713699999988e-01,25,25,0,nan,110592,0,7104,7.7828125000000000e+01,7.7828125000000000e+01
exp3_remap,d,B_pt,B,1,1,abc,1,8,2.9999999999999999e-01,1,12,0.0000000000000000e+00,1,fine:12,0.0000000000000000e+00,2.0000000000000000e+00,0,1,8.7664045879113228e-01,9.9999999999999567e-01,1536,1536,5184,5184,0.0000000000000000e+00,2.0744160449229567e+00,2.3289406796722623e-01,1.4336828827059505e-14,6.0396132539608516e-14,2.0119893472283748e-16,8.4758196355203644e-16,3.7695369808696057e+01,-4.9738505209359310e-02,1.1269531761367238e+01,1.1625607299134952e+01,4.4408920985006262e-16,1.3423208792334611e+00,4.7510811659157255e-03,1.0517242565809382e-02,1.3369621494442749e+00,1.5010034002790798e-01,2.3413676289191002e-14,9.2370555648813024e-14,2.1905386861374267e-16,8.6420121773933655e-16,3.8774683710082847e+01,-2.2530112070223065e-02,1.2000000000000060e+01,1.2142744539303260e+01,5.5511151231257827e-16,1.3822747926960797e+00,6.2926149869904113e-17,0.0000000000000000e+00,1.3369621494442749e+00,1.5010034002790798e-01,2.3413676289191002e-14,9.2370555648813024e-14,2.1905386861374267e-16,8.6420121773933655e-16,3.8774683710082847e+01,-2.2530112070223065e-02,1.2000000000000060e+01,1.2142744539303260e+01,5.5511151231257827e-16,1.3822747926960797e+00,6.2926149869904113e-17,0.0000000000000000e+00,2.2957426871257764e+00,2.5774234378841321e-01,2.1603672370372461e+01,9.8572116425927476e+01,2.0211981879917867e-01,9.2222183196886331e-01,3.7452234460614505e+01,-5.5867697215617816e-02,nan,nan,4.3253669777568582e-01,nan,nan,nan,-6.4500056456658524e-03,nan,nan,nan,3.9668417604357430e+01,1.2566370614359172e+01,nan,nan,4.6518878000000097e-02,4.4520079999999851e-02,1.9983749999998857e-03,7.9651570000001115e-03,1.3811370000000878e-03,0.0000000000000000e+00,9.3465120000000290e-03,5.5865390000000126e-02,1.7700336099999969e-01,0,0,0,nan,10368,0,528,7.7828125000000000e+01,7.7828125000000000e+01
exp3_remap,d,B_int,B,1,1,abc,1,8,2.9999999999999999e-01,1,12,0.0000000000000000e+00,1,fine:12,0.0000000000000000e+00,2.0000000000000000e+00,3,1,8.7664045879113228e-01,9.9999999999999567e-01,1536,1536,5184,5184,0.0000000000000000e+00,2.0744160449229567e+00,2.3289406796722623e-01,1.4336828827059505e-14,6.0396132539608516e-14,2.0119893472283748e-16,8.4758196355203644e-16,3.7695369808696057e+01,-4.9738505209359310e-02,1.1269531761367238e+01,1.1625607299134952e+01,4.4408920985006262e-16,1.3423208792334611e+00,4.7510811659157255e-03,1.0517242565809382e-02,1.3369621494442749e+00,1.5010034002790798e-01,2.3413676289191002e-14,9.2370555648813024e-14,2.1905386861374267e-16,8.6420121773933655e-16,3.8774683710082847e+01,-2.2530112070223065e-02,1.2000000000000060e+01,1.2142744539303260e+01,5.5511151231257827e-16,1.3822747926960797e+00,6.2926149869904113e-17,0.0000000000000000e+00,1.3369621494442749e+00,1.5010034002790798e-01,2.3413676289191002e-14,9.2370555648813024e-14,2.1905386861374267e-16,8.6420121773933655e-16,3.8774683710082847e+01,-2.2530112070223065e-02,1.2000000000000060e+01,1.2142744539303260e+01,5.5511151231257827e-16,1.3822747926960797e+00,6.2926149869904113e-17,0.0000000000000000e+00,1.6451849259362814e+00,1.8470441881579769e-01,8.8633987032849610e+00,3.5009497061187105e+01,8.2924259780465540e-02,3.2754214565676271e-01,3.5247826958478008e+01,-1.1143854262020868e-01,nan,nan,1.8516929382020475e-01,nan,nan,nan,-6.4929535447969478e-02,nan,nan,nan,3.9668417604357430e+01,1.2566370614359172e+01,nan,nan,3.6834108399999987e-01,3.3051786999999999e-01,3.7821906999999655e-02,7.1845446000000202e-02,2.3826663000000359e-02,0.0000000000000000e+00,9.5672652000000191e-02,4.6401373600000007e-01,5.8381095400000005e-01,0,0,0,nan,93312,0,7536,7.8144531250000000e+01,7.8144531250000000e+01
exp3_remap,d,B_l2,B,1,1,abc,1,8,2.9999999999999999e-01,1,12,0.0000000000000000e+00,1,fine:12,0.0000000000000000e+00,2.0000000000000000e+00,0,1,8.7664045879113228e-01,9.9999999999999567e-01,1536,1536,5184,5184,0.0000000000000000e+00,2.0744160449229567e+00,2.3289406796722623e-01,1.4336828827059505e-14,6.0396132539608516e-14,2.0119893472283748e-16,8.4758196355203644e-16,3.7695369808696057e+01,-4.9738505209359310e-02,1.1269531761367238e+01,1.1625607299134952e+01,4.4408920985006262e-16,1.3423208792334611e+00,4.7510811659157255e-03,1.0517242565809382e-02,1.3369621494442749e+00,1.5010034002790798e-01,2.3413676289191002e-14,9.2370555648813024e-14,2.1905386861374267e-16,8.6420121773933655e-16,3.8774683710082847e+01,-2.2530112070223065e-02,1.2000000000000060e+01,1.2142744539303260e+01,5.5511151231257827e-16,1.3822747926960797e+00,6.2926149869904113e-17,0.0000000000000000e+00,1.3369621494442749e+00,1.5010034002790798e-01,2.3413676289191002e-14,9.2370555648813024e-14,2.1905386861374267e-16,8.6420121773933655e-16,3.8774683710082847e+01,-2.2530112070223065e-02,1.2000000000000060e+01,1.2142744539303260e+01,5.5511151231257827e-16,1.3822747926960797e+00,6.2926149869904113e-17,0.0000000000000000e+00,1.6155791577965359e+00,1.8138058809522692e-01,5.8504575881742271e+00,2.5636044501086921e+01,5.4735760075483308e-02,2.3984591973323083e-01,3.5167773154479079e+01,-1.1345661666584783e-01,nan,nan,4.0196417413491364e-02,nan,nan,nan,-6.7053239351265878e-02,nan,nan,nan,3.9668417604357430e+01,1.2566370614359172e+01,nan,nan,5.2309682600000018e-01,4.9640945099999989e-01,1.2364939999999880e-02,1.1277874600000004e-01,6.3094070000000002e-02,4.9469789000000652e-02,2.2534574200000002e-01,7.4844256800000020e-01,9.1501697700000051e-01,7,7,0,nan,110592,0,7104,7.8394531250000000e+01,7.8394531250000000e+01
exp3_remap,d,B_l2c,B,1,1,abc,1,8,2.9999999999999999e-01,1,12,0.0000000000000000e+00,1,fine:12,0.0000000000000000e+00,2.0000000000000000e+00,0,1,8.7664045879113228e-01,9.9999999999999567e-01,1536,1536,5184,5184,0.0000000000000000e+00,2.0744160449229567e+00,2.3289406796722623e-01,1.4336828827059505e-14,6.0396132539608516e-14,2.0119893472283748e-16,8.4758196355203644e-16,3.7695369808696057e+01,-4.9738505209359310e-02,1.1269531761367238e+01,1.1625607299134952e+01,4.4408920985006262e-16,1.3423208792334611e+00,4.7510811659157255e-03,1.0517242565809382e-02,1.3369621494442749e+00,1.5010034002790798e-01,2.3413676289191002e-14,9.2370555648813024e-14,2.1905386861374267e-16,8.6420121773933655e-16,3.8774683710082847e+01,-2.2530112070223065e-02,1.2000000000000060e+01,1.2142744539303260e+01,5.5511151231257827e-16,1.3822747926960797e+00,6.2926149869904113e-17,0.0000000000000000e+00,1.3369621494442749e+00,1.5010034002790798e-01,2.3413676289191002e-14,9.2370555648813024e-14,2.1905386861374267e-16,8.6420121773933655e-16,3.8774683710082847e+01,-2.2530112070223065e-02,1.2000000000000060e+01,1.2142744539303260e+01,5.5511151231257827e-16,1.3822747926960797e+00,6.2926149869904113e-17,0.0000000000000000e+00,1.6081675573834402e+00,1.8054848993701125e-01,2.7676463477073798e-12,1.0402345651527867e-11,2.5893568866837056e-14,9.7322352520799130e-14,3.5155826593235943e+01,-1.1375777718508728e-01,nan,nan,6.5094451073832715e-07,nan,nan,nan,-6.7370163188431142e-02,nan,nan,nan,3.9668417604357430e+01,1.2566370614359172e+01,nan,nan,5.1093639100000043e-01,4.8010359100000066e-01,1.3972401999999384e-02,1.1932658200000024e-01,6.5959194000000387e-02,1.2561373859999998e+00,1.4414247190000005e+00,1.9523611100000009e+00,2.1099460529999998e+00,26,7,162,2.5636044501086921e+01,110592,0,7104,7.8457031250000000e+01,7.8457031250000000e+01
exp3_remap,d,A_pt,A,2,2,abc,1,8,2.9999999999999999e-01,1,12,0.0000000000000000e+00,1,fine:12,0.0000000000000000e+00,2.0000000000000000e+00,0,1,9.0102538012759037e-01,9.9999999999997313e-01,12288,12288,41472,41472,0.0000000000000000e+00,2.2214277755491782e-01,2.4939903092691812e-02,9.2386329250841116e-14,5.1336712658667238e-13,1.2965231888058334e-15,7.2044466901923223e-15,3.9660626792931822e+01,-1.9639834145417906e-04,1.2556061256342881e+01,1.2560493004367755e+01,7.2164496600635175e-16,1.4136916877744272e+00,7.6816079662152270e-04,8.7057280168882580e-04,9.0445475086024046e-02,1.0154286394750214e-02,1.8873231473382635e-13,9.3791641120333225e-13,1.7657433699959963e-15,8.7749662108917984e-15,3.9666369583297111e+01,-5.1628504084650914e-05,1.2564418886561251e+01,1.2565071966641479e+01,9.9920072216264089e-16,1.4141040933572058e+00,2.7712630385315542e-15,0.0000000000000000e+00,9.0445475086024046e-02,1.0154286394750214e-02,1.8873231473382635e-13,9.3791641120333225e-13,1.7657433699959963e-15,8.7749662108917984e-15,3.9666369583297111e+01,-5.1628504084650914e-05,1.2564418886561251e+01,1.2565071966641479e+01,9.9920072216264089e-16,1.4141040933572058e+00,2.7712630385315542e-15,0.0000000000000000e+00,2.8088231916193435e-01,3.1534573833341975e-02,1.9165788320091297e-13,1.1510792319313623e-12,1.7931144279492303e-15,1.0769276713367207e-14,3.9671931462136833e+01,8.8580739833114892e-05,1.2554857372260503e+01,1.2561677704562577e+01,9.4368957093138306e-16,1.4136225146752983e+00,5.0028947261340148e-03,7.9506886265721301e-03,2.8503506170066823e-04,-9.5880711140144463e-05,-9.5846881325337732e-05,9.9995106917602539e-01,3.9668417604357430e+01,1.2566370614359172e+01,nan,nan,7.1960830899999984e-01,6.2607860900000034e-01,9.3528538999999355e-02,2.2412441700000052e-01,6.2478604999999021e-02,0.0000000000000000e+00,2.8660389999999936e-01,1.0062122089999992e+00,3.5681987080000006e+00,0,0,0,nan,93312,0,6960,1.5999218750000000e+02,1.5999218750000000e+02
exp3_remap,d,A_int,A,2,2,abc,1,8,2.9999999999999999e-01,1,12,0.0000000000000000e+00,1,fine:12,0.0000000000000000e+00,2.0000000000000000e+00,4,1,9.0102538012759037e-01,9.9999999999997313e-01,12288,12288,41472,41472,0.0000000000000000e+00,2.2214277755491782e-01,2.4939903092691812e-02,9.2386329250841116e-14,5.1336712658667238e-13,1.2965231888058334e-15,7.2044466901923223e-15,3.9660626792931822e+01,-1.9639834145417906e-04,1.2556061256342881e+01,1.2560493004367755e+01,7.2164496600635175e-16,1.4136916877744272e+00,7.6816079662152270e-04,8.7057280168882580e-04,9.0445475086024046e-02,1.0154286394750214e-02,1.8873231473382635e-13,9.3791641120333225e-13,1.7657433699959963e-15,8.7749662108917984e-15,3.9666369583297111e+01,-5.1628504084650914e-05,1.2564418886561251e+01,1.2565071966641479e+01,9.9920072216264089e-16,1.4141040933572058e+00,2.7712630385315542e-15,0.0000000000000000e+00,9.0445475086024046e-02,1.0154286394750214e-02,1.8873231473382635e-13,9.3791641120333225e-13,1.7657433699959963e-15,8.7749662108917984e-15,3.9666369583297111e+01,-5.1628504084650914e-05,1.2564418886561251e+01,1.2565071966641479e+01,9.9920072216264089e-16,1.4141040933572058e+00,2.7712630385315542e-15,0.0000000000000000e+00,2.1999664821512688e-01,2.4698957794591796e-02,1.8972720733435931e-13,9.5212726591853425e-13,1.7750513945159452e-15,8.9079202443901582e-15,3.9655750723625950e+01,-3.1931903253152764e-04,1.2554545371254701e+01,1.2558856342620054e+01,7.7715611723760958e-16,1.4135947079423412e+00,4.5005809363947592e-03,7.1953744981411794e-03,-1.2294483723947279e-04,-1.2072934794056071e-04,-1.2068675072331025e-04,9.9993139958809640e-01,3.9668417604357430e+01,1.2566370614359172e+01,nan,nan,2.8544674319999999e+00,2.4682289290000003e+00,3.8623730299999970e-01,8.9520246500000056e-01,2.5684524300000078e-01,0.0000000000000000e+00,1.1520486980000015e+00,4.0065161300000014e+00,6.5752601700000000e+00,0,0,0,nan,373248,0,26976,2.0832421875000000e+02,2.0832421875000000e+02
exp3_remap,d,A_l2,A,2,2,abc,1,8,2.9999999999999999e-01,1,12,0.0000000000000000e+00,1,fine:12,0.0000000000000000e+00,2.0000000000000000e+00,0,1,9.0102538012759037e-01,9.9999999999997313e-01,12288,12288,41472,41472,0.0000000000000000e+00,2.2214277755491782e-01,2.4939903092691812e-02,9.2386329250841116e-14,5.1336712658667238e-13,1.2965231888058334e-15,7.2044466901923223e-15,3.9660626792931822e+01,-1.9639834145417906e-04,1.2556061256342881e+01,1.2560493004367755e+01,7.2164496600635175e-16,1.4136916877744272e+00,7.6816079662152270e-04,8.7057280168882580e-04,9.0445475086024046e-02,1.0154286394750214e-02,1.8873231473382635e-13,9.3791641120333225e-13,1.7657433699959963e-15,8.7749662108917984e-15,3.9666369583297111e+01,-5.1628504084650914e-05,1.2564418886561251e+01,1.2565071966641479e+01,9.9920072216264089e-16,1.4141040933572058e+00,2.7712630385315542e-15,0.0000000000000000e+00,9.0445475086024046e-02,1.0154286394750214e-02,1.8873231473382635e-13,9.3791641120333225e-13,1.7657433699959963e-15,8.7749662108917984e-15,3.9666369583297111e+01,-5.1628504084650914e-05,1.2564418886561251e+01,1.2565071966641479e+01,9.9920072216264089e-16,1.4141040933572058e+00,2.7712630385315542e-15,0.0000000000000000e+00,2.6962274839506473e-01,3.0270465196176790e-02,1.9073579275051500e-13,9.6278540695493575e-13,1.7844875263949147e-15,9.0076357695139297e-15,3.9671875701073944e+01,8.7175060800364084e-05,1.2555894744869175e+01,1.2562010517313043e+01,8.3266726846886741e-16,1.4136609658723462e+00,3.9905710248516295e-03,6.5004283047148063e-03,2.8362910654065583e-04,-1.3261441650107430e-05,-1.3256762584737988e-05,9.9997826831525805e-01,3.9668417604357430e+01,1.2566370614359172e+01,nan,nan,2.4357247109999989e+00,2.3186772189999978e+00,7.9815159999998997e-02,8.8464345200000238e-01,6.0742557500000061e-01,4.9223621100000159e-01,1.9843103239999991e+00,4.4200350349999979e+00,6.9759818970000005e+00,20,20,0,nan,373248,0,25728,2.2453906250000000e+02,2.2453906250000000e+02
exp3_remap,d,B_pt,B,2,2,abc,1,8,2.9999999999999999e-01,1,12,0.0000000000000000e+00,1,fine:12,0.0000000000000000e+00,2.0000000000000000e+00,0,1,9.0102538012759037e-01,9.9999999999997313e-01,12288,12288,41472,41472,0.0000000000000000e+00,2.2214277755491782e-01,2.4939903092691812e-02,9.2386329250841116e-14,5.1336712658667238e-13,1.2965231888058334e-15,7.2044466901923223e-15,3.9660626792931822e+01,-1.9639834145417906e-04,1.2556061256342881e+01,1.2560493004367755e+01,7.2164496600635175e-16,1.4136916877744272e+00,7.6816079662152270e-04,8.7057280168882580e-04,9.0445475086024046e-02,1.0154286394750214e-02,1.8873231473382635e-13,9.3791641120333225e-13,1.7657433699959963e-15,8.7749662108917984e-15,3.9666369583297111e+01,-5.1628504084650914e-05,1.2564418886561251e+01,1.2565071966641479e+01,9.9920072216264089e-16,1.4141040933572058e+00,2.7712630385315542e-15,0.0000000000000000e+00,9.0445475086024046e-02,1.0154286394750214e-02,1.8873231473382635e-13,9.3791641120333225e-13,1.7657433699959963e-15,8.7749662108917984e-15,3.9666369583297111e+01,-5.1628504084650914e-05,1.2564418886561251e+01,1.2565071966641479e+01,9.9920072216264089e-16,1.4141040933572058e+00,2.7712630385315542e-15,0.0000000000000000e+00,2.3012657832377101e-01,2.5836242013444557e-02,1.7639394082178224e+00,1.7266638962543148e+01,1.6503079080696731e-02,1.6154336533848854e-01,3.9624959976707096e+01,-1.0955220872122689e-03,nan,nan,4.8643156657553754e-03,nan,nan,nan,-8.9930036685861002e-04,nan,nan,nan,3.9668417604357430e+01,1.2566370614359172e+01,nan,nan,4.6022604399999878e-01,4.0238841400000069e-01,5.7836392999998765e-02,1.3073285399999790e-01,4.0661391999996965e-02,0.0000000000000000e+00,1.7139512400000001e-01,6.3162116799999879e-01,1.8303362520000022e+00,0,0,0,nan,62208,0,4560,2.2457812500000000e+02,2.2457812500000000e+02
exp3_remap,d,B_int,B,2,2,abc,1,8,2.9999999999999999e-01,1,12,0.0000000000000000e+00,1,fine:12,0.0000000000000000e+00,2.0000000000000000e+00,4,1,9.0102538012759037e-01,9.9999999999997313e-01,12288,12288,41472,41472,0.0000000000000000e+00,2.2214277755491782e-01,2.4939903092691812e-02,9.2386329250841116e-14,5.1336712658667238e-13,1.2965231888058334e-15,7.2044466901923223e-15,3.9660626792931822e+01,-1.9639834145417906e-04,1.2556061256342881e+01,1.2560493004367755e+01,7.2164496600635175e-16,1.4136916877744272e+00,7.6816079662152270e-04,8.7057280168882580e-04,9.0445475086024046e-02,1.0154286394750214e-02,1.8873231473382635e-13,9.3791641120333225e-13,1.7657433699959963e-15,8.7749662108917984e-15,3.9666369583297111e+01,-5.1628504084650914e-05,1.2564418886561251e+01,1.2565071966641479e+01,9.9920072216264089e-16,1.4141040933572058e+00,2.7712630385315542e-15,0.0000000000000000e+00,9.0445475086024046e-02,1.0154286394750214e-02,1.8873231473382635e-13,9.3791641120333225e-13,1.7657433699959963e-15,8.7749662108917984e-15,3.9666369583297111e+01,-5.1628504084650914e-05,1.2564418886561251e+01,1.2565071966641479e+01,9.9920072216264089e-16,1.4141040933572058e+00,2.7712630385315542e-15,0.0000000000000000e+00,2.0915215001775880e-01,2.3481449230468573e-02,4.6610232457069845e-01,2.3491290086405314e+00,4.3607640297908352e-03,2.1978000842739893e-02,3.9652851762277152e+01,-3.9239886590707246e-04,nan,nan,2.9498919575346449e-04,nan,nan,nan,-1.9603902619249789e-04,nan,nan,nan,3.9668417604357430e+01,1.2566370614359172e+01,nan,nan,7.8094281689999967e+00,6.7794424769999999e+00,1.0299842149999989e+00,2.2582457749999989e+00,7.1784180000000219e-01,0.0000000000000000e+00,2.9760884910000058e+00,1.0785516660000003e+01,1.1953893379000004e+01,0,0,0,nan,995328,0,68832,3.5694140625000000e+02,3.5694140625000000e+02
exp3_remap,d,B_l2,B,2,2,abc,1,8,2.9999999999999999e-01,1,12,0.0000000000000000e+00,1,fine:12,0.0000000000000000e+00,2.0000000000000000e+00,0,1,9.0102538012759037e-01,9.9999999999997313e-01,12288,12288,41472,41472,0.0000000000000000e+00,2.2214277755491782e-01,2.4939903092691812e-02,9.2386329250841116e-14,5.1336712658667238e-13,1.2965231888058334e-15,7.2044466901923223e-15,3.9660626792931822e+01,-1.9639834145417906e-04,1.2556061256342881e+01,1.2560493004367755e+01,7.2164496600635175e-16,1.4136916877744272e+00,7.6816079662152270e-04,8.7057280168882580e-04,9.0445475086024046e-02,1.0154286394750214e-02,1.8873231473382635e-13,9.3791641120333225e-13,1.7657433699959963e-15,8.7749662108917984e-15,3.9666369583297111e+01,-5.1628504084650914e-05,1.2564418886561251e+01,1.2565071966641479e+01,9.9920072216264089e-16,1.4141040933572058e+00,2.7712630385315542e-15,0.0000000000000000e+00,9.0445475086024046e-02,1.0154286394750214e-02,1.8873231473382635e-13,9.3791641120333225e-13,1.7657433699959963e-15,8.7749662108917984e-15,3.9666369583297111e+01,-5.1628504084650914e-05,1.2564418886561251e+01,1.2565071966641479e+01,9.9920072216264089e-16,1.4141040933572058e+00,2.7712630385315542e-15,0.0000000000000000e+00,1.9808758888663902e-01,2.2239234266693424e-02,8.2420540323863245e-01,4.6532971464242934e+00,7.7111078107423500e-03,4.3535356393566996e-02,3.9646322299845828e+01,-5.5699989679383686e-04,nan,nan,1.8986710706684895e-03,nan,nan,nan,-3.6067239079901905e-04,nan,nan,nan,3.9668417604357430e+01,1.2566370614359172e+01,nan,nan,2.3930824429999973e+00,2.2817444500000050e+00,6.4415289000002929e-02,8.5566193599999707e-01,5.6954933899999816e-01,2.0840331800000200e-01,1.6336206390000001e+00,4.0267030819999974e+00,5.3382321879999992e+00,8,8,0,nan,373248,0,25728,3.5711328125000000e+02,3.5711328125000000e+02
exp3_remap,d,B_l2c,B,2,2,abc,1,8,2.9999999999999999e-01,1,12,0.0000000000000000e+00,1,fine:12,0.0000000000000000e+00,2.0000000000000000e+00,0,1,9.0102538012759037e-01,9.9999999999997313e-01,12288,12288,41472,41472,0.0000000000000000e+00,2.2214277755491782e-01,2.4939903092691812e-02,9.2386329250841116e-14,5.1336712658667238e-13,1.2965231888058334e-15,7.2044466901923223e-15,3.9660626792931822e+01,-1.9639834145417906e-04,1.2556061256342881e+01,1.2560493004367755e+01,7.2164496600635175e-16,1.4136916877744272e+00,7.6816079662152270e-04,8.7057280168882580e-04,9.0445475086024046e-02,1.0154286394750214e-02,1.8873231473382635e-13,9.3791641120333225e-13,1.7657433699959963e-15,8.7749662108917984e-15,3.9666369583297111e+01,-5.1628504084650914e-05,1.2564418886561251e+01,1.2565071966641479e+01,9.9920072216264089e-16,1.4141040933572058e+00,2.7712630385315542e-15,0.0000000000000000e+00,9.0445475086024046e-02,1.0154286394750214e-02,1.8873231473382635e-13,9.3791641120333225e-13,1.7657433699959963e-15,8.7749662108917984e-15,3.9666369583297111e+01,-5.1628504084650914e-05,1.2564418886561251e+01,1.2565071966641479e+01,9.9920072216264089e-16,1.4141040933572058e+00,2.7712630385315542e-15,0.0000000000000000e+00,1.9777087156110690e-01,2.2203676507429361e-02,4.9750354514626813e-13,2.2493118478905672e-12,4.6545478320998967e-15,2.1044130614662386e-14,3.9646259612229912e+01,-5.5858018710289886e-04,nan,nan,3.2793536330899542e-08,nan,nan,nan,-3.6225299153544422e-04,nan,nan,nan,3.9668417604357430e+01,1.2566370614359172e+01,nan,nan,2.4279367500000006e+00,2.2677228150000062e+00,8.5026460000001691e-02,6.8548551199999963e-01,5.3532981299999705e-01,7.3768670299999997e+00,8.5977709080000011e+00,1.1025707658000002e+01,1.2299970672000001e+01,31,8,256,4.6532971464242934e+00,373248,0,25728,3.5717578125000000e+02,3.5717578125000000e+02
exp3_remap,d,A_pt,A,3,3,abc,1,8,2.9999999999999999e-01,1,12,0.0000000000000000e+00,1,fine:12,0.0000000000000000e+00,2.0000000000000000e+00,0,1,9.0977720054037048e-01,9.9999999999994971e-01,41472,41472,139968,139968,0.0000000000000000e+00,1.7649500889531839e-02,1.9815041779176297e-03,2.3294829563109238e-13,1.7671419882958617e-12,3.2691294212856078e-15,2.4799562709297072e-14,3.9668444320879388e+01,6.7349603467311972e-07,1.2566329582044686e+01,1.2566363386562230e+01,1.2212453270876722e-15,1.4142122709952341e+00,6.4570412734713838e-05,8.9503416399397100e-05,4.0050771749178277e-03,4.4964881469761398e-04,5.0005437496728494e-13,3.5527136788005009e-12,4.6784129070914956e-15,3.3238508374590610e-14,3.9668414927981516e+01,-6.7468683537438324e-08,1.2566367211050723e+01,1.2566368489858062e+01,2.4147350785597155e-15,1.4142133712198504e+00,3.5218416142281353e-15,1.5674503776791068e-11,4.0050771749178277e-03,4.4964881469761398e-04,5.0005437496728494e-13,3.5527136788005009e-12,4.6784129070914956e-15,3.3238508374590610e-14,3.9668414927981516e+01,-6.7468683537438324e-08,1.2566367211050723e+01,1.2566368489858062e+01,2.4147350785597155e-15,1.4142133712198504e+00,3.5218416142281353e-15,1.5674503776791068e-11,5.5180808761304989e-02,6.1951328700889687e-03,4.9503719238140279e-13,3.5269565046291973e-12,4.6314731082574959e-15,3.2997529188874828e-14,3.9670031463767188e+01,4.0683735506027776e-05,1.2566400009381402e+01,1.2566651103058142e+01,2.0539125955565396e-15,1.4142162224857431e+00,5.9724812685583637e-04,1.1161739826192388e-03,4.0010212524635177e-05,5.6044476835049455e-06,5.6044326070946732e-06,1.0000027941282861e+00,3.9668417604357430e+01,1.2566370614359172e+01,nan,nan,4.5376096430000104e+00,3.8185609789999972e+00,7.1904712599999243e-01,1.7291839640000006e+00,3.9914777900000331e-01,0.0000000000000000e+00,2.1283331510000068e+00,6.6659427940000171e+00,2.7833913773999996e+01,0,0,0,nan,248832,0,18384,4.9682421875000000e+02,4.9682421875000000e+02
exp3_remap,d,A_int,A,3,3,abc,1,8,2.9999999999999999e-01,1,12,0.0000000000000000e+00,1,fine:12,0.0000000000000000e+00,2.0000000000000000e+00,5,1,9.0977720054037048e-01,9.9999999999994971e-01,41472,41472,139968,139968,0.0000000000000000e+00,1.7649500889531839e-02,1.9815041779176297e-03,2.3294829563109238e-13,1.7671419882958617e-12,3.2691294212856078e-15,2.4799562709297072e-14,3.9668444320879388e+01,6.7349603467311972e-07,1.2566329582044686e+01,1.2566363386562230e+01,1.2212453270876722e-15,1.4142122709952341e+00,6.4570412734713838e-05,8.9503416399397100e-05,4.0050771749178277e-03,4.4964881469761398e-04,5.0005437496728494e-13,3.5527136788005009e-12,4.6784129070914956e-15,3.3238508374590610e-14,3.9668414927981516e+01,-6.7468683537438324e-08,1.2566367211050723e+01,1.2566368489858062e+01,2.4147350785597155e-15,1.4142133712198504e+00,3.5218416142281353e-15,1.5674503776791068e-11,4.0050771749178277e-03,4.4964881469761398e-04,5.0005437496728494e-13,3.5527136788005009e-12,4.6784129070914956e-15,3.3238508374590610e-14,3.9668414927981516e+01,-6.7468683537438324e-08,1.2566367211050723e+01,1.2566368489858062e+01,2.4147350785597155e-15,1.4142133712198504e+00,3.5218416142281353e-15,1.5674503776791068e-11,2.3907281246497835e-02,2.6840633040612514e-03,4.9865994621909413e-13,3.4674485505092889e-12,4.6653668989369177e-15,3.2440784173600432e-14,3.9668789922429369e+01,9.3857555814918785e-06,1.2566398448238605e+01,1.2566449876602576e+01,1.9984014443252818e-15,1.4142158138422127e+00,5.0442593832164962e-04,9.7676573177509309e-04,8.7122536791504523e-06,5.4802154813281137e-06,5.4802007391123520e-06,1.0000025051734109e+00,3.9668417604357430e+01,1.2566370614359172e+01,nan,nan,2.2100855797999998e+01,1.8496781790000000e+01,3.6040729390000052e+00,9.0607529819999968e+00,2.4096428359999891e+00,0.0000000000000000e+00,1.1470396749999992e+01,3.3571252547999990e+01,5.5368063572000011e+01,0,0,0,nan,1244160,0,93744,7.1076171875000000e+02,7.1076171875000000e+02
exp3_remap,d,A_l2,A,3,3,abc,1,8,2.9999999999999999e-01,1,12,0.0000000000000000e+00,1,fine:12,0.0000000000000000e+00,2.0000000000000000e+00,0,1,9.0977720054037048e-01,9.9999999999994971e-01,41472,41472,139968,139968,0.0000000000000000e+00,1.7649500889531839e-02,1.9815041779176297e-03,2.3294829563109238e-13,1.7671419882958617e-12,3.2691294212856078e-15,2.4799562709297072e-14,3.9668444320879388e+01,6.7349603467311972e-07,1.2566329582044686e+01,1.2566363386562230e+01,1.2212453270876722e-15,1.4142122709952341e+00,6.4570412734713838e-05,8.9503416399397100e-05,4.0050771749178277e-03,4.4964881469761398e-04,5.0005437496728494e-13,3.5527136788005009e-12,4.6784129070914956e-15,3.3238508374590610e-14,3.9668414927981516e+01,-6.7468683537438324e-08,1.2566367211050723e+01,1.2566368489858062e+01,2.4147350785597155e-15,1.4142133712198504e+00,3.5218416142281353e-15,1.5674503776791068e-11,4.0050771749178277e-03,4.4964881469761398e-04,5.0005437496728494e-13,3.5527136788005009e-12,4.6784129070914956e-15,3.3238508374590610e-14,3.9668414927981516e+01,-6.7468683537438324e-08,1.2566367211050723e+01,1.2566368489858062e+01,2.4147350785597155e-15,1.4142133712198504e+00,3.5218416142281353e-15,1.5674503776791068e-11,3.1934803179109114e-02,3.5853107867721977e-03,4.9950073179584617e-13,3.8939962365702740e-12,4.6732331276738036e-15,3.6431482585324720e-14,3.9668846756593133e+01,1.0818486383396113e-05,1.2566345060774161e+01,1.2566431485428694e+01,1.6653345369377348e-15,1.4142127261588604e+00,4.5876635458995483e-04,9.0291838313142736e-04,1.0144983516116823e-05,1.2317621763769282e-06,1.2317588628386497e-06,1.0000003218495805e+00,3.9668417604357430e+01,1.2566370614359172e+01,nan,nan,1.3488407529999989e+01,1.2773608693000000e+01,5.4733670900000675e-01,6.1193131459999961e+00,3.7507060940000088e+00,1.3276572129999806e+00,1.1197683353000002e+01,2.4686090882999991e+01,4.5096129023000003e+01,16,16,0,nan,884736,0,62256,7.1996484375000000e+02,7.1996484375000000e+02
exp3_remap,d,B_pt,B,3,3,abc,1,8,2.9999999999999999e-01,1,12,0.0000000000000000e+00,1,fine:12,0.0000000000000000e+00,2.0000000000000000e+00,0,1,9.0977720054037048e-01,9.9999999999994971e-01,41472,41472,139968,139968,0.0000000000000000e+00,1.7649500889531839e-02,1.9815041779176297e-03,2.3294829563109238e-13,1.7671419882958617e-12,3.2691294212856078e-15,2.4799562709297072e-14,3.9668444320879388e+01,6.7349603467311972e-07,1.2566329582044686e+01,1.2566363386562230e+01,1.2212453270876722e-15,1.4142122709952341e+00,6.4570412734713838e-05,8.9503416399397100e-05,4.0050771749178277e-03,4.4964881469761398e-04,5.0005437496728494e-13,3.5527136788005009e-12,4.6784129070914956e-15,3.3238508374590610e-14,3.9668414927981516e+01,-6.7468683537438324e-08,1.2566367211050723e+01,1.2566368489858062e+01,2.4147350785597155e-15,1.4142133712198504e+00,3.5218416142281353e-15,1.5674503776791068e-11,4.0050771749178277e-03,4.4964881469761398e-04,5.0005437496728494e-13,3.5527136788005009e-12,4.6784129070914956e-15,3.3238508374590610e-14,3.9668414927981516e+01,-6.7468683537438324e-08,1.2566367211050723e+01,1.2566368489858062e+01,2.4147350785597155e-15,1.4142133712198504e+00,3.5218416142281353e-15,1.5674503776791068e-11,1.8403148149707994e-02,2.0661159300608394e-03,5.0249328749878852e-01,7.1890036494321112e+00,4.7012309053689827e-03,6.7258940519881336e-02,3.9669145307442747e+01,1.8344646176093203e-05,nan,nan,1.7791343699192774e-03,nan,nan,nan,1.7671138239978550e-05,nan,nan,nan,3.9668417604357430e+01,1.2566370614359172e+01,nan,nan,3.2124018399999841e+00,2.6958641170000135e+00,5.1653641500001868e-01,1.1863413060000028e+00,3.5931812799998397e-01,0.0000000000000000e+00,1.5456601500000033e+00,4.7580619899999874e+00,1.3166333839999993e+01,0,0,0,nan,186624,0,13344,7.1999609375000000e+02,7.1999609375000000e+02
exp3_remap,d,B_int,B,3,3,abc,1,8,2.9999999999999999e-01,1,12,0.0000000000000000e+00,1,fine:12,0.0000000000000000e+00,2.0000000000000000e+00,5,1,9.0977720054037048e-01,9.9999999999994971e-01,41472,41472,139968,139968,0.0000000000000000e+00,1.7649500889531839e-02,1.9815041779176297e-03,2.3294829563109238e-13,1.7671419882958617e-12,3.2691294212856078e-15,2.4799562709297072e-14,3.9668444320879388e+01,6.7349603467311972e-07,1.2566329582044686e+01,1.2566363386562230e+01,1.2212453270876722e-15,1.4142122709952341e+00,6.4570412734713838e-05,8.9503416399397100e-05,4.0050771749178277e-03,4.4964881469761398e-04,5.0005437496728494e-13,3.5527136788005009e-12,4.6784129070914956e-15,3.3238508374590610e-14,3.9668414927981516e+01,-6.7468683537438324e-08,1.2566367211050723e+01,1.2566368489858062e+01,2.4147350785597155e-15,1.4142133712198504e+00,3.5218416142281353e-15,1.5674503776791068e-11,4.0050771749178277e-03,4.4964881469761398e-04,5.0005437496728494e-13,3.5527136788005009e-12,4.6784129070914956e-15,3.3238508374590610e-14,3.9668414927981516e+01,-6.7468683537438324e-08,1.2566367211050723e+01,1.2566368489858062e+01,2.4147350785597155e-15,1.4142133712198504e+00,3.5218416142281353e-15,1.5674503776791068e-11,1.4462233550250843e-02,1.6236706284901434e-03,1.4095715982151560e-01,1.3852077541141394e+00,1.3187681757590481e-03,1.2959738301009348e-02,3.9668579594487369e+01,4.0836045328269601e-06,nan,nan,9.4158324207449517e-05,nan,nan,nan,3.4101062014608360e-06,nan,nan,nan,3.9668417604357430e+01,1.2566370614359172e+01,nan,nan,8.7921840416000009e+01,7.3419392093999988e+01,1.4502447109000002e+01,2.9449472931000003e+01,9.5728698039999927e+00,0.0000000000000000e+00,3.9022343632000002e+01,1.2694418404800001e+02,1.3496566719200001e+02,0,0,0,nan,4665600,0,333408,1.4248281250000000e+03,1.4248281250000000e+03
exp3_remap,d,B_l2,B,3,3,abc,1,8,2.9999999999999999e-01,1,12,0.0000000000000000e+00,1,fine:12,0.0000000000000000e+00,2.0000000000000000e+00,0,1,9.0977720054037048e-01,9.9999999999994971e-01,41472,41472,139968,139968,0.0000000000000000e+00,1.7649500889531839e-02,1.9815041779176297e-03,2.3294829563109238e-13,1.7671419882958617e-12,3.2691294212856078e-15,2.4799562709297072e-14,3.9668444320879388e+01,6.7349603467311972e-07,1.2566329582044686e+01,1.2566363386562230e+01,1.2212453270876722e-15,1.4142122709952341e+00,6.4570412734713838e-05,8.9503416399397100e-05,4.0050771749178277e-03,4.4964881469761398e-04,5.0005437496728494e-13,3.5527136788005009e-12,4.6784129070914956e-15,3.3238508374590610e-14,3.9668414927981516e+01,-6.7468683537438324e-08,1.2566367211050723e+01,1.2566368489858062e+01,2.4147350785597155e-15,1.4142133712198504e+00,3.5218416142281353e-15,1.5674503776791068e-11,4.0050771749178277e-03,4.4964881469761398e-04,5.0005437496728494e-13,3.5527136788005009e-12,4.6784129070914956e-15,3.3238508374590610e-14,3.9668414927981516e+01,-6.7468683537438324e-08,1.2566367211050723e+01,1.2566368489858062e+01,2.4147350785597155e-15,1.4142133712198504e+00,3.5218416142281353e-15,1.5674503776791068e-11,1.3501182370790520e-02,1.5157737004573037e-03,2.2474952632664308e-01,1.8226363175447986e+00,2.1027134997030216e-03,1.7052236116308680e-02,3.9668296581872966e+01,-3.0508523347503594e-06,nan,nan,1.7173979508680604e-04,nan,nan,nan,-3.7243458610913100e-06,nan,nan,nan,3.9668417604357430e+01,1.2566370614359172e+01,nan,nan,1.3428694902000018e+01,1.2649834666999993e+01,5.7092774099999133e-01,5.5582790980000141e+00,4.2503479220000031e+00,7.5351257299996632e-01,1.0562144740999997e+01,2.3990839643000015e+01,3.2437100616999999e+01,8,8,0,nan,884736,0,62256,1.4251250000000000e+03,1.4251250000000000e+03
exp3_remap,d,B_l2c,B,3,3,abc,1,8,2.9999999999999999e-01,1,12,0.0000000000000000e+00,1,fine:12,0.0000000000000000e+00,2.0000000000000000e+00,0,1,9.0977720054037048e-01,9.9999999999994971e-01,41472,41472,139968,139968,0.0000000000000000e+00,1.7649500889531839e-02,1.9815041779176297e-03,2.3294829563109238e-13,1.7671419882958617e-12,3.2691294212856078e-15,2.4799562709297072e-14,3.9668444320879388e+01,6.7349603467311972e-07,1.2566329582044686e+01,1.2566363386562230e+01,1.2212453270876722e-15,1.4142122709952341e+00,6.4570412734713838e-05,8.9503416399397100e-05,4.0050771749178277e-03,4.4964881469761398e-04,5.0005437496728494e-13,3.5527136788005009e-12,4.6784129070914956e-15,3.3238508374590610e-14,3.9668414927981516e+01,-6.7468683537438324e-08,1.2566367211050723e+01,1.2566368489858062e+01,2.4147350785597155e-15,1.4142133712198504e+00,3.5218416142281353e-15,1.5674503776791068e-11,4.0050771749178277e-03,4.4964881469761398e-04,5.0005437496728494e-13,3.5527136788005009e-12,4.6784129070914956e-15,3.3238508374590610e-14,3.9668414927981516e+01,-6.7468683537438324e-08,1.2566367211050723e+01,1.2566368489858062e+01,2.4147350785597155e-15,1.4142133712198504e+00,3.5218416142281353e-15,1.5674503776791068e-11,1.3380338310294707e-02,1.5022065739845648e-03,1.6011721927280800e-13,9.0824570087022494e-13,1.4980260203553106e-15,8.4973727307947535e-15,3.9668294957638054e+01,-3.0917976259918912e-06,nan,nan,6.1845956134121138e-09,nan,nan,nan,-3.7652911247563688e-06,nan,nan,nan,3.9668417604357430e+01,1.2566370614359172e+01,nan,nan,1.3342816914000025e+01,1.2360460574999991e+01,5.8824670600000672e-01,5.2452247649999890e+00,4.0623765970000250e+00,3.4418570285999976e+01,4.3726174693000019e+01,5.7068991607000044e+01,6.5640202934000001e+01,48,8,392,1.8226363175447986e+00,884736,0,62256,1.4251875000000000e+03,1.4251875000000000e+03
exp3_remap,d,A_pt,A,1,1,abc,1,8,2.9999999999999999e-01,1,16,0.0000000000000000e+00,1,fine:16,0.0000000000000000e+00,2.0000000000000000e+00,0,1,8.7664045879113228e-01,9.9999999999999556e-01,1536,1536,12288,12288,0.0000000000000000e+00,2.0744160449229567e+00,2.3289406796722623e-01,1.4336828827059505e-14,6.0396132539608516e-14,2.0119893472283748e-16,8.4758196355203644e-16,3.7695369808696057e+01,-4.9738505209359310e-02,1.1269531761367238e+01,1.1625607299134952e+01,4.4408920985006262e-16,1.3423208792334611e+00,4.7510811659157255e-03,1.0517242565809382e-02,1.0047270775301984e+00,1.1280040802592374e-01,3.7488107532391654e-14,1.8474111129762605e-13,2.6304866268810102e-16,1.2963018266090067e-15,3.9163679354216825e+01,-1.2723932050295881e-02,1.2245869835682948e+01,1.2326358930922963e+01,7.7715611723760958e-16,1.3961565176133324e+00,9.5978575595933674e-17,3.1231187867844629e-11,1.0047270775301984e+00,1.1280040802592374e-01,3.7488107532391654e-14,1.8474111129762605e-13,2.6304866268810102e-16,1.2963018266090067e-15,3.9163679354216825e+01,-1.2723932050295881e-02,1.2245869835682948e+01,1.2326358930922963e+01,7.7715611723760958e-16,1.3961565176133324e+00,9.5978575595933674e-17,3.1231187867844629e-11,1.8245468783786911e+00,2.0484133148820799e-01,3.7108638894879328e-14,1.9184653865522705e-13,2.6038598579667769e-16,1.3461595891708916e-15,3.6335859335630680e+01,-8.4010365675909401e-02,1.1019224193474514e+01,1.1275346005208602e+01,6.6613381477509392e-16,1.3261284827292328e+00,2.1905255274138120e-02,3.8038506924659328e-02,-3.6065715231469828e-02,-2.2210999817294672e-02,-2.1530709016065710e-02,9.8793701509472531e-01,3.9668417604357430e+01,1.2566370614359172e+01,nan,nan,3.5342818599999992e-01,3.1773618500000023e-01,3.5691083999999762e-02,7.8120026000000120e-02,2.3043927999999880e-02,0.0000000000000000e+00,1.0116504400000004e-01,4.5459322999999996e-01,1.5469887219999996e+00,0,0,0,nan,49152,0,3312,8.5281250000000000e+01,8.5281250000000000e+01
exp3_remap,d,A_int,A,1,1,abc,1,8,2.9999999999999999e-01,1,16,0.0000000000000000e+00,1,fine:16,0.0000000000000000e+00,2.0000000000000000e+00,3,1,8.7664045879113228e-01,9.9999999999999556e-01,1536,1536,12288,12288,0.0000000000000000e+00,2.0744160449229567e+00,2.3289406796722623e-01,1.4336828827059505e-14,6.0396132539608516e-14,2.0119893472283748e-16,8.4758196355203644e-16,3.7695369808696057e+01,-4.9738505209359310e-02,1.1269531761367238e+01,1.1625607299134952e+01,4.4408920985006262e-16,1.3423208792334611e+00,4.7510811659157255e-03,1.0517242565809382e-02,1.0047270775301984e+00,1.1280040802592374e-01,3.7488107532391654e-14,1.8474111129762605e-13,2.6304866268810102e-16,1.2963018266090067e-15,3.9163679354216825e+01,-1.2723932050295881e-02,1.2245869835682948e+01,1.2326358930922963e+01,7.7715611723760958e-16,1.3961565176133324e+00,9.5978575595933674e-17,3.1231187867844629e-11,1.0047270775301984e+00,1.1280040802592374e-01,3.7488107532391654e-14,1.8474111129762605e-13,2.6304866268810102e-16,1.2963018266090067e-15,3.9163679354216825e+01,-1.2723932050295881e-02,1.2245869835682948e+01,1.2326358930922963e+01,7.7715611723760958e-16,1.3961565176133324e+00,9.5978575595933674e-17,3.1231187867844629e-11,1.6049216216984559e+00,1.8018406970998727e-01,3.6034699558731422e-14,2.1316282072803006e-13,2.5285030782366288e-16,1.4957328768565461e-15,3.5925243659733056e+01,-9.4361564455578389e-02,1.1009310744950204e+01,1.1200613258650813e+01,1.4432899320127035e-15,1.3248857538025789e+00,1.4719979217788984e-02,2.7381731644726910e-02,-4.6958715564972268e-02,-2.3090667999986540e-02,-2.2383434234562283e-02,9.8701120894369265e-01,3.9668417604357430e+01,1.2566370614359172e+01,nan,nan,1.1205177329999998e+00,1.0131785520000003e+00,1.0733823899999972e-01,2.3719783600000000e-01,6.9995629000000115e-02,0.0000000000000000e+00,3.0719442499999960e-01,1.4277121579999994e+00,2.4733084779999999e+00,0,0,0,nan,147456,0,10848,1.0828515625000000e+02,1.0828515625000000e+02
exp3_remap,d,A_l2,A,1,1,abc,1,8,2.9999999999999999e-01,1,16,0.0000000000000000e+00,1,fine:16,0.0000000000000000e+00,2.0000000000000000e+00,0,1,8.7664045879113228e-01,9.9999999999999556e-01,1536,1536,12288,12288,0.0000000000000000e+00,2.0744160449229567e+00,2.3289406796722623e-01,1.4336828827059505e-14,6.0396132539608516e-14,2.0119893472283748e-16,8.4758196355203644e-16,3.7695369808696057e+01,-4.9738505209359310e-02,1.1269531761367238e+01,1.1625607299134952e+01,4.4408920985006262e-16,1.3423208792334611e+00,4.7510811659157255e-03,1.0517242565809382e-02,1.0047270775301984e+00,1.1280040802592374e-01,3.7488107532391654e-14,1.8474111129762605e-13,2.6304866268810102e-16,1.2963018266090067e-15,3.9163679354216825e+01,-1.2723932050295881e-02,1.2245869835682948e+01,1.2326358930922963e+01,7.7715611723760958e-16,1.3961565176133324e+00,9.5978575595933674e-17,3.1231187867844629e-11,1.0047270775301984e+00,1.1280040802592374e-01,3.7488107532391654e-14,1.8474111129762605e-13,2.6304866268810102e-16,1.2963018266090067e-15,3.9163679354216825e+01,-1.2723932050295881e-02,1.2245869835682948e+01,1.2326358930922963e+01,7.7715611723760958e-16,1.3961565176133324e+00,9.5978575595933674e-17,3.1231187867844629e-11,1.7600440048898880e+00,1.9759961320360961e-01,3.5282266781097685e-14,1.7053025658242404e-13,2.4757059516416870e-16,1.1965863014852370e-15,3.7083794538449553e+01,-6.5155688630845851e-02,1.1274097999580157e+01,1.1519343973741442e+01,1.2212453270876722e-15,1.3410225675242449e+00,1.4650126122591830e-02,2.6656804263528084e-02,-1.6224148306549266e-02,4.0518437763064312e-04,3.9277416615114105e-04,9.9903278587906819e-01,3.9668417604357430e+01,1.2566370614359172e+01,nan,nan,1.7587876870000008e+00,1.6745229170000000e+00,3.6487737999999936e-02,3.9605974599999882e-01,2.6207703899999935e-01,8.0440017000000097e-01,1.4625411259999996e+00,3.2213288130000004e+00,4.2767142549999999e+00,29,29,0,nan,262144,0,14784,1.4150390625000000e+02,1.4150390625000000e+02
exp3_remap,d,B_pt,B,1,1,abc,1,8,2.9999999999999999e-01,1,16,0.0000000000000000e+00,1,fine:16,0.0000000000000000e+00,2.0000000000000000e+00,0,1,8.7664045879113228e-01,9.9999999999999556e-01,1536,1536,12288,12288,0.0000000000000000e+00,2.0744160449229567e+00,2.3289406796722623e-01,1.4336828827059505e-14,6.0396132539608516e-14,2.0119893472283748e-16,8.4758196355203644e-16,3.7695369808696057e+01,-4.9738505209359310e-02,1.1269531761367238e+01,1.1625607299134952e+01,4.4408920985006262e-16,1.3423208792334611e+00,4.7510811659157255e-03,1.0517242565809382e-02,1.0047270775301984e+00,1.1280040802592374e-01,3.7488107532391654e-14,1.8474111129762605e-13,2.6304866268810102e-16,1.2963018266090067e-15,3.9163679354216825e+01,-1.2723932050295881e-02,1.2245869835682948e+01,1.2326358930922963e+01,7.7715611723760958e-16,1.3961565176133324e+00,9.5978575595933674e-17,3.1231187867844629e-11,1.0047270775301984e+00,1.1280040802592374e-01,3.7488107532391654e-14,1.8474111129762605e-13,2.6304866268810102e-16,1.2963018266090067e-15,3.9163679354216825e+01,-1.2723932050295881e-02,1.2245869835682948e+01,1.2326358930922963e+01,7.7715611723760958e-16,1.3961565176133324e+00,9.5978575595933674e-17,3.1231187867844629e-11,2.1693943057395288e+00,2.4355724885814015e-01,2.6803517964108867e+01,1.8919274012584413e+02,1.8807643329829926e-01,1.3275382662995077e+00,3.7433679932631115e+01,-5.6335437778613003e-02,nan,nan,1.0694798365262898e-01,nan,nan,nan,-6.9422286448711790e-03,nan,nan,nan,3.9668417604357430e+01,1.2566370614359172e+01,nan,nan,1.8322569500000085e-01,1.6530503199999913e-01,1.7919757000001368e-02,3.6205130999999113e-02,1.2315393999999813e-02,0.0000000000000000e+00,4.8521327000001335e-02,2.3174702200000219e-01,7.5665012300000001e-01,0,0,0,nan,24576,0,1536,1.4156640625000000e+02,1.4156640625000000e+02
exp3_remap,d,B_int,B,1,1,abc,1,8,2.9999999999999999e-01,1,16,0.0000000000000000e+00,1,fine:16,0.0000000000000000e+00,2.0000000000000000e+00,3,1,8.7664045879113228e-01,9.9999999999999556e-01,1536,1536,12288,12288,0.0000000000000000e+00,2.0744160449229567e+00,2.3289406796722623e-01,1.4336828827059505e-14,6.0396132539608516e-14,2.0119893472283748e-16,8.4758196355203644e-16,3.7695369808696057e+01,-4.9738505209359310e-02,1.1269531761367238e+01,1.1625607299134952e+01,4.4408920985006262e-16,1.3423208792334611e+00,4.7510811659157255e-03,1.0517242565809382e-02,1.0047270775301984e+00,1.1280040802592374e-01,3.7488107532391654e-14,1.8474111129762605e-13,2.6304866268810102e-16,1.2963018266090067e-15,3.9163679354216825e+01,-1.2723932050295881e-02,1.2245869835682948e+01,1.2326358930922963e+01,7.7715611723760958e-16,1.3961565176133324e+00,9.5978575595933674e-17,3.1231187867844629e-11,1.0047270775301984e+00,1.1280040802592374e-01,3.7488107532391654e-14,1.8474111129762605e-13,2.6304866268810102e-16,1.2963018266090067e-15,3.9163679354216825e+01,-1.2723932050295881e-02,1.2245869835682948e+01,1.2326358930922963e+01,7.7715611723760958e-16,1.3961565176133324e+00,9.5978575595933674e-17,3.1231187867844629e-11,1.5909252829958507e+00,1.7861270495648240e-01,9.0863023561896146e+00,4.8542025089060004e+01,6.3757277731617046e-02,3.4061241349183824e-01,3.5899917415488908e+01,-9.5000013019288329e-02,nan,nan,1.6705483748893662e-02,nan,nan,nan,-4.7630581748343830e-02,nan,nan,nan,3.9668417604357430e+01,1.2566370614359172e+01,nan,nan,1.6236395110000004e+00,1.4685041999999999e+00,1.5513410600000022e-01,3.1986168999999975e-01,9.8938241000000815e-02,0.0000000000000000e+00,4.1880080000000142e-01,2.0424403110000018e+00,2.5825216609999995e+00,0,0,0,nan,221184,0,15552,1.4228906250000000e+02,1.4228906250000000e+02
exp3_remap,d,B_l2,B,1,1,abc,1,8,2.9999999999999999e-01,1,16,0.0000000000000000e+00,1,fine:16,0.0000000000000000e+00,2.0000000000000000e+00,0,1,8.7664045879113228e-01,9.9999999999999556e-01,1536,1536,12288,12288,0.0000000000000000e+00,2.0744160449229567e+00,2.3289406796722623e-01,1.4336828827059505e-14,6.0396132539608516e-14,2.0119893472283748e-16,8.4758196355203644e-16,3.7695369808696057e+01,-4.9738505209359310e-02,1.1269531761367238e+01,1.1625607299134952e+01,4.4408920985006262e-16,1.3423208792334611e+00,4.7510811659157255e-03,1.0517242565809382e-02,1.0047270775301984e+00,1.1280040802592374e-01,3.7488107532391654e-14,1.8474111129762605e-13,2.6304866268810102e-16,1.2963018266090067e-15,3.9163679354216825e+01,-1.2723932050295881e-02,1.2245869835682948e+01,1.2326358930922963e+01,7.7715611723760958e-16,1.3961565176133324e+00,9.5978575595933674e-17,3.1231187867844629e-11,1.0047270775301984e+00,1.1280040802592374e-01,3.7488107532391654e-14,1.8474111129762605e-13,2.6304866268810102e-16,1.2963018266090067e-15,3.9163679354216825e+01,-1.2723932050295881e-02,1.2245869835682948e+01,1.2326358930922963e+01,7.7715611723760958e-16,1.3961565176133324e+00,9.5978575595933674e-17,3.1231187867844629e-11,1.5679340451039465e+00,1.7603148556543846e-01,7.6798309257130839e+00,4.0535793018996117e+01,5.3888269844883936e-02,2.8443383372807785e-01,3.5864125177170891e+01,-9.5902298526993709e-02,nan,nan,5.7400506644210980e-03,nan,nan,nan,-4.8580094606280023e-02,nan,nan,nan,3.9668417604357430e+01,1.2566370614359172e+01,nan,nan,1.7142551990000001e+00,1.6204268939999995e+00,4.4937884999999511e-02,3.6079387600000246e-01,2.0322718499999937e-01,2.1528736999999865e-01,7.7931149400000166e-01,2.4935666930000018e+00,2.9993681940000005e+00,9,9,0,nan,262144,0,14784,1.4247265625000000e+02,1.4247265625000000e+02
exp3_remap,d,B_l2c,B,1,1,abc,1,8,2.9999999999999999e-01,1,16,0.0000000000000000e+00,1,fine:16,0.0000000000000000e+00,2.0000000000000000e+00,0,1,8.7664045879113228e-01,9.9999999999999556e-01,1536,1536,12288,12288,0.0000000000000000e+00,2.0744160449229567e+00,2.3289406796722623e-01,1.4336828827059505e-14,6.0396132539608516e-14,2.0119893472283748e-16,8.4758196355203644e-16,3.7695369808696057e+01,-4.9738505209359310e-02,1.1269531761367238e+01,1.1625607299134952e+01,4.4408920985006262e-16,1.3423208792334611e+00,4.7510811659157255e-03,1.0517242565809382e-02,1.0047270775301984e+00,1.1280040802592374e-01,3.7488107532391654e-14,1.8474111129762605e-13,2.6304866268810102e-16,1.2963018266090067e-15,3.9163679354216825e+01,-1.2723932050295881e-02,1.2245869835682948e+01,1.2326358930922963e+01,7.7715611723760958e-16,1.3961565176133324e+00,9.5978575595933674e-17,3.1231187867844629e-11,1.0047270775301984e+00,1.1280040802592374e-01,3.7488107532391654e-14,1.8474111129762605e-13,2.6304866268810102e-16,1.2963018266090067e-15,3.9163679354216825e+01,-1.2723932050295881e-02,1.2245869835682948e+01,1.2326358930922963e+01,7.7715611723760958e-16,1.3961565176133324e+00,9.5978575595933674e-17,3.1231187867844629e-11,1.5624610653150584e+00,1.7541703576398412e-01,2.6266932845418340e-12,9.9724672963930061e-12,1.8431129263954716e-14,6.9975369755605423e-14,3.5855558882586024e+01,-9.6118246001135596e-02,nan,nan,7.3452878313062797e-07,nan,nan,nan,-4.8807345184490050e-02,nan,nan,nan,3.9668417604357430e+01,1.2566370614359172e+01,nan,nan,1.6594692529999975e+00,1.5594549830000020e+00,3.5861052999997867e-02,3.5883888500000083e-01,2.1556105000000159e-01,5.1113056649999997e+00,5.6857073619999987e+00,7.3451766149999962e+00,7.7730934970000014e+00,29,9,240,4.0535793018996117e+01,262144,0,14784,1.4253515625000000e+02,1.4253515625000000e+02
exp3_remap,d,A_pt,A,2,2,abc,1,8,2.9999999999999999e-01,1,16,0.0000000000000000e+00,1,fine:16,0.0000000000000000e+00,2.0000000000000000e+00,0,1,9.0102538012759037e-01,9.9999999999996447e-01,12288,12288,98304,98304,0.0000000000000000e+00,2.2214277755491782e-01,2.4939903092691812e-02,9.2386329250841116e-14,5.1336712658667238e-13,1.2965231888058334e-15,7.2044466901923223e-15,3.9660626792931822e+01,-1.9639834145417906e-04,1.2556061256342881e+01,1.2560493004367755e+01,7.2164496600635175e-16,1.4136916877744272e+00,7.6816079662152270e-04,8.7057280168882580e-04,5.0959653831987375e-02,5.7212250706313861e-03,3.3037403199857340e-13,1.8189894035458565e-12,2.3181871005094156e-15,1.2763587215842463e-14,3.9667767860838850e+01,-1.6379365697408082e-05,1.2565750866815554e+01,1.2565957897945749e+01,1.2767564783189300e-15,1.4141787529211318e+00,2.3258634265080446e-15,2.3472171559870322e-11,5.0959653831987375e-02,5.7212250706313861e-03,3.3037403199857340e-13,1.8189894035458565e-12,2.3181871005094156e-15,1.2763587215842463e-14,3.9667767860838850e+01,-1.6379365697408082e-05,1.2565750866815554e+01,1.2565957897945749e+01,1.2767564783189300e-15,1.4141787529211318e+00,2.3258634265080446e-15,2.3472171559870322e-11,2.8498954372373403e-01,3.1995690704566142e-02,3.2992848112197706e-13,1.9539925233402755e-12,2.3150607340438131e-15,1.3710884704518271e-14,3.9672827953548470e+01,1.1118036607933894e-04,1.2554796275679267e+01,1.2561790991040535e+01,6.1062266354383610e-16,1.4136192143254718e+00,3.7227586361234227e-03,8.0982592113944922e-03,3.0763912734789553e-04,-1.0074661454636771e-04,-1.0071106788351988e-04,9.9994873461478040e-01,3.9668417604357430e+01,1.2566370614359172e+01,nan,nan,2.6214669139999991e+00,2.2989381889999976e+00,3.2252752900000203e-01,7.8286094499999948e-01,1.8140357900000126e-01,0.0000000000000000e+00,9.6426597900000033e-01,3.5857328929999994e+00,1.2752669117000003e+01,0,0,0,nan,221184,0,14688,3.0263281250000000e+02,3.0263281250000000e+02
exp3_remap,d,A_int,A,2,2,abc,1,8,2.9999999999999999e-01,1,16,0.0000000000000000e+00,1,fine:16,0.0000000000000000e+00,2.0000000000000000e+00,4,1,9.0102538012759037e-01,9.9999999999996447e-01,12288,12288,98304,98304,0.0000000000000000e+00,2.2214277755491782e-01,2.4939903092691812e-02,9.2386329250841116e-14,5.1336712658667238e-13,1.2965231888058334e-15,7.2044466901923223e-15,3.9660626792931822e+01,-1.9639834145417906e-04,1.2556061256342881e+01,1.2560493004367755e+01,7.2164496600635175e-16,1.4136916877744272e+00,7.6816079662152270e-04,8.7057280168882580e-04,5.0959653831987375e-02,5.7212250706313861e-03,3.3037403199857340e-13,1.8189894035458565e-12,2.3181871005094156e-15,1.2763587215842463e-14,3.9667767860838850e+01,-1.6379365697408082e-05,1.2565750866815554e+01,1.2565957897945749e+01,1.2767564783189300e-15,1.4141787529211318e+00,2.3258634265080446e-15,2.3472171559870322e-11,5.0959653831987375e-02,5.7212250706313861e-03,3.3037403199857340e-13,1.8189894035458565e-12,2.3181871005094156e-15,1.2763587215842463e-14,3.9667767860838850e+01,-1.6379365697408082e-05,1.2565750866815554e+01,1.2565957897945749e+01,1.2767564783189300e-15,1.4141787529211318e+00,2.3258634265080446e-15,2.3472171559870322e-11,2.2380645328872809e-01,2.5126683468968677e-02,3.3339049728615985e-13,1.8758328224066645e-12,2.3393532038999132e-15,1.3162449316337541e-14,3.9659413942173963e+01,-2.2697306137258228e-04,1.2555483365641889e+01,1.2559930997800368e+01,7.7715611723760958e-16,1.4136500624359316e+00,3.4337850286626980e-03,7.6053833358601950e-03,-3.0580725922254838e-05,-4.6024839254425502e-05,-4.6008600203108802e-05,9.9997055557526748e-01,3.9668417604357430e+01,1.2566370614359172e+01,nan,nan,9.8417653469999991e+00,8.5916157549999994e+00,1.2501487179999984e+00,3.2820422500000035e+00,8.7811949399999634e-01,0.0000000000000000e+00,4.1601627669999957e+00,1.4001928113999995e+01,2.2825737496000002e+01,0,0,0,nan,884736,0,60000,4.4561718750000000e+02,4.4561718750000000e+02
exp3_remap,d,A_l2,A,2,2,abc,1,8,2.9999999999999999e-01,1,16,0.0000000000000000e+00,1,fine:16,0.0000000000000000e+00,2.0000000000000000e+00,0,1,9.0102538012759037e-01,9.9999999999996447e-01,12288,12288,98304,98304,0.0000000000000000e+00,2.2214277755491782e-01,2.4939903092691812e-02,9.2386329250841116e-14,5.1336712658667238e-13,1.2965231888058334e-15,7.2044466901923223e-15,3.9660626792931822e+01,-1.9639834145417906e-04,1.2556061256342881e+01,1.2560493004367755e+01,7.2164496600635175e-16,1.4136916877744272e+00,7.6816079662152270e-04,8.7057280168882580e-04,5.0959653831987375e-02,5.7212250706313861e-03,3.3037403199857340e-13,1.8189894035458565e-12,2.3181871005094156e-15,1.2763587215842463e-14,3.9667767860838850e+01,-1.6379365697408082e-05,1.2565750866815554e+01,1.2565957897945749e+01,1.2767564783189300e-15,1.4141787529211318e+00,2.3258634265080446e-15,2.3472171559870322e-11,5.0959653831987375e-02,5.7212250706313861e-03,3.3037403199857340e-13,1.8189894035458565e-12,2.3181871005094156e-15,1.2763587215842463e-14,3.9667767860838850e+01,-1.6379365697408082e-05,1.2565750866815554e+01,1.2565957897945749e+01,1.2767564783189300e-15,1.4141787529211318e+00,2.3258634265080446e-15,2.3472171559870322e-11,2.5088044622364869e-01,2.8166272545693059e-02,3.3100480186087355e-13,1.7337242752546445e-12,2.3226131219776545e-15,1.2165294065099849e-14,3.9667454189449039e+01,-2.4286698753644641e-05,1.2556043067664367e+01,1.2561441544632787e+01,1.0547118733938987e-15,1.4136760966232520e+00,3.1533970815239318e-03,7.2496871754060823e-03,1.7214545178175322e-04,-1.4485974655758335e-06,-1.4480863535554159e-06,9.9998897132146281e-01,3.9668417604357430e+01,1.2566370614359172e+01,nan,nan,9.3978664179999924e+00,8.9629597740000051e+00,2.9980058700000001e-01,3.2938866749999960e+00,2.3006838069999986e+00,1.9884055280000013e+00,7.5829813880000074e+00,1.6980847806000000e+01,2.6840302806000004e+01,20,20,0,nan,884736,0,56640,4.6392968750000000e+02,4.6392968750000000e+02
exp3_remap,d,B_pt,B,2,2,abc,1,8,2.9999999999999999e-01,1,16,0.0000000000000000e+00,1,fine:16,0.0000000000000000e+00,2.0000000000000000e+00,0,1,9.0102538012759037e-01,9.9999999999996447e-01,12288,12288,98304,98304,0.0000000000000000e+00,2.2214277755491782e-01,2.4939903092691812e-02,9.2386329250841116e-14,5.1336712658667238e-13,1.2965231888058334e-15,7.2044466901923223e-15,3.9660626792931822e+01,-1.9639834145417906e-04,1.2556061256342881e+01,1.2560493004367755e+01,7.2164496600635175e-16,1.4136916877744272e+00,7.6816079662152270e-04,8.7057280168882580e-04,5.0959653831987375e-02,5.7212250706313861e-03,3.3037403199857340e-13,1.8189894035458565e-12,2.3181871005094156e-15,1.2763587215842463e-14,3.9667767860838850e+01,-1.6379365697408082e-05,1.2565750866815554e+01,1.2565957897945749e+01,1.2767564783189300e-15,1.4141787529211318e+00,2.3258634265080446e-15,2.3472171559870322e-11,5.0959653831987375e-02,5.7212250706313861e-03,3.3037403199857340e-13,1.8189894035458565e-12,2.3181871005094156e-15,1.2763587215842463e-14,3.9667767860838850e+01,-1.6379365697408082e-05,1.2565750866815554e+01,1.2565957897945749e+01,1.2767564783189300e-15,1.4141787529211318e+00,2.3258634265080446e-15,2.3472171559870322e-11,2.2434877695977212e-01,2.5187569985062441e-02,1.8573403119269749e+00,1.9925910205524758e+01,1.3032690028082595e-02,1.3981724812002136e-01,3.9649643952374888e+01,-4.7326445359594806e-04,nan,nan,3.7496781265297652e-03,nan,nan,nan,-2.7692049886846140e-04,nan,nan,nan,3.9668417604357430e+01,1.2566370614359172e+01,nan,nan,1.6594625180000122e+00,1.4405451900000088e+00,2.1891619899999171e-01,5.1224833400000591e-01,1.5668200100000718e-01,0.0000000000000000e+00,6.6893159699999671e-01,2.3283941150000089e+00,6.5860679820000030e+00,0,0,0,nan,147456,0,9456,4.6399218750000000e+02,4.6399218750000000e+02
exp3_remap,d,B_int,B,2,2,abc,1,8,2.9999999999999999e-01,1,16,0.0000000000000000e+00,1,fine:16,0.0000000000000000e+00,2.0000000000000000e+00,4,1,9.0102538012759037e-01,9.9999999999996447e-01,12288,12288,98304,98304,0.0000000000000000e+00,2.2214277755491782e-01,2.4939903092691812e-02,9.2386329250841116e-14,5.1336712658667238e-13,1.2965231888058334e-15,7.2044466901923223e-15,3.9660626792931822e+01,-1.9639834145417906e-04,1.2556061256342881e+01,1.2560493004367755e+01,7.2164496600635175e-16,1.4136916877744272e+00,7.6816079662152270e-04,8.7057280168882580e-04,5.0959653831987375e-02,5.7212250706313861e-03,3.3037403199857340e-13,1.8189894035458565e-12,2.3181871005094156e-15,1.2763587215842463e-14,3.9667767860838850e+01,-1.6379365697408082e-05,1.2565750866815554e+01,1.2565957897945749e+01,1.2767564783189300e-15,1.4141787529211318e+00,2.3258634265080446e-15,2.3472171559870322e-11,5.0959653831987375e-02,5.7212250706313861e-03,3.3037403199857340e-13,1.8189894035458565e-12,2.3181871005094156e-15,1.2763587215842463e-14,3.9667767860838850e+01,-1.6379365697408082e-05,1.2565750866815554e+01,1.2565957897945749e+01,1.2767564783189300e-15,1.4141787529211318e+00,2.3258634265080446e-15,2.3472171559870322e-11,2.1150803136812812e-01,2.3745943323964534e-02,5.3413981594744020e-01,5.7431909958951621e+00,3.7479823208477116e-03,4.0299145795161889e-02,3.9656575131377608e+01,-2.9853656119928649e-04,nan,nan,4.9102223288102764e-04,nan,nan,nan,-1.0215828346254529e-04,nan,nan,nan,3.9668417604357430e+01,1.2566370614359172e+01,nan,nan,2.8669762899000006e+01,2.5231255137000005e+01,3.4385065099999963e+00,7.6952486069999964e+00,2.2262620969999887e+00,0.0000000000000000e+00,9.9215116939999888e+00,3.8591274592999994e+01,4.2277880554999996e+01,0,0,0,nan,2359296,0,153552,7.9929296875000000e+02,7.9929296875000000e+02
exp3_remap,d,B_l2,B,2,2,abc,1,8,2.9999999999999999e-01,1,16,0.0000000000000000e+00,1,fine:16,0.0000000000000000e+00,2.0000000000000000e+00,0,1,9.0102538012759037e-01,9.9999999999996447e-01,12288,12288,98304,98304,0.0000000000000000e+00,2.2214277755491782e-01,2.4939903092691812e-02,9.2386329250841116e-14,5.1336712658667238e-13,1.2965231888058334e-15,7.2044466901923223e-15,3.9660626792931822e+01,-1.9639834145417906e-04,1.2556061256342881e+01,1.2560493004367755e+01,7.2164496600635175e-16,1.4136916877744272e+00,7.6816079662152270e-04,8.7057280168882580e-04,5.0959653831987375e-02,5.7212250706313861e-03,3.3037403199857340e-13,1.8189894035458565e-12,2.3181871005094156e-15,1.2763587215842463e-14,3.9667767860838850e+01,-1.6379365697408082e-05,1.2565750866815554e+01,1.2565957897945749e+01,1.2767564783189300e-15,1.4141787529211318e+00,2.3258634265080446e-15,2.3472171559870322e-11,5.0959653831987375e-02,5.7212250706313861e-03,3.3037403199857340e-13,1.8189894035458565e-12,2.3181871005094156e-15,1.2763587215842463e-14,3.9667767860838850e+01,-1.6379365697408082e-05,1.2565750866815554e+01,1.2565957897945749e+01,1.2767564783189300e-15,1.4141787529211318e+00,2.3258634265080446e-15,2.3472171559870322e-11,2.0455575105430562e-01,2.2965412895703828e-02,8.2194182914990699e-01,4.3876590343188084e+00,5.7674476840015570e-03,3.0787572840577804e-02,3.9653964958548855e+01,-3.6433633306783079e-04,nan,nan,4.4441898906855126e-04,nan,nan,nan,-1.6797098083570032e-04,nan,nan,nan,3.9668417604357430e+01,1.2566370614359172e+01,nan,nan,9.2059232480000048e+00,8.7030487489999757e+00,3.0199062799999865e-01,2.9035720199999844e+00,2.0433833879999952e+00,9.3217454500000940e-01,5.8791352749999817e+00,1.5085058522999987e+01,1.9486718286999974e+01,10,10,0,nan,884736,0,56640,7.9941796875000000e+02,7.9941796875000000e+02
exp3_remap,d,B_l2c,B,2,2,abc,1,8,2.9999999999999999e-01,1,16,0.0000000000000000e+00,1,fine:16,0.0000000000000000e+00,2.0000000000000000e+00,0,1,9.0102538012759037e-01,9.9999999999996447e-01,12288,12288,98304,98304,0.0000000000000000e+00,2.2214277755491782e-01,2.4939903092691812e-02,9.2386329250841116e-14,5.1336712658667238e-13,1.2965231888058334e-15,7.2044466901923223e-15,3.9660626792931822e+01,-1.9639834145417906e-04,1.2556061256342881e+01,1.2560493004367755e+01,7.2164496600635175e-16,1.4136916877744272e+00,7.6816079662152270e-04,8.7057280168882580e-04,5.0959653831987375e-02,5.7212250706313861e-03,3.3037403199857340e-13,1.8189894035458565e-12,2.3181871005094156e-15,1.2763587215842463e-14,3.9667767860838850e+01,-1.6379365697408082e-05,1.2565750866815554e+01,1.2565957897945749e+01,1.2767564783189300e-15,1.4141787529211318e+00,2.3258634265080446e-15,2.3472171559870322e-11,5.0959653831987375e-02,5.7212250706313861e-03,3.3037403199857340e-13,1.8189894035458565e-12,2.3181871005094156e-15,1.2763587215842463e-14,3.9667767860838850e+01,-1.6379365697408082e-05,1.2565750866815554e+01,1.2565957897945749e+01,1.2767564783189300e-15,1.4141787529211318e+00,2.3258634265080446e-15,2.3472171559870322e-11,2.0440097129758517e-01,2.2948035818781468e-02,3.5579786403559733e-13,1.9149126728734700e-12,2.4965824759486131e-15,1.3436667010427906e-14,3.9653933309435928e+01,-3.6513417464655262e-04,nan,nan,2.1331915012190450e-08,nan,nan,nan,-1.6876897913996558e-04,nan,nan,nan,3.9668417604357430e+01,1.2566370614359172e+01,nan,nan,9.0793706120000195e+00,8.5038654340000051e+00,2.9662614100001861e-01,3.0254603500000030e+00,1.7260567419999973e+00,3.1163633250000004e+01,3.5915152554000002e+01,4.4994523166000022e+01,4.9323264531999996e+01,32,10,330,4.3876590343188084e+00,884736,0,56640,7.9941796875000000e+02,7.9941796875000000e+02
exp3_remap,d,A_pt,A,3,3,abc,1,8,2.9999999999999999e-01,1,16,0.0000000000000000e+00,1,fine:16,0.0000000000000000e+00,2.0000000000000000e+00,0,1,9.0977720054037048e-01,9.9999999999992117e-01,41472,41472,331776,331776,0.0000000000000000e+00,1.7649500889531839e-02,1.9815041779176297e-03,2.3294829563109238e-13,1.7671419882958617e-12,3.2691294212856078e-15,2.4799562709297072e-14,3.9668444320879388e+01,6.7349603467311972e-07,1.2566329582044686e+01,1.2566363386562230e+01,1.2212453270876722e-15,1.4142122709952341e+00,6.4570412734713838e-05,8.9503416399397100e-05,1.6919408049846732e-03,1.8995368735072406e-04,8.8488398470862272e-13,7.9580786405131221e-12,6.2091037433830047e-15,5.5840694069310190e-14,3.9668417126951468e+01,-1.2034913180441924e-08,1.2566370006945705e+01,1.2566370234983387e+01,2.6367796834847468e-15,1.4142135282292430e+00,4.1040443745236214e-15,0.0000000000000000e+00,1.6919408049846732e-03,1.8995368735072406e-04,8.8488398470862272e-13,7.9580786405131221e-12,6.2091037433830047e-15,5.5840694069310190e-14,3.9668417126951468e+01,-1.2034913180441924e-08,1.2566370006945705e+01,1.2566370234983387e+01,2.6367796834847468e-15,1.4142135282292430e+00,4.1040443745236214e-15,0.0000000000000000e+00,6.3780571543753231e-02,7.1606256615947854e-03,8.8712195690051523e-13,7.0121686235324887e-12,6.2248072726076207e-15,4.9203379428259369e-14,3.9670280277846750e+01,4.6956082491068049e-05,1.2566316232780027e+01,1.2566648271066418e+01,2.1094237467877974e-15,1.4142114474124046e+00,4.3551997803370355e-04,1.0845849324277947e-03,4.6282555285277471e-05,-1.0623041972483967e-06,-1.0623013395655676e-06,9.9999941763846467e-01,3.9668417604357430e+01,1.2566370614359172e+01,nan,nan,1.0739942468999999e+01,9.0934464159999777e+00,1.6464947629999926e+00,4.1801430060000087e+00,1.1197917820000214e+00,0.0000000000000000e+00,5.2999357240000222e+00,1.6039878193000021e+01,6.3005276686000002e+01,0,0,0,nan,589824,0,38544,1.0116250000000000e+03,1.0116250000000000e+03
exp3_remap,d,A_int,A,3,3,abc,1,8,2.9999999999999999e-01,1,16,0.0000000000000000e+00,1,fine:16,0.0000000000000000e+00,2.0000000000000000e+00,5,1,9.0977720054037048e-01,9.9999999999992117e-01,41472,41472,331776,331776,0.0000000000000000e+00,1.7649500889531839e-02,1.9815041779176297e-03,2.3294829563109238e-13,1.7671419882958617e-12,3.2691294212856078e-15,2.4799562709297072e-14,3.9668444320879388e+01,6.7349603467311972e-07,1.2566329582044686e+01,1.2566363386562230e+01,1.2212453270876722e-15,1.4142122709952341e+00,6.4570412734713838e-05,8.9503416399397100e-05,1.6919408049846732e-03,1.8995368735072406e-04,8.8488398470862272e-13,7.9580786405131221e-12,6.2091037433830047e-15,5.5840694069310190e-14,3.9668417126951468e+01,-1.2034913180441924e-08,1.2566370006945705e+01,1.2566370234983387e+01,2.6367796834847468e-15,1.4142135282292430e+00,4.1040443745236214e-15,0.0000000000000000e+00,1.6919408049846732e-03,1.8995368735072406e-04,8.8488398470862272e-13,7.9580786405131221e-12,6.2091037433830047e-15,5.5840694069310190e-14,3.9668417126951468e+01,-1.2034913180441924e-08,1.2566370006945705e+01,1.2566370234983387e+01,2.6367796834847468e-15,1.4142135282292430e+00,4.1040443745236214e-15,0.0000000000000000e+00,2.7863011750948508e-02,3.1281719828473364e-03,8.8512236780609314e-13,7.2191141953226179e-12,6.2107764433170530e-15,5.0655486762874244e-14,3.9668711064895319e+01,7.3978382706514825e-06,1.2566340637083576e+01,1.2566408843149640e+01,2.6922908347160046e-15,1.4142126083994355e+00,3.8550312189576099e-04,1.0071405094064232e-03,6.7243377071635814e-06,8.7973491523310277e-07,8.7973254867617130e-07,1.0000002385810167e+00,3.9668417604357430e+01,1.2566370614359172e+01,nan,nan,5.3703133339999994e+01,4.5159411382999991e+01,8.5437201629999890e+00,1.8913964169999986e+01,5.6301502040000173e+00,0.0000000000000000e+00,2.4544115214999977e+01,7.8247248554999970e+01,1.2813214531100002e+02,0,0,0,nan,2949120,0,193296,1.4455781250000000e+03,1.4455781250000000e+03
exp3_remap,d,A_l2,A,3,3,abc,1,8,2.9999999999999999e-01,1,16,0.0000000000000000e+00,1,fine:16,0.0000000000000000e+00,2.0000000000000000e+00,0,1,9.0977720054037048e-01,9.9999999999992117e-01,41472,41472,331776,331776,0.0000000000000000e+00,1.7649500889531839e-02,1.9815041779176297e-03,2.3294829563109238e-13,1.7671419882958617e-12,3.2691294212856078e-15,2.4799562709297072e-14,3.9668444320879388e+01,6.7349603467311972e-07,1.2566329582044686e+01,1.2566363386562230e+01,1.2212453270876722e-15,1.4142122709952341e+00,6.4570412734713838e-05,8.9503416399397100e-05,1.6919408049846732e-03,1.8995368735072406e-04,8.8488398470862272e-13,7.9580786405131221e-12,6.2091037433830047e-15,5.5840694069310190e-14,3.9668417126951468e+01,-1.2034913180441924e-08,1.2566370006945705e+01,1.2566370234983387e+01,2.6367796834847468e-15,1.4142135282292430e+00,4.1040443745236214e-15,0.0000000000000000e+00,1.6919408049846732e-03,1.8995368735072406e-04,8.8488398470862272e-13,7.9580786405131221e-12,6.2091037433830047e-15,5.5840694069310190e-14,3.9668417126951468e+01,-1.2034913180441924e-08,1.2566370006945705e+01,1.2566370234983387e+01,2.6367796834847468e-15,1.4142135282292430e+00,4.1040443745236214e-15,0.0000000000000000e+00,3.9234108294463242e-02,4.4048015855486337e-03,8.8814612481839911e-13,6.4233063312713057e-12,6.2319937116919258e-15,4.5071417355943224e-14,3.9669098491440984e+01,1.7164462932330064e-05,1.2566342466094405e+01,1.2566470851852600e+01,2.2759572004815709e-15,1.4142126475939010e+00,3.4357833100723690e-04,9.5023882374729862e-04,1.6490955791063611e-05,1.0252834476881539e-06,1.0252806895940874e-06,1.0000002662957144e+00,3.9668417604357430e+01,1.2566370614359172e+01,nan,nan,3.2619692732000033e+01,3.0737379180999994e+01,1.3753120479999552e+00,1.4574947360000010e+01,1.0560033230999977e+01,3.5538339020000080e+00,2.8688821090999966e+01,6.1308513822999998e+01,1.0971386845100000e+02,16,16,0,nan,2097152,0,133776,1.4952500000000000e+03,1.4952500000000000e+03
exp3_remap,d,B_pt,B,3,3,abc,1,8,2.9999999999999999e-01,1,16,0.0000000000000000e+00,1,fine:16,0.0000000000000000e+00,2.0000000000000000e+00,0,1,9.0977720054037048e-01,9.9999999999992117e-01,41472,41472,331776,331776,0.0000000000000000e+00,1.7649500889531839e-02,1.9815041779176297e-03,2.3294829563109238e-13,1.7671419882958617e-12,3.2691294212856078e-15,2.4799562709297072e-14,3.9668444320879388e+01,6.7349603467311972e-07,1.2566329582044686e+01,1.2566363386562230e+01,1.2212453270876722e-15,1.4142122709952341e+00,6.4570412734713838e-05,8.9503416399397100e-05,1.6919408049846732e-03,1.8995368735072406e-04,8.8488398470862272e-13,7.9580786405131221e-12,6.2091037433830047e-15,5.5840694069310190e-14,3.9668417126951468e+01,-1.2034913180441924e-08,1.2566370006945705e+01,1.2566370234983387e+01,2.6367796834847468e-15,1.4142135282292430e+00,4.1040443745236214e-15,0.0000000000000000e+00,1.6919408049846732e-03,1.8995368735072406e-04,8.8488398470862272e-13,7.9580786405131221e-12,6.2091037433830047e-15,5.5840694069310190e-14,3.9668417126951468e+01,-1.2034913180441924e-08,1.2566370006945705e+01,1.2566370234983387e+01,2.6367796834847468e-15,1.4142135282292430e+00,4.1040443745236214e-15,0.0000000000000000e+00,1.7690394573867729e-02,1.9860952996082252e-03,5.5672848793269269e-01,7.5474040628909922e+00,3.9064837856785288e-03,5.2959049581117260e-02,3.9668528733078567e+01,2.8014407392209617e-06,nan,nan,3.1431635971429506e-04,nan,nan,nan,2.1279432713864871e-06,nan,nan,nan,3.9668417604357430e+01,1.2566370614359172e+01,nan,nan,7.6047185809999860e+00,6.4971600590000094e+00,1.1075568740000108e+00,2.8290413249999915e+00,8.2871155099996940e-01,0.0000000000000000e+00,3.6577535939999848e+00,1.1262472174999971e+01,3.1329013909000025e+01,0,0,0,nan,442368,0,28752,1.4953750000000000e+03,1.4953750000000000e+03
exp3_remap,d,B_int,B,3,3,abc,1,8,2.9999999999999999e-01,1,16,0.0000000000000000e+00,1,fine:16,0.0000000000000000e+00,2.0000000000000000e+00,5,1,9.0977720054037048e-01,9.9999999999992117e-01,41472,41472,331776,331776,0.0000000000000000e+00,1.7649500889531839e-02,1.9815041779176297e-03,2.3294829563109238e-13,1.7671419882958617e-12,3.2691294212856078e-15,2.4799562709297072e-14,3.9668444320879388e+01,6.7349603467311972e-07,1.2566329582044686e+01,1.2566363386562230e+01,1.2212453270876722e-15,1.4142122709952341e+00,6.4570412734713838e-05,8.9503416399397100e-05,1.6919408049846732e-03,1.8995368735072406e-04,8.8488398470862272e-13,7.9580786405131221e-12,6.2091037433830047e-15,5.5840694069310190e-14,3.9668417126951468e+01,-1.2034913180441924e-08,1.2566370006945705e+01,1.2566370234983387e+01,2.6367796834847468e-15,1.4142135282292430e+00,4.1040443745236214e-15,0.0000000000000000e+00,1.6919408049846732e-03,1.8995368735072406e-04,8.8488398470862272e-13,7.9580786405131221e-12,6.2091037433830047e-15,5.5840694069310190e-14,3.9668417126951468e+01,-1.2034913180441924e-08,1.2566370006945705e+01,1.2566370234983387e+01,2.6367796834847468e-15,1.4142135282292430e+00,4.1040443745236214e-15,0.0000000000000000e+00,1.4803661555628775e-02,1.6620026483783012e-03,1.5182329941885825e-01,1.4837022906622259e+00,1.0653222716702259e-03,1.0410925732880421e-02,3.9668364959702039e+01,-1.3271176056385701e-06,nan,nan,3.3990618330287381e-05,nan,nan,nan,-2.0006122929072435e-06,nan,nan,nan,3.9668417604357430e+01,1.2566370614359172e+01,nan,nan,2.0581391847899999e+02,1.6933287063400002e+02,3.6481046171999992e+01,6.5502588526000068e+01,1.8152410598999950e+01,0.0000000000000000e+00,8.3655000141000073e+01,2.8946891862000007e+02,3.1007429614799997e+02,0,0,0,nan,11059200,0,707520,3.2389375000000000e+03,3.2389375000000000e+03
exp3_remap,d,B_l2,B,3,3,abc,1,8,2.9999999999999999e-01,1,16,0.0000000000000000e+00,1,fine:16,0.0000000000000000e+00,2.0000000000000000e+00,0,1,9.0977720054037048e-01,9.9999999999992117e-01,41472,41472,331776,331776,0.0000000000000000e+00,1.7649500889531839e-02,1.9815041779176297e-03,2.3294829563109238e-13,1.7671419882958617e-12,3.2691294212856078e-15,2.4799562709297072e-14,3.9668444320879388e+01,6.7349603467311972e-07,1.2566329582044686e+01,1.2566363386562230e+01,1.2212453270876722e-15,1.4142122709952341e+00,6.4570412734713838e-05,8.9503416399397100e-05,1.6919408049846732e-03,1.8995368735072406e-04,8.8488398470862272e-13,7.9580786405131221e-12,6.2091037433830047e-15,5.5840694069310190e-14,3.9668417126951468e+01,-1.2034913180441924e-08,1.2566370006945705e+01,1.2566370234983387e+01,2.6367796834847468e-15,1.4142135282292430e+00,4.1040443745236214e-15,0.0000000000000000e+00,1.6919408049846732e-03,1.8995368735072406e-04,8.8488398470862272e-13,7.9580786405131221e-12,6.2091037433830047e-15,5.5840694069310190e-14,3.9668417126951468e+01,-1.2034913180441924e-08,1.2566370006945705e+01,1.2566370234983387e+01,2.6367796834847468e-15,1.4142135282292430e+00,4.1040443745236214e-15,0.0000000000000000e+00,1.4165298247148708e-02,1.5903337909584962e-03,2.7242883152114605e-01,2.2274096568996833e+00,1.9115939567607846e-03,1.5629413434640624e-02,3.9668317884818087e+01,-2.5138270030576759e-06,nan,nan,1.5289180755689857e-05,nan,nan,nan,-3.1873208910828140e-06,nan,nan,nan,3.9668417604357430e+01,1.2566370614359172e+01,nan,nan,3.0431830662000039e+01,2.8538425794999966e+01,1.4101230969999961e+00,1.1668642206999948e+01,9.1093284529999892e+00,2.3028506260000086e+00,2.3080828362000034e+01,5.3512659024000072e+01,7.3568035917999964e+01,10,10,0,nan,2097152,0,133776,3.2391796875000000e+03,3.2391796875000000e+03
exp3_remap,d,B_l2c,B,3,3,abc,1,8,2.9999999999999999e-01,1,16,0.0000000000000000e+00,1,fine:16,0.0000000000000000e+00,2.0000000000000000e+00,0,1,9.0977720054037048e-01,9.9999999999992117e-01,41472,41472,331776,331776,0.0000000000000000e+00,1.7649500889531839e-02,1.9815041779176297e-03,2.3294829563109238e-13,1.7671419882958617e-12,3.2691294212856078e-15,2.4799562709297072e-14,3.9668444320879388e+01,6.7349603467311972e-07,1.2566329582044686e+01,1.2566363386562230e+01,1.2212453270876722e-15,1.4142122709952341e+00,6.4570412734713838e-05,8.9503416399397100e-05,1.6919408049846732e-03,1.8995368735072406e-04,8.8488398470862272e-13,7.9580786405131221e-12,6.2091037433830047e-15,5.5840694069310190e-14,3.9668417126951468e+01,-1.2034913180441924e-08,1.2566370006945705e+01,1.2566370234983387e+01,2.6367796834847468e-15,1.4142135282292430e+00,4.1040443745236214e-15,0.0000000000000000e+00,1.6919408049846732e-03,1.8995368735072406e-04,8.8488398470862272e-13,7.9580786405131221e-12,6.2091037433830047e-15,5.5840694069310190e-14,3.9668417126951468e+01,-1.2034913180441924e-08,1.2566370006945705e+01,1.2566370234983387e+01,2.6367796834847468e-15,1.4142135282292430e+00,4.1040443745236214e-15,0.0000000000000000e+00,1.4069110955046279e-02,1.5795348724872895e-03,2.1981095662576832e-13,1.3313794511304877e-12,1.5423818909674045e-15,9.3420982600330332e-15,3.9668316526925885e+01,-2.5480580685813731e-06,nan,nan,1.8048300631789971e-09,nan,nan,nan,-3.2215519335520400e-06,nan,nan,nan,3.9668417604357430e+01,1.2566370614359172e+01,nan,nan,3.1594211577999999e+01,2.9255720581999981e+01,1.3502007990000493e+00,1.3343921606999970e+01,9.7975757429999248e+00,1.1803842467100003e+02,1.4117992567199997e+02,1.7277413724999997e+02,1.9295020506700007e+02,58,10,590,2.2274096568996833e+00,2097152,0,133776,3.2392421875000000e+03,3.2392421875000000e+03
exp3_remap,e,A_int,A,1,1,abc,1,8,2.9999999999999999e-01,1,8,0.0000000000000000e+00,1,uniform,0.0000000000000000e+00,2.0000000000000000e+00,2,1,8.7664045879113228e-01,9.9999999999999756e-01,1536,1536,1536,1536,0.0000000000000000e+00,2.0744160449229567e+00,2.3289406796722623e-01,1.4336828827059505e-14,6.0396132539608516e-14,2.0119893472283748e-16,8.4758196355203644e-16,3.7695369808696057e+01,-4.9738505209359310e-02,1.1269531761367238e+01,1.1625607299134952e+01,4.4408920985006262e-16,1.3423208792334611e+00,4.7510811659157255e-03,nan,1.9940339026590537e+00,2.2386958893392134e-01,1.0434915276310956e-14,4.2632564145606011e-14,1.4644060153345952e-16,5.9829315074261653e-16,3.7680332008120700e+01,-5.0117592692135650e-02,1.1313708498984756e+01,1.1632731522625619e+01,6.1062266354383610e-16,1.3434053201191207e+00,9.4658665712614442e-17,nan,1.9940339026590537e+00,2.2386958893392134e-01,1.0434915276310956e-14,4.2632564145606011e-14,1.4644060153345952e-16,5.9829315074261653e-16,3.7680332008120700e+01,-5.0117592692135650e-02,1.1313708498984756e+01,1.1632731522625619e+01,6.1062266354383610e-16,1.3434053201191207e+00,9.4658665712614442e-17,nan,2.0779991136310305e+00,2.3329633801776600e-01,1.0390506497014139e-14,4.2632564145606011e-14,1.4581738148984729e-16,5.9829315074261653e-16,3.5321237051466362e+01,-1.0958794969460910e-01,1.0567793569530876e+01,1.0885901928704250e+01,4.4408920985006262e-16,1.2986816326466133e+00,1.5907581197026444e-02,nan,-6.2982078947054113e-02,-6.2268620089609338e-02,-6.0361422313703825e-02,9.6748970588033445e-01,3.9668417604357430e+01,1.2566370614359172e+01,nan,nan,1.0838292399999994e-01,1.0516646399999996e-01,3.2157600000000119e-03,1.4590672000000082e-02,9.9614100000000594e-03,0.0000000000000000e+00,2.4552667000000028e-02,1.3293559099999996e-01,2.6458373699999993e-01,0,0,0,nan,12288,0,1392,3.9906250000000000e+01,3.9906250000000000e+01
exp3_remap,e,B_int,B,1,1,abc,1,8,2.9999999999999999e-01,1,8,0.0000000000000000e+00,1,uniform,0.0000000000000000e+00,2.0000000000000000e+00,2,1,8.7664045879113228e-01,9.9999999999999756e-01,1536,1536,1536,1536,0.0000000000000000e+00,2.0744160449229567e+00,2.3289406796722623e-01,1.4336828827059505e-14,6.0396132539608516e-14,2.0119893472283748e-16,8.4758196355203644e-16,3.7695369808696057e+01,-4.9738505209359310e-02,1.1269531761367238e+01,1.1625607299134952e+01,4.4408920985006262e-16,1.3423208792334611e+00,4.7510811659157255e-03,nan,1.9940339026590537e+00,2.2386958893392134e-01,1.0434915276310956e-14,4.2632564145606011e-14,1.4644060153345952e-16,5.9829315074261653e-16,3.7680332008120700e+01,-5.0117592692135650e-02,1.1313708498984756e+01,1.1632731522625619e+01,6.1062266354383610e-16,1.3434053201191207e+00,9.4658665712614442e-17,nan,1.9940339026590537e+00,2.2386958893392134e-01,1.0434915276310956e-14,4.2632564145606011e-14,1.4644060153345952e-16,5.9829315074261653e-16,3.7680332008120700e+01,-5.0117592692135650e-02,1.1313708498984756e+01,1.1632731522625619e+01,6.1062266354383610e-16,1.3434053201191207e+00,9.4658665712614442e-17,nan,2.1331082476223675e+00,2.3948342398290090e-01,9.8471236585375390e+00,4.0046553751203639e+01,1.3819170292682942e-01,5.6200182420086986e-01,3.5741180751089864e+01,-9.9001601032761469e-02,nan,nan,1.0865338484324683e-01,nan,nan,nan,-5.1841620536519459e-02,nan,nan,nan,3.9668417604357430e+01,1.2566370614359172e+01,nan,nan,9.2714925000000004e-02,8.9953857999999998e-02,2.7602290000000584e-03,1.3731463000000055e-02,9.9740110000001714e-03,0.0000000000000000e+00,2.3706100000000063e-02,1.1642102500000007e-01,1.7849715400000010e-01,0,0,0,nan,12288,0,1248,4.0167968750000000e+01,4.0167968750000000e+01
exp3_remap,e,A_int,A,1,1,abc,1,8,2.9999999999999999e-01,1,8,0.0000000000000000e+00,1,uniform,0.0000000000000000e+00,2.0000000000000000e+00,3,1,8.7664045879113228e-01,9.9999999999999756e-01,1536,1536,1536,1536,0.0000000000000000e+00,2.0744160449229567e+00,2.3289406796722623e-01,1.4336828827059505e-14,6.0396132539608516e-14,2.0119893472283748e-16,8.4758196355203644e-16,3.7695369808696057e+01,-4.9738505209359310e-02,1.1269531761367238e+01,1.1625607299134952e+01,4.4408920985006262e-16,1.3423208792334611e+00,4.7510811659157255e-03,nan,1.9940339026590537e+00,2.2386958893392134e-01,1.0434915276310956e-14,4.2632564145606011e-14,1.4644060153345952e-16,5.9829315074261653e-16,3.7680332008120700e+01,-5.0117592692135650e-02,1.1313708498984756e+01,1.1632731522625619e+01,6.1062266354383610e-16,1.3434053201191207e+00,9.4658665712614442e-17,nan,1.9940339026590537e+00,2.2386958893392134e-01,1.0434915276310956e-14,4.2632564145606011e-14,1.4644060153345952e-16,5.9829315074261653e-16,3.7680332008120700e+01,-5.0117592692135650e-02,1.1313708498984756e+01,1.1632731522625619e+01,6.1062266354383610e-16,1.3434053201191207e+00,9.4658665712614442e-17,nan,2.0495048491192560e+00,2.3009729547655397e-01,1.1547403607375470e-14,4.9737991503207013e-14,1.6205294299346958e-16,6.9800867586638603e-16,3.5221767837792285e+01,-1.1209546624508401e-01,1.0553922964306951e+01,1.0862514501782771e+01,2.7755575615628914e-16,1.2977299998178031e+00,1.1695198348464103e-02,nan,-6.5620843712564644e-02,-6.3499425904583337e-02,-6.1554530326646692e-02,9.6678076002131341e-01,3.9668417604357430e+01,1.2566370614359172e+01,nan,nan,1.5449433200000007e-01,1.4176360100000007e-01,1.2729546000000092e-02,2.5443563999999919e-02,1.0699291000000000e-02,0.0000000000000000e+00,3.6143447999999911e-02,1.9063777999999998e-01,3.1238248999999996e-01,0,0,0,nan,18432,0,2160,4.1605468750000000e+01,4.1605468750000000e+01
exp3_remap,e,B_int,B,1,1,abc,1,8,2.9999999999999999e-01,1,8,0.0000000000000000e+00,1,uniform,0.0000000000000000e+00,2.0000000000000000e+00,3,1,8.7664045879113228e-01,9.9999999999999756e-01,1536,1536,1536,1536,0.0000000000000000e+00,2.0744160449229567e+00,2.3289406796722623e-01,1.4336828827059505e-14,6.0396132539608516e-14,2.0119893472283748e-16,8.4758196355203644e-16,3.7695369808696057e+01,-4.9738505209359310e-02,1.1269531761367238e+01,1.1625607299134952e+01,4.4408920985006262e-16,1.3423208792334611e+00,4.7510811659157255e-03,nan,1.9940339026590537e+00,2.2386958893392134e-01,1.0434915276310956e-14,4.2632564145606011e-14,1.4644060153345952e-16,5.9829315074261653e-16,3.7680332008120700e+01,-5.0117592692135650e-02,1.1313708498984756e+01,1.1632731522625619e+01,6.1062266354383610e-16,1.3434053201191207e+00,9.4658665712614442e-17,nan,1.9940339026590537e+00,2.2386958893392134e-01,1.0434915276310956e-14,4.2632564145606011e-14,1.4644060153345952e-16,5.9829315074261653e-16,3.7680332008120700e+01,-5.0117592692135650e-02,1.1313708498984756e+01,1.1632731522625619e+01,6.1062266354383610e-16,1.3434053201191207e+00,9.4658665712614442e-17,nan,2.0614333456444034e+00,2.3143650420822268e-01,3.9689559746412080e+00,1.2141578167528014e+01,5.5699187295342699e-02,1.7039141797870955e-01,3.5155431423652530e+01,-1.1376773900376518e-01,nan,nan,1.0866543170324489e-01,nan,nan,nan,-6.7380646427763161e-02,nan,nan,nan,3.9668417604357430e+01,1.2566370614359172e+01,nan,nan,2.1427800000000008e-01,1.9144463000000012e-01,2.2832219000000098e-02,3.7561525000000096e-02,2.0633415999999904e-02,0.0000000000000000e+00,5.8195690999999883e-02,2.7247369099999996e-01,3.4472098399999995e-01,0,0,0,nan,27648,0,2976,4.3234375000000000e+01,4.3234375000000000e+01
exp3_remap,e,A_int,A,1,1,abc,1,8,2.9999999999999999e-01,1,8,0.0000000000000000e+00,1,uniform,0.0000000000000000e+00,2.0000000000000000e+00,4,1,8.7664045879113228e-01,9.9999999999999756e-01,1536,1536,1536,1536,0.0000000000000000e+00,2.0744160449229567e+00,2.3289406796722623e-01,1.4336828827059505e-14,6.0396132539608516e-14,2.0119893472283748e-16,8.4758196355203644e-16,3.7695369808696057e+01,-4.9738505209359310e-02,1.1269531761367238e+01,1.1625607299134952e+01,4.4408920985006262e-16,1.3423208792334611e+00,4.7510811659157255e-03,nan,1.9940339026590537e+00,2.2386958893392134e-01,1.0434915276310956e-14,4.2632564145606011e-14,1.4644060153345952e-16,5.9829315074261653e-16,3.7680332008120700e+01,-5.0117592692135650e-02,1.1313708498984756e+01,1.1632731522625619e+01,6.1062266354383610e-16,1.3434053201191207e+00,9.4658665712614442e-17,nan,1.9940339026590537e+00,2.2386958893392134e-01,1.0434915276310956e-14,4.2632564145606011e-14,1.4644060153345952e-16,5.9829315074261653e-16,3.7680332008120700e+01,-5.0117592692135650e-02,1.1313708498984756e+01,1.1632731522625619e+01,6.1062266354383610e-16,1.3434053201191207e+00,9.4658665712614442e-17,nan,2.0496300045702736e+00,2.3011134664154909e-01,1.1166558249228735e-14,3.5527136788005009e-14,1.5670826870896974e-16,4.9857762561884712e-16,3.5203654090428245e+01,-1.1255209518210646e-01,1.0548398324139356e+01,1.0857764980394963e+01,4.4408920985006262e-16,1.2974980705357273e+00,1.4070335562780444e-02,nan,-6.6101373482028852e-02,-6.3989653918007441e-02,-6.2029743365023267e-02,9.6660797772636142e-01,3.9668417604357430e+01,1.2566370614359172e+01,nan,nan,1.7842720700000003e-01,1.6472204700000004e-01,1.3704244000000032e-02,3.6300102000000001e-02,1.1457361999999915e-02,0.0000000000000000e+00,4.7758202999999999e-02,2.2618541000000003e-01,3.5290463900000002e-01,0,0,0,nan,24576,0,2784,4.2425781250000000e+01,4.2425781250000000e+01
exp3_remap,e,B_int,B,1,1,abc,1,8,2.9999999999999999e-01,1,8,0.0000000000000000e+00,1,uniform,0.0000000000000000e+00,2.0000000000000000e+00,4,1,8.7664045879113228e-01,9.9999999999999756e-01,1536,1536,1536,1536,0.0000000000000000e+00,2.0744160449229567e+00,2.3289406796722623e-01,1.4336828827059505e-14,6.0396132539608516e-14,2.0119893472283748e-16,8.4758196355203644e-16,3.7695369808696057e+01,-4.9738505209359310e-02,1.1269531761367238e+01,1.1625607299134952e+01,4.4408920985006262e-16,1.3423208792334611e+00,4.7510811659157255e-03,nan,1.9940339026590537e+00,2.2386958893392134e-01,1.0434915276310956e-14,4.2632564145606011e-14,1.4644060153345952e-16,5.9829315074261653e-16,3.7680332008120700e+01,-5.0117592692135650e-02,1.1313708498984756e+01,1.1632731522625619e+01,6.1062266354383610e-16,1.3434053201191207e+00,9.4658665712614442e-17,nan,1.9940339026590537e+00,2.2386958893392134e-01,1.0434915276310956e-14,4.2632564145606011e-14,1.4644060153345952e-16,5.9829315074261653e-16,3.7680332008120700e+01,-5.0117592692135650e-02,1.1313708498984756e+01,1.1632731522625619e+01,6.1062266354383610e-16,1.3434053201191207e+00,9.4658665712614442e-17,nan,2.0536339263320920e+00,2.3056086573836415e-01,3.0037781466448874e+00,1.3110368093404121e+01,4.2154159091864332e-02,1.8398713732555680e-01,3.5371054090189610e+01,-1.0833211339631986e-01,nan,nan,2.7700623289206916e-02,nan,nan,nan,-6.1660509773543704e-02,nan,nan,nan,3.9668417604357430e+01,1.2566370614359172e+01,nan,nan,3.6471382900000004e-01,3.2878637699999991e-01,3.5926190999999941e-02,7.0841208999999905e-02,1.9024908000000007e-02,0.0000000000000000e+00,8.9867131999999961e-02,4.5458096100000001e-01,5.1621005799999986e-01,0,0,0,nan,49152,0,5088,4.7468750000000000e+01,4.7468750000000000e+01
exp3_remap,e,A_int,A,1,1,abc,1,8,2.9999999999999999e-01,1,8,0.0000000000000000e+00,1,uniform,0.0000000000000000e+00,2.0000000000000000e+00,6,1,8.7664045879113228e-01,9.9999999999999756e-01,1536,1536,1536,1536,0.0000000000000000e+00,2.0744160449229567e+00,2.3289406796722623e-01,1.4336828827059505e-14,6.0396132539608516e-14,2.0119893472283748e-16,8.4758196355203644e-16,3.7695369808696057e+01,-4.9738505209359310e-02,1.1269531761367238e+01,1.1625607299134952e+01,4.4408920985006262e-16,1.3423208792334611e+00,4.7510811659157255e-03,nan,1.9940339026590537e+00,2.2386958893392134e-01,1.0434915276310956e-14,4.2632564145606011e-14,1.4644060153345952e-16,5.9829315074261653e-16,3.7680332008120700e+01,-5.0117592692135650e-02,1.1313708498984756e+01,1.1632731522625619e+01,6.1062266354383610e-16,1.3434053201191207e+00,9.4658665712614442e-17,nan,1.9940339026590537e+00,2.2386958893392134e-01,1.0434915276310956e-14,4.2632564145606011e-14,1.4644060153345952e-16,5.9829315074261653e-16,3.7680332008120700e+01,-5.0117592692135650e-02,1.1313708498984756e+01,1.1632731522625619e+01,6.1062266354383610e-16,1.3434053201191207e+00,9.4658665712614442e-17,nan,2.0473126803278174e+00,2.2985118134300855e-01,1.1117502655587004e-14,5.6843418860808015e-14,1.5601983660854012e-16,7.9772420099015544e-16,3.5207692926363386e+01,-1.1245028028302419e-01,1.0551553175354806e+01,1.0859274847713660e+01,4.4408920985006262e-16,1.2976036616708579e+00,1.3194931336928053e-02,nan,-6.5994229396279372e-02,-6.3709708727536840e-02,-6.1758372490859539e-02,9.6668664083647482e-01,3.9668417604357430e+01,1.2566370614359172e+01,nan,nan,2.9190083700000002e-01,2.6902047200000001e-01,2.2879333999999973e-02,5.9006720999999929e-02,1.3131645999999941e-02,0.0000000000000000e+00,7.2139116999999975e-02,3.6403995400000000e-01,4.8569700000000005e-01,0,0,0,nan,36864,0,4368,4.6199218750000000e+01,4.6199218750000000e+01
exp3_remap,e,B_int,B,1,1,abc,1,8,2.9999999999999999e-01,1,8,0.0000000000000000e+00,1,uniform,0.0000000000000000e+00,2.0000000000000000e+00,6,1,8.7664045879113228e-01,9.9999999999999756e-01,1536,1536,1536,1536,0.0000000000000000e+00,2.0744160449229567e+00,2.3289406796722623e-01,1.4336828827059505e-14,6.0396132539608516e-14,2.0119893472283748e-16,8.4758196355203644e-16,3.7695369808696057e+01,-4.9738505209359310e-02,1.1269531761367238e+01,1.1625607299134952e+01,4.4408920985006262e-16,1.3423208792334611e+00,4.7510811659157255e-03,nan,1.9940339026590537e+00,2.2386958893392134e-01,1.0434915276310956e-14,4.2632564145606011e-14,1.4644060153345952e-16,5.9829315074261653e-16,3.7680332008120700e+01,-5.0117592692135650e-02,1.1313708498984756e+01,1.1632731522625619e+01,6.1062266354383610e-16,1.3434053201191207e+00,9.4658665712614442e-17,nan,1.9940339026590537e+00,2.2386958893392134e-01,1.0434915276310956e-14,4.2632564145606011e-14,1.4644060153345952e-16,5.9829315074261653e-16,3.7680332008120700e+01,-5.0117592692135650e-02,1.1313708498984756e+01,1.1632731522625619e+01,6.1062266354383610e-16,1.3434053201191207e+00,9.4658665712614442e-17,nan,2.0475950408851160e+00,2.2988288187819469e-01,2.4476439620778270e+00,9.1229425561190993e+00,3.4349531803111497e-02,1.2802875349703668e-01,3.5253607301580622e+01,-1.1129282611696255e-01,nan,nan,2.3292716467412183e-02,nan,nan,nan,-6.4776191864077085e-02,nan,nan,nan,3.9668417604357430e+01,1.2566370614359172e+01,nan,nan,8.5110314700000012e-01,7.6880268800000007e-01,8.2299208000000013e-02,1.6636403399999988e-01,4.8037340999999678e-02,0.0000000000000000e+00,2.1440214100000010e-01,1.0655052880000002e+00,1.1366465090000000e+00,0,0,0,nan,110592,0,12000,6.5328125000000000e+01,6.5328125000000000e+01
exp3_remap,e,A_int,A,1,1,abc,1,8,2.9999999999999999e-01,1,8,0.0000000000000000e+00,1,uniform,0.0000000000000000e+00,2.0000000000000000e+00,8,1,8.7664045879113228e-01,9.9999999999999756e-01,1536,1536,1536,1536,0.0000000000000000e+00,2.0744160449229567e+00,2.3289406796722623e-01,1.4336828827059505e-14,6.0396132539608516e-14,2.0119893472283748e-16,8.4758196355203644e-16,3.7695369808696057e+01,-4.9738505209359310e-02,1.1269531761367238e+01,1.1625607299134952e+01,4.4408920985006262e-16,1.3423208792334611e+00,4.7510811659157255e-03,nan,1.9940339026590537e+00,2.2386958893392134e-01,1.0434915276310956e-14,4.2632564145606011e-14,1.4644060153345952e-16,5.9829315074261653e-16,3.7680332008120700e+01,-5.0117592692135650e-02,1.1313708498984756e+01,1.1632731522625619e+01,6.1062266354383610e-16,1.3434053201191207e+00,9.4658665712614442e-17,nan,1.9940339026590537e+00,2.2386958893392134e-01,1.0434915276310956e-14,4.2632564145606011e-14,1.4644060153345952e-16,5.9829315074261653e-16,3.7680332008120700e+01,-5.0117592692135650e-02,1.1313708498984756e+01,1.1632731522625619e+01,6.1062266354383610e-16,1.3434053201191207e+00,9.4658665712614442e-17,nan,2.0453284485110479e+00,2.2962841223132122e-01,1.1250307535494619e-14,4.0856207306205761e-14,1.5788358211919129e-16,5.7336426946167425e-16,3.5208410113745686e+01,-1.1243220072690342e-01,1.0552811583721608e+01,1.0859891981981184e+01,5.5511151231257827e-16,1.2976641162111386e+00,1.2444551059451980e-02,nan,-6.5975203521591336e-02,-6.3598044073365875e-02,-6.1650127963548240e-02,9.6673167816042327e-01,3.9668417604357430e+01,1.2566370614359172e+01,nan,nan,3.7246023700000008e-01,3.4554205599999999e-01,2.6917316999999885e-02,7.3571985999999923e-02,2.2928061000000000e-02,0.0000000000000000e+00,9.6500873999999959e-02,4.6896111100000004e-01,5.9942475600000011e-01,0,0,0,nan,49152,0,5712,4.8457031250000000e+01,4.8457031250000000e+01
exp3_remap,e,B_int,B,1,1,abc,1,8,2.9999999999999999e-01,1,8,0.0000000000000000e+00,1,uniform,0.0000000000000000e+00,2.0000000000000000e+00,8,1,8.7664045879113228e-01,9.9999999999999756e-01,1536,1536,1536,1536,0.0000000000000000e+00,2.0744160449229567e+00,2.3289406796722623e-01,1.4336828827059505e-14,6.0396132539608516e-14,2.0119893472283748e-16,8.4758196355203644e-16,3.7695369808696057e+01,-4.9738505209359310e-02,1.1269531761367238e+01,1.1625607299134952e+01,4.4408920985006262e-16,1.3423208792334611e+00,4.7510811659157255e-03,nan,1.9940339026590537e+00,2.2386958893392134e-01,1.0434915276310956e-14,4.2632564145606011e-14,1.4644060153345952e-16,5.9829315074261653e-16,3.7680332008120700e+01,-5.0117592692135650e-02,1.1313708498984756e+01,1.1632731522625619e+01,6.1062266354383610e-16,1.3434053201191207e+00,9.4658665712614442e-17,nan,1.9940339026590537e+00,2.2386958893392134e-01,1.0434915276310956e-14,4.2632564145606011e-14,1.4644060153345952e-16,5.9829315074261653e-16,3.7680332008120700e+01,-5.0117592692135650e-02,1.1313708498984756e+01,1.1632731522625619e+01,6.1062266354383610e-16,1.3434053201191207e+00,9.4658665712614442e-17,nan,2.0440822303361981e+00,2.2948849969013846e-01,9.2297007193251446e-01,3.6689584127859121e+00,1.2952696687247172e-02,5.1489107744779071e-02,3.5191335234130975e+01,-1.1286264087667222e-01,nan,nan,1.1512290149950255e-02,nan,nan,nan,-6.6428173732557980e-02,nan,nan,nan,3.9668417604357430e+01,1.2566370614359172e+01,nan,nan,1.4988897049999999e+00,1.3579262130000003e+00,1.4096258499999981e-01,2.8674412899999968e-01,9.4397142000000045e-02,0.0000000000000000e+00,3.8114210900000023e-01,1.8800318140000001e+00,1.9429145779999999e+00,0,0,0,nan,196608,0,21696,8.3660156250000000e+01,8.3660156250000000e+01
exp3_remap,e,A_int,A,2,2,abc,1,8,2.9999999999999999e-01,1,8,0.0000000000000000e+00,1,uniform,0.0000000000000000e+00,2.0000000000000000e+00,2,1,9.0102538012759037e-01,9.9999999999998312e-01,12288,12288,12288,12288,0.0000000000000000e+00,2.2214277755491782e-01,2.4939903092691812e-02,9.2386329250841116e-14,5.1336712658667238e-13,1.2965231888058334e-15,7.2044466901923223e-15,3.9660626792931822e+01,-1.9639834145417906e-04,1.2556061256342881e+01,1.2560493004367755e+01,7.2164496600635175e-16,1.4136916877744272e+00,7.6816079662152270e-04,nan,2.0254441727229264e-01,2.2739601054497086e-02,8.4790861886317085e-14,4.4053649617126212e-13,1.1899305830839918e-15,6.1823625576736998e-15,3.9658128469587318e+01,-2.5937850288692903e-04,1.2556590281248958e+01,1.2559878392954451e+01,8.8817841970012523e-16,1.4136671625649608e+00,1.7228396484440912e-15,nan,2.0254441727229264e-01,2.2739601054497086e-02,8.4790861886317085e-14,4.4053649617126212e-13,1.1899305830839918e-15,6.1823625576736998e-15,3.9658128469587318e+01,-2.5937850288692903e-04,1.2556590281248958e+01,1.2559878392954451e+01,8.8817841970012523e-16,1.4136671625649608e+00,1.7228396484440912e-15,nan,2.6464047711099481e-01,2.9711107091565370e-02,8.7354186745112338e-14,5.2224891078367364e-13,1.2259035473398504e-15,7.3290910965970465e-15,3.9640768710034557e+01,-6.9700018283148338e-04,1.2546273591027866e+01,1.2552327257861380e+01,8.8817841970012523e-16,1.4131280615937178e+00,5.3481485801185327e-03,nan,-5.0070017806184150e-04,-7.7951716825771806e-04,-7.7924212939820990e-04,9.9960130898018029e-01,3.9668417604357430e+01,1.2566370614359172e+01,nan,nan,6.8423388300000010e-01,5.9952914399999990e-01,8.4703386000000158e-02,2.0546022399999941e-01,5.9899938999999236e-02,0.0000000000000000e+00,2.6536109899999971e-01,9.4959498199999981e-01,2.1119311090000004e+00,0,0,0,nan,55296,0,4800,8.9714843750000000e+01,8.9714843750000000e+01
exp3_remap,e,B_int,B,2,2,abc,1,8,2.9999999999999999e-01,1,8,0.0000000000000000e+00,1,uniform,0.0000000000000000e+00,2.0000000000000000e+00,2,1,9.0102538012759037e-01,9.9999999999998312e-01,12288,12288,12288,12288,0.0000000000000000e+00,2.2214277755491782e-01,2.4939903092691812e-02,9.2386329250841116e-14,5.1336712658667238e-13,1.2965231888058334e-15,7.2044466901923223e-15,3.9660626792931822e+01,-1.9639834145417906e-04,1.2556061256342881e+01,1.2560493004367755e+01,7.2164496600635175e-16,1.4136916877744272e+00,7.6816079662152270e-04,nan,2.0254441727229264e-01,2.2739601054497086e-02,8.4790861886317085e-14,4.4053649617126212e-13,1.1899305830839918e-15,6.1823625576736998e-15,3.9658128469587318e+01,-2.5937850288692903e-04,1.2556590281248958e+01,1.2559878392954451e+01,8.8817841970012523e-16,1.4136671625649608e+00,1.7228396484440912e-15,nan,2.0254441727229264e-01,2.2739601054497086e-02,8.4790861886317085e-14,4.4053649617126212e-13,1.1899305830839918e-15,6.1823625576736998e-15,3.9658128469587318e+01,-2.5937850288692903e-04,1.2556590281248958e+01,1.2559878392954451e+01,8.8817841970012523e-16,1.4136671625649608e+00,1.7228396484440912e-15,nan,2.4983799737720364e-01,2.8049237125970738e-02,8.8248392309900126e-01,3.5355032129666579e+00,1.2384525712020150e-02,4.9616235831418491e-02,3.9628238966136657e+01,-1.0128621368642567e-03,nan,nan,3.7496781265311530e-03,nan,nan,nan,-8.1662417904443342e-04,nan,nan,nan,3.9668417604357430e+01,1.2566370614359172e+01,nan,nan,8.4736847099999935e-01,7.3806149199999993e-01,1.0930583000000027e-01,2.2294043800000019e-01,6.7341145999998631e-02,0.0000000000000000e+00,2.9028242599999921e-01,1.1376508969999986e+00,1.5655679689999999e+00,0,0,0,nan,73728,0,5952,9.3906250000000000e+01,9.3906250000000000e+01
exp3_remap,e,A_int,A,2,2,abc,1,8,2.9999999999999999e-01,1,8,0.0000000000000000e+00,1,uniform,0.0000000000000000e+00,2.0000000000000000e+00,3,1,9.0102538012759037e-01,9.9999999999998312e-01,12288,12288,12288,12288,0.0000000000000000e+00,2.2214277755491782e-01,2.4939903092691812e-02,9.2386329250841116e-14,5.1336712658667238e-13,1.2965231888058334e-15,7.2044466901923223e-15,3.9660626792931822e+01,-1.9639834145417906e-04,1.2556061256342881e+01,1.2560493004367755e+01,7.2164496600635175e-16,1.4136916877744272e+00,7.6816079662152270e-04,nan,2.0254441727229264e-01,2.2739601054497086e-02,8.4790861886317085e-14,4.4053649617126212e-13,1.1899305830839918e-15,6.1823625576736998e-15,3.9658128469587318e+01,-2.5937850288692903e-04,1.2556590281248958e+01,1.2559878392954451e+01,8.8817841970012523e-16,1.4136671625649608e+00,1.7228396484440912e-15,nan,2.0254441727229264e-01,2.2739601054497086e-02,8.4790861886317085e-14,4.4053649617126212e-13,1.1899305830839918e-15,6.1823625576736998e-15,3.9658128469587318e+01,-2.5937850288692903e-04,1.2556590281248958e+01,1.2559878392954451e+01,8.8817841970012523e-16,1.4136671625649608e+00,1.7228396484440912e-15,nan,2.6558017138509210e-01,2.9816606286230615e-02,8.7527856080721803e-14,4.6895820560166612e-13,1.2283407728755769e-15,6.5812246581687770e-15,3.9642767668767753e+01,-6.4660848954204017e-04,1.2546825929206028e+01,1.2552935168884037e+01,6.6613381477509392e-16,1.4131606978270030e+00,5.6313552550088927e-03,nan,-4.5029858598330736e-04,-7.3552740372206146e-04,-7.3526788587371320e-04,9.9962439480120302e-01,3.9668417604357430e+01,1.2566370614359172e+01,nan,nan,8.2951721700000025e-01,7.2189495900000011e-01,1.0762124399999973e-01,2.5115493200000039e-01,7.0897312999999684e-02,0.0000000000000000e+00,3.2205332900000005e-01,1.1515705460000003e+00,2.2755684430000001e+00,0,0,0,nan,82944,0,7296,9.5890625000000000e+01,9.5890625000000000e+01
exp3_remap,e,B_int,B,2,2,abc,1,8,2.9999999999999999e-01,1,8,0.0000000000000000e+00,1,uniform,0.0000000000000000e+00,2.0000000000000000e+00,3,1,9.0102538012759037e-01,9.9999999999998312e-01,12288,12288,12288,12288,0.0000000000000000e+00,2.2214277755491782e-01,2.4939903092691812e-02,9.2386329250841116e-14,5.1336712658667238e-13,1.2965231888058334e-15,7.2044466901923223e-15,3.9660626792931822e+01,-1.9639834145417906e-04,1.2556061256342881e+01,1.2560493004367755e+01,7.2164496600635175e-16,1.4136916877744272e+00,7.6816079662152270e-04,nan,2.0254441727229264e-01,2.2739601054497086e-02,8.4790861886317085e-14,4.4053649617126212e-13,1.1899305830839918e-15,6.1823625576736998e-15,3.9658128469587318e+01,-2.5937850288692903e-04,1.2556590281248958e+01,1.2559878392954451e+01,8.8817841970012523e-16,1.4136671625649608e+00,1.7228396484440912e-15,nan,2.0254441727229264e-01,2.2739601054497086e-02,8.4790861886317085e-14,4.4053649617126212e-13,1.1899305830839918e-15,6.1823625576736998e-15,3.9658128469587318e+01,-2.5937850288692903e-04,1.2556590281248958e+01,1.2559878392954451e+01,8.8817841970012523e-16,1.4136671625649608e+00,1.7228396484440912e-15,nan,2.5145096131386596e-01,2.8230324103972627e-02,6.5378476094866100e-01,3.1492012151433482e+00,9.1750274086152394e-03,4.4194984634176204e-02,3.9639754728719204e+01,-7.2256160868582671e-04,nan,nan,1.2453812121686059e-03,nan,nan,nan,-5.2626662512398465e-04,nan,nan,nan,3.9668417604357430e+01,1.2566370614359172e+01,nan,nan,2.0153165959999999e+00,1.7668625200000001e+00,2.4845300600000009e-01,5.5154702299999947e-01,1.7860308799999913e-01,0.0000000000000000e+00,7.3015136900000144e-01,2.7454679650000013e+00,3.3321212859999996e+00,0,0,0,nan,165888,0,13632,1.1144921875000000e+02,1.1144921875000000e+02
exp3_remap,e,A_int,A,2,2,abc,1,8,2.9999999999999999e-01,1,8,0.0000000000000000e+00,1,uniform,0.0000000000000000e+00,2.0000000000000000e+00,4,1,9.0102538012759037e-01,9.9999999999998312e-01,12288,12288,12288,12288,0.0000000000000000e+00,2.2214277755491782e-01,2.4939903092691812e-02,9.2386329250841116e-14,5.1336712658667238e-13,1.2965231888058334e-15,7.2044466901923223e-15,3.9660626792931822e+01,-1.9639834145417906e-04,1.2556061256342881e+01,1.2560493004367755e+01,7.2164496600635175e-16,1.4136916877744272e+00,7.6816079662152270e-04,nan,2.0254441727229264e-01,2.2739601054497086e-02,8.4790861886317085e-14,4.4053649617126212e-13,1.1899305830839918e-15,6.1823625576736998e-15,3.9658128469587318e+01,-2.5937850288692903e-04,1.2556590281248958e+01,1.2559878392954451e+01,8.8817841970012523e-16,1.4136671625649608e+00,1.7228396484440912e-15,nan,2.0254441727229264e-01,2.2739601054497086e-02,8.4790861886317085e-14,4.4053649617126212e-13,1.1899305830839918e-15,6.1823625576736998e-15,3.9658128469587318e+01,-2.5937850288692903e-04,1.2556590281248958e+01,1.2559878392954451e+01,8.8817841970012523e-16,1.4136671625649608e+00,1.7228396484440912e-15,nan,2.5958225729626228e-01,2.9143222268167158e-02,8.7349278919007031e-14,4.6895820560166612e-13,1.2258346723190140e-15,6.5812246581687770e-15,3.9641450801389503e+01,-6.7980536145622391e-04,1.2546916330103789e+01,1.2552761725915696e+01,1.0547118733938987e-15,1.4131647570255550e+00,5.5840306249395656e-03,nan,-4.8350197898880810e-04,-7.2832762220493251e-04,-7.2807064467227958e-04,9.9962726614761255e-01,3.9668417604357430e+01,1.2566370614359172e+01,nan,nan,1.3119931869999997e+00,1.1374516899999998e+00,1.7454064099999922e-01,3.9952349500000039e-01,1.0491408199999963e-01,0.0000000000000000e+00,5.0443852300000014e-01,1.8164317099999998e+00,2.9116894090000009e+00,0,0,0,nan,110592,0,9792,1.0001953125000000e+02,1.0001953125000000e+02
exp3_remap,e,B_int,B,2,2,abc,1,8,2.9999999999999999e-01,1,8,0.0000000000000000e+00,1,uniform,0.0000000000000000e+00,2.0000000000000000e+00,4,1,9.0102538012759037e-01,9.9999999999998312e-01,12288,12288,12288,12288,0.0000000000000000e+00,2.2214277755491782e-01,2.4939903092691812e-02,9.2386329250841116e-14,5.1336712658667238e-13,1.2965231888058334e-15,7.2044466901923223e-15,3.9660626792931822e+01,-1.9639834145417906e-04,1.2556061256342881e+01,1.2560493004367755e+01,7.2164496600635175e-16,1.4136916877744272e+00,7.6816079662152270e-04,nan,2.0254441727229264e-01,2.2739601054497086e-02,8.4790861886317085e-14,4.4053649617126212e-13,1.1899305830839918e-15,6.1823625576736998e-15,3.9658128469587318e+01,-2.5937850288692903e-04,1.2556590281248958e+01,1.2559878392954451e+01,8.8817841970012523e-16,1.4136671625649608e+00,1.7228396484440912e-15,nan,2.0254441727229264e-01,2.2739601054497086e-02,8.4790861886317085e-14,4.4053649617126212e-13,1.1899305830839918e-15,6.1823625576736998e-15,3.9658128469587318e+01,-2.5937850288692903e-04,1.2556590281248958e+01,1.2559878392954451e+01,8.8817841970012523e-16,1.4136671625649608e+00,1.7228396484440912e-15,nan,2.5063471574128832e-01,2.8138684458047642e-02,4.3181986368159897e-01,1.9890096363759042e+00,6.0600358428578955e-03,2.7913189507917862e-02,3.9639215459771300e+01,-7.3615602410421620e-04,nan,nan,3.9037632019045532e-04,nan,nan,nan,-5.3986371098748646e-04,nan,nan,nan,3.9668417604357430e+01,1.2566370614359172e+01,nan,nan,3.5229105539999992e+00,3.0646679870000000e+00,4.5824150600000024e-01,1.0281400930000011e+00,3.1453580600000031e-01,0.0000000000000000e+00,1.3426768899999999e+00,4.8655874439999991e+00,5.4406202270000001e+00,0,0,0,nan,294912,0,24000,1.3370703125000000e+02,1.3370703125000000e+02
exp3_remap,e,A_int,A,2,2,abc,1,8,2.9999999999999999e-01,1,8,0.0000000000000000e+00,1,uniform,0.0000000000000000e+00,2.0000000000000000e+00,6,1,9.0102538012759037e-01,9.9999999999998312e-01,12288,12288,12288,12288,0.0000000000000000e+00,2.2214277755491782e-01,2.4939903092691812e-02,9.2386329250841116e-14,5.1336712658667238e-13,1.2965231888058334e-15,7.2044466901923223e-15,3.9660626792931822e+01,-1.9639834145417906e-04,1.2556061256342881e+01,1.2560493004367755e+01,7.2164496600635175e-16,1.4136916877744272e+00,7.6816079662152270e-04,nan,2.0254441727229264e-01,2.2739601054497086e-02,8.4790861886317085e-14,4.4053649617126212e-13,1.1899305830839918e-15,6.1823625576736998e-15,3.9658128469587318e+01,-2.5937850288692903e-04,1.2556590281248958e+01,1.2559878392954451e+01,8.8817841970012523e-16,1.4136671625649608e+00,1.7228396484440912e-15,nan,2.0254441727229264e-01,2.2739601054497086e-02,8.4790861886317085e-14,4.4053649617126212e-13,1.1899305830839918e-15,6.1823625576736998e-15,3.9658128469587318e+01,-2.5937850288692903e-04,1.2556590281248958e+01,1.2559878392954451e+01,8.8817841970012523e-16,1.4136671625649608e+00,1.7228396484440912e-15,nan,2.5453662631435597e-01,2.8576750789259329e-02,8.8795493827148271e-14,3.6948222259525210e-13,1.2461304366340006e-15,5.1852073064360063e-15,3.9641061689543086e+01,-6.8961447081616032e-04,1.2547204542491265e+01,1.2552830666991625e+01,4.4408920985006262e-16,1.4131794874247363e+00,5.4452011893803927e-03,nan,-4.9331301521998825e-04,-7.0537357781220555e-04,-7.0512469920854079e-04,9.9963768595789282e-01,3.9668417604357430e+01,1.2566370614359172e+01,nan,nan,1.9179146679999999e+00,1.6586380749999998e+00,2.5927561700000012e-01,5.8014059399999951e-01,1.6875611200000051e-01,0.0000000000000000e+00,7.4889771900000035e-01,2.6668123870000002e+00,3.7681348200000002e+00,0,0,0,nan,165888,0,14832,1.1255468750000000e+02,1.1255468750000000e+02
exp3_remap,e,B_int,B,2,2,abc,1,8,2.9999999999999999e-01,1,8,0.0000000000000000e+00,1,uniform,0.0000000000000000e+00,2.0000000000000000e+00,6,1,9.0102538012759037e-01,9.9999999999998312e-01,12288,12288,12288,12288,0.0000000000000000e+00,2.2214277755491782e-01,2.4939903092691812e-02,9.2386329250841116e-14,5.1336712658667238e-13,1.2965231888058334e-15,7.2044466901923223e-15,3.9660626792931822e+01,-1.9639834145417906e-04,1.2556061256342881e+01,1.2560493004367755e+01,7.2164496600635175e-16,1.4136916877744272e+00,7.6816079662152270e-04,nan,2.0254441727229264e-01,2.2739601054497086e-02,8.4790861886317085e-14,4.4053649617126212e-13,1.1899305830839918e-15,6.1823625576736998e-15,3.9658128469587318e+01,-2.5937850288692903e-04,1.2556590281248958e+01,1.2559878392954451e+01,8.8817841970012523e-16,1.4136671625649608e+00,1.7228396484440912e-15,nan,2.0254441727229264e-01,2.2739601054497086e-02,8.4790861886317085e-14,4.4053649617126212e-13,1.1899305830839918e-15,6.1823625576736998e-15,3.9658128469587318e+01,-2.5937850288692903e-04,1.2556590281248958e+01,1.2559878392954451e+01,8.8817841970012523e-16,1.4136671625649608e+00,1.7228396484440912e-15,nan,2.5047142009139173e-01,2.8120351304349353e-02,2.4051332362964159e-01,1.3017777920276359e+00,3.3752948496950253e-03,1.8268775345037583e-02,3.9639184506642344e+01,-7.3693632064300628e-04,nan,nan,4.3982670817074854e-04,nan,nan,nan,-5.4064416080532626e-04,nan,nan,nan,3.9668417604357430e+01,1.2566370614359172e+01,nan,nan,6.8194672729999990e+00,5.8546866919999996e+00,9.6477938800000018e-01,1.7857831419999997e+00,5.4863284099999987e-01,0.0000000000000000e+00,2.3344169470000011e+00,9.1538842200000001e+00,9.6065526800000001e+00,0,0,0,nan,663552,0,54816,1.9710156250000000e+02,1.9710156250000000e+02
exp3_remap,e,A_int,A,2,2,abc,1,8,2.9999999999999999e-01,1,8,0.0000000000000000e+00,1,uniform,0.0000000000000000e+00,2.0000000000000000e+00,8,1,9.0102538012759037e-01,9.9999999999998312e-01,12288,12288,12288,12288,0.0000000000000000e+00,2.2214277755491782e-01,2.4939903092691812e-02,9.2386329250841116e-14,5.1336712658667238e-13,1.2965231888058334e-15,7.2044466901923223e-15,3.9660626792931822e+01,-1.9639834145417906e-04,1.2556061256342881e+01,1.2560493004367755e+01,7.2164496600635175e-16,1.4136916877744272e+00,7.6816079662152270e-04,nan,2.0254441727229264e-01,2.2739601054497086e-02,8.4790861886317085e-14,4.4053649617126212e-13,1.1899305830839918e-15,6.1823625576736998e-15,3.9658128469587318e+01,-2.5937850288692903e-04,1.2556590281248958e+01,1.2559878392954451e+01,8.8817841970012523e-16,1.4136671625649608e+00,1.7228396484440912e-15,nan,2.0254441727229264e-01,2.2739601054497086e-02,8.4790861886317085e-14,4.4053649617126212e-13,1.1899305830839918e-15,6.1823625576736998e-15,3.9658128469587318e+01,-2.5937850288692903e-04,1.2556590281248958e+01,1.2559878392954451e+01,8.8817841970012523e-16,1.4136671625649608e+00,1.7228396484440912e-15,nan,2.5302757494938383e-01,2.8407330044553841e-02,8.8387948064566845e-14,3.9790393202565610e-13,1.2404110565485367e-15,5.5840694069310835e-15,3.9640197028606373e+01,-7.1141168353427878e-04,1.2547048751563384e+01,1.2552622112413244e+01,7.7715611723760958e-16,1.4131714951924013e+00,5.5382205424358366e-03,nan,-5.1511450971546688e-04,-7.1778120506889580e-04,-7.1752794865318425e-04,9.9963203250997046e-01,3.9668417604357430e+01,1.2566370614359172e+01,nan,nan,2.7482157679999997e+00,2.3918672350000003e+00,3.5634734600000062e-01,8.2226621800000022e-01,2.2925731900000024e-01,0.0000000000000000e+00,1.0515246170000001e+00,3.7997403849999998e+00,4.9133595250000006e+00,0,0,0,nan,221184,0,19536,1.2165625000000000e+02,1.2165625000000000e+02
exp3_remap,e,B_int,B,2,2,abc,1,8,2.9999999999999999e-01,1,8,0.0000000000000000e+00,1,uniform,0.0000000000000000e+00,2.0000000000000000e+00,8,1,9.0102538012759037e-01,9.9999999999998312e-01,12288,12288,12288,12288,0.0000000000000000e+00,2.2214277755491782e-01,2.4939903092691812e-02,9.2386329250841116e-14,5.1336712658667238e-13,1.2965231888058334e-15,7.2044466901923223e-15,3.9660626792931822e+01,-1.9639834145417906e-04,1.2556061256342881e+01,1.2560493004367755e+01,7.2164496600635175e-16,1.4136916877744272e+00,7.6816079662152270e-04,nan,2.0254441727229264e-01,2.2739601054497086e-02,8.4790861886317085e-14,4.4053649617126212e-13,1.1899305830839918e-15,6.1823625576736998e-15,3.9658128469587318e+01,-2.5937850288692903e-04,1.2556590281248958e+01,1.2559878392954451e+01,8.8817841970012523e-16,1.4136671625649608e+00,1.7228396484440912e-15,nan,2.0254441727229264e-01,2.2739601054497086e-02,8.4790861886317085e-14,4.4053649617126212e-13,1.1899305830839918e-15,6.1823625576736998e-15,3.9658128469587318e+01,-2.5937850288692903e-04,1.2556590281248958e+01,1.2559878392954451e+01,8.8817841970012523e-16,1.4136671625649608e+00,1.7228396484440912e-15,nan,2.5049095361832674e-01,2.8122544327567032e-02,1.3758092346131764e-01,5.2526897189777166e-01,1.9307711330385515e-03,7.3714737661737069e-03,3.9639034597079217e+01,-7.4071538651406259e-04,nan,nan,1.1164226804316613e-04,nan,nan,nan,-5.4442396902444786e-04,nan,nan,nan,3.9668417604357430e+01,1.2566370614359172e+01,nan,nan,1.4316849573000001e+01,1.2522363039000002e+01,1.7944854629999991e+00,3.8868015150000019e+00,1.2353111819999967e+00,0.0000000000000000e+00,5.1221136590000000e+00,1.9438963231999999e+01,1.9985991348999999e+01,0,0,0,nan,1179648,0,96864,3.3259375000000000e+02,3.3259375000000000e+02
exp3_remap,e,A_int,A,3,3,abc,1,8,2.9999999999999999e-01,1,8,0.0000000000000000e+00,1,uniform,0.0000000000000000e+00,2.0000000000000000e+00,2,1,9.0977720054037048e-01,9.9999999999996692e-01,41472,41472,41472,41472,0.0000000000000000e+00,1.7649500889531839e-02,1.9815041779176297e-03,2.3294829563109238e-13,1.7671419882958617e-12,3.2691294212856078e-15,2.4799562709297072e-14,3.9668444320879388e+01,6.7349603467311972e-07,1.2566329582044686e+01,1.2566363386562230e+01,1.2212453270876722e-15,1.4142122709952341e+00,6.4570412734713838e-05,nan,1.3464715461453914e-02,1.5116795714698106e-03,2.2862620972623772e-13,1.8287593661625579e-12,3.2084745100548095e-15,2.5664283278730243e-14,3.9668387313158419e+01,-7.6360996580583265e-07,1.2566332157433365e+01,1.2566346644016324e+01,1.1934897514720433e-15,1.4142114073134975e+00,2.7932756189736299e-15,nan,1.3464715461453914e-02,1.5116795714698106e-03,2.2862620972623772e-13,1.8287593661625579e-12,3.2084745100548095e-15,2.5664283278730243e-14,3.9668387313158419e+01,-7.6360996580583265e-07,1.2566332157433365e+01,1.2566346644016324e+01,1.1934897514720433e-15,1.4142114073134975e+00,2.7932756189736299e-15,nan,3.7518528495416627e-02,4.2121939554157590e-03,2.2522840597271976e-13,1.7621459846850485e-12,3.1607907088564038e-15,2.4729450230694903e-14,3.9668724546036948e+01,7.7376839827557340e-06,1.2566244564702904e+01,1.2566360722167184e+01,1.0547118733938987e-15,1.4142069514455626e+00,5.5735445196923399e-04,nan,7.0641831903832463e-06,-6.7654871875360906e-06,-6.7654689878371567e-06,9.9999623850691965e-01,3.9668417604357430e+01,1.2566370614359172e+01,nan,nan,1.5581248630000033e+00,1.3292531640000007e+00,2.2887058500000279e-01,5.7289679000000149e-01,2.3110486899999927e-01,0.0000000000000000e+00,8.0400285800000404e-01,2.3621277210000073e+00,6.5326221810000007e+00,0,0,0,nan,147456,0,12672,2.4393359375000000e+02,2.4393359375000000e+02
exp3_remap,e,B_int,B,3,3,abc,1,8,2.9999999999999999e-01,1,8,0.0000000000000000e+00,1,uniform,0.0000000000000000e+00,2.0000000000000000e+00,2,1,9.0977720054037048e-01,9.9999999999996692e-01,41472,41472,41472,41472,0.0000000000000000e+00,1.7649500889531839e-02,1.9815041779176297e-03,2.3294829563109238e-13,1.7671419882958617e-12,3.2691294212856078e-15,2.4799562709297072e-14,3.9668444320879388e+01,6.7349603467311972e-07,1.2566329582044686e+01,1.2566363386562230e+01,1.2212453270876722e-15,1.4142122709952341e+00,6.4570412734713838e-05,nan,1.3464715461453914e-02,1.5116795714698106e-03,2.2862620972623772e-13,1.8287593661625579e-12,3.2084745100548095e-15,2.5664283278730243e-14,3.9668387313158419e+01,-7.6360996580583265e-07,1.2566332157433365e+01,1.2566346644016324e+01,1.1934897514720433e-15,1.4142114073134975e+00,2.7932756189736299e-15,nan,1.3464715461453914e-02,1.5116795714698106e-03,2.2862620972623772e-13,1.8287593661625579e-12,3.2084745100548095e-15,2.5664283278730243e-14,3.9668387313158419e+01,-7.6360996580583265e-07,1.2566332157433365e+01,1.2566346644016324e+01,1.1934897514720433e-15,1.4142114073134975e+00,2.7932756189736299e-15,nan,1.7799044944175130e-02,1.9982934441361909e-03,2.3079394751381341e-01,2.7518776803917557e+00,3.2388959190623218e-03,3.8619060355757746e-02,3.9668754260939970e+01,8.4867661195350667e-06,nan,nan,2.6272580393127409e-04,nan,nan,nan,7.8132648226590711e-06,nan,nan,nan,3.9668417604357430e+01,1.2566370614359172e+01,nan,nan,4.2151079710000019e+00,3.5697932009999960e+00,6.4531369899999902e-01,1.3992668220000013e+00,4.4726827299999883e-01,0.0000000000000000e+00,1.8465364320000006e+00,6.0616444030000025e+00,8.6555105030000021e+00,0,0,0,nan,221184,0,17952,2.6331250000000000e+02,2.6331250000000000e+02
exp3_remap,e,A_int,A,3,3,abc,1,8,2.9999999999999999e-01,1,8,0.0000000000000000e+00,1,uniform,0.0000000000000000e+00,2.0000000000000000e+00,3,1,9.0977720054037048e-01,9.9999999999996692e-01,41472,41472,41472,41472,0.0000000000000000e+00,1.7649500889531839e-02,1.9815041779176297e-03,2.3294829563109238e-13,1.7671419882958617e-12,3.2691294212856078e-15,2.4799562709297072e-14,3.9668444320879388e+01,6.7349603467311972e-07,1.2566329582044686e+01,1.2566363386562230e+01,1.2212453270876722e-15,1.4142122709952341e+00,6.4570412734713838e-05,nan,1.3464715461453914e-02,1.5116795714698106e-03,2.2862620972623772e-13,1.8287593661625579e-12,3.2084745100548095e-15,2.5664283278730243e-14,3.9668387313158419e+01,-7.6360996580583265e-07,1.2566332157433365e+01,1.2566346644016324e+01,1.1934897514720433e-15,1.4142114073134975e+00,2.7932756189736299e-15,nan,1.3464715461453914e-02,1.5116795714698106e-03,2.2862620972623772e-13,1.8287593661625579e-12,3.2084745100548095e-15,2.5664283278730243e-14,3.9668387313158419e+01,-7.6360996580583265e-07,1.2566332157433365e+01,1.2566346644016324e+01,1.1934897514720433e-15,1.4142114073134975e+00,2.7932756189736299e-15,nan,2.6933148109096531e-02,3.0237764703195352e-03,2.2957620530048551e-13,1.5063505998114124e-12,3.2218064748732293e-15,2.1139691326239190e-14,3.9668509403119295e+01,2.3141523511351897e-06,1.2566284785272916e+01,1.2566346639967085e+01,6.6613381477509392e-16,1.4142092200838889e+00,5.9394569381679288e-04,nan,1.6406552114872907e-06,-3.5648254708671496e-06,-3.5648158812029432e-06,9.9999784267792913e-01,3.9668417604357430e+01,1.2566370614359172e+01,nan,nan,4.1455167019999983e+00,3.5443397900000022e+00,6.0117581299999756e-01,1.5573528290000027e+00,4.1453488500000191e-01,0.0000000000000000e+00,1.9718884510000052e+00,6.1174051530000035e+00,1.1178816988999998e+01,0,0,0,nan,221184,0,19296,2.5927734375000000e+02,2.5927734375000000e+02
exp3_remap,e,B_int,B,3,3,abc,1,8,2.9999999999999999e-01,1,8,0.0000000000000000e+00,1,uniform,0.0000000000000000e+00,2.0000000000000000e+00,3,1,9.0977720054037048e-01,9.9999999999996692e-01,41472,41472,41472,41472,0.0000000000000000e+00,1.7649500889531839e-02,1.9815041779176297e-03,2.3294829563109238e-13,1.7671419882958617e-12,3.2691294212856078e-15,2.4799562709297072e-14,3.9668444320879388e+01,6.7349603467311972e-07,1.2566329582044686e+01,1.2566363386562230e+01,1.2212453270876722e-15,1.4142122709952341e+00,6.4570412734713838e-05,nan,1.3464715461453914e-02,1.5116795714698106e-03,2.2862620972623772e-13,1.8287593661625579e-12,3.2084745100548095e-15,2.5664283278730243e-14,3.9668387313158419e+01,-7.6360996580583265e-07,1.2566332157433365e+01,1.2566346644016324e+01,1.1934897514720433e-15,1.4142114073134975e+00,2.7932756189736299e-15,nan,1.3464715461453914e-02,1.5116795714698106e-03,2.2862620972623772e-13,1.8287593661625579e-12,3.2084745100548095e-15,2.5664283278730243e-14,3.9668387313158419e+01,-7.6360996580583265e-07,1.2566332157433365e+01,1.2566346644016324e+01,1.1934897514720433e-15,1.4142114073134975e+00,2.7932756189736299e-15,nan,1.7490507093664679e-02,1.9636539920826310e-03,1.3537938005595926e-01,9.8891519950598950e-01,1.8998753057083084e-03,1.3878151652078946e-02,3.9668560985890828e+01,3.6145009571156309e-06,nan,nan,2.8088629699302148e-05,nan,nan,nan,2.9410029416886918e-06,nan,nan,nan,3.9668417604357430e+01,1.2566370614359172e+01,nan,nan,9.2282217829999951e+00,7.8536331590000046e+00,1.3745874359999988e+00,3.2606245440000023e+00,1.0253653489999977e+00,0.0000000000000000e+00,4.2859905090000012e+00,1.3514212291999996e+01,1.6119253900000004e+01,0,0,0,nan,497664,0,40992,3.1437109375000000e+02,3.1437109375000000e+02
exp3_remap,e,A_int,A,3,3,abc,1,8,2.9999999999999999e-01,1,8,0.0000000000000000e+00,1,uniform,0.0000000000000000e+00,2.0000000000000000e+00,4,1,9.0977720054037048e-01,9.9999999999996692e-01,41472,41472,41472,41472,0.0000000000000000e+00,1.7649500889531839e-02,1.9815041779176297e-03,2.3294829563109238e-13,1.7671419882958617e-12,3.2691294212856078e-15,2.4799562709297072e-14,3.9668444320879388e+01,6.7349603467311972e-07,1.2566329582044686e+01,1.2566363386562230e+01,1.2212453270876722e-15,1.4142122709952341e+00,6.4570412734713838e-05,nan,1.3464715461453914e-02,1.5116795714698106e-03,2.2862620972623772e-13,1.8287593661625579e-12,3.2084745100548095e-15,2.5664283278730243e-14,3.9668387313158419e+01,-7.6360996580583265e-07,1.2566332157433365e+01,1.2566346644016324e+01,1.1934897514720433e-15,1.4142114073134975e+00,2.7932756189736299e-15,nan,1.3464715461453914e-02,1.5116795714698106e-03,2.2862620972623772e-13,1.8287593661625579e-12,3.2084745100548095e-15,2.5664283278730243e-14,3.9668387313158419e+01,-7.6360996580583265e-07,1.2566332157433365e+01,1.2566346644016324e+01,1.1934897514720433e-15,1.4142114073134975e+00,2.7932756189736299e-15,nan,2.3007093050571997e-02,2.5829994449581392e-03,2.2621182382002150e-13,1.8189894035458565e-12,3.1745917122478294e-15,2.5527174431685059e-14,3.9668214374298991e+01,-5.1232207058492543e-06,1.2566222087352811e+01,1.2566267999705335e+01,1.0547118733938987e-15,1.4142056542506423e+00,5.7494891501422719e-04,nan,-5.7967128364592650e-06,-8.5541837155432832e-06,-8.5541607041083439e-06,9.9999532125075741e-01,3.9668417604357430e+01,1.2566370614359172e+01,nan,nan,5.4605438070000005e+00,4.6409575420000024e+00,8.1958474199999642e-01,1.9956712199999984e+00,6.0960027400000172e-01,0.0000000000000000e+00,2.6052727579999981e+00,8.0658165649999987e+00,1.2108549608000004e+01,0,0,0,nan,294912,0,25536,2.7228515625000000e+02,2.7228515625000000e+02
exp3_remap,e,B_int,B,3,3,abc,1,8,2.9999999999999999e-01,1,8,0.0000000000000000e+00,1,uniform,0.0000000000000000e+00,2.0000000000000000e+00,4,1,9.0977720054037048e-01,9.9999999999996692e-01,41472,41472,41472,41472,0.0000000000000000e+00,1.7649500889531839e-02,1.9815041779176297e-03,2.3294829563109238e-13,1.7671419882958617e-12,3.2691294212856078e-15,2.4799562709297072e-14,3.9668444320879388e+01,6.7349603467311972e-07,1.2566329582044686e+01,1.2566363386562230e+01,1.2212453270876722e-15,1.4142122709952341e+00,6.4570412734713838e-05,nan,1.3464715461453914e-02,1.5116795714698106e-03,2.2862620972623772e-13,1.8287593661625579e-12,3.2084745100548095e-15,2.5664283278730243e-14,3.9668387313158419e+01,-7.6360996580583265e-07,1.2566332157433365e+01,1.2566346644016324e+01,1.1934897514720433e-15,1.4142114073134975e+00,2.7932756189736299e-15,nan,1.3464715461453914e-02,1.5116795714698106e-03,2.2862620972623772e-13,1.8287593661625579e-12,3.2084745100548095e-15,2.5664283278730243e-14,3.9668387313158419e+01,-7.6360996580583265e-07,1.2566332157433365e+01,1.2566346644016324e+01,1.1934897514720433e-15,1.4142114073134975e+00,2.7932756189736299e-15,nan,1.7268572323088888e-02,1.9387374418711769e-03,1.0024970959862152e-01,8.2642092806446810e-01,1.4068756083247130e-03,1.1597753754679800e-02,3.9668283936537044e+01,-3.3696282447856919e-06,nan,nan,8.7367215912459439e-05,nan,nan,nan,-4.0431215564324757e-06,nan,nan,nan,3.9668417604357430e+01,1.2566370614359172e+01,nan,nan,8.3683142439999969e+00,7.0518280410000003e+00,1.3164850189999981e+00,2.4651875469999993e+00,7.1570421799999906e-01,0.0000000000000000e+00,3.1808928750000049e+00,1.1549207119000002e+01,1.2827431275999999e+01,0,0,0,nan,884736,0,72576,4.2312500000000000e+02,4.2312500000000000e+02
exp3_remap,e,A_int,A,3,3,abc,1,8,2.9999999999999999e-01,1,8,0.0000000000000000e+00,1,uniform,0.0000000000000000e+00,2.0000000000000000e+00,6,1,9.0977720054037048e-01,9.9999999999996692e-01,41472,41472,41472,41472,0.0000000000000000e+00,1.7649500889531839e-02,1.9815041779176297e-03,2.3294829563109238e-13,1.7671419882958617e-12,3.2691294212856078e-15,2.4799562709297072e-14,3.9668444320879388e+01,6.7349603467311972e-07,1.2566329582044686e+01,1.2566363386562230e+01,1.2212453270876722e-15,1.4142122709952341e+00,6.4570412734713838e-05,nan,1.3464715461453914e-02,1.5116795714698106e-03,2.2862620972623772e-13,1.8287593661625579e-12,3.2084745100548095e-15,2.5664283278730243e-14,3.9668387313158419e+01,-7.6360996580583265e-07,1.2566332157433365e+01,1.2566346644016324e+01,1.1934897514720433e-15,1.4142114073134975e+00,2.7932756189736299e-15,nan,1.3464715461453914e-02,1.5116795714698106e-03,2.2862620972623772e-13,1.8287593661625579e-12,3.2084745100548095e-15,2.5664283278730243e-14,3.9668387313158419e+01,-7.6360996580583265e-07,1.2566332157433365e+01,1.2566346644016324e+01,1.1934897514720433e-15,1.4142114073134975e+00,2.7932756189736299e-15,nan,2.0777413082331490e-02,2.3326739428297283e-03,2.2732419654374177e-13,1.7621459846850485e-12,3.1902024313076009e-15,2.4729450230694903e-14,3.9668242801607235e+01,-4.4065975088317272e-06,1.2566246675476304e+01,1.2566284645727505e+01,1.1379786002407855e-15,1.4142070184230553e+00,5.6609597556857663e-04,nan,-5.0800901220842936e-06,-6.5975166289222449e-06,-6.5974988810774811e-06,9.9999628586720224e-01,3.9668417604357430e+01,1.2566370614359172e+01,nan,nan,3.9254246930000001e+00,3.4304204399999989e+00,4.9500306499999880e-01,1.6123080309999978e+00,4.2132992699999861e-01,0.0000000000000000e+00,2.0336389859999997e+00,5.9590636789999998e+00,8.6027445419999999e+00,0,0,0,nan,442368,0,38208,3.0102734375000000e+02,3.0102734375000000e+02
exp3_remap,e,B_int,B,3,3,abc,1,8,2.9999999999999999e-01,1,8,0.0000000000000000e+00,1,uniform,0.0000000000000000e+00,2.0000000000000000e+00,6,1,9.0977720054037048e-01,9.9999999999996692e-01,41472,41472,41472,41472,0.0000000000000000e+00,1.7649500889531839e-02,1.9815041779176297e-03,2.3294829563109238e-13,1.7671419882958617e-12,3.2691294212856078e-15,2.4799562709297072e-14,3.9668444320879388e+01,6.7349603467311972e-07,1.2566329582044686e+01,1.2566363386562230e+01,1.2212453270876722e-15,1.4142122709952341e+00,6.4570412734713838e-05,nan,1.3464715461453914e-02,1.5116795714698106e-03,2.2862620972623772e-13,1.8287593661625579e-12,3.2084745100548095e-15,2.5664283278730243e-14,3.9668387313158419e+01,-7.6360996580583265e-07,1.2566332157433365e+01,1.2566346644016324e+01,1.1934897514720433e-15,1.4142114073134975e+00,2.7932756189736299e-15,nan,1.3464715461453914e-02,1.5116795714698106e-03,2.2862620972623772e-13,1.8287593661625579e-12,3.2084745100548095e-15,2.5664283278730243e-14,3.9668387313158419e+01,-7.6360996580583265e-07,1.2566332157433365e+01,1.2566346644016324e+01,1.1934897514720433e-15,1.4142114073134975e+00,2.7932756189736299e-15,nan,1.7160790781055694e-02,1.9266368404333280e-03,5.9867864466540840e-02,5.9183182316388638e-01,8.4016840126212463e-04,8.3055976877469753e-03,3.9668186699971329e+01,-5.8208620369833370e-06,nan,nan,8.1914199240029628e-06,nan,nan,nan,-6.4943536977349935e-06,nan,nan,nan,3.9668417604357430e+01,1.2566370614359172e+01,nan,nan,1.8353487928000000e+01,1.5692564929000000e+01,2.6609221210000022e+00,6.5005756499999947e+00,1.9778491199999948e+00,0.0000000000000000e+00,8.4784257339999982e+00,2.6831913661999998e+01,2.8171592262999997e+01,0,0,0,nan,1990656,0,163920,6.3075390625000000e+02,6.3075390625000000e+02
exp3_remap,e,A_int,A,3,3,abc,1,8,2.9999999999999999e-01,1,8,0.0000000000000000e+00,1,uniform,0.0000000000000000e+00,2.0000000000000000e+00,8,1,9.0977720054037048e-01,9.9999999999996692e-01,41472,41472,41472,41472,0.0000000000000000e+00,1.7649500889531839e-02,1.9815041779176297e-03,2.3294829563109238e-13,1.7671419882958617e-12,3.2691294212856078e-15,2.4799562709297072e-14,3.9668444320879388e+01,6.7349603467311972e-07,1.2566329582044686e+01,1.2566363386562230e+01,1.2212453270876722e-15,1.4142122709952341e+00,6.4570412734713838e-05,nan,1.3464715461453914e-02,1.5116795714698106e-03,2.2862620972623772e-13,1.8287593661625579e-12,3.2084745100548095e-15,2.5664283278730243e-14,3.9668387313158419e+01,-7.6360996580583265e-07,1.2566332157433365e+01,1.2566346644016324e+01,1.1934897514720433e-15,1.4142114073134975e+00,2.7932756189736299e-15,nan,1.3464715461453914e-02,1.5116795714698106e-03,2.2862620972623772e-13,1.8287593661625579e-12,3.2084745100548095e-15,2.5664283278730243e-14,3.9668387313158419e+01,-7.6360996580583265e-07,1.2566332157433365e+01,1.2566346644016324e+01,1.1934897514720433e-15,1.4142114073134975e+00,2.7932756189736299e-15,nan,1.9123679551296586e-02,2.1470097746802618e-03,2.2377453522505327e-13,1.4779288903810084e-12,3.1403875046901451e-15,2.0740829225744110e-14,3.9668289312450689e+01,-3.2341069921224370e-06,1.2566271945554051e+01,1.2566304621462411e+01,1.7208456881689926e-15,1.4142084334215059e+00,5.6115566161128499e-04,nan,-3.9076003950421860e-06,-4.5865811697910204e-06,-4.5865688315226722e-06,9.9999728642311569e-01,3.9668417604357430e+01,1.2566370614359172e+01,nan,nan,5.6181743219999998e+00,4.8931875940000005e+00,7.2498545500000056e-01,2.1126988530000013e+00,5.9721863399999719e-01,0.0000000000000000e+00,2.7099186340000010e+00,8.3280929560000008e+00,1.0913759661000000e+01,0,0,0,nan,589824,0,50688,3.3059375000000000e+02,3.3059375000000000e+02
exp3_remap,e,B_int,B,3,3,abc,1,8,2.9999999999999999e-01,1,8,0.0000000000000000e+00,1,uniform,0.0000000000000000e+00,2.0000000000000000e+00,8,1,9.0977720054037048e-01,9.9999999999996692e-01,41472,41472,41472,41472,0.0000000000000000e+00,1.7649500889531839e-02,1.9815041779176297e-03,2.3294829563109238e-13,1.7671419882958617e-12,3.2691294212856078e-15,2.4799562709297072e-14,3.9668444320879388e+01,6.7349603467311972e-07,1.2566329582044686e+01,1.2566363386562230e+01,1.2212453270876722e-15,1.4142122709952341e+00,6.4570412734713838e-05,nan,1.3464715461453914e-02,1.5116795714698106e-03,2.2862620972623772e-13,1.8287593661625579e-12,3.2084745100548095e-15,2.5664283278730243e-14,3.9668387313158419e+01,-7.6360996580583265e-07,1.2566332157433365e+01,1.2566346644016324e+01,1.1934897514720433e-15,1.4142114073134975e+00,2.7932756189736299e-15,nan,1.3464715461453914e-02,1.5116795714698106e-03,2.2862620972623772e-13,1.8287593661625579e-12,3.2084745100548095e-15,2.5664283278730243e-14,3.9668387313158419e+01,-7.6360996580583265e-07,1.2566332157433365e+01,1.2566346644016324e+01,1.1934897514720433e-15,1.4142114073134975e+00,2.7932756189736299e-15,nan,1.7092068356426477e-02,1.9189213944061721e-03,4.3908875650838834e-02,2.5236628183593268e-01,6.1620453953891037e-04,3.5416358580998403e-03,3.9668091964142114e+01,-8.2090548345893369e-06,nan,nan,3.4474274906992619e-06,nan,nan,nan,-8.8825448869036966e-06,nan,nan,nan,3.9668417604357430e+01,1.2566370614359172e+01,nan,nan,3.3028200655999996e+01,2.8914776942999996e+01,4.1134219450000025e+00,1.1308728967999997e+01,3.5926543610000010e+00,0.0000000000000000e+00,1.4901384196999992e+01,4.7929584852999987e+01,4.9254094101999996e+01,0,0,0,nan,3538944,0,288912,9.5956640625000000e+02,9.5956640625000000e+02
