exp,tag,op,route,p,q,N,field,b0,epsA,epsB,fvB,nsteps,nq,np,step,mesh,errB_L2,errB_rel,div_L2,div_max,div_rel_L2,div_rel_max,energy,energy_rel_ex,helicity,hel_scale,flux_err,a_L2,coulomb,grad_frac,E_over_E0,E_over_Eref,dB_first,errB_over_ref,H_over_H0,H_over_Href,H_dev_scaled,a_over_aref,a_over_a0,t_setup,t_cum,t_step_last,iters_last,inner_last,iters_total,inner_total,nnotfound,gauge,t_transfer_last,gauge_iters_last,gauge_iters_total,gauge_time_last,gauge_time_total,gauge_resid_before,gauge_resid_after,gauge_gf_before,gauge_gf_after,gauge_dB_rel,gauge_dH_scaled
exp4_repeat,g_p2,A_pt,A,2,2,8,abc,0,0.0000000000000000e+00,2.9999999999999999e-01,1,100,0,1,0,A,2.0254441727229264e-01,2.2794255452097286e-02,8.3786414868294027e-14,3.8369307731045410e-13,1.1786605684098978e-15,5.3975802796739334e-15,3.9468128469587128e+01,-2.6062682839567288e-04,1.2556590281248958e+01,1.2559878392954451e+01,6.8001160258290838e-16,1.4136671625649608e+00,1.7228396484440912e-15,8.0948539144800970e-11,1.0000000000000000e+00,1.0000000000000000e+00,0.0000000000000000e+00,1.0000000000000000e+00,1.0000000000000000e+00,1.0000000000000000e+00,0.0000000000000000e+00,1.0000000000000000e+00,1.0000000000000000e+00,4.7167080899999902e-01,0.0000000000000000e+00,0.0000000000000000e+00,0,0,0,0,0,coulomb,0.0000000000000000e+00,0,0,0.0000000000000000e+00,0.0000000000000000e+00,nan,nan,nan,nan,nan,nan
exp4_repeat,g_p2,A_pt,A,2,2,8,abc,0,0.0000000000000000e+00,2.9999999999999999e-01,1,100,0,1,1,B,2.6173194252985921e-01,2.9455192289890898e-02,8.7733094103725926e-14,4.2277292777725961e-13,1.2341802513833055e-15,5.9473338266777829e-15,3.9452848565429242e+01,-6.4767132220029330e-04,1.2547181669076449e+01,1.2553335083124917e+01,1.2767564783189300e-15,1.4132042697546074e+00,7.2123172934308907e-16,2.4332116015895461e-09,9.9961285460571914e-01,9.9954971143204652e-01,0.0000000000000000e+00,1.1783357317866046e+00,9.9925070325926313e-01,9.9929280471915938e-01,-7.0694575948122243e-04,9.9965521618041975e-01,9.9967255884368600e-01,4.7167080899999902e-01,3.7269077700000253e-01,3.7269077700000253e-01,0,0,0,0,0,coulomb,1.9586264099999973e-01,16,16,1.7667334599999940e-01,1.7667334599999940e-01,1.0328829293018067e-03,7.2123172934308907e-16,1.2641083481807996e-03,1.3216760339157420e-15,5.9905904994923245e-16,1.2735419452434189e-14
exp4_repeat,g_p2,A_pt,A,2,2,8,abc,0,0.0000000000000000e+00,2.9999999999999999e-01,1,100,0,1,2,A,3.1548344670894374e-01,3.5504361818692876e-02,8.8906749331639329e-14,4.6895820560166612e-13,1.2506905787463246e-15,6.5970425640459184e-15,3.9462112050933804e+01,-4.1302449320633613e-04,1.2544985739334638e+01,1.2553394203801082e+01,5.0653925498522767e-16,1.4130450443484373e+00,9.9897631448670023e-16,4.2753801438260733e-11,9.9984756260591479e-01,9.9984756260591479e-01,2.7136907562330559e-02,1.5576012953485674e+00,9.9907582061257116e-01,9.9907582061257116e-01,-9.2393744200815328e-04,9.9955992596206678e-01,9.9955992596206678e-01,4.7167080899999902e-01,6.8153237799999999e-01,3.0884160099999747e-01,0,0,0,0,0,coulomb,1.6457419199999990e-01,14,30,1.4412958099999784e-01,3.2080292699999724e-01,7.3165569372348766e-03,9.9897631448670023e-16,8.4292552848459767e-03,2.0049819411770193e-15,5.7605430937544055e-16,2.0517366604676066e-14
exp4_repeat,g_p2,A_pt,A,2,2,8,abc,0,0.0000000000000000e+00,2.9999999999999999e-01,1,100,0,1,5,B,3.6995575156611860e-01,4.1634649923892847e-02,8.9587978323961140e-14,4.1922021409845911e-13,1.2602737283842448e-15,5.8973562314956163e-15,3.9473060957759323e+01,-1.3568544341853138e-04,1.2542397201211756e+01,1.2554540650284540e+01,8.4654505627668186e-16,1.4129780871946844e+00,8.0261493588141296e-16,5.1546896141254324e-09,1.0001249739565430e+00,1.0000617984335054e+00,2.8922056152957377e-02,1.6655669806164113e+00,9.9886967084859035e-01,9.9891175625443673e-01,-1.0878597779858954e-03,9.9949522191725826e-01,9.9951256180484083e-01,4.7167080899999902e-01,1.4035853050000000e+00,2.4086419999999720e-01,0,0,0,0,0,coulomb,1.4321330799999998e-01,16,77,9.7479694999996980e-02,6.2483745899999299e-01,1.0837898092286660e-03,8.0261493588141296e-16,1.3872399824376997e-03,1.6165487221642291e-15,5.9535948576345541e-16,2.1789621593055452e-14
exp4_repeat,g_p2,A_pt,A,2,2,8,abc,0,0.0000000000000000e+00,2.9999999999999999e-01,1,100,0,1,10,A,6.6787527016435888e-01,7.5162375360850964e-02,8.5377061488262154e-14,3.9790393202565610e-13,1.2010368981786080e-15,5.5974906604025976e-15,3.9644940226750833e+01,4.2180673010313715e-03,1.2547741261976899e+01,1.2585152387330343e+01,8.1878948066105295e-16,1.4133495893046319e+00,1.0692984960426202e-15,1.4107841876997847e-11,1.0044798617015740e+00,1.0044798617015740e+00,7.1586776575023950e-02,3.2974262098100389e+00,9.9929526893258003e-01,9.9929526893258003e-01,-7.0454657244317621e-04,9.9977535499957948e-01,9.9977535499957948e-01,4.7167080899999902e-01,2.7020360330000059e+00,2.6070081800000366e-01,0,0,0,0,0,coulomb,1.6304144699999767e-01,14,151,9.7497062000002188e-02,1.1219328199999996e+00,7.6548808511450921e-03,1.0692984960426202e-15,8.8216561012903275e-03,2.1942785376077573e-15,5.7797757500011460e-16,1.1150181217409064e-14
exp4_repeat,g_p2,A_pt,A,2,2,8,abc,0,0.0000000000000000e+00,2.9999999999999999e-01,1,100,0,1,15,B,8.8715100066594765e-01,9.9839565099332450e-02,8.6080276519725835e-14,4.5474735088646412e-13,1.2109293351566390e-15,6.3971321833172787e-15,3.9830828877211317e+01,8.9266818236146302e-03,1.2552603925938316e+01,1.2619252089481622e+01,7.7715611723760958e-16,1.4138682637837330e+00,8.8389716288528602e-16,0.0000000000000000e+00,1.0091897037353488e+00,1.0091259556148260e+00,9.5524508700782274e-02,3.9940166013770746e+00,9.9968252883773745e-01,9.9972464849175380e-01,-2.7525435533166102e-04,1.0001249041858509e+00,1.0001422549975676e+00,4.7167080899999902e-01,4.0329116380000229e+00,2.5648447100000027e-01,0,0,0,0,0,coulomb,1.4346908799999625e-01,16,227,1.1285310800000303e-01,1.6682511780000073e+00,2.1928061557223723e-03,8.8389716288528602e-16,2.8226819935562087e-03,1.9212569445069550e-15,5.9938682024725637e-16,-6.6159577651152352e-15
exp4_repeat,g_p2,A_pt,A,2,2,8,abc,0,0.0000000000000000e+00,2.9999999999999999e-01,1,100,0,1,20,A,1.3791013463299202e+00,1.5520343046688242e-01,8.6192458863566824e-14,3.5704772471945034e-13,1.2125074538213968e-15,5.0227483158076880e-15,4.0422027902239968e+01,2.3901928069639373e-02,1.2563001975721207e+01,1.2721654395647533e+01,7.0776717819853729e-16,1.4148798007003651e+00,1.1461625799689915e-15,1.4940959765035338e-11,1.0241688539497860e+00,1.0241688539497860e+00,1.5352046357072346e-01,6.8088835273890140e+00,1.0005106238499972e+00,1.0005106238499972e+00,5.1049017129379409e-04,1.0008577960693408e+00,1.0008577960693408e+00,4.7167080899999902e-01,5.3551125110000228e+00,2.3395397999999545e-01,0,0,0,0,0,coulomb,1.3988091599999564e-01,14,301,9.3913881999995397e-02,2.1249941630000055e+00,8.3159236802455346e-03,1.1461625799689915e-15,9.6988695117860551e-03,2.3469299362763285e-15,5.6253443658251333e-16,9.7738176425341584e-15
exp4_repeat,g_p2,A_pt,A,2,2,8,abc,0,0.0000000000000000e+00,2.9999999999999999e-01,1,100,0,1,25,B,1.9355338036330683e+00,2.1782408298556033e-01,9.0312512959208676e-14,5.1159076974727213e-13,1.2704660776613432e-15,7.1967737062319386e-15,4.1373700465732888e+01,4.8008075712899501e-02,1.2571933011858683e+01,1.2882951119457474e+01,5.6898930012039273e-16,1.4162443105277440e+00,1.6383711290982419e-15,0.0000000000000000e+00,1.0482812859397206e+00,1.0482150684966467e+00,2.1604401186642708e-01,8.7139101893972732e+00,1.0012218866958362e+00,1.0012640712076635e+00,1.2636252024727421e-03,1.0018056431790552e+00,1.0018230231493155e+00,4.7167080899999902e-01,6.5376802240000345e+00,2.3929183699999612e-01,0,0,0,0,0,coulomb,1.4256232399999647e-01,16,377,9.6595274999998537e-02,2.6042049310000071e+00,4.5295707862103140e-03,1.6383711290982419e-15,5.8356214899686933e-03,3.4467006634908886e-15,5.9348724037366557e-16,7.4456260150202550e-15
exp4_repeat,g_p2,A_pt,A,2,2,8,abc,0,0.0000000000000000e+00,2.9999999999999999e-01,1,100,0,1,30,A,3.1012630177828617e+00,3.4901471195056705e-01,8.5813420764014985e-14,3.7658764995285310e-13,1.2071753571734014e-15,5.2976250893096017e-15,4.4362848840712260e+01,1.2372408857176963e-01,1.2586453541319829e+01,1.3367987041527757e+01,4.4408920985006262e-16,1.4191924901761197e+00,1.5134234984610164e-15,1.2140467573862866e-11,1.1240170375673335e+00,1.1240170375673335e+00,3.4830810954187635e-01,1.5311520601496742e+01,1.0023782937407351e+00,1.0023782937407351e+00,2.3776711156393337e-03,1.0039085067245488e+00,1.0039085067245488e+00,4.7167080899999902e-01,7.7344023010000100e+00,2.4746257199998922e-01,0,0,0,0,0,coulomb,1.5634495899999479e-01,14,451,9.0982983000003514e-02,3.0835140140000110e+00,1.1109939995497578e-02,1.5134234984610164e-15,1.3574073716156081e-02,2.8987536615194737e-15,5.5052284447098406e-16,1.9266027885701096e-14
exp4_repeat,g_p2,A_pt,A,2,2,8,abc,0,0.0000000000000000e+00,2.9999999999999999e-01,1,100,0,1,35,B,5.1655221438831598e+00,5.8132548345110779e-01,8.9751465107401523e-14,4.1655567883935873e-13,1.2625735692999858e-15,5.8598730351089919e-15,5.2943258609564765e+01,3.4106840705087305e-01,1.2596943260181982e+01,1.4667743599717163e+01,9.0205620750793969e-16,1.4254204254856180e+00,3.2483520349463236e-15,3.5924565629754177e-09,1.3414180165740857e+00,1.3413332823788440e+00,5.8086738902007817e-01,2.3255546329726574e+01,1.0032136892284591e+00,1.0032559576609623e+00,3.2548088538312259e-03,1.0082965315652774e+00,1.0083140241436548e+00,4.7167080899999902e-01,9.1856001210000002e+00,3.0052297999998245e-01,0,0,0,0,0,coulomb,1.7649505799998622e-01,16,527,1.1183742299999722e-01,3.6445350070000107e+00,1.1287157443669647e-02,3.2483520349463236e-15,1.5058440690427147e-02,6.5497163008600755e-15,5.2570665244434481e-16,1.1988168878195299e-14
exp4_repeat,g_p2,A_pt,A,2,2,8,abc,0,0.0000000000000000e+00,2.9999999999999999e-01,1,100,0,1,40,A,9.7366078082555276e+00,1.0957533592243918e+00,9.5417258422472880e-14,3.9523939676655573e-13,1.3422767906364279e-15,5.5600074640159732e-15,8.7093788597269565e+01,1.2061114371427233e+00,1.2598696939798527e+01,1.9088496773663056e+01,5.9674487573602164e-16,1.4463158300673151e+00,1.9826006357551305e-14,7.2475567005326266e-11,2.2066865588618230e+00,2.2066865588618230e+00,1.0956580674336189e+00,4.8071469652831858e+01,1.0033533513164357e+00,1.0033533513164357e+00,3.3524734262705197e-03,1.0230950172479896e+00,1.0230950172479896e+00,4.7167080899999902e-01,1.0643130366999991e+01,2.7044330500000058e-01,0,0,0,0,0,coulomb,1.8961235200001170e-01,13,600,8.0699200999987397e-02,4.1667921589999910e+00,2.6129438569708299e-02,1.9826006357551305e-14,3.3142941124936737e-02,3.5673704786863090e-14,4.1500482241237502e-16,-1.7020445207568740e-14
exp4_repeat,g_p2,A_pt,A,2,2,8,abc,0,0.0000000000000000e+00,2.9999999999999999e-01,1,100,0,1,45,B,1.9192083214532861e+01,2.1598682073861157e+00,1.1874855893744274e-13,7.3896444519050419e-13,1.6704885176800602e-15,1.0395339797890578e-14,2.2394846001004032e+02,4.6726807607740080e+00,1.2573605649088499e+01,3.2148174442371058e+01,5.8286708792820718e-16,1.5190332430713893e+00,7.2128147825123150e-15,0.0000000000000000e+00,5.6741595989941054e+00,5.6738011757872062e+00,2.1604081783493876e+00,8.6404117130357648e+01,1.0013550946123448e+00,1.0013972847366250e+00,1.3967917293944919e-03,1.0745152257793926e+00,1.0745338671623750e+00,4.7167080899999902e-01,1.2097657284999990e+01,3.1070385399999623e-01,0,0,0,0,0,coulomb,1.7642754199999899e-01,16,674,1.3413726500000678e-01,4.7595553030000080e+00,4.0100250066773480e-02,7.2128147825123150e-15,5.2142493278059664e-02,1.3477388143643665e-14,2.9668336370410368e-16,5.7939134414087877e-15
exp4_repeat,g_p2,A_pt,A,2,2,8,abc,0,0.0000000000000000e+00,2.9999999999999999e-01,1,100,0,1,50,A,4.0177162954345690e+01,4.5215194180875340e+00,1.7052764058182026e-13,1.9326762412674725e-12,2.3988877683060540e-15,2.7187811779098330e-14,8.4709704535071319e+02,2.0457218823715337e+01,1.2283681062588395e+01,7.4382240665970571e+01,1.0547118733938987e-15,1.8071228422148438e+00,6.1726808156811702e-14,7.3613287390152052e-12,2.1462812608493937e+01,2.1462812608493937e+01,4.5220514281357316e+00,1.9836223330872215e+02,9.7826565870608162e-01,9.7826565870608162e-01,-2.1728651354909138e-02,1.2783227127777348e+00,1.2783227127777348e+00,4.7167080899999902e-01,1.3557636233999979e+01,2.7378007799998727e-01,0,0,0,0,0,coulomb,1.7729748499999687e-01,13,745,9.6347785999995494e-02,5.3208855920000051e+00,1.0092637831841671e-01,6.1726808156811702e-14,1.0264641777631091e-01,8.7654551337810402e-14,2.0360243147271259e-16,-8.0768089216686303e-16
exp4_repeat,g_p2,A_pt,A,2,2,8,abc,0,0.0000000000000000e+00,2.9999999999999999e-01,1,100,0,1,55,B,8.4567082500374454e+01,9.5171405231114381e+00,3.3045844546347455e-13,3.2969182939268649e-12,4.6487051603543822e-15,4.6379208329050271e-14,3.6160141448605796e+03,9.0594708306177452e+01,1.1651987585858407e+01,2.3136444328458325e+02,4.1633363423443370e-16,2.7206116788361605e+00,1.2567919593049615e-13,0.0000000000000000e+00,9.1618586567816706e+01,9.1612799238955702e+01,9.5201906717671196e+00,3.8072699143998710e+02,9.2795793482714695e-01,9.2799703250668941e-01,-7.1977562518453150e-02,1.9244731382124878e+00,1.9245065252133866e+00,4.7167080899999902e-01,1.4985461859999965e+01,3.0285106500002712e-01,0,0,0,0,0,coulomb,1.7575315600001318e-01,15,816,1.2678518800001370e-01,5.8668861370000034e+00,1.7592955563206070e-01,1.2567919593049615e-13,1.2809749313242397e-01,1.3459112940097798e-13,1.7368739814325502e-16,-6.0915927833821900e-16
exp4_repeat,g_p2,A_pt,A,2,2,8,abc,0,0.0000000000000000e+00,2.9999999999999999e-01,1,100,0,1,60,A,1.8321712117581293e+02,2.0619170449239757e+01,6.6239607412820701e-13,7.4464878707658499e-12,9.3182186452505734e-15,1.0475303950182004e-13,1.6825229451398947e+04,4.2518804076741571e+02,6.7290920620659396e+00,9.5590779843907501e+02,9.7144514654701197e-16,5.2109932312912415e+00,2.6852690671290398e-13,8.6009296695181072e-11,4.2629914576172337e+02,4.2629914576172337e+02,2.0621845355110366e+01,9.0457749289383344e+02,5.3590122090028258e-01,5.3590122090028258e-01,-4.6397728042112202e-01,3.6861528436696540e+00,3.6861528436696540e+00,4.7167080899999902e-01,1.6431442594999972e+01,2.2536627799999565e-01,0,0,0,0,0,coulomb,1.4327736100000266e-01,13,885,8.1947025999994594e-02,6.4865685500000243e+00,4.5525658445246597e-01,2.6852690671290398e-13,1.5865085555937555e-01,1.3489555352267889e-13,1.5127045080569321e-16,-1.1467233271153914e-16
exp4_repeat,g_p2,A_pt,A,2,2,8,abc,0,0.0000000000000000e+00,2.9999999999999999e-01,1,100,0,1,65,B,3.9340884776752966e+02,4.4274050570709434e+01,1.4613781396933479e-12,1.7507773009128869e-11,2.0557852863144448e-14,2.4628958905771526e-13,7.7427053699155236e+04,1.9602501816843139e+03,-3.3967092542755033e+00,4.2494793364856314e+03,8.6042284408449632e-16,1.0798771636710518e+01,5.4858066146679401e-13,0.0000000000000000e+00,1.9617614693541407e+03,1.9616375495339894e+03,4.4288386943756180e+01,1.7711544798265948e+03,-2.7051207200316846e-01,-2.7052346949642392e-01,-1.2700751877391283e+00,7.6387034953222424e+00,7.6388360164759028e+00,4.7167080899999902e-01,1.7627782174000011e+01,2.5645788500003164e-01,0,0,0,0,0,coulomb,1.4269414200001052e-01,15,956,1.1363151100002256e-01,6.9780943000000182e+00,8.2205650035695643e-01,5.4858066146679401e-13,1.5031226561185701e-01,1.4503362603357693e-13,1.6572458128254031e-16,1.9630241845447251e-18
exp4_repeat,g_p2,A_pt,A,2,2,8,abc,0,0.0000000000000000e+00,2.9999999999999999e-01,1,100,0,1,70,A,8.6201478529703638e+02,9.7010746996448333e+01,3.0292949595441912e-12,3.6379788070917130e-11,4.2614432477033061e-14,5.1177057466538038e-13,3.7157986712770135e+05,9.4112279887603254e+03,-8.0985447492336746e+01,2.0270216351106359e+04,1.4432899320127035e-15,2.3513501069739419e+01,1.2504793555036314e-12,6.0864218101128777e-11,9.4146817073940783e+03,9.4146817073940783e+03,9.7023388469624607e+01,4.2559296222821977e+03,-6.4496368582858166e+00,-6.4496368582858166e+00,-7.4476865815881421e+00,1.6632982424997742e+01,1.6632982424997742e+01,4.7167080899999902e-01,1.8987500558000001e+01,2.5596595600001137e-01,0,0,0,0,0,coulomb,1.5998413799999867e-01,13,1025,9.5849778000001606e-02,7.4759971670000400e+00,2.1384690537699624e+00,1.2504793555036314e-12,1.6445719359781805e-01,1.4047367674591345e-13,1.5605988888929098e-16,4.9789805314020371e-17
exp4_repeat,g_p2,A_pt,A,2,2,8,abc,0,0.0000000000000000e+00,2.9999999999999999e-01,1,100,0,1,75,B,1.8644987178435551e+03,2.0982982714107050e+02,7.0531651173201603e-12,7.2759576141834259e-11,9.9219994307398654e-14,1.0235411493307646e-12,1.7382265065854338e+06,4.4028791771430500e+04,-2.4376404715738090e+02,9.4372612185105245e+04,1.7694179454963432e-15,5.0614831371019122e+01,2.7474954107846681e-12,1.2295744558716050e-09,4.4041270107977260e+04,4.4038488125378317e+04,2.0989780646203073e+02,8.3941052050027502e+03,-1.9413235734974908e+01,-1.9414053673419271e+01,-2.0406850935277117e+01,3.5803302664035591e+01,3.5803923802816115e+01,4.7167080899999902e-01,2.0336884857999969e+01,2.8199515700001143e-01,0,0,0,0,0,coulomb,1.7554664400000775e-01,15,1096,1.0631168399999069e-01,7.9710946540000212e+00,3.9097733466560438e+00,2.7474954107846681e-12,1.5228166154119355e-01,1.5248338395790279e-13,1.5867024328751837e-16,-2.2919231866138406e-17
exp4_repeat,g_p2,A_pt,A,2,2,8,abc,0,0.0000000000000000e+00,2.9999999999999999e-01,1,100,0,1,80,A,4.1047260570854387e+03,4.6194398031865575e+02,1.5210312341394203e-11,1.4622969501942862e-10,2.1397019335629682e-13,2.0570778176979548e-12,8.4244526300644912e+06,2.1339287800423492e+05,-1.5022234763312283e+03,4.5786885692830419e+05,5.0792703376600912e-15,1.1154632350278835e+02,5.8911354942600682e-12,2.4690383359733073e-11,2.1344950867270294e+05,2.1344950867270294e+05,4.6200418884677043e+02,2.0265806939359914e+04,-1.1963625814681019e+02,-1.1963625814681019e+02,-1.2060467619353730e+02,7.8905647988879124e+01,7.8905647988879124e+01,4.7167080899999902e-01,2.1783139184000028e+01,2.8552515600003403e-01,0,0,0,0,0,coulomb,1.7637633400002528e-01,13,1165,1.0901134200000229e-01,8.5191406480000271e+00,1.0182392665392479e+01,5.8911354942600682e-12,1.6476227556990172e-01,1.3995137681030424e-13,1.6667641203230748e-16,-1.3224721659054255e-17
exp4_repeat,g_p2,A_pt,A,2,2,8,abc,0,0.0000000000000000e+00,2.9999999999999999e-01,1,100,0,1,85,B,8.9088199077820082e+03,1.0025944900851774e+03,3.4783718949996108e-11,4.0745362639427185e-10,4.8931796417663655e-13,5.7318304362522817e-12,3.9683618134425186e+07,1.0051967901476249e+06,-4.2429799311970819e+03,2.1508938709668904e+06,7.3274719625260332e-15,2.4143395751256716e+02,1.3007529317934831e-11,3.1281042974956605e-11,1.0054598399567922e+06,1.0053963274429197e+06,1.0029193200157900e+03,4.0108137829580301e+04,-3.3790860704702777e+02,-3.3792284416051871e+02,-3.3880326122339426e+02,1.7078261094726835e+02,1.7078557379412339e+02,4.7167080899999902e-01,2.3139788608000039e+01,2.8518112399999040e-01,0,0,0,0,0,coulomb,1.5983719499999438e-01,15,1236,1.2518272299999467e-01,9.0270245840000118e+00,1.8717537206955793e+01,1.3007529317934831e-11,1.5268518355895586e-01,1.5044666124921837e-13,1.6695891970346689e-16,1.3790273738444465e-17
exp4_repeat,g_p2,A_pt,A,2,2,8,abc,0,0.0000000000000000e+00,2.9999999999999999e-01,1,100,0,1,90,A,1.9661270829905970e+04,2.2126703655685142e+03,7.3113041118061096e-11,8.9494278654456139e-10,1.0285134975383717e-12,1.2589556136768357e-11,1.9328294445525271e+08,4.8959131775206076e+06,-2.5735083685343223e+04,1.0492311809486188e+07,2.0428103653102880e-14,5.3365357616216841e+02,2.7878107024329745e-11,5.4728014874431930e-12,4.8971905167530384e+06,4.8971905167530384e+06,2.2129587622766212e+03,9.7071403372595247e+04,-2.0495280254364920e+03,-2.0495280254364920e+03,-2.0499912077228219e+03,3.7749591296575511e+02,3.7749591296575511e+02,4.7167080899999902e-01,2.4486207568000033e+01,2.6938288600001670e-01,0,0,0,0,0,coulomb,1.6189828299999931e-01,13,1305,9.5318855000016356e-02,9.5149419400000088e+00,4.8772494079361891e+01,2.7878107024329745e-11,1.6480483441075366e-01,1.3872346183186790e-13,1.5567834088282225e-16,1.0943582664650692e-17
exp4_repeat,g_p2,A_pt,A,2,2,8,abc,0,0.0000000000000000e+00,2.9999999999999999e-01,1,100,0,1,95,B,4.2755487116814656e+04,4.8116828320641671e+03,1.6006858653508491e-10,2.2700987756252289e-09,2.2517556275272367e-12,3.1934483859119855e-11,9.1401608363071740e+08,2.3152296865399569e+07,-7.4476830639074629e+04,4.9497540243250705e+07,7.3718808835110394e-14,1.1576884504258203e+03,6.1176547507612649e-11,0.0000000000000000e+00,2.3158333548423227e+07,2.3156870691407654e+07,4.8132417801691345e+03,1.9248822941791677e+05,-5.9312941627387945e+03,-5.9315440661339198e+03,-5.9304508727824787e+03,8.1891154941171612e+02,8.1892575641730821e+02,4.7167080899999902e-01,2.5801468263999972e+01,2.7400963299996306e-01,0,0,0,0,0,coulomb,1.6018912299998078e-01,15,1376,1.1368437100000506e-01,1.0010962831000009e+01,8.9907486142458851e+01,6.1176547507612649e-11,1.5287274912347168e-01,1.4707305442117906e-13,1.6423010017322778e-16,-2.1209206080362943e-17
exp4_repeat,g_p2,A_pt,A,2,2,8,abc,0,0.0000000000000000e+00,2.9999999999999999e-01,1,100,0,1,100,A,9.4500369670556349e+04,1.0635028087160003e+04,3.3819623548125054e-10,3.3555807021912187e-09,4.7575560760418852e-12,4.7204438380698024e-11,4.4651605547711525e+09,1.1310383714062271e+08,-4.6282271288559440e+05,2.4219926103118616e+08,1.2967404927621828e-13,2.5629449391347057e+03,1.3237905227045594e-10,3.7651624888682545e-11,1.1313332371996969e+08,1.1313332371996969e+08,1.0636414244751209e+04,4.6656615345518908e+05,-3.6858948370461534e+04,-3.6858948370461534e+04,-3.6850298625144831e+04,1.8129762132159119e+03,1.8129762132159119e+03,4.7167080899999902e-01,2.7104378024999939e+01,2.6373857799998746e-01,0,0,0,0,0,coulomb,1.6209626400001298e-01,13,1445,1.0150146399999471e-01,1.0468655548999985e+01,2.3437613527096116e+02,1.3237905227045594e-10,1.6482679807344378e-01,1.3742962975819250e-13,1.6435621669564253e-16,2.3467211118020303e-17
exp4_repeat,g_p2,A_int,A,2,2,8,abc,0,0.0000000000000000e+00,2.9999999999999999e-01,1,100,4,1,0,A,2.0254441727229264e-01,2.2794255452097286e-02,8.3786414868294027e-14,3.8369307731045410e-13,1.1786605684098978e-15,5.3975802796739334e-15,3.9468128469587128e+01,-2.6062682839567288e-04,1.2556590281248958e+01,1.2559878392954451e+01,6.8001160258290838e-16,1.4136671625649608e+00,1.7228396484440912e-15,8.0948539144800970e-11,1.0000000000000000e+00,1.0000000000000000e+00,0.0000000000000000e+00,1.0000000000000000e+00,1.0000000000000000e+00,1.0000000000000000e+00,0.0000000000000000e+00,1.0000000000000000e+00,1.0000000000000000e+00,1.9418797790000042e+00,0.0000000000000000e+00,0.0000000000000000e+00,0,0,0,0,0,coulomb,0.0000000000000000e+00,0,0,0.0000000000000000e+00,0.0000000000000000e+00,nan,nan,nan,nan,nan,nan
exp4_repeat,g_p2,A_int,A,2,2,8,abc,0,0.0000000000000000e+00,2.9999999999999999e-01,1,100,4,1,1,B,2.6166756228466709e-01,2.9447946966742817e-02,8.8885404923231289e-14,6.1506355564233672e-13,1.2503903175096343e-15,8.6523711659125302e-15,3.9452390086606371e+01,-6.5928472645235725e-04,1.2547041409354458e+01,1.2553191943549129e+01,1.9428902930940239e-16,1.4131963670259489e+00,1.5429892205319210e-16,8.3406810720602321e-09,9.9960123817391333e-01,9.9953809573402319e-01,0.0000000000000000e+00,1.1780458873656379e+00,9.9923953305151958e-01,9.9928163404078119e-01,-7.1811249648292478e-04,9.9964962604451746e-01,9.9966696861080240e-01,1.9418797790000042e+00,8.3788396400001375e-01,8.3788396400001375e-01,0,0,0,0,0,coulomb,6.9612882600000603e-01,17,17,1.4162338599999202e-01,1.4162338599999202e-01,7.5353119228236190e-04,1.5429892205319210e-16,9.6982536533390463e-04,2.4441970904525707e-16,6.0260919743206625e-16,-2.8301264124726581e-16
exp4_repeat,g_p2,A_int,A,2,2,8,abc,0,0.0000000000000000e+00,2.9999999999999999e-01,1,100,4,1,2,A,2.6104553787826118e-01,2.9377944626475808e-02,8.6535940758716336e-14,3.4905411894214922e-13,1.2173393656105790e-15,4.9102987266478148e-15,3.9437934249916431e+01,-1.0254553474436292e-03,1.2542281346641168e+01,1.2548147584913965e+01,7.5633943552588789e-16,1.4128873632937187e+00,1.0494165788655277e-15,1.3932609758454802e-11,9.9923497209415535e-01,9.9923497209415535e-01,1.8409544020580298e-02,1.2888310692233100e+00,9.9886044425379095e-01,9.9886044425379095e-01,-1.1392574163629427e-03,9.9944838552391124e-01,9.9944838552391124e-01,1.9418797790000042e+00,1.6833873050000250e+00,8.4550334100001123e-01,0,0,0,0,0,coulomb,7.4960790900001939e-01,14,31,9.5750295999977197e-02,2.3737368199996922e-01,5.4393681769224090e-03,1.0494165788655277e-15,6.2232833640107031e-03,2.1468111567894723e-15,5.6497587802646113e-16,5.5208607257558662e-15
exp4_repeat,g_p2,A_int,A,2,2,8,abc,0,0.0000000000000000e+00,2.9999999999999999e-01,1,100,4,1,5,B,2.8884220320893206e-01,3.2506168542971128e-02,8.7877147388535203e-14,4.5474735088646412e-13,1.2362067126756464e-15,6.3971321833172787e-15,3.9430039297626067e+01,-1.2254368251585004e-03,1.2537196802343720e+01,1.2544933712851870e+01,8.1878948066105295e-16,1.4126668957036006e+00,1.5308317700183957e-16,0.0000000000000000e+00,9.9903493848231462e-01,9.9897183181423310e-01,1.1796143338198299e-02,1.3003880443451170e+00,9.9845551391971443e-01,9.9849758187587445e-01,-1.5018880224367645e-03,9.9927509507222190e-01,9.9929243114090216e-01,1.9418797790000042e+00,4.1958711370001254e+00,8.4694989600001236e-01,0,0,0,0,0,coulomb,7.1904649200001813e-01,17,79,1.2774139499998682e-01,6.0165047299997809e-01,6.4919989843451769e-04,1.5308317700183957e-16,8.7806519438662944e-04,2.3955204138227269e-16,5.9256772725614091e-16,-5.0975814643531388e-15
exp4_repeat,g_p2,A_int,A,2,2,8,abc,0,0.0000000000000000e+00,2.9999999999999999e-01,1,100,4,1,10,A,3.1451865711679527e-01,3.5395784842259144e-02,8.4946952172204713e-14,3.6948222259525210e-13,1.1949863601320817e-15,5.1976698989452692e-15,3.9430816514324583e+01,-1.2057496961984360e-03,1.2534942644322882e+01,1.2543521689288610e+01,3.8857805861880479e-16,1.4124939688000606e+00,1.0713623004948535e-15,2.4594050188254385e-11,9.9905463074360623e-01,9.9905463074360623e-01,2.6951376325327781e-02,1.5528379471154168e+00,9.9827599400464606e-01,9.9827599400464606e-01,-1.7235546594320105e-03,9.9917010609288570e-01,9.9917010609288570e-01,1.9418797790000042e+00,7.9587049790000322e+00,7.9868555199993807e-01,0,0,0,0,0,coulomb,7.0007608800000298e-01,14,155,9.8464662999958819e-02,1.1174523189999093e+00,5.4835177166879618e-03,1.0713623004948535e-15,6.2718502596668807e-03,2.1879068192270306e-15,5.8069787323601121e-16,-2.7331249986757491e-14
exp4_repeat,g_p2,A_int,A,2,2,8,abc,0,0.0000000000000000e+00,2.9999999999999999e-01,1,100,4,1,15,B,3.2744435155075607e-01,3.6850436541828784e-02,8.9516585572089346e-14,4.6895820560166612e-13,1.2592694149566584e-15,6.5970425640459437e-15,3.9431577150095841e+01,-1.1864825670323076e-03,1.2533870076644872e+01,1.2543672924307419e+01,5.1347814888913490e-16,1.4124973752437133e+00,1.5612382823682563e-16,0.0000000000000000e+00,9.9907390289561226e-01,9.9901079376624125e-01,2.0915523841293488e-02,1.4741776486067710e+00,9.9819057529988731e-01,9.9823263209338053e-01,-1.7667443220813117e-03,9.9915518175494533e-01,9.9917251574329202e-01,1.9418797790000042e+00,1.2003480311000061e+01,8.4537350899995545e-01,0,0,0,0,0,coulomb,7.3315795199999911e-01,17,234,1.1207861999997704e-01,1.6708062789998905e+00,6.7713122143720796e-04,1.5612382823682563e-16,9.0976575857396470e-04,2.5050359482447571e-16,6.0203974265027668e-16,2.3791103875199619e-14
exp4_repeat,g_p2,A_int,A,2,2,8,abc,0,0.0000000000000000e+00,2.9999999999999999e-01,1,100,4,1,20,A,3.6140640920421052e-01,4.0672510871287815e-02,8.4319165248075114e-14,3.6948222259525210e-13,1.1861550037123323e-15,5.1976698989452692e-15,3.9442019371836558e+01,-9.2197800037599183e-04,1.2533527555191826e+01,1.2544777090531548e+01,2.8449465006019636e-16,1.4124347041551073e+00,1.0816916903112241e-15,4.0767503792694598e-11,9.9933847641722640e-01,9.9933847641722640e-01,3.3578048316548377e-02,1.7843316249904342e+00,9.9816329707822260e-01,9.9816329707822260e-01,-1.8362220823785447e-03,9.9912818346320120e-01,9.9912818346320120e-01,1.9418797790000042e+00,1.6205509373000126e+01,8.0525623100004395e-01,0,0,0,0,0,coulomb,7.0649115500003745e-01,14,310,9.8626733999992666e-02,2.1909898129999021e+00,5.5086941460279482e-03,1.0816916903112241e-15,6.3029258571195143e-03,2.2132603216389839e-15,5.7946361499884382e-16,1.9540592292042333e-14
exp4_repeat,g_p2,A_int,A,2,2,8,abc,0,0.0000000000000000e+00,2.9999999999999999e-01,1,100,4,1,25,B,3.8018541201181127e-01,4.2785891199893358e-02,8.9303160706662427e-14,3.6592950891645160e-13,1.2562670729470101e-15,5.1476923037631231e-15,3.9447619737499473e+01,-7.8011908092689259e-04,1.2533134872952244e+01,1.2546087231732811e+01,7.6327832942979512e-16,1.4124819393825983e+00,1.5700773368584912e-16,0.0000000000000000e+00,9.9948037231855424e-01,9.9941723751347356e-01,3.0150512966618512e-02,1.7116216360424625e+00,9.9813202407888224e-01,9.9817407840543504e-01,-1.8252773503925530e-03,9.9914426292359870e-01,9.9916159672251836e-01,1.9418797790000042e+00,2.0276680138000103e+01,7.9823770799998783e-01,0,0,0,0,0,coulomb,6.8616874800000005e-01,17,389,1.1193354099998487e-01,2.7613601959999130e+00,7.2005498757558362e-04,1.5700773368584912e-16,9.5464225260839678e-04,2.5198565686505973e-16,6.0325899749191117e-16,9.6278790196965259e-15
exp4_repeat,g_p2,A_int,A,2,2,8,abc,0,0.0000000000000000e+00,2.9999999999999999e-01,1,100,4,1,30,A,4.2130869410227823e-01,4.7413886429890535e-02,8.6875943203869915e-14,4.6895820560166612e-13,1.2221223304372208e-15,6.5970425640459184e-15,3.9463915651842164e+01,-3.6733874849297386e-04,1.2533195841227190e+01,1.2548364977582484e+01,6.1062266354383610e-16,1.4124466633247226e+00,1.0879329465976358e-15,8.2168620626055851e-11,9.9989326026066294e-01,9.9989326026066294e-01,4.1489663224078634e-02,2.0800805066667798e+00,9.9813687955903896e-01,9.9813687955903896e-01,-1.8626326855912330e-03,9.9913664314164041e-01,9.9913664314164041e-01,1.9418797790000042e+00,2.4402577045000072e+01,8.4440473199998678e-01,0,0,0,0,0,coulomb,7.3326331900000241e-01,14,465,1.1100820100000419e-01,3.3357902759999263e+00,5.5319748476634545e-03,1.0879329465976358e-15,6.3334521660134346e-03,2.2083038923952989e-15,5.7684155267741357e-16,-1.3731124163223454e-14
exp4_repeat,g_p2,A_int,A,2,2,8,abc,0,0.0000000000000000e+00,2.9999999999999999e-01,1,100,4,1,35,B,4.4472787186897433e-01,5.0049469911683256e-02,8.7848346480025970e-14,4.8316906031686813e-13,1.2358015575529744e-15,6.7969529447746086e-15,3.9473269518993753e+01,-1.3040252563493640e-04,1.2533017489917805e+01,1.2550428132104919e+01,4.9960036108132044e-16,1.4125115032977942e+00,1.6064376720200052e-16,0.0000000000000000e+00,1.0001302582515557e+00,1.0000670823947218e+00,3.9783310097675634e-02,2.0021963589134453e+00,9.9812267575805547e-01,9.9816472969073522e-01,-1.8346227665635888e-03,9.9916517548568806e-01,9.9918250964741251e-01,1.9418797790000042e+00,2.8124500805000054e+01,6.8823363400002791e-01,0,0,0,0,0,coulomb,5.7636554800001250e-01,17,544,1.1172544600003675e-01,3.8609431359999178e+00,7.7621142592515112e-04,1.6064376720200052e-16,1.0134776575025470e-03,2.5389660580015356e-16,5.9537213997338557e-16,-2.0098321666466681e-14
exp4_repeat,g_p2,A_int,A,2,2,8,abc,0,0.0000000000000000e+00,2.9999999999999999e-01,1,100,4,1,40,A,4.8979636439651808e-01,5.5121457307577101e-02,8.7749824306278855e-14,4.6185277824406512e-13,1.2344156025447229e-15,6.4970873736815867e-15,3.9494546009722491e+01,4.0853728046280207e-04,1.2533270626890863e+01,1.2553631154479412e+01,6.5225602696727947e-16,1.4124913711953269e+00,1.0883423388920437e-15,3.7767029694247641e-11,1.0006693385564436e+00,1.0006693385564436e+00,5.0118875637051190e-02,2.4182170557584679e+00,9.9814283544849602e-01,9.9814283544849602e-01,-1.8566783553554862e-03,9.9916826859902397e-01,9.9916826859902397e-01,1.9418797790000042e+00,3.2166759471999939e+01,8.2698833299997432e-01,0,0,0,0,0,coulomb,7.1967356699997254e-01,14,620,9.9093224000000646e-02,4.3913068009998995e+00,5.5564984677666952e-03,1.0883423388920437e-15,6.3654884343967450e-03,2.2184587463073259e-15,5.6703479100135537e-16,-3.3959656682893427e-15
exp4_repeat,g_p2,A_int,A,2,2,8,abc,0,0.0000000000000000e+00,2.9999999999999999e-01,1,100,4,1,45,B,5.1600368449399114e-01,5.8070817043390704e-02,8.6551029070536186e-14,4.8983039846461907e-13,1.2175516195686256e-15,6.8906609357411708e-15,3.9507155545777614e+01,7.2794056003425817e-04,1.2533194160400081e+01,1.2556308354802924e+01,1.0963452368173421e-15,1.4125671213958171e+00,1.6215903930715144e-16,0.0000000000000000e+00,1.0009888251027803e+00,1.0009255950123142e+00,4.9492238867513444e-02,2.3230851125610923e+00,9.9813674569888489e-01,9.9817880022437377e-01,-1.8205571974641737e-03,9.9920451793815057e-01,9.9922185278241316e-01,1.9418797790000042e+00,3.6285163522000033e+01,8.3956647600007273e-01,0,0,0,0,0,coulomb,7.0660099100001617e-01,17,699,1.3281929100003254e-01,4.9918830729999684e+00,8.4195278666215044e-04,1.6215903930715144e-16,1.0828164592800024e-03,2.5962464777899290e-16,5.9676962471311663e-16,2.7586880699777843e-14
exp4_repeat,g_p2,A_int,A,2,2,8,abc,0,0.0000000000000000e+00,2.9999999999999999e-01,1,100,4,1,50,A,5.6305381726623516e-01,6.3365817319916667e-02,8.7554974048415805e-14,3.6948222259525210e-13,1.2316745577578241e-15,5.1976698989452692e-15,3.9532928680397333e+01,1.3807816864950680e-03,1.2533567699633780e+01,1.2560320310826659e+01,8.3266726846886741e-16,1.4125577834485574e+00,1.0886546880792195e-15,6.3869333250437247e-12,1.0016418364215101e+00,1.0016418364215101e+00,5.9068092151621690e-02,2.7799029212900401e+00,9.9816649415967973e-01,9.9816649415967973e-01,-1.8330258379008679e-03,9.9921524730447120e-01,9.9921524730447120e-01,1.9418797790000042e+00,4.0473737941000110e+01,8.4118523099999720e-01,0,0,0,0,0,coulomb,7.2915684400004466e-01,14,775,1.1188786799999662e-01,5.5870313640000120e+00,5.5823163411480112e-03,1.0886546880792195e-15,6.3988900668489872e-03,2.2179092766830007e-15,5.7373753192182637e-16,3.2527331980141812e-15
exp4_repeat,g_p2,A_int,A,2,2,8,abc,0,0.0000000000000000e+00,2.9999999999999999e-01,1,100,4,1,55,B,5.9090524279335765e-01,6.6500203923704787e-02,8.8216853784743411e-14,4.3520742565306136e-13,1.2409855128507900e-15,6.1222554098153642e-15,3.9548482472976310e+01,1.7747638550524147e-03,1.2533541968866009e+01,1.2563534020399446e+01,8.3266726846886741e-16,1.4126413366996624e+00,1.6233902823540036e-16,0.0000000000000000e+00,1.0020359212991592e+00,1.0019726250661094e+00,5.9153527182981849e-02,2.6602972298805985e+00,9.9816444497537138e-01,9.9820650066791483e-01,-1.7928665275352483e-03,9.9925701545545731e-01,9.9927435121048069e-01,1.9418797790000042e+00,4.4068498851000214e+01,6.7167354399998658e-01,0,0,0,0,0,coulomb,5.7373062699997490e-01,17,854,9.7808551000014177e-02,6.1121183840000697e+00,9.1410255407642707e-04,1.6233902823540036e-16,1.1595753222491893e-03,2.6411285478504536e-16,6.0202582065182690e-16,-2.8277961316578830e-16
exp4_repeat,g_p2,A_int,A,2,2,8,abc,0,0.0000000000000000e+00,2.9999999999999999e-01,1,100,4,1,60,A,6.3887925746512186e-01,7.1899177443773249e-02,8.5748988179756756e-14,3.7925218521195347e-13,1.2062689555030913e-15,5.3351082856962261e-15,3.9578412154526042e+01,2.5328915452166711e-03,1.2533994917816612e+01,1.2568278532197843e+01,3.2612801348363973e-16,1.4126403775575747e+00,1.0903952350146547e-15,7.9425788087530164e-12,1.0027942466292490e+00,1.0027942466292490e+00,6.8144323621397510e-02,3.1542674247409055e+00,9.9820051758270012e-01,9.9820051758270012e-01,-1.7990113220380688e-03,9.9927367273246759e-01,9.9927367273246759e-01,1.9418797790000042e+00,4.7301576994000101e+01,6.5637391899991826e-01,0,0,0,0,0,coulomb,5.6006893299996818e-01,14,928,9.6171018999996249e-02,6.5786210580000386e+00,5.6092860972734989e-03,1.0903952350146547e-15,6.4334228907763427e-03,2.2069407737599929e-15,5.7041222593362608e-16,1.3426692207918147e-14
exp4_repeat,g_p2,A_int,A,2,2,8,abc,0,0.0000000000000000e+00,2.9999999999999999e-01,1,100,4,1,65,B,6.6773215877330405e-01,7.5146269670801930e-02,9.0226529847149646e-14,3.5527136788005009e-13,1.2692565151816448e-15,4.9977595182166240e-15,3.9596688951026998e+01,2.9958482088834216e-03,1.2533983063647225e+01,1.2571974311726098e+01,4.8572257327350599e-16,1.4127296206976618e+00,6.9623881699542915e-16,0.0000000000000000e+00,1.0032573239832978e+00,1.0031939505971368e+00,6.8727853683292359e-02,3.0061774437632063e+00,9.9819957352311695e-01,9.9824163069573257e-01,-1.7577488947271463e-03,9.9931946471420519e-01,9.9933680155263849e-01,1.9418797790000042e+00,5.1440429657000180e+01,8.3135030500000084e-01,0,0,0,0,0,coulomb,7.2064097200001243e-01,16,1004,1.1057505200000151e-01,7.1418753530000743e+00,9.9028092848679229e-04,6.9623881699542915e-16,1.2413355891513166e-03,1.3695805298868477e-15,5.9576770570117402e-16,-1.0173230610073168e-14
exp4_repeat,g_p2,A_int,A,2,2,8,abc,0,0.0000000000000000e+00,2.9999999999999999e-01,1,100,4,1,70,A,7.1607337674118843e-01,8.0586568080725812e-02,8.8111921935035863e-14,4.5474735088646412e-13,1.2395093900949063e-15,6.3971321833172543e-15,3.9630511950291393e+01,3.8525947888340163e-03,1.2534481556454587e+01,1.2577392616312656e+01,1.9428902930940239e-16,1.4127352412095464e+00,1.0958989677101179e-15,2.2116442196606774e-11,1.0041142939126033e+00,1.0041142939126033e+00,7.7257679957953532e-02,3.5353893550101056e+00,9.9823927321835237e-01,9.9823927321835237e-01,-1.7602658324123159e-03,9.9934077739082261e-01,9.9934077739082261e-01,1.9418797790000042e+00,5.4941789887000226e+01,7.6721609899999521e-01,0,0,0,0,0,coulomb,6.7203020599998808e-01,14,1078,9.5049136000000090e-02,7.6382912250001311e+00,5.6372959269358602e-03,1.0958989677101179e-15,6.4689182960669389e-03,2.2106176933219738e-15,5.7607310474801411e-16,1.1298492307161087e-15
exp4_repeat,g_p2,A_int,A,2,2,8,abc,0,0.0000000000000000e+00,2.9999999999999999e-01,1,100,4,1,75,B,7.4557670623629668e-01,8.3906859196401770e-02,8.7320012693601090e-14,3.9790393202565610e-13,1.2283692524233590e-15,5.5974906604026189e-15,3.9651345227352977e+01,4.3803078615911300e-03,1.2534448457467818e+01,1.2581527282288596e+01,4.7184478546569153e-16,1.4128283563325943e+00,6.9583506301253869e-16,1.9007027988737505e-10,1.0046421445573999e+00,1.0045786836954067e+00,7.8209370847730775e-02,3.3566391066148387e+00,9.9823663723310252e-01,9.9827869596732455e-01,-1.7206967009613075e-03,9.9938930712453145e-01,9.9940664517463595e-01,1.9418797790000042e+00,5.8786643579000412e+01,6.6609370800006218e-01,0,0,0,0,0,coulomb,5.5961030000003120e-01,16,1154,1.0634538300001850e-01,8.1924059790001422e+00,1.0688019933083475e-03,6.9583506301253869e-16,1.3263065350792983e-03,1.3770400502280403e-15,6.1544132260625311e-16,-4.5180022734194809e-15
exp4_repeat,g_p2,A_int,A,2,2,8,abc,0,0.0000000000000000e+00,2.9999999999999999e-01,1,100,4,1,80,A,7.9399922212840346e-01,8.9356306837281518e-02,8.7627720511077505e-14,3.6948222259525210e-13,1.2326979144340279e-15,5.1976698989452692e-15,3.9688849609082020e+01,5.3303049487313124e-03,1.2534958264217989e+01,1.2587570395325017e+01,6.5225602696727947e-16,1.4128389491352940e+00,1.0979280956534754e-15,1.1331951557442512e-11,1.0055923893038143e+00,1.0055923893038143e+00,8.6368696599336173e-02,3.9201239551371221e+00,9.9827723796457124e-01,9.9827723796457124e-01,-1.7223110251691274e-03,9.9941413831232795e-01,9.9941413831232795e-01,1.9418797790000042e+00,6.2910227168000375e+01,8.3235616400003209e-01,0,0,0,0,0,coulomb,7.2123596099999077e-01,14,1228,1.1097416400002658e-01,8.7569140130001131e+00,5.6662735002539384e-03,1.0979280956534754e-15,6.5052700496527061e-03,2.2066962791609364e-15,5.8086219499233862e-16,-3.5279231750110695e-15
exp4_repeat,g_p2,A_int,A,2,2,8,abc,0,0.0000000000000000e+00,2.9999999999999999e-01,1,100,4,1,85,B,8.2397128489540006e-01,9.2729348979533360e-02,8.8653665088158774e-14,4.0234482412415673e-13,1.2471303307187071e-15,5.6599626543803270e-15,3.9712112830656565e+01,5.9195692350480396e-03,1.2534865908740128e+01,1.2592107394850945e+01,4.7184478546569153e-16,1.4129341576439238e+00,6.9799587748974792e-16,7.2307034080751505e-10,1.0061818072082502e+00,1.0061182490894185e+00,8.7606883878980427e-02,3.7095770488449458e+00,9.9826988282469709e-01,9.9831194295965664e-01,-1.6874614392430310e-03,9.9946414756693092e-01,9.9948148691541572e-01,1.9418797790000042e+00,6.7476670807000318e+01,8.2750582399995665e-01,0,0,0,0,0,coulomb,7.1627132500003654e-01,16,1304,9.9017401999958565e-02,9.3574889380001025e+00,1.1485008515024527e-03,6.9799587748974792e-16,1.4132033664904424e-03,1.3945568697202215e-15,5.9948631068933504e-16,1.4106892594529211e-16
exp4_repeat,g_p2,A_int,A,2,2,8,abc,0,0.0000000000000000e+00,2.9999999999999999e-01,1,100,4,1,90,A,8.7234152230415429e-01,9.8172913223969788e-02,8.4831714646592476e-14,4.1744385725905886e-13,1.1933652628736088e-15,5.8723674339045113e-15,3.9753127288223538e+01,6.9584775818315832e-03,1.2535349156500015e+01,1.2598732780650131e+01,4.8572257327350599e-16,1.4129481240580737e+00,1.0980544947409463e-15,3.0943864897278734e-11,1.0072209863930088e+00,1.0072209863930088e+00,9.5464246908816427e-02,4.3069146711232875e+00,9.9830836841266823e-01,9.9830836841266823e-01,-1.6911887268636946e-03,9.9949136647866776e-01,9.9949136647866776e-01,1.9418797790000042e+00,7.0898542456000399e+01,6.5529837900004395e-01,0,0,0,0,0,coulomb,5.6096758800003954e-01,14,1378,9.4195034999984273e-02,9.8480959570000834e+00,5.6961768660009982e-03,1.0980544947409463e-15,6.5424196251227425e-03,2.2149803040803072e-15,5.7155522618666052e-16,-7.4725688058178934e-15
exp4_repeat,g_p2,A_int,A,2,2,8,abc,0,0.0000000000000000e+00,2.9999999999999999e-01,1,100,4,1,95,B,9.0270459149538773e-01,1.0158995904915451e-01,8.8410572758758740e-14,4.2632564145606011e-13,1.2437106433672776e-15,5.9973114218599488e-15,3.9778728400753288e+01,7.6069613378502978e-03,1.2535154259253503e+01,1.2603640198327900e+01,5.1347814888913490e-16,1.4130435624984274e+00,7.0141975345144328e-16,0.0000000000000000e+00,1.0078696392053528e+00,1.0078059744701759e+00,9.6936833819598292e-02,4.0640399682415405e+00,9.9829284690227837e-01,9.9833490800478397e-01,-1.6645044969260457e-03,9.9954153703979109e-01,9.9955887773087837e-01,1.9418797790000042e+00,7.4279391226000456e+01,6.6804778299996315e-01,0,0,0,0,0,coulomb,5.6048914299998387e-01,16,1454,1.0741608799997948e-01,1.0343897984000108e+01,1.2285871611451542e-03,7.0141975345144328e-16,1.5011276102732587e-03,1.4017085796239503e-15,6.0305279453987814e-16,2.8187964906006342e-15
exp4_repeat,g_p2,A_int,A,2,2,8,abc,0,0.0000000000000000e+00,2.9999999999999999e-01,1,100,4,1,100,A,9.5098111305566924e-01,1.0702297655515809e-01,8.4289592097454662e-14,3.4106051316484809e-13,1.1857389851182110e-15,4.7978491374879409e-15,3.9823118629328292e+01,8.7313789631936357e-03,1.2535567360369880e+01,1.2610810232868667e+01,5.6898930012039273e-16,1.4130592063140988e+00,1.1043321754591545e-15,4.0993643212602434e-11,1.0089943499604930e+00,1.0089943499604930e+00,1.0454650357479398e-01,4.6951731667686900e+00,9.9832574604982749e-01,9.9832574604982749e-01,-1.6738156390806419e-03,9.9956994385456399e-01,9.9956994385456399e-01,1.9418797790000042e+00,7.8338262799000432e+01,7.6991385800005219e-01,0,0,0,0,0,coulomb,6.7286130700000513e-01,14,1528,9.6922365000011723e-02,1.0883213850000089e+01,5.7269854154211484e-03,1.1043321754591545e-15,6.5803435743000561e-03,2.2207542257812773e-15,5.7552920995985295e-16,-2.2255374465534943e-14
exp4_repeat,g_p2,A_l2,A,2,2,8,abc,0,0.0000000000000000e+00,2.9999999999999999e-01,1,100,0,1,0,A,2.0254441727229264e-01,2.2794255452097286e-02,8.3786414868294027e-14,3.8369307731045410e-13,1.1786605684098978e-15,5.3975802796739334e-15,3.9468128469587128e+01,-2.6062682839567288e-04,1.2556590281248958e+01,1.2559878392954451e+01,6.8001160258290838e-16,1.4136671625649608e+00,1.7228396484440912e-15,8.0948539144800970e-11,1.0000000000000000e+00,1.0000000000000000e+00,0.0000000000000000e+00,1.0000000000000000e+00,1.0000000000000000e+00,1.0000000000000000e+00,0.0000000000000000e+00,1.0000000000000000e+00,1.0000000000000000e+00,1.9785712089999947e+00,0.0000000000000000e+00,0.0000000000000000e+00,0,0,0,0,0,coulomb,0.0000000000000000e+00,0,0,0.0000000000000000e+00,0.0000000000000000e+00,nan,nan,nan,nan,nan,nan
exp4_repeat,g_p2,A_l2,A,2,2,8,abc,0,0.0000000000000000e+00,2.9999999999999999e-01,1,100,0,1,1,B,2.9664189512412903e-01,3.3383942279502442e-02,8.5736875609278838e-14,4.5474735088646412e-13,1.2060985626150978e-15,6.3971321833172787e-15,3.9485732044793934e+01,1.8527694067695081e-04,1.2554975417840058e+01,1.2562209774608645e+01,5.8286708792820718e-16,1.4136143543772948e+00,1.1425329999582659e-16,7.2501669465196234e-09,1.0004460200138543e+00,1.0003828242110986e+00,0.0000000000000000e+00,1.3355028094432102e+00,9.9987139315907192e-01,9.9991352077051443e-01,-8.6448716817478797e-05,9.9994529684385836e-01,9.9996264453963102e-01,1.9785712089999947e+00,1.4508981800000811e+00,1.4508981800000811e+00,36,0,36,0,0,coulomb,1.3516139640000802e+00,16,16,9.9141718000055334e-02,9.9141718000055334e-02,1.8025113041662244e-05,1.1425329999582659e-16,2.1375704001218806e-05,1.4360698958796920e-16,6.0101265482726598e-16,-7.9186691488589165e-15
exp4_repeat,g_p2,A_l2,A,2,2,8,abc,0,0.0000000000000000e+00,2.9999999999999999e-01,1,100,0,1,2,A,2.4995430916416633e-01,2.8129742854284583e-02,8.5080524692781543e-14,4.1211478674085811e-13,1.1968653838768560e-15,5.7974010411312617e-15,3.9472600919233955e+01,-1.4733835539637512e-04,1.2554484794443219e+01,1.2559620946710947e+01,7.4940054162198066e-16,1.4135580973827928e+00,5.1771306915184695e-16,3.5284568200677985e-11,1.0001133180067119e+00,1.0001133180067119e+00,1.6462074012324506e-02,1.2340715805962585e+00,9.9983232017939749e-01,9.9983232017939749e-01,-1.6763592288601803e-04,9.9992284946198362e-01,9.9992284946198362e-01,1.9785712089999947e+00,2.8252873799999634e+00,1.3743891999998823e+00,18,0,54,0,0,coulomb,1.2780584669999371e+00,14,30,9.6175825999921472e-02,1.9531754399997681e-01,3.8768990294219840e-03,5.1771306915184695e-16,4.5051337667273428e-03,1.1571386917919645e-15,5.7312865264146322e-16,1.5557576953867086e-15
exp4_repeat,g_p2,A_l2,A,2,2,8,abc,0,0.0000000000000000e+00,2.9999999999999999e-01,1,100,0,1,5,B,3.7201111477734505e-01,4.1865959553229880e-02,8.7757485082610348e-14,4.5474735088646412e-13,1.2345233700748163e-15,6.3971321833172787e-15,3.9498854536369478e+01,5.1767353536962945e-04,1.2550803730644500e+01,1.2562426216175767e+01,6.1062266354383610e-16,1.4134038680634953e+00,1.3835509201151732e-16,0.0000000000000000e+00,1.0007785032626015e+00,1.0007152864576674e+00,1.9826638511569020e-02,1.6748203712808369e+00,9.9953916226659878e-01,9.9958127588014711e-01,-4.1857638044564627e-04,9.9979640560001803e-01,9.9981375071272938e-01,1.9785712089999947e+00,7.0222651779998841e+00,1.4611484470000278e+00,36,0,144,0,0,coulomb,1.3635088029999451e+00,16,76,9.7499241000036818e-02,5.0240166900005079e-01,2.0179875021606854e-04,1.3835509201151732e-16,2.4315028088397442e-04,2.0046384793354223e-16,6.0766421932198029e-16,-2.5452425840190434e-15
exp4_repeat,g_p2,A_l2,A,2,2,8,abc,0,0.0000000000000000e+00,2.9999999999999999e-01,1,100,0,1,10,A,4.1755552928803780e-01,4.6991506989954614e-02,8.9330167721286018e-14,4.4053649617126212e-13,1.2566469925706977e-15,6.1972218025885901e-15,3.9504089434605199e+01,6.5027505674221874e-04,1.2546474853711537e+01,1.2560928101077208e+01,4.7184478546569153e-16,1.4131416737139282e+00,4.7838058739944980e-16,3.8306418353508613e-11,1.0009111393524976e+00,1.0009111393524976e+00,4.1092052645166723e-02,2.0615504239087112e+00,9.9919441286919053e-01,9.9919441286919053e-01,-8.0537623223292181e-04,9.9962827965100409e-01,9.9962827965100409e-01,1.9785712089999947e+00,1.3571890465999672e+01,1.2452579259997947e+00,18,0,270,0,0,coulomb,1.1498678759999166e+00,14,150,9.5254259999933311e-02,9.9898462499993457e-01,3.6343337833592768e-03,4.7838058739944980e-16,4.2262911927714907e-03,1.0722545365960739e-15,5.7776493759083816e-16,-6.9294806147574354e-15
exp4_repeat,g_p2,A_l2,A,2,2,8,abc,0,0.0000000000000000e+00,2.9999999999999999e-01,1,100,0,1,15,B,5.1757117915842865e-01,5.8247222171125990e-02,8.5692796196381634e-14,4.6895820560166612e-13,1.2054784780113794e-15,6.5970425640459437e-15,3.9533311424518267e+01,1.3904767083363595e-03,1.2540944250066318e+01,1.2563305679868321e+01,8.3266726846886741e-16,1.4128866842705345e+00,1.7238391528110766e-16,1.1191821972542250e-09,1.0016515339707928e+00,1.0015882620185790e+00,4.1565064697031327e-02,2.3301420844944314e+00,9.9875395861199634e-01,9.9879603914253545e-01,-1.2035360611487595e-03,9.9943056643053485e-01,9.9944790519643234e-01,1.9785712089999947e+00,2.0290138362999983e+01,1.2492526390000194e+00,36,0,415,0,0,coulomb,1.1517566339999803e+00,16,226,9.7358266000014737e-02,1.5229139560001386e+00,3.6860379292576103e-04,1.7238391528110766e-16,4.4050692756428906e-04,2.9033020770885012e-16,6.0714285784712199e-16,-5.9384832238663402e-15
exp4_repeat,g_p2,A_l2,A,2,2,8,abc,0,0.0000000000000000e+00,2.9999999999999999e-01,1,100,0,1,20,A,5.3834935017226904e-01,6.0585587969083664e-02,8.5316098819835805e-14,3.9257486150745535e-13,1.2001793093495343e-15,5.5225242676293488e-15,3.9531492057331064e+01,1.3443915991145083e-03,1.2536734428776530e+01,1.2560730142828666e+01,5.8980598183211441e-16,1.4126295415921872e+00,4.6186106432745070e-16,6.0396011646953742e-12,1.0016054368474239e+00,1.0016054368474239e+00,5.6142341007367709e-02,2.6579323065149389e+00,9.9841869074106215e-01,9.9841869074106215e-01,-1.5808952802892310e-03,9.9926600758633244e-01,9.9926600758633244e-01,1.9785712089999947e+00,2.6867179502999875e+01,1.3625579349999271e+00,19,0,543,0,0,coulomb,1.2440122069999688e+00,14,300,1.1839743999996699e-01,2.1039763740000126e+00,3.4866576759799636e-03,4.6186106432745070e-16,4.0571503706226860e-03,1.0358844709671141e-15,5.7727329147428174e-16,1.3717769057439476e-14
exp4_repeat,g_p2,A_l2,A,2,2,8,abc,0,0.0000000000000000e+00,2.9999999999999999e-01,1,100,0,1,25,B,6.1456770909294123e-01,6.9163166984958890e-02,8.9356797576139803e-14,4.8316906031686813e-13,1.2570216065210425e-15,6.7969529447746086e-15,3.9558255116252631e+01,2.0223078010702090e-03,1.2531305337401744e+01,1.2562762231021866e+01,4.9960036108132044e-16,1.4123800642651567e+00,1.8111638209692655e-16,4.0641865241923023e-09,1.0022835297785897e+00,1.0022202179046993e+00,5.4560409902042799e-02,2.7668273280928743e+00,9.9798632086570715e-01,9.9802836905334213e-01,-1.9709352915151263e-03,9.9907219974439021e-01,9.9908953229311148e-01,1.9785712089999947e+00,3.2877531343999863e+01,1.2623995140000943e+00,36,0,687,0,0,coulomb,1.1656358170000658e+00,16,376,9.6628463000001830e-02,2.6138735329999463e+00,4.4323934185543518e-04,1.8111638209692655e-16,5.3014920968198504e-04,3.1560221177657864e-16,5.9897841827558143e-16,-5.2317470165285241e-15
exp4_repeat,g_p2,A_l2,A,2,2,8,abc,0,0.0000000000000000e+00,2.9999999999999999e-01,1,100,0,1,30,A,6.2517423662871230e-01,7.0356820709736659e-02,8.7330212181785200e-14,4.2632564145606011e-13,1.2285127331363013e-15,5.9973114218599259e-15,3.9552239709118879e+01,1.8699357583496262e-03,1.2527185983298363e+01,1.2559576918955266e+01,2.9143354396410359e-16,1.4121293241019914e+00,4.5894823469264886e-16,5.3126764689666496e-11,1.0021311180132739e+00,1.0021311180132739e+00,6.6573300359485305e-02,3.0866031512892942e+00,9.9765825775214589e-01,9.9765825775214589e-01,-2.3411291917515564e-03,9.9891216369475599e-01,9.9891216369475599e-01,1.9785712089999947e+00,4.0172968040000114e+01,1.3504854550000118e+00,19,0,816,0,0,coulomb,1.2481842240000560e+00,14,450,1.0216596800000843e-01,3.2740246049999087e+00,3.4003951825267204e-03,4.5894823469264886e-16,3.9580976130001973e-03,1.0204971978770396e-15,5.7068066016301073e-16,6.6473670250227148e-15
exp4_repeat,g_p2,A_l2,A,2,2,8,abc,0,0.0000000000000000e+00,2.9999999999999999e-01,1,100,0,1,35,B,6.8916512092359694e-01,7.7558325361737734e-02,8.9445035861132269e-14,4.6140868903421506e-13,1.2582628935161743e-15,6.4908401742838409e-15,3.9577397867639313e+01,2.5071993582375970e-03,1.2521837251015773e+01,1.2561385934088388e+01,6.2450045135165055e-16,1.4118837597302993e+00,1.8515905602281633e-16,0.0000000000000000e+00,1.0027685477444512e+00,1.0027052052331260e+00,6.4229441391296868e-02,3.1026701564814436e+00,9.9723228763105520e-01,9.9727430404898521e-01,-2.7247342373588920e-03,9.9872112989008655e-01,9.9873845634822156e-01,1.9785712089999947e+00,4.7432904053000243e+01,1.5968860550001409e+00,36,0,962,0,0,coulomb,1.4851991740000585e+00,16,526,1.1140657600003578e-01,3.7774165859999584e+00,4.9349865951613711e-04,1.8515905602281633e-16,5.9112984048398983e-04,3.2264552936610268e-16,5.9490012789172608e-16,2.2343420786609041e-14
exp4_repeat,g_p2,A_l2,A,2,2,8,abc,0,0.0000000000000000e+00,2.9999999999999999e-01,1,100,0,1,40,A,6.9404531036423400e-01,7.8107539634155329e-02,8.6969055770973157e-14,4.4053649617126212e-13,1.2234321861153821e-15,6.1972218025885901e-15,3.9568384895310800e+01,2.2788981021224521e-03,1.2517797234256204e+01,1.2557773072877039e+01,3.4694469519536142e-16,1.4116384243042159e+00,4.5204395313461752e-16,2.7167063452881860e-11,1.0025401869713919e+00,1.0025401869713919e+00,7.4720568160220630e-02,3.4266326355032888e+00,9.9691054290027403e-01,9.9691054290027403e-01,-3.0886482957124713e-03,9.9856491095325162e-01,9.9856491095325162e-01,1.9785712089999947e+00,5.4226586015000294e+01,1.3308496250000417e+00,19,0,1091,0,0,coulomb,1.2320687980000002e+00,14,600,9.8489305000043714e-02,4.2753449980001506e+00,3.3420814800540575e-03,4.5204395313461752e-16,3.8909244568418170e-03,1.0092925997801403e-15,5.8051754661801206e-16,2.0510785669070502e-14
exp4_repeat,g_p2,A_l2,A,2,2,8,abc,0,0.0000000000000000e+00,2.9999999999999999e-01,1,100,0,1,45,B,7.5053049482285894e-01,8.4464356282811126e-02,8.7954831093999341e-14,3.9790393202565610e-13,1.2372995237307856e-15,5.5974906604026189e-15,3.9592505743909733e+01,2.8898863347478379e-03,1.2512516309111703e+01,1.2559441420158537e+01,7.9797279894933126e-16,1.4113958385489938e+00,1.9581330318597394e-16,1.1558679284724355e-08,1.0031513344854557e+00,1.0030879677943998e+00,7.2032968870852115e-02,3.3789414134820910e+00,9.9648997290266994e-01,9.9653195804463124e-01,-3.4668183180417782e-03,9.9837599015026546e-01,9.9839331062069381e-01,1.9785712089999947e+00,6.1273161119000065e+01,1.5601275980000082e+00,36,0,1237,0,0,coulomb,1.4337813580000329e+00,16,676,1.2614311099991937e-01,4.8283976139999822e+00,5.3247281870123851e-04,1.9581330318597394e-16,6.3867829917497066e-04,3.4817866717869785e-16,5.9201177869003770e-16,-2.1215391883418947e-15
exp4_repeat,g_p2,A_l2,A,2,2,8,abc,0,0.0000000000000000e+00,2.9999999999999999e-01,1,100,0,1,50,A,7.5178113506456179e-01,8.4605102759716777e-02,8.5483318408371368e-14,3.9790393202565610e-13,1.2025316612860913e-15,5.5974906604025976e-15,3.9581234833376328e+01,2.6043908357549716e-03,1.2508544073872722e+01,1.2555511212837285e+01,5.5511151231257827e-16,1.4111550455934989e+00,4.4625391877610527e-16,3.5792209059119693e-11,1.0028657645592787e+00,1.0028657645592787e+00,8.1491260335138635e-02,3.7116852944601142e+00,9.9617362625521155e-01,9.9617362625521155e-01,-3.8253720197791315e-03,9.9822297847896257e-01,9.9822297847896257e-01,1.9785712089999947e+00,6.7921086498000136e+01,1.0869407929999397e+00,19,0,1366,0,0,coulomb,9.5834656099998483e-01,14,750,1.2844955699995353e-01,5.3782781229999728e+00,3.2989667996220153e-03,4.4625391877610527e-16,3.8412879780234054e-03,9.8875889998528451e-16,5.6890055830298944e-16,2.4051464702149491e-15
exp4_repeat,g_p2,A_l2,A,2,2,8,abc,0,0.0000000000000000e+00,2.9999999999999999e-01,1,100,0,1,55,B,8.0328521419964050e-01,9.0401348108961888e-02,8.6155145656022073e-14,4.1389114358025836e-13,1.2119825524220155e-15,5.8223898387223668e-15,3.9604779966362557e+01,3.2007960215502053e-03,1.2503321475787144e+01,1.2557107867867380e+01,3.1918911957973251e-16,1.4109149157075105e+00,2.0287474239802895e-16,0.0000000000000000e+00,1.0034623252247881e+00,1.0033989388891846e+00,7.8656050465699956e-02,3.6164468943232198e+00,9.9575770139276099e-01,9.9579965568190465e-01,-4.1988623008186671e-03,9.9803580081079191e-01,9.9805311537939623e-01,1.9785712089999947e+00,7.5160496466000041e+01,1.4940609579999773e+00,36,0,1512,0,0,coulomb,1.3841441780000423e+00,16,826,1.0978893699996206e-01,5.9086205139998356e+00,5.6483759188990688e-04,2.0287474239802895e-16,6.7837185991078222e-04,3.6121789640890209e-16,6.0773333864212466e-16,9.1950446877233541e-15
exp4_repeat,g_p2,A_l2,A,2,2,8,abc,0,0.0000000000000000e+00,2.9999999999999999e-01,1,100,0,1,60,A,8.0211392846076701e-01,9.0269532151262807e-02,8.7136305416861906e-14,4.2632564145606011e-13,1.2257849608820250e-15,5.9973114218599259e-15,3.9591781822407789e+01,2.8715491888875642e-03,1.2499407117270804e+01,1.2552938992656024e+01,5.6898930012039273e-16,1.4106780101399805e+00,4.4523394976788154e-16,1.0561998860529871e-11,1.0031329925591974e+00,1.0031329925591974e+00,8.7360246069276309e-02,3.9601877912163679e+00,9.9544596401592023e-01,9.9544596401592023e-01,-4.5528437608306155e-03,9.9788553309850048e-01,9.9788553309850048e-01,1.9785712089999947e+00,8.1980640285000050e+01,1.3127700360000745e+00,19,0,1641,0,0,coulomb,1.2168133480000733e+00,14,900,9.5816625999987082e-02,6.4594461479997562e+00,3.2651559418370403e-03,4.4523394976788154e-16,3.8025465740480881e-03,9.7869426434521050e-16,5.7514101464445628e-16,-2.0518691255941446e-14
exp4_repeat,g_p2,A_l2,A,2,2,8,abc,0,0.0000000000000000e+00,2.9999999999999999e-01,1,100,0,1,65,B,8.5013324793298917e-01,9.5673604252713457e-02,8.6610005251756390e-14,4.2632564145606011e-13,1.2183812636032692e-15,5.9973114218599488e-15,3.9615099924921530e+01,3.4622036256339726e-03,1.2494235605210026e+01,1.2554516656197292e+01,4.7184478546569153e-16,1.4104400178001864e+00,2.0590301483749042e-16,0.0000000000000000e+00,1.0037238009764677e+00,1.0036603981240610e+00,8.4482684976303193e-02,3.8273600582968963e+00,9.9503410761661559e-01,9.9507603141856105e-01,-4.9222312461267154e-03,9.9769987331582888e-01,9.9771718205654636e-01,1.9785712089999947e+00,8.8213506298999960e+01,1.2797431149999738e+00,36,0,1787,0,0,coulomb,1.1820646119999765e+00,16,976,9.7545986000000084e-02,6.9832405769998331e+00,5.9288648919582083e-04,2.0590301483749042e-16,7.1296730543704274e-04,3.6507362082910767e-16,5.9322828213359491e-16,1.6978970388723407e-14
exp4_repeat,g_p2,A_l2,A,2,2,8,abc,0,0.0000000000000000e+00,2.9999999999999999e-01,1,100,0,1,70,A,8.4730543977917894e-01,9.5355364025233411e-02,8.5845084003552117e-14,4.2632564145606011e-13,1.2076207779730524e-15,5.9973114218599259e-15,3.9600773200967346e+01,3.0993034684452278e-03,1.2490371379229886e+01,1.2550168257161818e+01,9.2981178312356860e-16,1.4102065182089616e+00,4.4229437149962097e-16,5.7069624952016715e-12,1.0033608062131050e+00,1.0033608062131050e+00,9.2608267837350378e-02,4.1833068084028957e+00,9.9472636276760917e-01,9.9472636276760917e-01,-5.2722566212279522e-03,9.9755200909546471e-01,9.9755200909546471e-01,1.9785712089999947e+00,9.3846744344999934e+01,1.0488785180000377e+00,19,0,1916,0,0,coulomb,9.4711684599997170e-01,14,1050,1.0162140900001759e-01,7.4715978719998475e+00,3.2375299065716774e-03,4.4229437149962097e-16,3.7711577432952312e-03,9.7939336534168929e-16,5.6807729828880474e-16,1.6135499984038889e-14
exp4_repeat,g_p2,A_l2,A,2,2,8,abc,0,0.0000000000000000e+00,2.9999999999999999e-01,1,100,0,1,75,B,8.9278337393082741e-01,1.0047342979296474e-01,9.0260545973792502e-14,3.9790393202565610e-13,1.2697350350852233e-15,5.5974906604026189e-15,3.9624119373983312e+01,3.6906689393193504e-03,1.2485245531099254e+01,1.2551765729105290e+01,3.1918911957973251e-16,1.4099704644503317e+00,2.0864728996140206e-16,0.0000000000000000e+00,1.0039523258498662e+00,1.0038889085620850e+00,8.9748629428088200e-02,4.0193739444992662e+00,9.9431814301879029e-01,9.9436003665497785e-01,-5.6379733836085313e-03,9.9736772638880422e-01,9.9738502936722262e-01,1.9785712089999947e+00,1.0101068756499978e+02,1.5681770030000735e+00,36,0,2062,0,0,coulomb,1.4690529389999938e+00,16,1126,9.8985326000047280e-02,8.0036385749998544e+00,6.1794252692655264e-04,2.0864728996140206e-16,7.4404556392442618e-04,3.7700755163755369e-16,6.0550493387856912e-16,-1.1180271724080480e-14
exp4_repeat,g_p2,A_l2,A,2,2,8,abc,0,0.0000000000000000e+00,2.9999999999999999e-01,1,100,0,1,80,A,8.8881166383173194e-01,1.0002645536730666e-01,8.6047641321862632e-14,4.1211478674085811e-13,1.2104702413891772e-15,5.7974010411312617e-15,3.9608769868253866e+01,3.3018614171112623e-03,1.2481425640213629e+01,1.2547283345031147e+01,7.7715611723760958e-16,1.4097400247831557e+00,4.4110112937597351e-16,2.7098656026508830e-11,1.0035634169675693e+00,1.0035634169675693e+00,9.7413339755560741e-02,4.3882308670934584e+00,9.9401392899252483e-01,9.9401392899252483e-01,-5.9845038848061576e-03,9.9722202093547985e-01,9.9722202093547985e-01,1.9785712089999947e+00,1.0778181454299965e+02,1.1689636620000101e+00,19,0,2191,0,0,coulomb,1.0864560329999904e+00,14,1200,8.2334183999932975e-02,8.5419160529997953e+00,3.2142733676900153e-03,4.4110112937597351e-16,3.7450368869915373e-03,9.7261718524228002e-16,5.8097694038939445e-16,9.9100421460000824e-16
exp4_repeat,g_p2,A_l2,A,2,2,8,abc,0,0.0000000000000000e+00,2.9999999999999999e-01,1,100,0,1,85,B,9.3237001244710993e-01,1.0492849186271756e-01,8.6569346330427929e-14,4.0145664570445661e-13,1.2178092965678103e-15,5.6474682555847855e-15,3.9632328963781340e+01,3.8986202782079174e-03,1.2476341458659046e+01,1.2548928878132887e+01,7.9103390504542404e-16,1.4095057862092608e+00,2.0965114783758354e-16,0.0000000000000000e+00,1.0041603314005816e+00,1.0040969009735832e+00,9.4607248295499977e-02,4.1975957932127983e+00,9.9360902754709224e-01,9.9365089130609630e-01,-6.3468685230836756e-03,9.9703902795682686e-01,9.9705632523277288e-01,1.9785712089999947e+00,1.1425984420299949e+02,1.5746213709999211e+00,36,0,2337,0,0,coulomb,1.4644112209999776e+00,16,1276,1.1004525299995294e-01,9.0685498069998403e+00,6.4084124305164984e-04,2.0965114783758354e-16,7.7259587835625204e-04,3.7985602151683945e-16,5.9790395865440652e-16,1.1465907763600018e-14
exp4_repeat,g_p2,A_l2,A,2,2,8,abc,0,0.0000000000000000e+00,2.9999999999999999e-01,1,100,0,1,90,A,9.2761019439319858e-01,1.0439282413073273e-01,8.5985324101519385e-14,4.6895820560166612e-13,1.2095935974789805e-15,6.5970425640459184e-15,3.9616194409845505e+01,3.4899272526279302e-03,1.2472561648286760e+01,1.2544348093238266e+01,4.5102810375396984e-16,1.4092781606757478e+00,4.4151017452627351e-16,2.1285080186909306e-11,1.0037515318308663e+00,1.0037515318308663e+00,1.0189381130031956e-01,4.5797865321864508e+00,9.9330800551104381e-01,9.9330800551104381e-01,-6.6902425591425022e-03,9.9689530746314459e-01,9.9689530746314459e-01,1.9785712089999947e+00,1.2098449260699965e+02,1.2783085469999378e+00,19,0,2466,0,0,coulomb,1.1829872039999145e+00,14,1350,9.5157041999982539e-02,9.5876723979997678e+00,3.1942528914388822e-03,4.4151017452627351e-16,3.7228670328818482e-03,9.7268382842310152e-16,5.7354809746969923e-16,-3.1153137139640685e-15
exp4_repeat,g_p2,A_l2,A,2,2,8,abc,0,0.0000000000000000e+00,2.9999999999999999e-01,1,100,0,1,95,B,9.6967348019290167e-01,1.0912660694531466e-01,8.8423842449660592e-14,4.4408920985006262e-13,1.2438973139802354e-15,6.2471993977707804e-15,3.9640100391412545e+01,4.0954728397540347e-03,1.2467516211573944e+01,1.2546062251078572e+01,5.1347814888913490e-16,1.4090456625888759e+00,2.0837864092183837e-16,2.7578507475423068e-09,1.0043572352805614e+00,1.0042937924156119e+00,9.9162503832950236e-02,4.3655386455048948e+00,9.9290618968367306e-01,9.9294802382998837e-01,-7.0494880048216609e-03,9.9671355131693140e-01,9.9673084294629888e-01,1.9785712089999947e+00,1.2805740082499972e+02,1.4090645190000259e+00,36,0,2612,0,0,coulomb,1.3118004899999960e+00,16,1426,9.7105060999979287e-02,1.0115260619999731e+01,6.6214131009153436e-04,2.0837864092183837e-16,7.9927515744011575e-04,3.8308417699603226e-16,5.9429395445844691e-16,8.3536186853152348e-15
exp4_repeat,g_p2,A_l2,A,2,2,8,abc,0,0.0000000000000000e+00,2.9999999999999999e-01,1,100,0,1,100,A,9.6437881317302743e-01,1.0853074755698779e-01,8.6745029784161593e-14,5.1159076974727213e-13,1.2202807134408565e-15,7.1967737062319117e-15,3.9623367645555291e+01,3.6716274357931756e-03,1.2463773385019177e+01,1.2541411187006757e+01,7.0776717819853729e-16,1.4088206772507395e+00,4.3554545513620628e-16,1.3324345456184401e-11,1.0039332793823195e+00,1.0039332793823195e+00,1.0613118712507635e-01,4.7613201398513736e+00,9.9260811301867624e-01,9.9260811301867624e-01,-7.3899518232475349e-03,9.9657169279830482e-01,9.9657169279830482e-01,1.9785712089999947e+00,1.3468249332999949e+02,1.2298187909999569e+00,19,0,2741,0,0,coulomb,1.1344749679999495e+00,14,1500,9.5190135000052578e-02,1.0612674822999679e+01,3.1767215917251914e-03,4.3554545513620628e-16,3.7037705791481234e-03,9.6018439650457582e-16,5.6754073078356125e-16,1.2605812214696016e-14
exp4_repeat,g_p3,A_pt,A,3,3,8,abc,0,0.0000000000000000e+00,2.9999999999999999e-01,1,100,0,1,0,A,1.3464715461453933e-02,1.5153128777949955e-03,2.2709910013873703e-13,1.7674750552032492e-12,3.1947035193672450e-15,2.4863853603127879e-14,3.9478387313157270e+01,-7.6728506357789540e-07,1.2566332157433365e+01,1.2566346644016324e+01,7.4940054162198066e-16,1.4142114073134975e+00,2.7932756189736299e-15,0.0000000000000000e+00,1.0000000000000000e+00,1.0000000000000000e+00,0.0000000000000000e+00,1.0000000000000000e+00,1.0000000000000000e+00,1.0000000000000000e+00,0.0000000000000000e+00,1.0000000000000000e+00,1.0000000000000000e+00,2.4668453439999922e+00,0.0000000000000000e+00,0.0000000000000000e+00,0,0,0,0,0,coulomb,0.0000000000000000e+00,0,0,0.0000000000000000e+00,0.0000000000000000e+00,nan,nan,nan,nan,nan,nan
exp4_repeat,g_p3,A_pt,A,3,3,8,abc,0,0.0000000000000000e+00,2.9999999999999999e-01,1,100,0,1,1,B,1.9366356643817393e-02,2.1794808588683151e-03,2.3128131961395557e-13,1.6839862837514374e-12,3.2535366511061303e-15,2.3689380116346892e-14,3.9478297671435634e+01,-3.0379363985703550e-06,1.2566273163950697e+01,1.2566311694700852e+01,5.2041704279304213e-16,1.4142090797221296e+00,1.2590689838498898e-16,2.2853947895120020e-11,9.9999772934692277e-01,9.9999628612090619e-01,0.0000000000000000e+00,1.0973852097194174e+00,9.9999530543344484e-01,9.9999551037607126e-01,-4.4896118513433711e-06,9.9999774342708669e-01,9.9999835414185190e-01,2.4668453439999922e+00,2.0359565450000048e+00,2.0359565450000048e+00,0,0,0,0,0,coulomb,8.0128486299999224e-01,22,22,1.2220165849999916e+00,1.2220165849999916e+00,9.1871573497462683e-05,1.2590689838498898e-16,1.2872852459412180e-04,1.8031294940940923e-16,9.9647359034901134e-16,2.5585915189662715e-14
exp4_repeat,g_p3,A_pt,A,3,3,8,abc,0,0.0000000000000000e+00,2.9999999999999999e-01,1,100,0,1,2,A,3.8804301516207583e-02,4.3670182240152493e-03,2.2403485948715876e-13,1.5480949855373183e-12,3.1515974903789978e-15,2.1777737100629091e-14,3.9478714698068650e+01,7.5254716183284594e-06,1.2566226041103249e+01,1.2566346479533239e+01,2.9143354396410359e-16,1.4142055249791390e+00,4.6958801364626348e-16,0.0000000000000000e+00,1.0000082927630449e+00,1.0000082927630449e+00,4.0977303692880463e-03,2.8819251047149463e+00,9.9999155550491692e-01,9.9999155550491692e-01,-8.4444853482100227e-06,9.9999584055514745e-01,9.9999584055514745e-01,2.4668453439999922e+00,4.3469219379999799e+00,2.3109653929999752e+00,0,0,0,0,0,coulomb,1.0138059359999829e+00,21,43,1.2844265569999891e+00,2.5064431419999806e+00,6.9610071352929604e-04,4.6958801364626348e-16,9.9994648255916324e-04,1.1900728741308288e-15,9.6256864337894057e-16,-2.1486444372665513e-14
exp4_repeat,g_p3,A_pt,A,3,3,8,abc,0,0.0000000000000000e+00,2.9999999999999999e-01,1,100,0,1,5,B,5.1921619421433161e-02,5.8432351408020449e-03,2.3246182706909455e-13,1.8993695505287178e-12,3.2701433717812358e-15,2.6719271824265734e-14,3.9479937030222040e+01,3.8487506764706790e-05,1.2566425662209999e+01,1.2566651628943553e+01,5.6898930012039273e-16,1.4142179730249707e+00,1.3820936892461101e-16,8.4620788499558700e-11,1.0000392548219479e+00,1.0000378115360005e+00,5.2736500737671273e-03,2.9421133910570183e+00,1.0000074408964734e+00,1.0000076458415870e+00,7.6458210190179053e-06,1.0000040319475749e+00,1.0000046426661808e+00,2.4668453439999922e+00,9.7813908439999864e+00,1.7744074299999966e+00,0,0,0,0,0,coulomb,7.9591700899999296e-01,22,108,9.7787309000000278e-01,5.3921008709999825e+00,1.3369420722672762e-04,1.3820936892461101e-16,1.7833881782284525e-04,2.3406385686032546e-16,9.9960922009124205e-16,2.9684512737087290e-14
exp4_repeat,g_p3,A_pt,A,3,3,8,abc,0,0.0000000000000000e+00,2.9999999999999999e-01,1,100,0,1,10,A,1.1417838890311457e-01,1.2849583310250828e-02,2.2599098743930074e-13,1.3358203432289883e-12,3.1791152077509417e-15,1.8791575788494639e-14,3.9488304399139281e+01,2.5043543743145892e-04,1.2567439970078812e+01,1.2568495721710848e+01,7.6327832942979512e-16,1.4142756396928078e+00,4.5511756355059996e-16,0.0000000000000000e+00,1.0002512029152393e+00,1.0002512029152393e+00,1.2760561864214984e-02,8.4798218892911894e+00,1.0000881571990592e+00,1.0000881571990592e+00,8.8157097430909210e-05,1.0000454192201944e+00,1.0000454192201944e+00,2.4668453439999922e+00,1.9171809521000029e+01,1.9566827870000338e+00,0,0,0,0,0,coulomb,9.2181450699999345e-01,21,215,1.0342513010000118e+00,1.0583307292999947e+01,7.2671395221164084e-04,4.5511756355059996e-16,1.0359881066690411e-03,1.1311433616087462e-15,9.5161901448618299e-16,-8.4800405337692259e-15
exp4_repeat,g_p3,A_pt,A,3,3,8,abc,0,0.0000000000000000e+00,2.9999999999999999e-01,1,100,0,1,15,B,1.5675803934190985e-01,1.7641477563540026e-02,2.3032543259803861e-13,1.5205614545266144e-12,3.2400897655306184e-15,2.1390410737967237e-14,3.9498785658811052e+01,5.1592884643308630e-04,1.2568937494833511e+01,1.2570940131497810e+01,8.7430063189231078e-16,1.4143630054385001e+00,1.6374595497203820e-16,5.8627516501956560e-11,1.0005166965279502e+00,1.0005152525529448e+00,1.7440662513002695e-02,8.8826182974041306e+00,1.0002073267973108e+00,1.0002075317833898e+00,2.0753122511274615e-04,1.0001065854443194e+00,1.0001071962255563e+00,2.4668453439999922e+00,2.7733441686999953e+01,1.7105644979998829e+00,0,0,0,0,0,coulomb,7.5559756099994502e-01,22,323,9.5432976299997563e-01,1.5448808141000015e+01,2.4844544843679353e-04,1.6374595497203820e-16,3.3308707230709963e-04,3.1220967648593026e-16,9.9999630142358919e-16,-5.9348769730565990e-15
exp4_repeat,g_p3,A_pt,A,3,3,8,abc,0,0.0000000000000000e+00,2.9999999999999999e-01,1,100,0,1,20,A,2.3939464756962511e-01,2.6941363400951990e-02,2.2621563882000040e-13,1.4104273304837989e-12,3.1822754781179906e-15,1.9841105287320137e-14,3.9521473845590023e+01,1.0906273312190427e-03,1.2570940979683849e+01,1.2575587191818405e+01,2.9837243786801082e-16,1.4144796668594155e+00,4.7530139117637413e-16,0.0000000000000000e+00,1.0010913954536940e+00,1.0010913954536940e+00,2.6898736391853511e-02,1.7779406349502988e+01,1.0003667595438943e+00,1.0003667595438943e+00,3.6675912109096845e-04,1.0001896884330947e+00,1.0001896884330947e+00,2.4668453439999922e+00,3.6973173093999975e+01,1.9913896710000358e+00,0,0,0,0,0,coulomb,9.2924097500002745e-01,21,430,1.0494733200000042e+00,2.0515428857999993e+01,8.0294362440790459e-04,4.7530139117637413e-16,1.1317252839455000e-03,1.1705776313247276e-15,9.6010904099853393e-16,1.1159089297635962e-14
exp4_repeat,g_p3,A_pt,A,3,3,8,abc,0,0.0000000000000000e+00,2.9999999999999999e-01,1,100,0,1,25,B,3.1718320327898175e-01,3.5695651640380729e-02,2.3057832143526581e-13,1.6182610806936282e-12,3.2436472646920191e-15,2.2764794605476812e-14,3.9549497447786393e+01,1.8004734673336049e-03,1.2572961471498434e+01,1.2581123821246267e+01,9.1593399531575415e-16,1.4146009784177362e+00,2.0022249291114079e-16,1.1068056893561844e-10,1.0018012421344633e+00,1.0017997963055643e+00,3.5591613622457996e-02,1.7973032432039929e+01,1.0005275456658329e+00,1.0005277507175385e+00,5.2774929784700150e-04,1.0002748579053331e+00,1.0002754687893367e+00,2.4668453439999922e+00,4.6712618024000079e+01,1.9625309540000444e+00,0,0,0,0,0,coulomb,8.6658924300002127e-01,22,538,1.0952635250000071e+00,2.5816635909999988e+01,4.4660516818518202e-04,2.0022249291114079e-16,5.8744374254363183e-04,4.1823427595989025e-16,9.9921642626449724e-16,5.3653035459482400e-15
exp4_repeat,g_p3,A_pt,A,3,3,8,abc,0,0.0000000000000000e+00,2.9999999999999999e-01,1,100,0,1,30,A,4.4975601635235529e-01,5.0615334976481505e-02,2.2095448325692305e-13,1.3997691894473974e-12,3.1082644750667512e-15,1.9691172501773637e-14,3.9608872953307447e+01,3.3044725920224338e-03,1.2575657043716076e+01,1.2592026568270585e+01,6.9388939039072284e-16,1.4147652729669669e+00,5.1008014433620547e-16,0.0000000000000000e+00,1.0033052424131492e+00,1.0033052424131492e+00,5.0592663763199965e-02,3.3402563733328989e+01,1.0007420531437405e+00,1.0007420531437405e+00,7.4205228829580833e-04,1.0003916427562423e+00,1.0003916427562423e+00,2.4668453439999922e+00,5.6184129180000042e+01,1.8743748689999506e+00,0,0,0,0,0,coulomb,8.8095420399997693e-01,21,645,9.9280048800000031e-01,3.0752478372999960e+01,1.0042685229701427e-03,5.1008014433620547e-16,1.3833711677756265e-03,1.2546369491777683e-15,9.6180229728093900e-16,2.9342526165257875e-14
exp4_repeat,g_p3,A_pt,A,3,3,8,abc,0,0.0000000000000000e+00,2.9999999999999999e-01,1,100,0,1,35,B,6.0548264978707322e-01,6.8140738594168207e-02,2.3171621695330301e-13,1.7053025658242404e-12,3.2596545443946901e-15,2.3989245687439893e-14,3.9698968944190284e+01,5.5866307014420117e-03,1.2578144688216470e+01,1.2607786828028626e+01,3.4694469519536142e-16,1.4149276894522702e+00,2.6994078057570523e-16,1.7076404945773176e-11,1.0055874022736360e+00,1.0055859509804395e+00,6.8082781292324285e-02,3.4309380790535904e+01,1.0009400142090084e+00,1.0009402193452468e+00,9.4021681598186336e-04,1.0005058777042946e+00,1.0005064887293855e+00,2.4668453439999922e+00,6.5984975455000182e+01,2.1503151240000307e+00,0,0,0,0,0,coulomb,8.8036394000005203e-01,22,753,1.2693310359999828e+00,3.6128754112999999e+01,8.3490754607538247e-04,2.6994078057570523e-16,1.0787339556739238e-03,6.0579480518270842e-16,9.9870218655274158e-16,1.6907225638431885e-14
exp4_repeat,g_p3,A_pt,A,3,3,8,abc,0,0.0000000000000000e+00,2.9999999999999999e-01,1,100,0,1,40,A,8.5649960033163275e-01,9.6390070620077206e-02,2.2652409657309866e-13,1.5218937221561646e-12,3.1866146898048582e-15,2.1409152336160612e-14,3.9894120681785672e+01,1.0529881962197927e-02,1.2581760731401660e+01,1.2640950006510961e+01,1.9428902930940239e-16,1.4151753893787211e+00,5.9381204869233733e-16,0.0000000000000000e+00,1.0105306573272776e+00,1.0105306573272776e+00,9.6378481744262987e-02,6.3610672114355040e+01,1.0012277706633093e+00,1.0012277706633093e+00,1.2277692479255046e-03,1.0006816392939828e+00,1.0006816392939828e+00,2.4668453439999922e+00,7.5766750738000297e+01,1.9029549750000569e+00,0,0,0,0,0,coulomb,8.9594490100000712e-01,21,860,1.0063691999999946e+00,4.1326330718999984e+01,1.5345778027525355e-03,5.9381204869233733e-16,2.0634630661285625e-03,1.4431541009650000e-15,9.5450606599907116e-16,3.9206112105979642e-14
exp4_repeat,g_p3,A_pt,A,3,3,8,abc,0,0.0000000000000000e+00,2.9999999999999999e-01,1,100,0,1,45,B,1.2039915243251937e+00,1.3549665173310582e-01,2.2920234323723169e-13,1.5347723092418164e-12,3.2242907705925415e-15,2.1590321118695904e-14,4.0263518791579173e+01,1.9886845392077867e-02,1.2585176650453100e+01,1.2701841898906835e+01,7.2164496600635175e-16,1.4154542651882467e+00,4.2197044252344845e-16,1.0119252487070632e-11,1.0198876279366214e+00,1.0198861560049204e+00,1.3546508424680945e-01,6.8223595987725631e+01,1.0014996016963142e+00,1.0014998069472365e+00,1.4998029126364520e-03,1.0008782233180162e+00,1.0008788345705046e+00,2.4668453439999922e+00,8.5266585181000352e+01,1.8679747600000383e+00,0,0,0,0,0,coulomb,8.4520253400000911e-01,22,968,1.0221730490000027e+00,4.6553235880999964e+01,1.6667841728883988e-03,4.2197044252344845e-16,2.1346194790563648e-03,9.9962590828228139e-16,9.7721659782702264e-16,3.3564003831119247e-15
exp4_repeat,g_p3,A_pt,A,3,3,8,abc,0,0.0000000000000000e+00,2.9999999999999999e-01,1,100,0,1,50,A,1.7540485411083695e+00,1.9739981511143131e-01,2.2709969216286062e-13,1.6768808563938364e-12,3.1947118476325265e-15,2.3589424925982629e-14,4.1095249761533985e+01,4.0954836979030670e-02,1.2590361461585134e+01,1.2836794229830613e+01,8.8817841970012523e-16,1.4159429963027337e+00,7.7707876781729349e-16,0.0000000000000000e+00,1.0409556356887417e+00,1.0409556356887417e+00,1.9739480232948636e-01,1.3027000430345268e+02,1.0019121971193126e+00,1.0019121971193126e+00,1.9121949149167501e-03,1.0012244201823584e+00,1.0012244201823584e+00,2.4668453439999922e+00,9.5381002598000379e+01,1.8727720289998615e+00,0,0,0,0,0,coulomb,8.8946701099996517e-01,21,1075,9.8265274099992439e-01,5.1994089233999929e+01,2.8756524764753503e-03,7.7707876781729349e-16,3.8469980070759183e-03,1.8445191400989019e-15,9.3444311236531392e-16,-1.2454116633336997e-15
exp4_repeat,g_p3,A_pt,A,3,3,8,abc,0,0.0000000000000000e+00,2.9999999999999999e-01,1,100,0,1,55,B,2.6275640297707823e+00,2.9570484596877145e-01,2.2701828087452237e-13,1.4779288903810084e-12,3.1935665990198563e-15,2.0790679595781238e-14,4.3030303639347665e+01,8.9970324306975089e-02,1.2595705487486777e+01,1.3142458530882807e+01,9.4368957093138306e-16,1.4166886424145362e+00,2.5374366687836119e-15,2.8507703290432308e-11,1.0899711606255664e+00,1.0899695875472581e+00,2.9568959848118914e-01,1.4888964180992369e+02,1.0023374624898831e+00,1.0023376679125195e+00,2.3376616240068284e-03,1.0017510606222921e+00,1.0017516724078366e+00,2.4668453439999922e+00,1.0605481020900041e+02,2.1759480529999564e+00,0,0,0,0,0,coulomb,1.1658203470000217e+00,21,1182,9.9742611599992870e-01,5.7711015681999797e+01,3.6477735448494867e-03,2.5374366687836119e-15,4.6782841486295353e-03,6.0528107664394050e-15,9.5225034560040379e-16,-6.8931704979911048e-15
exp4_repeat,g_p3,A_pt,A,3,3,8,abc,0,0.0000000000000000e+00,2.9999999999999999e-01,1,100,0,1,60,A,4.0229046868081957e+00,4.5273584098479380e-01,2.2589332235574825e-13,1.4144241333724494e-12,3.1777413098096739e-15,1.9897330081900073e-14,4.7704955328342386e+01,2.0838063486812475e-01,1.2602556761826319e+01,1.3852787969143115e+01,3.8857805861880479e-16,1.4182096703482978e+00,4.0904885675476525e-15,0.0000000000000000e+00,1.2083815620412484e+00,1.2083815620412484e+00,4.5273466689496283e-01,2.9877383583223514e+02,1.0028826712471965e+00,1.0028826712471965e+00,2.8826679240304990e-03,1.0028272032131289e+00,1.0028272032131289e+00,2.4668453439999922e+00,1.1556027419900036e+02,1.7911514759998681e+00,0,0,0,0,0,coulomb,9.1305446699993809e-01,20,1285,8.6535738199995649e-01,6.2658815993999823e+01,6.3451117900218089e-03,4.0904885675476525e-15,8.5852332545188811e-03,1.0012806529381551e-14,8.7412428522836962e-16,1.8336357059320835e-14
exp4_repeat,g_p3,A_pt,A,3,3,8,abc,0,0.0000000000000000e+00,2.9999999999999999e-01,1,100,0,1,65,B,6.5306382452347966e+00,7.3495502088806874e-01,2.3192021478133430e-13,1.4637180356658064e-12,3.2625242720983961e-15,2.0590769215052574e-14,6.0988710319013109e+01,5.4486207958551702e-01,1.2608368056080280e+01,1.5699528777230565e+01,7.0776717819853729e-16,1.4215000997499243e+00,5.0777135632577750e-15,5.5782128766654916e-11,1.5448632649360254e+00,1.5448610353441068e+00,7.3495068926744256e-01,3.7005544987918739e+02,1.0033451207655728e+00,1.0033453263947223e+00,3.3453173955281432e-03,1.0051532778382424e+00,1.0051538917015759e+00,2.4668453439999922e+00,1.2533735896100009e+02,1.8454386729999896e+00,0,0,0,0,0,coulomb,8.9401029999999082e-01,21,1388,9.5064826600003016e-01,6.7688749259999881e+01,9.0507018276358500e-03,5.0777135632577750e-15,1.1673717917491893e-02,1.2033363345884635e-14,8.0889071583606623e-16,-1.7310333384718812e-14
exp4_repeat,g_p3,A_pt,A,3,3,8,abc,0,0.0000000000000000e+00,2.9999999999999999e-01,1,100,0,1,70,A,1.0628036495866690e+01,1.1960743332427599e+00,2.3401084318236347e-13,2.5011104298755527e-12,3.2919340667932188e-15,3.5184227008245279e-14,9.6224093300567731e+01,1.4373847570310667e+00,1.2604642374166822e+01,1.9832400142302976e+01,5.9674487573602164e-16,1.4296125916474582e+00,6.6313306984998811e-15,0.0000000000000000e+00,2.4373866272014202e+00,2.4373866272014202e+00,1.1960753756040183e+00,7.8932499734525129e+02,1.0030486395117924e+00,1.0030486395117924e+00,3.0486359972967223e-03,1.0108902984761081e+00,1.0108902984761081e+00,2.4668453439999922e+00,1.3410832763499985e+02,1.7916231329999164e+00,0,0,0,0,0,coulomb,8.6340900599998349e-01,20,1490,9.2719175599995651e-01,7.2659117840999770e+01,1.6263948373083762e-02,6.6313306984998811e-15,2.2203919752834273e-02,1.6319341582346888e-14,6.2537332384394203e-16,-1.2267848958659400e-14
exp4_repeat,g_p3,A_pt,A,3,3,8,abc,0,0.0000000000000000e+00,2.9999999999999999e-01,1,100,0,1,75,B,1.8717674893125714e+01,2.1064785133506803e+00,2.6360520465415492e-13,5.5244697705347789e-12,3.7082510433448539e-15,7.7715160508268821e-14,2.1506229433317981e+02,4.4475915546686524e+00,1.2573714035805757e+01,3.0123768810760918e+01,3.3306690738754696e-16,1.4524867212718813e+00,1.1774907076287750e-14,4.1952236086895833e-11,5.4475957345274919e+00,5.4475878723977482e+00,2.1064828605940997e+00,1.0606279728205914e+03,1.0005874330138589e+00,1.0005876380778380e+00,5.8763649704479854e-04,1.0270641480502161e+00,1.0270647752948714e+00,2.4668453439999922e+00,1.4346304330899994e+02,1.8150261999999202e+00,0,0,0,0,0,coulomb,8.1891197400000237e-01,21,1593,9.9549113399996259e-01,7.7605675645999881e+01,2.5874975269243292e-02,1.1774907076287750e-14,3.2952264718928446e-02,2.7647195257777837e-14,4.5276880900340626e-16,-2.1217171631629061e-15
exp4_repeat,g_p3,A_pt,A,3,3,8,abc,0,0.0000000000000000e+00,2.9999999999999999e-01,1,100,0,1,80,A,3.2163146061232396e+01,3.6196256472340003e+00,3.2401079264750401e-13,1.0913936421275139e-11,4.5580031754929360e-15,1.5353117239961577e-13,5.5734948428038399e+02,1.3117827362433760e+01,1.2434415543499391e+01,5.0674126797180065e+01,9.1593399531575415e-16,1.5177752763406347e+00,1.7540161940610357e-14,0.0000000000000000e+00,1.4117838194840136e+01,1.4117838194840136e+01,3.6196284584135916e+00,2.3886985323460667e+03,9.8950237728230495e-01,9.8950237728230495e-01,-1.0497610615953249e-02,1.0732308256683292e+00,1.0732308256683292e+00,2.4668453439999922e+00,1.5320029698300021e+02,1.8850302260000262e+00,0,0,0,0,0,coulomb,9.9256850000006125e-01,20,1695,8.9180676099999800e-01,8.2630346545000052e+01,4.7980456158350636e-02,1.7540161940610357e-14,6.2331974643003704e-02,4.2590637262869876e-14,3.0164506576660165e-16,-2.9038669312399609e-15
exp4_repeat,g_p3,A_pt,A,3,3,8,abc,0,0.0000000000000000e+00,2.9999999999999999e-01,1,100,0,1,85,B,6.0178855808542814e+01,6.7725007215121744e+00,4.5068719672987617e-13,2.1479706902027829e-11,6.3400161984221598e-15,3.0216454047137831e-13,1.8512724365670933e+03,4.5893278629353148e+01,1.2015583074477977e+01,1.0457460218559697e+02,4.4408920985006262e-16,1.7186049400214858e+00,3.2565104730096225e-14,8.7260338895024628e-11,4.6893314609893025e+01,4.6893246932087706e+01,6.7725162890682613e+00,3.4100056875289993e+03,9.5617264639709498e-01,9.5617284235854838e-01,-4.3827039742909753e-02,1.2152383169550913e+00,1.2152390591207496e+00,2.4668453439999922e+00,1.6143447378700029e+02,1.6511071370000536e+00,0,0,0,0,0,coulomb,7.1754626200004168e-01,21,1798,9.2069841199997882e-01,8.7223392158999999e+01,8.3023951977837920e-02,3.2565104730096225e-14,8.9577435872582711e-02,6.6025955574505120e-14,2.1983166494071948e-16,9.6433827364106592e-16
exp4_repeat,g_p3,A_pt,A,3,3,8,abc,0,0.0000000000000000e+00,2.9999999999999999e-01,1,100,0,1,90,A,1.0709784148859733e+02,1.2052741764674083e+01,8.0839074514573084e-13,3.6379788070917130e-11,1.1371990276329848e-14,5.1177057466538593e-13,5.7761992776835514e+03,1.4531283694222847e+02,1.0732628852106858e+01,2.4178092666979344e+02,1.1657341758564144e-15,2.2494997849590050e+00,5.1856819703111716e-14,0.0000000000000000e+00,1.4631294920596901e+02,1.4631294920596901e+02,1.2052748113157273e+01,7.9539624728937870e+03,8.5407808083110259e-01,8.5407808083110259e-01,-1.4592175094896459e-01,1.5906389761289372e+00,1.5906389761289372e+00,2.4668453439999922e+00,1.6986071731900034e+02,1.7344984490000570e+00,0,0,0,0,0,coulomb,7.6574468100000104e-01,20,1900,9.6812296300004164e-01,9.1811167754000039e+01,1.5710689108202672e-01,5.1856819703111716e-14,1.3737706136321454e-01,8.8864977500871688e-14,1.8843405589295120e-16,-5.6035291273157839e-16
exp4_repeat,g_p3,A_pt,A,3,3,8,abc,0,0.0000000000000000e+00,2.9999999999999999e-01,1,100,0,1,95,B,2.0746831394667791e+02,2.3348388516475076e+01,1.2946463728369825e-12,4.4110493035987020e-11,1.8212363329980633e-14,6.2052182178177851e-13,2.1564009533217231e+04,5.4522274249505642e+02,7.1207626962244275e+00,7.4020359735524482e+02,5.1347814888913490e-16,3.5642769004060031e+00,1.0997386488808761e-13,1.0664100554321089e-10,5.4622316160392973e+02,5.4622237327866196e+02,2.3348431846051898e+01,1.1756091421728121e+04,5.6665402497834516e-01,5.6665414111045442e-01,-4.3334469315469937e-01,2.5203266677198948e+00,2.5203282069240776e+00,2.4668453439999922e+00,1.7883058918200101e+02,1.8280695750004270e+00,0,0,0,0,0,coulomb,8.8097844500020983e-01,21,2003,9.4644241900004999e-01,9.6340717752000032e+01,2.8565122179349606e-01,1.0997386488808761e-13,1.4801421225688577e-01,1.0884466356189769e-13,1.6023057533661966e-16,-4.9841157897702032e-17
exp4_repeat,g_p3,A_pt,A,3,3,8,abc,0,0.0000000000000000e+00,2.9999999999999999e-01,1,100,0,1,100,A,3.7606377446173536e+02,4.2322044007941251e+01,2.5845901113319701e-12,8.7311491370201111e-11,3.6358572622039209e-14,1.2282493791969262e-12,7.0756704137650770e+04,1.7912882534643686e+03,-2.8779466162414162e+00,2.3355890910159192e+03,3.8857805861880479e-16,6.2086566419924845e+00,1.6395490312147716e-13,0.0000000000000000e+00,1.7922896286614305e+03,1.7922896286614305e+03,4.2322062065323593e+01,2.7929574563852508e+04,-2.2902041583701285e-01,-2.2902041583701285e-01,-1.2290189990126392e+00,4.3901899036345213e+00,4.3901899036345213e+00,2.4668453439999922e+00,1.8802476620900057e+02,1.9325654750000467e+00,0,0,0,0,0,coulomb,9.2720388900011130e-01,20,2105,1.0047835440000199e+00,1.0107879494799998e+02,5.4650735560345853e-01,1.6395490312147716e-13,1.7240462657815975e-01,1.0261690178136282e-13,1.7351092972675344e-16,-6.3866916794494948e-17
exp4_repeat,g_p3,A_int,A,3,3,8,abc,0,0.0000000000000000e+00,2.9999999999999999e-01,1,100,5,1,0,A,1.3464715461453933e-02,1.5153128777949955e-03,2.2709910013873703e-13,1.7674750552032492e-12,3.1947035193672450e-15,2.4863853603127879e-14,3.9478387313157270e+01,-7.6728506357789540e-07,1.2566332157433365e+01,1.2566346644016324e+01,7.4940054162198066e-16,1.4142114073134975e+00,2.7932756189736299e-15,0.0000000000000000e+00,1.0000000000000000e+00,1.0000000000000000e+00,0.0000000000000000e+00,1.0000000000000000e+00,1.0000000000000000e+00,1.0000000000000000e+00,0.0000000000000000e+00,1.0000000000000000e+00,1.0000000000000000e+00,1.2520112689999905e+01,0.0000000000000000e+00,0.0000000000000000e+00,0,0,0,0,0,coulomb,0.0000000000000000e+00,0,0,0.0000000000000000e+00,0.0000000000000000e+00,nan,nan,nan,nan,nan,nan
exp4_repeat,g_p3,A_int,A,3,3,8,abc,0,0.0000000000000000e+00,2.9999999999999999e-01,1,100,5,1,1,B,1.9360987416905201e-02,2.1788766085440408e-03,2.3025894487067849e-13,1.4552803406786552e-12,3.2391544532530164e-15,2.0472072426494928e-14,3.9478284089699372e+01,-3.3819657970630251e-06,1.2566268876394323e+01,1.2566307389980178e+01,4.9960036108132044e-16,1.4142088385355793e+00,1.2304716561379457e-16,4.7082819927200939e-11,9.9999738531726035e-01,9.9999594209174014e-01,0.0000000000000000e+00,1.0970809650796314e+00,9.9999496423950529e-01,9.9999516918206177e-01,-4.8308049429360831e-06,9.9999757288228563e-01,9.9999818359694681e-01,1.2520112689999905e+01,4.5892281899998579e+00,4.5892281899998579e+00,0,0,0,0,0,coulomb,3.6211685539999507e+00,22,22,9.6739396699990721e-01,9.6739396699990721e-01,6.5924745127722762e-05,1.2304716561379457e-16,9.2536784658269982e-05,1.7305744759372204e-16,9.9555235685055127e-16,-3.1240271914695803e-14
exp4_repeat,g_p3,A_int,A,3,3,8,abc,0,0.0000000000000000e+00,2.9999999999999999e-01,1,100,5,1,2,A,2.2672593261103151e-02,2.5515632053206296e-03,2.2524307687415056e-13,1.4444001550373287e-12,3.1685940189254576e-15,2.0319016041249605e-14,3.9478105607932406e+01,-7.9029617689529389e-06,1.2566190200616528e+01,1.2566230817908798e+01,4.1633363423443370e-16,1.4142034179537570e+00,2.0338109194449252e-16,0.0000000000000000e+00,9.9999286431781953e-01,9.9999286431781953e-01,2.0570000214426374e-03,1.6838523863359043e+00,9.9998870340087642e-01,9.9998870340087642e-01,-1.1296586100797412e-05,9.9999435066094144e-01,9.9999435066094144e-01,1.2520112689999905e+01,9.4727949739997257e+00,4.8835667839998678e+00,0,0,0,0,0,coulomb,3.8814287299999251e+00,21,43,1.0014532400000462e+00,1.9688472069999534e+00,5.7594950325801737e-04,2.0338109194449252e-16,7.7493644729450259e-04,4.5860189146761966e-16,9.5917682165798162e-16,-1.0884682729926653e-14
exp4_repeat,g_p3,A_int,A,3,3,8,abc,0,0.0000000000000000e+00,2.9999999999999999e-01,1,100,5,1,5,B,3.0463622601207833e-02,3.4283620596400038e-03,2.3263408008309329e-13,1.7905676941154525e-12,3.2725665311407718e-15,2.5188707971811886e-14,3.9478659742560012e+01,6.1334323226115372e-06,1.2566300580965336e+01,1.2566383621866022e+01,8.8817841970012523e-16,1.4142106892558002e+00,1.2482341449613369e-16,1.4973692823281383e-11,1.0000069007226811e+00,1.0000054574834281e+00,2.3357742518133129e-03,1.7262064048434271e+00,9.9999748721682402e-01,9.9999769215989764e-01,-2.3078338941373897e-06,9.9999888154029892e-01,9.9999949225575924e-01,1.2520112689999905e+01,2.5237493168999208e+01,4.5451405269998304e+00,0,0,0,0,0,coulomb,3.5762427090000983e+00,22,108,9.6821420699984628e-01,4.9732549409995954e+00,6.3354874451182434e-05,1.2482341449613369e-16,8.7294132175821918e-05,1.7412187959082775e-16,1.0004661011182099e-15,2.0920960169645770e-14
exp4_repeat,g_p3,A_int,A,3,3,8,abc,0,0.0000000000000000e+00,2.9999999999999999e-01,1,100,5,1,10,A,4.8990340893430975e-02,5.5133504050568849e-03,2.2641091522947932e-13,1.3642420526593924e-12,3.1850225177682164e-15,1.9191396549951972e-14,3.9481193862573505e+01,7.0323442137328022e-05,1.2566871686516313e+01,1.2567065819922497e+01,2.7061686225238191e-16,1.4142420741759434e+00,2.0651145351064307e-16,0.0000000000000000e+00,1.0000710907817478e+00,1.0000710907817478e+00,5.3031339541840328e-03,3.6384237775895008e+00,1.0000429344916391e+00,1.0000429344916391e+00,4.2934442143920217e-05,1.0000216847794376e+00,1.0000216847794376e+00,1.2520112689999905e+01,5.0673623798999188e+01,5.0663619780002591e+00,0,0,0,0,0,coulomb,3.7796280040001875e+00,21,215,1.2861151839999820e+00,1.0603325196999549e+01,5.7642864183567698e-04,2.0651145351064307e-16,7.7723309407820833e-04,4.7882618456934213e-16,9.4855288429710134e-16,1.8375516025835200e-14
exp4_repeat,g_p3,A_int,A,3,3,8,abc,0,0.0000000000000000e+00,2.9999999999999999e-01,1,100,5,1,15,B,5.9335226898557067e-02,6.6775591124569236e-03,2.3312228362634472e-13,1.9184653865522705e-12,3.2794343063844431e-15,2.6987901398369878e-14,3.9484865981014671e+01,1.6333928887077954e-04,1.2567860849636505e+01,1.2568156193246926e+01,4.3715031594615539e-16,1.4142990100178783e+00,1.3099542309417597e-16,4.5659318378673088e-11,1.0001641066998510e+00,1.0001626632337137e+00,6.1325759053213139e-03,3.3622018643661318e+00,1.0001216498325833e+00,1.0001218548011033e+00,1.2185447330421201e-04,1.0000613338071116e+00,1.0000619445607126e+00,1.2520112689999905e+01,7.8221332177999102e+01,5.4393461580000348e+00,0,0,0,0,0,coulomb,4.3720489139998335e+00,22,323,1.0666019100001449e+00,1.6301654868999549e+01,8.4423942267949974e-05,1.3099542309417597e-16,1.1475430888071012e-04,2.0668359356615469e-16,9.9871536746843711e-16,7.2082329993314209e-15
exp4_repeat,g_p3,A_int,A,3,3,8,abc,0,0.0000000000000000e+00,2.9999999999999999e-01,1,100,5,1,20,A,7.8209778425477619e-02,8.8016924499362860e-03,2.2243111002298744e-13,1.4814816040598089e-12,3.1290368371036588e-15,2.0840657190963467e-14,3.9489666380937308e+01,2.8493483940031383e-04,1.2568975087790488e+01,1.2569471917533688e+01,4.5102810375396984e-16,1.4143610955800290e+00,2.2013977705191791e-16,0.0000000000000000e+00,1.0002857023436791e+00,1.0002857023436791e+00,8.6709671054769361e-03,5.8084984156830046e+00,1.0002103183589302e+00,1.0002103183589302e+00,2.1031811647350852e-04,1.0001058457496224e+00,1.0001058457496224e+00,1.2520112689999905e+01,1.0507724664699913e+02,5.1145056719999502e+00,0,0,0,0,0,coulomb,4.1795221259999380e+00,21,430,9.3433024000000842e-01,2.1566966965999654e+01,5.8134819685825851e-04,2.2013977705191791e-16,7.8527998347815054e-04,5.1593947467846577e-16,9.5321916270806255e-16,-1.1305845167378960e-15
exp4_repeat,g_p3,A_int,A,3,3,8,abc,0,0.0000000000000000e+00,2.9999999999999999e-01,1,100,5,1,25,B,8.8573474308809491e-02,9.9680180123680150e-03,2.3122912628705968e-13,1.4495071809506044e-12,3.2528024244842726e-15,2.0390858834323908e-14,3.9494623532703315e+01,4.1050096050694671e-04,1.2570277409229913e+01,1.2570924367374841e+01,6.2450045135165055e-16,1.4144357558097882e+00,1.3506843757075427e-16,1.8809586514298888e-11,1.0004112685611308e+00,1.0004098247382822e+00,9.5999358232384067e-03,5.0189729781197983e+00,1.0003139541233768e+00,1.0003141591313081e+00,3.1415828619509072e-04,1.0001580277721653e+00,1.0001586385848187e+00,1.2520112689999905e+01,1.3336385591499948e+02,5.6852822210000795e+00,0,0,0,0,0,coulomb,4.5247682770000210e+00,22,538,1.1598870049999732e+00,2.7340086124999516e+01,1.0888588686235702e-04,1.3506843757075427e-16,1.4634005968717356e-04,2.2104270525438762e-16,9.9754062890844421e-16,1.7945960821599971e-14
exp4_repeat,g_p3,A_int,A,3,3,8,abc,0,0.0000000000000000e+00,2.9999999999999999e-01,1,100,5,1,30,A,1.0734423834732498e-01,1.2080471153694379e-02,2.2541980240222100e-13,1.6300294447546548e-12,3.1710800951192590e-15,2.2930345389517810e-14,3.9500580913546635e+01,5.6140318012028894e-04,1.2571589370405681e+01,1.2572524080111489e+01,5.6898930012039273e-16,1.4145090713411708e+00,2.3214970426679046e-16,0.0000000000000000e+00,1.0005621708965291e+00,1.0005621708965291e+00,1.1985050822311038e-02,7.9722619207679752e+00,1.0004183569960154e+00,1.0004183569960154e+00,4.1835651373018089e-04,1.0002104805732255e+00,1.0002104805732255e+00,1.2520112689999905e+01,1.5954326720199970e+02,5.4252260229998228e+00,0,0,0,0,0,coulomb,4.4794541559999743e+00,21,645,9.4511306399999739e-01,3.2333313619999899e+01,5.8745772684181546e-04,2.3214970426679046e-16,7.9451963179217081e-04,5.4607934462513410e-16,9.5308575312565470e-16,-1.2998565491032890e-14
exp4_repeat,g_p3,A_int,A,3,3,8,abc,0,0.0000000000000000e+00,2.9999999999999999e-01,1,100,5,1,35,B,1.1816442145173432e-01,1.3298169577782761e-02,2.2442063092971028e-13,1.4370726830748026e-12,3.1570243079420601e-15,2.0215937251186326e-14,3.9506337435131769e+01,7.0721757528740149e-04,1.2573034122351409e+01,1.2574176020253571e+01,3.5735303605122226e-16,1.4145918554556358e+00,1.4312309752734335e-16,1.7897465639520336e-11,1.0007079854035776e+00,1.0007065411524987e+00,1.3019044335301735e-02,6.6957296512239006e+00,1.0005333270547110e+00,1.0005335321076014e+00,5.3353067235763880e-04,1.0002684069910768e+00,1.0002690178711406e+00,1.2520112689999905e+01,1.8800065345199937e+02,5.8446846959998311e+00,0,0,0,0,0,coulomb,4.4422803699999349e+00,22,753,1.4017861820000235e+00,3.8698869912999953e+01,1.3297184881313809e-04,1.4312309752734335e-16,1.7763836382459345e-04,2.5121326334066150e-16,9.9779188635180432e-16,3.6165180364831106e-14
exp4_repeat,g_p3,A_int,A,3,3,8,abc,0,0.0000000000000000e+00,2.9999999999999999e-01,1,100,5,1,40,A,1.3702974718487124e-01,1.5421264648678023e-02,2.2454830442955048e-13,1.7422729925442582e-12,3.1588203475521791e-15,2.4509325037304386e-14,3.9513134210166903e+01,8.7938189816502677e-04,1.2574434430292976e+01,1.2575954412104755e+01,3.6082248300317588e-16,1.4146702375465292e+00,2.4096447371596820e-16,0.0000000000000000e+00,1.0008801498585544e+00,1.0008801498585544e+00,1.5346188635289457e-02,1.0176950829533135e+01,1.0006447603611066e+00,1.0006447603611066e+00,6.4475961782173470e-04,1.0003244424635942e+00,1.0003244424635942e+00,1.2520112689999905e+01,2.1711859733399888e+02,5.5272351229998549e+00,0,0,0,0,0,coulomb,4.5803214420000131e+00,21,860,9.4623961799993594e-01,4.5224345132000053e+01,5.9451318251004502e-04,2.4096447371596820e-16,8.0493613892404633e-04,5.6862314666390751e-16,9.5543838119900832e-16,3.6725055887382061e-15
exp4_repeat,g_p3,A_int,A,3,3,8,abc,0,0.0000000000000000e+00,2.9999999999999999e-01,1,100,5,1,45,B,1.4851988672651292e-01,1.6714359661710743e-02,2.3176421542148446e-13,1.4495071809506044e-12,3.2603297600830386e-15,2.0390858834323908e-14,3.9519565645757297e+01,1.0422920647995498e-03,1.2575961796826602e+01,1.2577756190194211e+01,5.8286708792820718e-16,1.4147577864467538e+00,1.5058172952591240e-16,1.0117296561074526e-10,1.0010430601501876e+00,1.0010416154155188e+00,1.6489587763266270e-02,8.4158073736037551e+00,1.0007663046999391e+00,1.0007665098005769e+00,7.6650773860452849e-04,1.0003857380272452e+00,1.0003863489789651e+00,1.2520112689999905e+01,2.4391508851699905e+02,4.8189292050001313e+00,0,0,0,0,0,coulomb,3.8568355679999513e+00,22,968,9.4929488900015713e-01,5.0248439045000396e+01,1.5654237321111543e-04,1.5058172952591240e-16,2.0866546982894018e-04,2.6890820200880323e-16,9.9350570863677739e-16,8.3325713790388647e-15
exp4_repeat,g_p3,A_int,A,3,3,8,abc,0,0.0000000000000000e+00,2.9999999999999999e-01,1,100,5,1,50,A,1.6768068484481258e-01,1.8870707058772997e-02,2.2655996395841345e-13,1.6169288130640780e-12,3.1871192521832457e-15,2.2746053007283570e-14,3.9527116942236646e+01,1.2335686391300130e-03,1.2577406865144303e+01,1.2579677900967376e+01,7.3552275381416621e-16,1.4148387768606308e+00,2.4765245517281772e-16,0.0000000000000000e+00,1.0012343368712819e+00,1.0012343368712819e+00,1.8809000396402192e-02,1.2453340386199759e+01,1.0008812999347934e+00,1.0008812999347934e+00,8.8129891882387840e-04,1.0004436179370984e+00,1.0004436179370984e+00,1.2520112689999905e+01,2.7018933920999916e+02,4.7370067820002077e+00,0,0,0,0,0,coulomb,3.9266175069999463e+00,21,1075,8.0968922400006704e-01,5.5027749299000334e+01,6.0239491173533775e-04,2.4765245517281772e-16,8.1653891441504987e-04,5.8996914782885911e-16,9.5503582196412816e-16,-3.5302101158790488e-15
exp4_repeat,g_p3,A_int,A,3,3,8,abc,0,0.0000000000000000e+00,2.9999999999999999e-01,1,100,5,1,55,B,1.7996543588091429e-01,2.0253227283489255e-02,2.2826951537116735e-13,1.5916157281026244e-12,3.2111682682802954e-15,2.2389962641610567e-14,3.9534225067860625e+01,1.4136195645550172e-03,1.2578994191309503e+01,1.2581618520333356e+01,4.7184478546569153e-16,1.4149298216366768e+00,1.5821008722573810e-16,9.6785646926171620e-12,1.0014143879348574e+00,1.0014129426642775e+00,2.0065412153183717e-02,1.0197654170510775e+01,1.0010076157241035e+00,1.0010078208741964e+00,1.0078181630781187e-03,1.0005073853877238e+00,1.0005079964137356e+00,1.2520112689999905e+01,2.9618362056399860e+02,5.1886346310000135e+00,0,0,0,0,0,coulomb,4.2398453819998849e+00,22,1183,9.4813170099996569e-01,5.9641611946000012e+01,1.7983585458687673e-04,1.5821008722573810e-16,2.3980274368992294e-04,2.9344611283623586e-16,9.9393744733073372e-16,2.2731053437851620e-14
exp4_repeat,g_p3,A_int,A,3,3,8,abc,0,0.0000000000000000e+00,2.9999999999999999e-01,1,100,5,1,60,A,1.9959144042132040e-01,2.2461928797076956e-02,2.2322744778666988e-13,1.7905676941154525e-12,3.1402392727570240e-15,2.5188707971811962e-14,3.9542548298649798e+01,1.6244494633768669e-03,1.2580466854884397e+01,1.2583677706677086e+01,5.6898930012039273e-16,1.4150124528326546e+00,2.5489250954475722e-16,0.0000000000000000e+00,1.0016252179954459e+00,1.0016252179954459e+00,2.2409729295969502e-02,1.4823294334937868e+01,1.0011248069264722e+00,1.0011248069264722e+00,1.1248056297860304e-03,1.0005664255817868e+00,1.0005664255817868e+00,1.2520112689999905e+01,3.2186356386599846e+02,5.6839265359999445e+00,0,0,0,0,0,coulomb,4.7103337629998805e+00,21,1290,9.7297411299996384e-01,6.3910925276999706e+01,6.1104411833918582e-04,2.5489250954475722e-16,8.2935146117936172e-04,6.0981898202515218e-16,9.6059489245481622e-16,2.5409433440790586e-15
exp4_repeat,g_p3,A_int,A,3,3,8,abc,0,0.0000000000000000e+00,2.9999999999999999e-01,1,100,5,1,65,B,2.1277151987042348e-01,2.3945208869111227e-02,2.2739029251573017e-13,1.8856027850233659e-12,3.1987998513695401e-15,2.6525608642934837e-14,3.9550397101599550e+01,1.8232619646379555e-03,1.2582107229281208e+01,1.2585763960784421e+01,3.8857805861880479e-16,1.4151066131093566e+00,1.7020616308187101e-16,1.8325696489928360e-12,1.0018240306492530e+00,1.0018225847874649e+00,2.3784282554176996e-02,1.2056595014213221e+01,1.0012553441728429e+00,1.0012555493737063e+00,1.2555459961784826e-03,1.0006323959510641e+00,1.0006330070534220e+00,1.2520112689999905e+01,3.4677253177699754e+02,4.6938746029998129e+00,0,0,0,0,0,coulomb,3.7323296089998621e+00,22,1398,9.6087253999985478e-01,6.8478742962999377e+01,2.0311288384679757e-04,1.7020616308187101e-16,2.7140907993641585e-04,3.2880382859344768e-16,9.8784091152796414e-16,-1.1714633509676174e-14
exp4_repeat,g_p3,A_int,A,3,3,8,abc,0,0.0000000000000000e+00,2.9999999999999999e-01,1,100,5,1,70,A,2.3301587102662424e-01,2.6223498826103996e-02,2.2660900484094593e-13,1.6697754290362354e-12,3.1878091319754759e-15,2.3489469735618298e-14,3.9559567686979534e+01,2.0555556059862227e-03,1.2583602635418885e+01,1.2587970203819069e+01,8.6042284408449632e-16,1.4151906154081537e+00,2.6187138289146315e-16,0.0000000000000000e+00,1.0020563244688367e+00,1.0020563244688367e+00,2.6178426634541365e-02,1.7305666183120589e+01,1.0013743451763928e+00,1.0013743451763928e+00,1.3743435920370009e-03,1.0006924057390516e+00,1.0006924057390516e+00,1.2520112689999905e+01,3.7135113928399733e+02,5.2932026699995731e+00,0,0,0,0,0,coulomb,4.3621714309997515e+00,21,1505,9.3035618199974124e-01,7.3343583450999176e+01,6.2045238655578084e-04,2.6187138289146315e-16,8.4343182234577607e-04,6.2868908544659588e-16,9.6068141224841392e-16,-2.0179499440304905e-14
exp4_repeat,g_p3,A_int,A,3,3,8,abc,0,0.0000000000000000e+00,2.9999999999999999e-01,1,100,5,1,75,B,2.4719474979153436e-01,2.7819183313211711e-02,2.2904795966548247e-13,1.6155965454345278e-12,3.2221189885832845e-15,2.2727311409090189e-14,3.9568261904293671e+01,2.2757827032642312e-03,1.2585296540683103e+01,1.2590219109288681e+01,8.0491169285323849e-16,1.4152879323264087e+00,1.8157461283087907e-16,1.7388887299057155e-11,1.0022765517350920e+00,1.0022751052202121e+00,2.7678765176709065e-02,1.4007170648079677e+01,1.0015091422868780e+00,1.0015093475397556e+00,1.5093434794906189e-03,1.0007606081160769e+00,1.0007612192967361e+00,1.2520112689999905e+01,3.9664786080099793e+02,5.1827707530005682e+00,0,0,0,0,0,coulomb,4.0980759130002298e+00,22,1613,1.0840810630002125e+00,7.8122464062998915e+01,2.2662569876532744e-04,1.8157461283087907e-16,3.0381326612882265e-04,3.6754379526661182e-16,9.9000770002193458e-16,1.6225375057411912e-14
exp4_repeat,g_p3,A_int,A,3,3,8,abc,0,0.0000000000000000e+00,2.9999999999999999e-01,1,100,5,1,80,A,2.6820670674801056e-01,3.0183859273500091e-02,2.2319928905771033e-13,1.4210854715202004e-12,3.1398431514582034e-15,1.9991038072866635e-14,3.9578396776704274e+01,2.5325020204408281e-03,1.2586816006675035e+01,1.2592591721818101e+01,4.8572257327350599e-16,1.4153733890129139e+00,2.6404883118619899e-16,0.0000000000000000e+00,1.0025332712492456e+00,1.0025332712492456e+00,3.0144336833609592e-02,1.9919225736022302e+01,1.0016300579186548e+00,1.0016300579186548e+00,1.6300560395111484e-03,1.0008216463913437e+00,1.0008216463913437e+00,1.2520112689999905e+01,4.2327728499199839e+02,5.4696287159999883e+00,0,0,0,0,0,coulomb,4.5825710869999057e+00,21,1720,8.7428641699989385e-01,8.2764481660999081e+01,6.3065607385094961e-04,2.6404883118619899e-16,8.5888129726167885e-04,6.3976368899676259e-16,9.5405543732748933e-16,5.6425435635573078e-16
exp4_repeat,g_p3,A_int,A,3,3,8,abc,0,0.0000000000000000e+00,2.9999999999999999e-01,1,100,5,1,85,B,2.8350311537808698e-01,3.1905310057033058e-02,2.2979288678806989e-13,1.7337242752546445e-12,3.2325982080022445e-15,2.4389066448897223e-14,3.9588076211715716e+01,2.7776849735279300e-03,1.2588567653054708e+01,1.2595027797547141e+01,5.9674487573602164e-16,1.4154741212241508e+00,1.9473825761419965e-16,1.0426106390304782e-10,1.0027784543904581e+00,1.0027770071512176e+00,3.1781090650613471e-02,1.6064566580447181e+01,1.0017694499351739e+00,1.0017696552413997e+00,1.7696504808863529e-03,1.0008922636684723e+00,1.0008928749295356e+00,1.2520112689999905e+01,4.4922125905299708e+02,5.2985977559997082e+00,0,0,0,0,0,coulomb,4.3985010369997326e+00,22,1828,8.9950419300021167e-01,8.7386575308998545e+01,2.5062457004860247e-04,1.9473825761419965e-16,3.3733656926498751e-04,4.0959597416373361e-16,1.0053954768450711e-15,2.0027161582911080e-14
exp4_repeat,g_p3,A_int,A,3,3,8,abc,0,0.0000000000000000e+00,2.9999999999999999e-01,1,100,5,1,90,A,3.0543812739954762e-01,3.4373866209286064e-02,2.2311880437554023e-13,1.5063505998114124e-12,3.1387109378244773e-15,2.1190500357238634e-14,3.9599329724580869e+01,3.0627397844358237e-03,1.2590115789823962e+01,1.2597593736967113e+01,7.3552275381416621e-16,1.4155613075218845e+00,2.6720531989591465e-16,0.0000000000000000e+00,1.0030635094200844e+00,1.0030635094200844e+00,3.4338790704367517e-02,2.2684335831227887e+01,1.0018926471218992e+00,1.0018926471218992e+00,1.8926449400408383e-03,1.0009545250458356e+00,1.0009545250458356e+00,1.2520112689999905e+01,4.7571552996299715e+02,5.0907940580000286e+00,0,0,0,0,0,coulomb,4.1398195850001684e+00,21,1935,9.5033461599996372e-01,9.2329706091999014e+01,6.4173273055448898e-04,2.6720531989591465e-16,8.7584826916231411e-04,6.4724648953860271e-16,9.5824430509266668e-16,2.4394310672539156e-14
exp4_repeat,g_p3,A_int,A,3,3,8,abc,0,0.0000000000000000e+00,2.9999999999999999e-01,1,100,5,1,95,B,3.2199454232338104e-01,3.6237117520910286e-02,2.3474639459222746e-13,1.4779288903810084e-12,3.3022813939130982e-15,2.0790679595781238e-14,3.9610171574768984e+01,3.3373670579189942e-03,1.2591931440827350e+01,1.2600248551484595e+01,1.0408340855860843e-15,1.4156658392306649e+00,2.1265263224649177e-16,2.5219632999393882e-12,1.0033381369042851e+00,1.0033366888572945e+00,3.6126045775308493e-02,1.8245664626281531e+01,1.0020371324801280e+00,1.0020373378412137e+00,2.0373323606129139e-03,1.0010278288947443e+00,1.0010284402385994e+00,1.2520112689999905e+01,5.0258406793299719e+02,5.1562721029999921e+00,0,0,0,0,0,coulomb,4.2634384120001414e+00,22,2043,8.8017394799999238e-01,9.7258948371998940e+01,2.7536558147010342e-04,2.1265263224649177e-16,3.7230854769916062e-04,4.5338876346458952e-16,9.9245859632925293e-16,-3.8064035914662154e-15
exp4_repeat,g_p3,A_int,A,3,3,8,abc,0,0.0000000000000000e+00,2.9999999999999999e-01,1,100,5,1,100,A,3.4502346137022311e-01,3.8828781466077031e-02,2.2394859185944149e-13,1.4073187060148484e-12,3.1503839254916534e-15,1.9797374891535741e-14,3.9622738670724445e+01,3.6556953172075337e-03,1.2593514801804654e+01,1.2603042251657955e+01,3.4694469519536142e-16,1.4157551475415948e+00,2.6932542949812740e-16,0.0000000000000000e+00,1.0036564654078224e+00,1.0036564654078224e+00,3.8797350326760231e-02,2.5624266799988298e+01,1.0021631327288456e+00,1.0021631327288456e+00,2.1631302351691898e-03,1.0010915908471067e+00,1.0010915908471067e+00,1.2520112689999905e+01,5.2823267849099693e+02,4.9292516730001807e+00,0,0,0,0,0,coulomb,4.0404315069999939e+00,21,2150,8.8815959700013991e-01,1.0211347047799882e+02,6.5379931769164420e-04,2.6932542949812740e-16,8.9453088198057618e-04,6.5653208404498355e-16,9.5764805803816155e-16,1.4517501219300608e-14
exp4_repeat,g_p3,A_l2,A,3,3,8,abc,0,0.0000000000000000e+00,2.9999999999999999e-01,1,100,0,1,0,A,1.3464715461453933e-02,1.5153128777949955e-03,2.2709910013873703e-13,1.7674750552032492e-12,3.1947035193672450e-15,2.4863853603127879e-14,3.9478387313157270e+01,-7.6728506357789540e-07,1.2566332157433365e+01,1.2566346644016324e+01,7.4940054162198066e-16,1.4142114073134975e+00,2.7932756189736299e-15,0.0000000000000000e+00,1.0000000000000000e+00,1.0000000000000000e+00,0.0000000000000000e+00,1.0000000000000000e+00,1.0000000000000000e+00,1.0000000000000000e+00,0.0000000000000000e+00,1.0000000000000000e+00,1.0000000000000000e+00,7.0468526519998704e+00,0.0000000000000000e+00,0.0000000000000000e+00,0,0,0,0,0,coulomb,0.0000000000000000e+00,0,0,0.0000000000000000e+00,0.0000000000000000e+00,nan,nan,nan,nan,nan,nan
exp4_repeat,g_p3,A_l2,A,3,3,8,abc,0,0.0000000000000000e+00,2.9999999999999999e-01,1,100,0,1,1,B,3.8915610017970968e-02,4.3795448315483120e-03,2.2884317656544282e-13,1.6484591469634324e-12,3.2192382141108013e-15,2.3189604164525230e-14,3.9478980420138264e+01,1.4256290271614283e-05,1.2566309552787038e+01,1.2566437744521831e+01,4.7184478546569153e-16,1.4142110365050957e+00,1.2064922904895944e-16,1.4968517360860723e-11,1.0000150235868626e+00,1.0000135803358863e+00,0.0000000000000000e+00,2.2051341739884567e+00,9.9999820117389515e-01,9.9999840611711499e-01,-1.5938785973203028e-06,9.9999912708285477e-01,9.9999973779846507e-01,7.0468526519998704e+00,5.9905541560001438e+00,5.9905541560001438e+00,34,0,34,0,0,coulomb,5.1403398440002093e+00,22,22,8.4955552499968690e-01,8.4955552499968690e-01,2.4193758657611630e-06,1.2064922904895944e-16,3.0851837569115608e-06,1.5755396232151812e-16,1.0029571972290408e-15,-1.1874007379216144e-14
exp4_repeat,g_p3,A_l2,A,3,3,8,abc,0,0.0000000000000000e+00,2.9999999999999999e-01,1,100,0,1,2,A,3.2136995332964727e-02,3.6166826563166533e-03,2.2343600530150371e-13,1.6555645743210334e-12,3.1431731435923692e-15,2.3289559354889631e-14,3.9478755242586459e+01,8.5524762519794159e-06,1.2566314872405284e+01,1.2566396449196924e+01,3.3306690738754696e-16,1.4142104223262433e+00,1.4740315564749115e-16,0.0000000000000000e+00,1.0000093197684665e+00,1.0000093197684665e+00,3.2864056006145460e-03,2.3867563651801480e+00,9.9999862449696031e-01,9.9999862449696031e-01,-1.3755014540426934e-06,9.9999930350777178e-01,9.9999930350777178e-01,7.0468526519998704e+00,1.1244854252999630e+01,5.2543000969994864e+00,15,0,49,0,0,coulomb,4.3884043899997778e+00,21,43,8.6530267299986008e-01,1.7148581979995470e+00,4.2746463630361723e-04,1.4740315564749115e-16,5.8457656785988537e-04,2.9012554872908001e-16,9.5294965163782404e-16,1.0036394646435702e-14
exp4_repeat,g_p3,A_l2,A,3,3,8,abc,0,0.0000000000000000e+00,2.9999999999999999e-01,1,100,0,1,5,B,6.6462998304403068e-02,7.4797152242720840e-03,2.3094053092170681e-13,1.5916157281026244e-12,3.2487426257937336e-15,2.2389962641610567e-14,3.9480306103701899e+01,4.7836247222299436e-05,1.2566273860055107e+01,1.2566629772995055e+01,8.7430063189231078e-16,1.4142089031477907e+00,1.1768521756277920e-16,2.3947720720951507e-11,1.0000486035695786e+00,1.0000471602701388e+00,4.1660953732910932e-03,3.7660935752798355e+00,9.9999536082784313e-01,9.9999556577048099e-01,-4.4342175906287554e-06,9.9999761857006020e-01,9.9999822928474924e-01,7.0468526519998704e+00,2.8736233702999471e+01,6.0381611569996494e+00,34,0,133,0,0,coulomb,5.1743407019998813e+00,22,108,8.6316301299984843e-01,4.3261545809991730e+00,2.1636900127168681e-05,1.1768521756277920e-16,2.7620029152359915e-05,1.5508459589954562e-16,9.8987614965854385e-16,4.5233622590902412e-15
exp4_repeat,g_p3,A_l2,A,3,3,8,abc,0,0.0000000000000000e+00,2.9999999999999999e-01,1,100,0,1,10,A,8.1981930306717438e-02,9.2262086856491569e-03,2.2469933273545185e-13,1.3096190798478347e-12,3.1609449295522504e-15,1.8422991024026160e-14,3.9481219158246908e+01,7.0964189029884431e-05,1.2566202219720914e+01,1.2566732526213752e+01,3.7470027081099033e-16,1.4142041137327241e+00,2.9051254841183929e-16,0.0000000000000000e+00,1.0000717315291321e+00,1.0000717315291321e+00,9.1052644549587166e-03,6.0886492953683966e+00,9.9998965985374066e-01,9.9998965985374066e-01,-1.0340134339119081e-05,9.9999484265171701e-01,9.9999484265171701e-01,7.0468526519998704e+00,5.8386941344000206e+01,5.7509864350004136e+00,16,0,249,0,0,coulomb,4.7770982400002140e+00,20,213,9.7317522800040024e-01,9.0464184510001360e+00,3.9170305753126721e-04,2.9051254841183929e-16,5.3621223492982017e-04,7.0846941660460467e-16,9.6246075812900665e-16,-8.0571719878964633e-15
exp4_repeat,g_p3,A_l2,A,3,3,8,abc,0,0.0000000000000000e+00,2.9999999999999999e-01,1,100,0,1,15,B,1.0592712872909556e-01,1.1920990289809962e-02,2.2758236274619329e-13,1.3073986337985843e-12,3.2015017882810087e-15,1.8391755027037249e-14,3.9483188756988859e+01,1.2085470798861856e-04,1.2566119646145173e+01,1.2567011768695901e+01,3.7470027081099033e-16,1.4142002637887483e+00,1.1942522544997989e-16,2.0786540198756946e-12,1.0001216220863709e+00,1.0001201786815488e+00,9.3562490510381551e-03,6.0023093921728519e+00,9.9998308883725739e-01,9.9998329377738016e-01,-1.6706177678814599e-05,9.9999150961511785e-01,9.9999212032607598e-01,7.0468526519998704e+00,8.8536615835000703e+01,6.1031880880000244e+00,34,0,383,0,0,coulomb,5.1636976670001786e+00,22,320,9.3889685800013467e-01,1.3619839029000559e+01,4.1233164434527433e-05,1.1942522544997989e-16,5.2202606955605126e-05,1.5917455761021858e-16,9.9318955204860487e-16,1.3852375825545410e-14
exp4_repeat,g_p3,A_l2,A,3,3,8,abc,0,0.0000000000000000e+00,2.9999999999999999e-01,1,100,0,1,20,A,1.1526975809557176e-01,1.2972405496615880e-02,2.2473251759280026e-13,1.4743761767022079e-12,3.1614117556228774e-15,2.0740702000599135e-14,3.9483958219533321e+01,1.4034542193193755e-04,1.2566037642447515e+01,1.2567089358015838e+01,5.7592819402429996e-16,1.4141952150228281e+00,1.3890580852548882e-16,0.0000000000000000e+00,1.0001411128152693e+00,1.0001411128152693e+00,1.2889337961472376e-02,8.5608759000930874e+00,9.9997656317036987e-01,9.9997656317036987e-01,-2.3436802611998365e-05,9.9998855030401701e-01,9.9998855030401701e-01,7.0468526519998704e+00,1.1928101586000139e+02,5.4642794290002712e+00,16,0,499,0,0,coulomb,4.4764721550000104e+00,21,427,9.7503437300019868e-01,1.8632303661000606e+01,3.7435169390203629e-04,1.3890580852548882e-16,5.1237737671094830e-04,2.6163163445078387e-16,9.6373555504927636e-16,3.6609619610856228e-14
exp4_repeat,g_p3,A_l2,A,3,3,8,abc,0,0.0000000000000000e+00,2.9999999999999999e-01,1,100,0,1,25,B,1.3195964704044383e-01,1.4850677913105672e-02,2.2558210406400826e-13,1.5099033134902129e-12,3.1733632644043506e-15,2.1240477952420737e-14,3.9485745046433308e+01,1.8560627604961722e-04,1.2565954727250052e+01,1.2567340328559435e+01,4.9960036108132044e-16,1.4141914582468071e+00,1.2060116286837728e-16,1.9917626939439010e-11,1.0001863737041150e+00,1.0001849302058412e+00,1.2634243292958655e-02,7.4774294207892611e+00,9.9996996496841051e-01,9.9997016990584353e-01,-2.9830013911177329e-05,9.9998528315101365e-01,9.9998589385816916e-01,7.0468526519998704e+00,1.4968502009800113e+02,6.3175294209995627e+00,34,0,633,0,0,coulomb,5.2661868759996651e+00,22,535,1.0506963609996092e+00,2.3561575299000197e+01,5.1136014695507648e-05,1.2060116286837728e-16,6.5017194967143346e-05,1.6114673573762716e-16,9.9245775958889300e-16,-2.4735738677464072e-14
exp4_repeat,g_p3,A_l2,A,3,3,8,abc,0,0.0000000000000000e+00,2.9999999999999999e-01,1,100,0,1,30,A,1.3939880178446903e-01,1.5687876962413642e-02,2.2560552945676382e-13,1.8545165403338615e-12,3.1736927997685825e-15,2.6088304685090959e-14,3.9486510724136444e+01,2.0500111884218206e-04,1.2565877443700137e+01,1.2567421617676404e+01,5.6898930012039273e-16,1.4141868942828801e+00,1.4099247387486297e-16,0.0000000000000000e+00,1.0002057685617889e+00,1.0002057685617889e+00,1.5621079241720993e-02,1.0352896218530013e+01,9.9996381492009512e-01,9.9996381492009512e-01,-3.6185038190474634e-05,9.9998266664340951e-01,9.9998266664340951e-01,7.0468526519998704e+00,1.7741601902400180e+02,5.4430692549999549e+00,16,0,749,0,0,coulomb,4.4956510469996829e+00,21,642,9.4673253800010571e-01,2.7915227048000361e+01,3.6451085594236448e-04,1.4099247387486297e-16,4.9855805239512575e-04,2.6989979752920540e-16,9.6175319659078980e-16,-1.9081729793990448e-14
exp4_repeat,g_p3,A_l2,A,3,3,8,abc,0,0.0000000000000000e+00,2.9999999999999999e-01,1,100,0,1,35,B,1.5316318272799109e-01,1.7236914055570478e-02,2.3160891490118020e-13,1.6484591469634324e-12,3.2581450789527635e-15,2.3189604164525230e-14,3.9488257603396349e+01,2.4925008741563058e-04,1.2565796493340644e+01,1.2567667967227580e+01,8.4654505627668186e-16,1.4141833341884220e+00,1.1882190388460879e-16,1.2376254752665150e-11,1.0002500175643139e+00,1.0002485739741875e+00,1.5241322812657027e-02,8.6789174902915089e+00,9.9995737307545185e-01,9.9995757801030427e-01,-4.2421875577168467e-05,9.9997953856899313e-01,9.9998014927264034e-01,7.0468526519998704e+00,1.9938074400700225e+02,6.1926686220003830e+00,34,0,883,0,0,coulomb,5.2719916740002191e+00,22,750,9.2006535400014400e-01,3.1656850701000167e+01,5.7982527069162120e-05,1.1882190388460879e-16,7.3994746107775616e-05,1.6151049798230482e-16,9.9570723760718496e-16,4.0141523656108638e-14
exp4_repeat,g_p3,A_l2,A,3,3,8,abc,0,0.0000000000000000e+00,2.9999999999999999e-01,1,100,0,1,40,A,1.5963419611801610e-01,1.7965158922709352e-02,2.2492205655894945e-13,1.5631940186722204e-12,3.1640780841193097e-15,2.1990141880153300e-14,3.9489044370792499e+01,2.6917913837290784e-04,1.2565724083745861e+01,1.2567756425073480e+01,5.4123372450476381e-16,1.4141791999102227e+00,1.3897862766030918e-16,0.0000000000000000e+00,1.0002699466305625e+00,1.0002699466305625e+00,1.7908188822452431e-02,1.1855742260206563e+01,9.9995161088534934e-01,9.9995161088534934e-01,-4.8389058867269336e-05,9.9997722589203553e-01,9.9997722589203553e-01,7.0468526519998704e+00,2.2631369679300224e+02,5.0125541159995919e+00,16,0,999,0,0,coulomb,4.0159613539999555e+00,21,857,9.9600242199994682e-01,3.6151792005000516e+01,3.5749138087466648e-04,1.3897862766030918e-16,4.8854620590310237e-04,2.6336385775979191e-16,9.5410737497510623e-16,-1.0176651491948746e-14
exp4_repeat,g_p3,A_l2,A,3,3,8,abc,0,0.0000000000000000e+00,2.9999999999999999e-01,1,100,0,1,45,B,1.7182217471149230e-01,1.9336788421294344e-02,2.3022233525846407e-13,1.6484591469634324e-12,3.2386394496404410e-15,2.3189604164525230e-14,3.9490805204628451e+01,3.1378158048694834e-04,1.2565644802247547e+01,1.2568006372231133e+01,1.2767564783189300e-15,1.4141757960546255e+00,1.1965490828358341e-16,6.6623596578702799e-12,1.0003145491068994e+00,1.0003131054236392e+00,1.7499826314801101e-02,9.7362202244898022e+00,9.9994530184486563e-01,9.9994550677724414e-01,-5.4493076164804486e-05,9.9997420829860084e-01,9.9997481899899276e-01,7.0468526519998704e+00,2.5417523393400279e+02,5.5471653010004047e+00,34,0,1133,0,0,coulomb,4.5510513340000216e+00,22,965,9.9544873700006065e-01,4.0862964270000703e+01,6.3337906505777812e-05,1.1965490828358341e-16,8.1042098897998448e-05,1.6222786061992495e-16,1.0012284293937152e-15,9.0457335858348978e-15
exp4_repeat,g_p3,A_l2,A,3,3,8,abc,0,0.0000000000000000e+00,2.9999999999999999e-01,1,100,0,1,50,A,1.7766927963772830e-01,1.9994818917216002e-02,2.2479694819673901e-13,1.3636314299958485e-12,3.1623181294351575e-15,1.9182806650780036e-14,3.9491615304074138e+01,3.3430163916319471e-04,1.2565576125286297e+01,1.2568101470299611e+01,5.8286708792820718e-16,1.4141719918483946e+00,1.4136883271771290e-16,0.0000000000000000e+00,1.0003350691813204e+00,1.0003350691813204e+00,1.9944672394969255e-02,1.3195175207849763e+01,9.9993983668921083e-01,9.9993983668921083e-01,-6.0163241432472728e-05,9.9997212901487076e-01,9.9997212901487076e-01,7.0468526519998704e+00,2.8265309036900271e+02,5.5170912950002275e+00,16,0,1249,0,0,coulomb,4.7471618340000532e+00,21,1072,7.6931145100024878e-01,4.5213033482000810e+01,3.5188257925078490e-04,1.4136883271771290e-16,4.8046770012437362e-04,2.6854571398599526e-16,9.5370126705248992e-16,8.6216486199071229e-15
exp4_repeat,g_p3,A_l2,A,3,3,8,abc,0,0.0000000000000000e+00,2.9999999999999999e-01,1,100,0,1,55,B,1.8882958839782182e-01,2.1250794925973877e-02,2.2650976468583449e-13,1.5877299475164364e-12,3.1864130768057041e-15,2.2335299646880072e-14,3.9493406665687012e+01,3.7967735890014846e-04,1.2565498025948152e+01,1.2568357274186928e+01,3.6082248300317588e-16,1.4141687017140212e+00,1.2121660780904040e-16,2.9755247373406530e-11,1.0003804449358735e+00,1.0003790011575104e+00,1.9535521057732302e-02,1.0699937075223101e+01,9.9993362172233213e-01,9.9993382665231678e-01,-6.6173169671599529e-05,9.9996919183767075e-01,9.9996980253499901e-01,7.0468526519998704e+00,3.1047420147100274e+02,5.5057336959998793e+00,34,0,1383,0,0,coulomb,4.6218290619999607e+00,22,1180,8.8334497599998940e-01,4.9572934521001116e+01,6.7799376894460037e-05,1.2121660780904040e-16,8.6918848996478734e-05,1.6280860275459796e-16,9.9564675124248404e-16,5.7947612843467696e-15
exp4_repeat,g_p3,A_l2,A,3,3,8,abc,0,0.0000000000000000e+00,2.9999999999999999e-01,1,100,0,1,60,A,1.9421996469859173e-01,2.1857425392700150e-02,2.2171269843231865e-13,1.6067425168131422e-12,3.1189306234037292e-15,2.2602757871097201e-14,3.9494237478673419e+01,4.0072209769221028e-04,1.2565432136241061e+01,1.2568457933081765e+01,2.9143354396410359e-16,1.4141651530274899e+00,1.4316683113354864e-16,0.0000000000000000e+00,1.0004014896908129e+00,1.0004014896908129e+00,2.1812383329055926e-02,1.4424364573807317e+01,9.9992837836999460e-01,9.9992837836999460e-01,-7.1621547439409435e-05,9.9996729323086464e-01,9.9996729323086464e-01,7.0468526519998704e+00,3.3376779003000320e+02,5.1891684249999344e+00,16,0,1499,0,0,coulomb,4.2262987170001907e+00,21,1287,9.6222008299992012e-01,5.3424197488001482e+01,3.4712707003782572e-04,1.4316683113354864e-16,4.7358036798315461e-04,2.7752230918085374e-16,9.6411251396507281e-16,-3.1517592124183707e-14
exp4_repeat,g_p3,A_l2,A,3,3,8,abc,0,0.0000000000000000e+00,2.9999999999999999e-01,1,100,0,1,65,B,2.0462321708602368e-01,2.3028202625888280e-02,2.2602841475333623e-13,1.4539480730491050e-12,3.1796417143368088e-15,2.0453330828301616e-14,3.9496062015521332e+01,4.4693815594960747e-04,1.2565354824882494e+01,1.2568719731115944e+01,4.9960036108132044e-16,1.4141619447279088e+00,1.2102753477393183e-16,3.9231422878400227e-11,1.0004477057845311e+00,1.0004462619090952e+00,2.1410278870092666e-02,1.1594875387523885e+01,9.9992222610873027e-01,9.9992243103637957e-01,-7.7568754953737438e-05,9.9996441392260738e-01,9.9996502461701775e-01,7.0468526519998704e+00,3.6291326587800177e+02,6.2455032009997922e+00,34,0,1633,0,0,coulomb,5.1965908170000148e+00,22,1395,1.0362377019996529e+00,5.8038722510000753e+01,7.1654834610337535e-05,1.2102753477393183e-16,9.2002017492847792e-05,1.6502000259042374e-16,1.0059347517062912e-15,-1.4133156517801234e-16
exp4_repeat,g_p3,A_l2,A,3,3,8,abc,0,0.0000000000000000e+00,2.9999999999999999e-01,1,100,0,1,70,A,2.0965442060941866e-01,2.3594411953640790e-02,2.2479610589821768e-13,1.5347723092418164e-12,3.1623062804491910e-15,2.1590321118695967e-14,3.9496910217203691e+01,4.6842335555562204e-04,1.2565291043278100e+01,1.2568824955685665e+01,3.6082248300317588e-16,1.4141585991354861e+00,1.4176435524394194e-16,0.0000000000000000e+00,1.0004691910006225e+00,1.0004691910006225e+00,2.3553371164144465e-02,1.5570653624995355e+01,9.9991715051438856e-01,9.9991715051438856e-01,-8.2849390101877876e-05,9.9996265892232361e-01,9.9996265892232361e-01,7.0468526519998704e+00,3.9187763037400191e+02,5.2837525700001606e+00,16,0,1749,0,0,coulomb,4.3972209710000243e+00,21,1502,8.8582869699985167e-01,6.2538067661000696e+01,3.4295889446639015e-04,1.4176435524394194e-16,4.6752859526458365e-04,2.6818116315454525e-16,9.5786941032076192e-16,2.7700751955605046e-14
exp4_repeat,g_p3,A_l2,A,3,3,8,abc,0,0.0000000000000000e+00,2.9999999999999999e-01,1,100,0,1,75,B,2.1945557248196371e-01,2.4697429072139006e-02,2.2800458289334106e-13,1.6484591469634324e-12,3.2074413458979995e-15,2.3189604164525230e-14,3.9498765521126010e+01,5.1541875291203666e-04,1.2565214231929909e+01,1.2569092161464614e+01,2.6367796834847468e-16,1.4141554498597757e+00,1.2091201894997893e-16,8.6833795544811407e-11,1.0005161864340377e+00,1.0005147424597687e+00,2.3159761835465337e-02,1.2435343614778333e+01,9.9991103804280757e-01,9.9991124296816392e-01,-8.8756793072639965e-05,9.9995982135311390e-01,9.9996043204471952e-01,7.0468526519998704e+00,4.2300145631500254e+02,5.8349368039998808e+00,34,0,1883,0,0,coulomb,4.7060807759999079e+00,22,1610,1.1161006160000397e+00,6.7640674666000905e+01,7.5065046279640670e-05,1.2091201894997893e-16,9.6504683744884153e-05,1.6423497512434785e-16,9.9464253215364339e-16,1.5969993643051729e-14
exp4_repeat,g_p3,A_l2,A,3,3,8,abc,0,0.0000000000000000e+00,2.9999999999999999e-01,1,100,0,1,80,A,2.2419175410978262e-01,2.5230436771615176e-02,2.2549118118940438e-13,1.6675549829869851e-12,3.1720842120993952e-15,2.3458233738629444e-14,3.9499628050822004e+01,5.3726688534321671e-04,1.2565152070395960e+01,1.2569201129698456e+01,3.8857805861880479e-16,1.4141522696850015e+00,1.3997999246999495e-16,0.0000000000000000e+00,1.0005380345832326e+00,1.0005380345832326e+00,2.5192636030914411e-02,1.6650315021627215e+01,9.9990609136997011e-01,9.9990609136997011e-01,-9.3908521771241592e-05,9.9995818331814457e-01,9.9995818331814457e-01,7.0468526519998704e+00,4.5441135886700431e+02,6.2068765000003623e+00,16,0,1999,0,0,coulomb,5.2876945200000591e+00,21,1717,9.1856732800033569e-01,7.2643607132001762e+01,3.3923102477614533e-04,1.3997999246999495e-16,4.6211388750330614e-04,2.6944722985435747e-16,9.5496671806756650e-16,2.6145335475907874e-14
exp4_repeat,g_p3,A_l2,A,3,3,8,abc,0,0.0000000000000000e+00,2.9999999999999999e-01,1,100,0,1,85,B,2.3349033835803865e-01,2.6276895161098424e-02,2.2828697788553233e-13,2.2026824808563106e-12,3.2114139211959813e-15,3.0986109012943190e-14,3.9501510077267369e+01,5.8493917211586185e-04,1.2565075555411530e+01,1.2569472954956559e+01,5.4123372450476381e-16,1.4141491631993601e+00,1.2120604028372083e-16,1.0170563485128457e-10,1.0005857069065835e+00,1.0005842628319805e+00,2.4806933293658684e-02,1.3230616818589555e+01,9.9990000248234001e-01,9.9990020740543462e-01,-9.9792326115328924e-05,9.9995537600884377e-01,9.9995598669773456e-01,7.0468526519998704e+00,4.8351854677300389e+02,6.1439753599997857e+00,34,0,2133,0,0,coulomb,5.2707114089998868e+00,22,1825,8.7262518500028818e-01,7.7426538541002628e+01,7.8129620306330685e-05,1.2120604028372083e-16,1.0055873210768392e-04,1.6398250802801613e-16,1.0029927321375216e-15,8.4793857472845474e-16
exp4_repeat,g_p3,A_l2,A,3,3,8,abc,0,0.0000000000000000e+00,2.9999999999999999e-01,1,100,0,1,90,A,2.3797732225027940e-01,2.6781858262163297e-02,2.2254441296200107e-13,1.5347723092418164e-12,3.1306307196765110e-15,2.1590321118695967e-14,3.9502384365534603e+01,6.0708515263604307e-04,1.2565014654280176e+01,1.2569585009105133e+01,5.4123372450476381e-16,1.4141461204495458e+00,1.3957731936780631e-16,0.0000000000000000e+00,1.0006078529040960e+00,1.0006078529040960e+00,2.6746745242800213e-02,1.7674144168255776e+01,9.9989515610946111e-01,9.9989515610946111e-01,-1.0484376967398339e-04,9.9995383514542868e-01,9.9995383514542868e-01,7.0468526519998704e+00,5.1282357196900375e+02,5.7182655680003336e+00,16,0,2249,0,0,coulomb,4.9067344130003221e+00,21,1932,8.1095394500016482e-01,8.1967887303002954e+01,3.3585259273837133e-04,1.3957731936780631e-16,4.5721170851120095e-04,2.6920103119384003e-16,9.5709492361552371e-16,9.6098838876824071e-15
exp4_repeat,g_p3,A_l2,A,3,3,8,abc,0,0.0000000000000000e+00,2.9999999999999999e-01,1,100,0,1,95,B,2.4684315170308357e-01,2.7779614626241476e-02,2.2963768161776589e-13,1.7279511155265936e-12,3.2304148682026095e-15,2.4307852856726203e-14,3.9504288808037785e+01,6.5532524478634300e-04,1.2564938294131464e+01,1.2569860665314000e+01,3.0531133177191805e-16,1.4141430451701424e+00,1.2238402754408876e-16,1.1527610900706611e-11,1.0006560930332602e+00,1.0006546488570740e+00,2.6367829833250613e-02,1.3987247512864945e+01,9.9988907954330364e-01,9.9988928446415970e-01,-1.1071523800671229e-04,9.9995104990494610e-01,9.9995166059119489e-01,7.0468526519998704e+00,5.4224870165600350e+02,5.9930415580001863e+00,34,0,2383,0,0,coulomb,4.8219434460002049e+00,22,2040,1.1704637650000222e+00,8.6803600183002800e+01,8.0915308291564986e-05,1.2238402754408876e-16,1.0425177413373936e-04,1.6944331244084169e-16,9.9408097794082848e-16,3.5329684175595410e-15
exp4_repeat,g_p3,A_l2,A,3,3,8,abc,0,0.0000000000000000e+00,2.9999999999999999e-01,1,100,0,1,100,A,2.5111575443571904e-01,2.8260451370322685e-02,2.2605294275778574e-13,1.4779288903810084e-12,3.1799867606275787e-15,2.0790679595781301e-14,3.9505172817310850e+01,6.7771746126078238e-04,1.2564878381110612e+01,1.2569975290587648e+01,3.4694469519536142e-16,1.4141401184124949e+00,1.4012418474421785e-16,0.0000000000000000e+00,1.0006784852669159e+00,1.0006784852669159e+00,2.8227610213125830e-02,1.8649911701038153e+01,9.9988431180200077e-01,9.9988431180200077e-01,-1.1568806463297602e-04,9.9994959105786174e-01,9.9994959105786174e-01,7.0468526519998704e+00,5.6952943174300390e+02,5.2464369470003476e+00,16,0,2499,0,0,coulomb,4.3756300700001702e+00,21,2147,8.7021688100003303e-01,9.1116382459003034e+01,3.3276258789886643e-04,1.4012418474421785e-16,4.5273689558682017e-04,2.6393760053180130e-16,9.5036635415369579e-16,2.5437138174994521e-14
exp4_repeat,g_long,A_int,A,2,2,8,abc,0,0.0000000000000000e+00,2.9999999999999999e-01,1,400,4,1,0,A,2.0254441727229264e-01,2.2794255452097286e-02,8.3786414868294027e-14,3.8369307731045410e-13,1.1786605684098978e-15,5.3975802796739334e-15,3.9468128469587128e+01,-2.6062682839567288e-04,1.2556590281248958e+01,1.2559878392954451e+01,6.8001160258290838e-16,1.4136671625649608e+00,1.7228396484440912e-15,8.0948539144800970e-11,1.0000000000000000e+00,1.0000000000000000e+00,0.0000000000000000e+00,1.0000000000000000e+00,1.0000000000000000e+00,1.0000000000000000e+00,0.0000000000000000e+00,1.0000000000000000e+00,1.0000000000000000e+00,2.2861680109999991e+00,0.0000000000000000e+00,0.0000000000000000e+00,0,0,0,0,0,coulomb,0.0000000000000000e+00,0,0,0.0000000000000000e+00,0.0000000000000000e+00,nan,nan,nan,nan,nan,nan
exp4_repeat,g_long,A_int,A,2,2,8,abc,0,0.0000000000000000e+00,2.9999999999999999e-01,1,400,4,1,1,B,2.6166756228466709e-01,2.9447946966742817e-02,8.8885404923231289e-14,6.1506355564233672e-13,1.2503903175096343e-15,8.6523711659125302e-15,3.9452390086606371e+01,-6.5928472645235725e-04,1.2547041409354458e+01,1.2553191943549129e+01,1.9428902930940239e-16,1.4131963670259489e+00,1.5429892205319210e-16,8.3406810720602321e-09,9.9960123817391333e-01,9.9953809573402319e-01,0.0000000000000000e+00,1.1780458873656379e+00,9.9923953305151958e-01,9.9928163404078119e-01,-7.1811249648292478e-04,9.9964962604451746e-01,9.9966696861080240e-01,2.2861680109999991e+00,7.8402637900000371e-01,7.8402637900000371e-01,0,0,0,0,0,coulomb,6.3893577600000029e-01,17,17,1.4495477000000179e-01,1.4495477000000179e-01,7.5353119228236190e-04,1.5429892205319210e-16,9.6982536533390463e-04,2.4441970904525707e-16,6.0260919743206625e-16,-2.8301264124726581e-16
exp4_repeat,g_long,A_int,A,2,2,8,abc,0,0.0000000000000000e+00,2.9999999999999999e-01,1,400,4,1,2,A,2.6104553787826118e-01,2.9377944626475808e-02,8.6535940758716336e-14,3.4905411894214922e-13,1.2173393656105790e-15,4.9102987266478148e-15,3.9437934249916431e+01,-1.0254553474436292e-03,1.2542281346641168e+01,1.2548147584913965e+01,7.5633943552588789e-16,1.4128873632937187e+00,1.0494165788655277e-15,1.3932609758454802e-11,9.9923497209415535e-01,9.9923497209415535e-01,1.8409544020580298e-02,1.2888310692233100e+00,9.9886044425379095e-01,9.9886044425379095e-01,-1.1392574163629427e-03,9.9944838552391124e-01,9.9944838552391124e-01,2.2861680109999991e+00,1.6372725450000019e+00,8.5324616599999814e-01,0,0,0,0,0,coulomb,7.1125668399999853e-01,14,31,1.4184939500000127e-01,2.8680416500000305e-01,5.4393681769224090e-03,1.0494165788655277e-15,6.2232833640107031e-03,2.1468111567894723e-15,5.6497587802646113e-16,5.5208607257558662e-15
exp4_repeat,g_long,A_int,A,2,2,8,abc,0,0.0000000000000000e+00,2.9999999999999999e-01,1,400,4,1,20,A,3.6140640920421052e-01,4.0672510871287815e-02,8.4319165248075114e-14,3.6948222259525210e-13,1.1861550037123323e-15,5.1976698989452692e-15,3.9442019371836558e+01,-9.2197800037599183e-04,1.2533527555191826e+01,1.2544777090531548e+01,2.8449465006019636e-16,1.4124347041551073e+00,1.0816916903112241e-15,4.0767503792694598e-11,9.9933847641722640e-01,9.9933847641722640e-01,3.3578048316548377e-02,1.7843316249904342e+00,9.9816329707822260e-01,9.9816329707822260e-01,-1.8362220823785447e-03,9.9912818346320120e-01,9.9912818346320120e-01,2.2861680109999991e+00,1.6315209298999989e+01,7.3032751999999590e-01,0,0,0,0,0,coulomb,6.3470146599999566e-01,14,310,9.5489141999998139e-02,2.3585272199999956e+00,5.5086941460279482e-03,1.0816916903112241e-15,6.3029258571195143e-03,2.2132603216389839e-15,5.7946361499884382e-16,1.9540592292042333e-14
exp4_repeat,g_long,A_int,A,2,2,8,abc,0,0.0000000000000000e+00,2.9999999999999999e-01,1,400,4,1,40,A,4.8979636439651808e-01,5.5121457307577101e-02,8.7749824306278855e-14,4.6185277824406512e-13,1.2344156025447229e-15,6.4970873736815867e-15,3.9494546009722491e+01,4.0853728046280207e-04,1.2533270626890863e+01,1.2553631154479412e+01,6.5225602696727947e-16,1.4124913711953269e+00,1.0883423388920437e-15,3.7767029694247641e-11,1.0006693385564436e+00,1.0006693385564436e+00,5.0118875637051190e-02,2.4182170557584679e+00,9.9814283544849602e-01,9.9814283544849602e-01,-1.8566783553554862e-03,9.9916826859902397e-01,9.9916826859902397e-01,2.2861680109999991e+00,3.0505196834999936e+01,8.1075389199997971e-01,0,0,0,0,0,coulomb,6.9752199899998857e-01,14,620,1.1308852199999819e-01,4.4899286229999937e+00,5.5564984677666952e-03,1.0883423388920437e-15,6.3654884343967450e-03,2.2184587463073259e-15,5.6703479100135537e-16,-3.3959656682893427e-15
exp4_repeat,g_long,A_int,A,2,2,8,abc,0,0.0000000000000000e+00,2.9999999999999999e-01,1,400,4,1,60,A,6.3887925746512186e-01,7.1899177443773249e-02,8.5748988179756756e-14,3.7925218521195347e-13,1.2062689555030913e-15,5.3351082856962261e-15,3.9578412154526042e+01,2.5328915452166711e-03,1.2533994917816612e+01,1.2568278532197843e+01,3.2612801348363973e-16,1.4126403775575747e+00,1.0903952350146547e-15,7.9425788087530164e-12,1.0027942466292490e+00,1.0027942466292490e+00,6.8144323621397510e-02,3.1542674247409055e+00,9.9820051758270012e-01,9.9820051758270012e-01,-1.7990113220380688e-03,9.9927367273246759e-01,9.9927367273246759e-01,2.2861680109999991e+00,4.4122959561999878e+01,6.4123044000000107e-01,0,0,0,0,0,coulomb,5.5915163600000994e-01,14,928,8.1950038999991648e-02,6.4846814889999926e+00,5.6092860972734989e-03,1.0903952350146547e-15,6.4334228907763427e-03,2.2069407737599929e-15,5.7041222593362608e-16,1.3426692207918147e-14
exp4_repeat,g_long,A_int,A,2,2,8,abc,0,0.0000000000000000e+00,2.9999999999999999e-01,1,400,4,1,80,A,7.9399922212840346e-01,8.9356306837281518e-02,8.7627720511077505e-14,3.6948222259525210e-13,1.2326979144340279e-15,5.1976698989452692e-15,3.9688849609082020e+01,5.3303049487313124e-03,1.2534958264217989e+01,1.2587570395325017e+01,6.5225602696727947e-16,1.4128389491352940e+00,1.0979280956534754e-15,1.1331951557442512e-11,1.0055923893038143e+00,1.0055923893038143e+00,8.6368696599336173e-02,3.9201239551371221e+00,9.9827723796457124e-01,9.9827723796457124e-01,-1.7223110251691274e-03,9.9941413831232795e-01,9.9941413831232795e-01,2.2861680109999991e+00,6.0071163819999867e+01,8.3547637900001348e-01,0,0,0,0,0,coulomb,7.2056116900000688e-01,14,1228,1.1477330900000027e-01,8.6813196269999757e+00,5.6662735002539384e-03,1.0979280956534754e-15,6.5052700496527061e-03,2.2066962791609364e-15,5.8086219499233862e-16,-3.5279231750110695e-15
exp4_repeat,g_long,A_int,A,2,2,8,abc,0,0.0000000000000000e+00,2.9999999999999999e-01,1,400,4,1,100,A,9.5098111305566924e-01,1.0702297655515809e-01,8.4289592097454662e-14,3.4106051316484809e-13,1.1857389851182110e-15,4.7978491374879409e-15,3.9823118629328292e+01,8.7313789631936357e-03,1.2535567360369880e+01,1.2610810232868667e+01,5.6898930012039273e-16,1.4130592063140988e+00,1.1043321754591545e-15,4.0993643212602434e-11,1.0089943499604930e+00,1.0089943499604930e+00,1.0454650357479398e-01,4.6951731667686900e+00,9.9832574604982749e-01,9.9832574604982749e-01,-1.6738156390806419e-03,9.9956994385456399e-01,9.9956994385456399e-01,2.2861680109999991e+00,7.3378420375999767e+01,6.6009221199999502e-01,0,0,0,0,0,coulomb,5.7702378299998713e-01,14,1528,8.2901883000005228e-02,1.0549511873999929e+01,5.7269854154211484e-03,1.1043321754591545e-15,6.5803435743000561e-03,2.2207542257812773e-15,5.7552920995985295e-16,-2.2255374465534943e-14
exp4_repeat,g_long,A_int,A,2,2,8,abc,0,0.0000000000000000e+00,2.9999999999999999e-01,1,400,4,1,120,A,1.1092995232076075e+00,1.2484005753113846e-01,8.7897729252902402e-14,4.1922021409845911e-13,1.2364962468679342e-15,5.8973562314955942e-15,3.9979702873395595e+01,1.2697704200353616e-02,1.2535061854355822e+01,1.2637472554765475e+01,1.0547118733938987e-15,1.4132709970648605e+00,1.1079789399009983e-15,9.7384781345970307e-13,1.0129617091979082e+00,1.0129617091979082e+00,1.2272884673436273e-01,5.4768210259595032e+00,9.9828548782663673e-01,9.9828548782663673e-01,-1.7140633228752008e-03,9.9971976041419708e-01,9.9971976041419708e-01,2.2861680109999991e+00,8.8590741065999751e+01,7.7250037400000338e-01,0,0,0,0,0,coulomb,6.7475483799998415e-01,14,1828,9.7614141999997628e-02,1.2682125616999908e+01,5.7913010343933367e-03,1.1079789399009983e-15,6.6585417629993968e-03,2.2215359774842478e-15,5.7663240446688782e-16,6.4657393185336268e-15
exp4_repeat,g_long,A_int,A,2,2,8,abc,0,0.0000000000000000e+00,2.9999999999999999e-01,1,400,4,1,140,A,1.2701656511068320e+00,1.4294385748922442e-01,8.4913450151528402e-14,4.2632564145606011e-13,1.1945150723845956e-15,5.9973114218599259e-15,4.0158406263671331e+01,1.7224313956262661e-02,1.2532388028911393e+01,1.2667167997230358e+01,5.2735593669694936e-16,1.4134364866653717e+00,1.1157450372020152e-15,3.7590989776886589e-11,1.0174894990173176e+00,1.0174894990173176e+00,1.4110922799833236e-01,6.2710474483198020e+00,9.9807254582689486e-01,9.9807254582689486e-01,-1.9269495754944028e-03,9.9983682446215227e-01,9.9983682446215227e-01,2.2861680109999991e+00,1.0494651268699972e+02,8.1728640500000438e-01,0,0,0,0,0,coulomb,7.2160402599999429e-01,14,2128,9.5547894000020506e-02,1.4877726361999887e+01,5.8592522305583030e-03,1.1157450372020152e-15,6.7400817172058340e-03,2.2318425616059906e-15,5.7675318188840104e-16,8.2735677731395643e-15
exp4_repeat,g_long,A_int,A,2,2,8,abc,0,0.0000000000000000e+00,2.9999999999999999e-01,1,400,4,1,160,A,1.4361834306526975e+00,1.6162742195138893e-01,8.5365139120983373e-14,4.2632564145606011e-13,1.2008691809631659e-15,5.9973114218599259e-15,4.0360966223931932e+01,2.2355217689299905e-02,1.2526057245069401e+01,1.2699696541898426e+01,1.0408340855860843e-15,1.4135057144258525e+00,1.1260460980669645e-15,3.8376084761842206e-11,1.0226217403501359e+00,1.0226217403501359e+00,1.6001298891196125e-01,7.0907085467675453e+00,9.9756836565535212e-01,9.9756836565535212e-01,-2.4309977552557345e-03,9.9988579480136230e-01,9.9988579480136230e-01,2.2861680109999991e+00,1.1941184944199982e+02,7.6824342800000522e-01,0,0,0,0,0,coulomb,6.7285468200000764e-01,14,2428,9.5218765999987909e-02,1.6982824932999872e+01,5.9309215308344237e-03,1.1260460980669645e-15,6.8253880230441134e-03,2.2401412198428861e-15,5.6258543111623993e-16,5.4549573528359994e-15
exp4_repeat,g_long,A_int,A,2,2,8,abc,0,0.0000000000000000e+00,2.9999999999999999e-01,1,400,4,1,180,A,1.6116734225620100e+00,1.8137698483116801e-01,8.6749814863250291e-14,3.9701575360595598e-13,1.2203480272655073e-15,5.5849962616070561e-15,4.0592438105195853e+01,2.8218468936694701e-02,1.2513952237588139e+01,1.2735216909309253e+01,5.6898930012039273e-16,1.4134120187821440e+00,1.1488608930642739e-15,6.0572136109864290e-12,1.0284865201164803e+00,1.0284865201164803e+00,1.7994622519602813e-01,7.9571357446763908e+00,9.9660432946319100e-01,9.9660432946319100e-01,-3.3947815676891617e-03,9.9981951636879363e-01,9.9981951636879363e-01,2.2861680109999991e+00,1.3574240244099963e+02,7.9929690000003006e-01,0,0,0,0,0,coulomb,6.5747442700001102e-01,14,2728,1.4168992200001185e-01,1.9164909024999869e+01,6.0064370446813037e-03,1.1488608930642739e-15,6.9151289330087844e-03,2.2844785245166135e-15,5.6646692910848480e-16,1.6598178985720330e-14
exp4_repeat,g_long,A_int,A,2,2,8,abc,0,0.0000000000000000e+00,2.9999999999999999e-01,1,400,4,1,200,A,1.8035538433429741e+00,2.0297111902869214e-01,8.7430170072169445e-14,3.8369307731045410e-13,1.2299188850057010e-15,5.3975802796739334e-15,4.0864062992137612e+01,3.5098807699608485e-02,1.2493054404594513e+01,1.2774640680570004e+01,5.6898930012039273e-16,1.4130675490457558e+00,1.1617833756287552e-15,4.1489853050479314e-11,1.0353686525477424e+00,1.0353686525477424e+00,2.0170082011428009e-01,8.9044855821345497e+00,9.9494003744397674e-01,9.9494003744397674e-01,-5.0586378837939880e-03,9.9957584533680677e-01,9.9957584533680677e-01,2.2861680109999991e+00,1.4975302088099983e+02,6.8072182500003464e-01,0,0,0,0,0,coulomb,5.8562577000000715e-01,14,3028,9.4963865000011083e-02,2.1238669384999948e+01,6.0860973006161313e-03,1.1617833756287552e-15,7.0104523370300275e-03,2.3107380567726897e-15,5.7331736538586036e-16,1.6685994377186658e-15
exp4_repeat,g_long,A_int,A,2,2,8,abc,0,0.0000000000000000e+00,2.9999999999999999e-01,1,400,4,1,220,A,2.0229198866299045e+00,2.2765847252644833e-01,8.6428685280071642e-14,4.1744385725905886e-13,1.2158305553383750e-15,5.8723674339045113e-15,4.1199047698977687e+01,4.3584069449387960e-02,1.2459056849139127e+01,1.2820470785763678e+01,5.1347814888913490e-16,1.4123599268706040e+00,1.1871569202334603e-15,6.4098733769665997e-11,1.0438561263609027e+00,1.0438561263609027e+00,2.2653508782481388e-01,9.9875371233282202e+00,9.9223249067420161e-01,9.9223249067420161e-01,-7.7654758317200695e-03,9.9907528750120711e-01,9.9907528750120711e-01,2.2861680109999991e+00,1.6569475963399995e+02,7.7908536099994308e-01,0,0,0,0,0,coulomb,6.6995206000001417e-01,14,3328,1.0899892099996578e-01,2.3493297727999927e+01,6.1707138027001238e-03,1.1871569202334603e-15,7.1135552811030078e-03,2.3581204526900165e-15,5.6942660339619183e-16,-3.7409251155079703e-15
exp4_repeat,g_long,A_int,A,2,2,8,abc,0,0.0000000000000000e+00,2.9999999999999999e-01,1,400,4,1,240,A,2.2875425872154591e+00,2.5743898939678977e-01,8.6288085395820541e-14,3.9790393202565610e-13,1.2138526745596084e-15,5.5974906604025976e-15,4.1644018562046092e+01,5.4855313082498830e-02,1.2405812949872880e+01,1.2878500789144644e+01,5.5511151231257827e-16,1.4111526491365856e+00,1.2207964208603458e-15,4.0519919119913877e-11,1.0551303083483079e+00,1.0551303083483079e+00,2.5645629791754926e-01,1.1294029319703135e+01,9.8799217558279040e-01,9.8799217558279040e-01,-1.2004680830401819e-02,9.9822128327306336e-01,9.9822128327306336e-01,2.2861680109999991e+00,1.8088115618399959e+02,7.0935703899999680e-01,0,0,0,0,0,coulomb,5.9886465499999986e-01,14,3628,1.1036276599998018e-01,2.5701668655999779e+01,6.2623495596764271e-03,1.2207964208603458e-15,7.2288527514495276e-03,2.4150459895091948e-15,5.5982218350326531e-16,4.8274924172606658e-15
exp4_repeat,g_long,A_int,A,2,2,8,abc,0,0.0000000000000000e+00,2.9999999999999999e-01,1,400,4,1,260,A,2.6254428742943450e+00,2.9546613210820116e-01,8.5379912786408698e-14,3.9790393202565610e-13,1.2010770086511637e-15,5.5974906604025976e-15,4.2291483540065883e+01,7.1255792567480186e-02,1.2324548732201748e+01,1.2961144956572033e+01,6.6613381477509392e-16,1.4092949961840748e+00,1.2649323105116753e-15,2.2276754173159517e-11,1.0715350633525564e+00,1.0715350633525564e+00,2.9462309223355354e-01,1.2962306785107803e+01,9.8152033761954283e-01,9.8152033761954283e-01,-1.8474824499684277e-02,9.9690721656648429e-01,9.9690721656648429e-01,2.2861680109999991e+00,1.9699356387299926e+02,7.9758699799998567e-01,0,0,0,0,0,coulomb,7.0211836800001493e-01,14,3928,9.5333519999996952e-02,2.7901516988999756e+01,6.3657948510055873e-03,1.2649323105116753e-15,7.3652443804662999e-03,2.5023923431285612e-15,5.5853581251688524e-16,4.1114623681151600e-15
exp4_repeat,g_long,A_int,A,2,2,8,abc,0,0.0000000000000000e+00,2.9999999999999999e-01,1,400,4,1,280,A,3.0794438938312632e+00,3.4655919778833222e-01,8.6855522919292310e-14,4.1211478674085811e-13,1.2218350692593180e-15,5.7974010411312617e-15,4.3323642314373146e+01,9.7400679747389293e-02,1.2202737066192157e+01,1.3093769343889960e+01,8.8817841970012523e-16,1.4066537477030283e+00,1.3229018468888090e-15,2.8996026101001881e-11,1.0976867663678798e+00,1.0976867663678798e+00,3.4585722803779506e-01,1.5203795470162879e+01,9.7181932299047624e-01,9.7181932299047624e-01,-2.8173299452906968e-02,9.9503884998700309e-01,9.9503884998700309e-01,2.2861680109999991e+00,2.1126451528899921e+02,6.7832616499998721e-01,0,0,0,0,0,coulomb,5.7654232200002298e-01,14,4228,1.0164202699996849e-01,3.0150238335999656e+01,6.4914068387942813e-03,1.3229018468888090e-15,7.5403652782846178e-03,2.6218510476724813e-15,5.5307970023142838e-16,5.6977379314146269e-15
exp4_repeat,g_long,A_int,A,2,2,8,abc,0,0.0000000000000000e+00,2.9999999999999999e-01,1,400,4,1,300,A,3.7123034853143282e+00,4.1778092479442280e-01,8.5689255344019414e-14,3.6948222259525210e-13,1.2054286672745808e-15,5.1976698989452692e-15,4.5097634953383519e+01,1.4233643823672065e-01,1.2022489319499680e+01,1.3326284374574302e+01,4.0245584642661925e-16,1.4031923080843260e+00,1.4065350476875567e-15,1.4072484255324068e-12,1.1426342393745452e+00,1.1426342393745452e+00,4.1722059783862231e-01,1.8328342668283252e+01,9.5746449077446905e-01,9.5746449077446905e-01,-4.2524373647509640e-02,9.9259029652946795e-01,9.9259029652946795e-01,2.2861680109999991e+00,2.2725903304299922e+02,7.8685570799996185e-01,0,0,0,0,0,coulomb,6.8846378399996411e-01,14,4528,9.8253322999994452e-02,3.2299707737999626e+01,6.6603814849204961e-03,1.4065350476875567e-15,7.7882215990630610e-03,2.7691909415324201e-15,5.3094532893564395e-16,-1.9194219465328193e-14
exp4_repeat,g_long,A_int,A,2,2,8,abc,0,0.0000000000000000e+00,2.9999999999999999e-01,1,400,4,1,320,A,4.6121905105497456e+00,5.1905379623411374e-01,8.9125205317131493e-14,4.3520742565306136e-13,1.2537636957478993e-15,6.1222554098153413e-15,4.8311327358129297e+01,2.2374021781452894e-01,1.1758260923733232e+01,1.3753195375911883e+01,4.0245584642661925e-16,1.3991495262670359e+00,1.5155768135355403e-15,6.9733362255458048e-12,1.2240592404921469e+00,1.2240592404921469e+00,5.1863210663749348e-01,2.2771254684098746e+01,9.3642148548018733e-01,9.3642148548018733e-01,-6.3561869990998832e-02,9.8973051317710170e-01,9.8973051317710170e-01,2.2861680109999991e+00,2.4223234282999928e+02,7.4514514500003770e-01,0,0,0,0,0,coulomb,6.5788609600002701e-01,14,4828,8.7105752000013581e-02,3.4365365221999724e+01,6.9140069960748479e-03,1.5155768135355403e-15,8.1718157052020086e-03,3.0197787957208774e-15,5.2298927639436271e-16,1.8210891685803277e-14
exp4_repeat,g_long,A_int,A,2,2,8,abc,0,0.0000000000000000e+00,2.9999999999999999e-01,1,400,4,1,340,A,5.8993403871050027e+00,6.6390905063440164e-01,8.6675661650645452e-14,4.1922021409845911e-13,1.2193048812154511e-15,5.8973562314955942e-15,5.4325808071585485e+01,3.7608879403487722e-01,1.1373585347595126e+01,1.4545340947347043e+01,5.1694759584108851e-16,1.3954227861385327e+00,1.6490361137832075e-15,9.5132125385141572e-12,1.3764475331899055e+00,1.3764475331899055e+00,6.6361891157474584e-01,2.9126156457692755e+01,9.0578613244867601e-01,9.0578613244867601e-01,-9.4189202844308317e-02,9.8709429142194582e-01,9.8709429142194582e-01,2.2861680109999991e+00,2.5822337687699934e+02,6.7307556700001214e-01,0,0,0,0,0,coulomb,5.6238316799999666e-01,14,5128,1.1055277700000943e-01,3.6541144699999649e+01,7.3283090576625664e-03,1.6490361137832075e-15,8.8006019595232767e-03,3.3443672373308631e-15,4.9274618840198126e-16,9.5254190503338564e-15
exp4_repeat,g_long,A_int,A,2,2,8,abc,0,0.0000000000000000e+00,2.9999999999999999e-01,1,400,4,1,360,A,7.7361093755048467e+00,8.7061818679287195e-01,8.7780302277409162e-14,4.4764192352886312e-13,1.2348443496492850e-15,6.2971769929529226e-15,6.5793141573549761e+01,6.6655974494499093e-01,1.0816438604097549e+01,1.5994818767468212e+01,8.8817841970012523e-16,1.3943571040531419e+00,1.8196615389524075e-15,6.7015957862218191e-11,1.6669942083584692e+00,1.6669942083584692e+00,8.7045064816176032e-01,3.8194631477325437e+01,8.6141526973687932e-01,8.6141526973687932e-01,-1.3854844949196002e-01,9.8634044913600261e-01,9.8634044913600261e-01,2.2861680109999991e+00,2.7426745350099930e+02,7.8991746200006219e-01,0,0,0,0,0,coulomb,6.9206955700002482e-01,14,5428,9.7683413000027031e-02,3.8725243464999807e+01,8.0330922580719635e-03,1.8196615389524075e-15,9.8453661127936402e-03,3.7981552722508523e-15,4.4199133246207987e-16,-3.3315865048058404e-16
exp4_repeat,g_long,A_int,A,2,2,8,abc,0,0.0000000000000000e+00,2.9999999999999999e-01,1,400,4,1,380,A,1.0343105185811019e+01,1.1640082948143549e+00,8.9589914937091495e-14,3.9790393202565610e-13,1.2603009715779798e-15,5.5974906604025976e-15,8.7879273611337581e+01,1.2260080049823958e+00,1.0012684503838111e+01,1.8577583980762856e+01,7.7021722333370235e-16,1.4012996261771318e+00,2.0435145532423259e-15,7.5145886749845665e-12,2.2265883136327207e+00,2.2265883136327207e+00,1.1639562883026180e+00,5.1065861627309928e+01,7.9740473166431813e-01,7.9740473166431813e-01,-2.0254222993415832e-01,9.9125145103788836e-01,9.9125145103788836e-01,2.2861680109999991e+00,2.8935894235499956e+02,7.6413489700001946e-01,0,0,0,0,0,coulomb,6.6782976000001781e-01,14,5728,9.6153991999983646e-02,4.0922617821999921e+01,9.2287153684260121e-03,2.0435145532423259e-15,1.1528423336100657e-02,4.3756597254941115e-15,3.9776163519000078e-16,1.3481283142414904e-14
exp4_repeat,g_long,A_int,A,2,2,8,abc,0,0.0000000000000000e+00,2.9999999999999999e-01,1,400,4,1,400,A,1.4023635827613425e+01,1.5782135184307164e+00,9.9653797409553561e-14,5.8264504332328215e-13,1.4018740589818098e-15,8.1963256098752318e-15,1.3064820976190097e+02,2.3093578134570589e+00,8.8568493119396621e+00,2.3074131303044712e+01,7.8409501114151681e-16,1.4274425236101025e+00,2.3623489260714289e-15,6.1092885534963762e-12,3.3102205457391851e+00,3.3102205457391851e+00,1.5782755932000381e+00,6.9237335772926329e+01,7.0535464752447941e-01,7.0535464752447941e-01,-2.9456821583437393e-01,1.0097444160902398e+00,1.0097444160902398e+00,2.2861680109999991e+00,3.0514887870599949e+02,8.2435097400002633e-01,0,0,0,0,0,coulomb,7.0536577500001840e-01,14,6028,1.1883427399999391e-01,4.3151542356999840e+01,1.1191453835858754e-02,2.3623489260714289e-15,1.4053477580398670e-02,5.0693941599171358e-15,3.3957502148938654e-16,1.6934978233098758e-15
exp4_repeat,g_long,A_l2,A,2,2,8,abc,0,0.0000000000000000e+00,2.9999999999999999e-01,1,400,0,1,0,A,2.0254441727229264e-01,2.2794255452097286e-02,8.3786414868294027e-14,3.8369307731045410e-13,1.1786605684098978e-15,5.3975802796739334e-15,3.9468128469587128e+01,-2.6062682839567288e-04,1.2556590281248958e+01,1.2559878392954451e+01,6.8001160258290838e-16,1.4136671625649608e+00,1.7228396484440912e-15,8.0948539144800970e-11,1.0000000000000000e+00,1.0000000000000000e+00,0.0000000000000000e+00,1.0000000000000000e+00,1.0000000000000000e+00,1.0000000000000000e+00,0.0000000000000000e+00,1.0000000000000000e+00,1.0000000000000000e+00,2.1656355320000102e+00,0.0000000000000000e+00,0.0000000000000000e+00,0,0,0,0,0,coulomb,0.0000000000000000e+00,0,0,0.0000000000000000e+00,0.0000000000000000e+00,nan,nan,nan,nan,nan,nan
exp4_repeat,g_long,A_l2,A,2,2,8,abc,0,0.0000000000000000e+00,2.9999999999999999e-01,1,400,0,1,1,B,2.9664189512412903e-01,3.3383942279502442e-02,8.5736875609278838e-14,4.5474735088646412e-13,1.2060985626150978e-15,6.3971321833172787e-15,3.9485732044793934e+01,1.8527694067695081e-04,1.2554975417840058e+01,1.2562209774608645e+01,5.8286708792820718e-16,1.4136143543772948e+00,1.1425329999582659e-16,7.2501669465196234e-09,1.0004460200138543e+00,1.0003828242110986e+00,0.0000000000000000e+00,1.3355028094432102e+00,9.9987139315907192e-01,9.9991352077051443e-01,-8.6448716817478797e-05,9.9994529684385836e-01,9.9996264453963102e-01,2.1656355320000102e+00,1.2815176739999856e+00,1.2815176739999856e+00,36,0,36,0,0,coulomb,1.1716329239999936e+00,16,16,1.0974568300002829e-01,1.0974568300002829e-01,1.8025113041662244e-05,1.1425329999582659e-16,2.1375704001218806e-05,1.4360698958796920e-16,6.0101265482726598e-16,-7.9186691488589165e-15
exp4_repeat,g_long,A_l2,A,2,2,8,abc,0,0.0000000000000000e+00,2.9999999999999999e-01,1,400,0,1,2,A,2.4995430916416633e-01,2.8129742854284583e-02,8.5080524692781543e-14,4.1211478674085811e-13,1.1968653838768560e-15,5.7974010411312617e-15,3.9472600919233955e+01,-1.4733835539637512e-04,1.2554484794443219e+01,1.2559620946710947e+01,7.4940054162198066e-16,1.4135580973827928e+00,5.1771306915184695e-16,3.5284568200677985e-11,1.0001133180067119e+00,1.0001133180067119e+00,1.6462074012324506e-02,1.2340715805962585e+00,9.9983232017939749e-01,9.9983232017939749e-01,-1.6763592288601803e-04,9.9992284946198362e-01,9.9992284946198362e-01,2.1656355320000102e+00,2.3158528649999539e+00,1.0343351909999683e+00,18,0,54,0,0,coulomb,9.7038165899999740e-01,14,30,6.3821293999978934e-02,1.7356697700000723e-01,3.8768990294219840e-03,5.1771306915184695e-16,4.5051337667273428e-03,1.1571386917919645e-15,5.7312865264146322e-16,1.5557576953867086e-15
exp4_repeat,g_long,A_l2,A,2,2,8,abc,0,0.0000000000000000e+00,2.9999999999999999e-01,1,400,0,1,20,A,5.3834935017226904e-01,6.0585587969083664e-02,8.5316098819835805e-14,3.9257486150745535e-13,1.2001793093495343e-15,5.5225242676293488e-15,3.9531492057331064e+01,1.3443915991145083e-03,1.2536734428776530e+01,1.2560730142828666e+01,5.8980598183211441e-16,1.4126295415921872e+00,4.6186106432745070e-16,6.0396011646953742e-12,1.0016054368474239e+00,1.0016054368474239e+00,5.6142341007367709e-02,2.6579323065149389e+00,9.9841869074106215e-01,9.9841869074106215e-01,-1.5808952802892310e-03,9.9926600758633244e-01,9.9926600758633244e-01,2.1656355320000102e+00,2.8462198697999554e+01,1.1436286260000088e+00,19,0,543,0,0,coulomb,1.0243793299999879e+00,14,300,1.1911569400001554e-01,2.1962642299999402e+00,3.4866576759799636e-03,4.6186106432745070e-16,4.0571503706226860e-03,1.0358844709671141e-15,5.7727329147428174e-16,1.3717769057439476e-14
exp4_repeat,g_long,A_l2,A,2,2,8,abc,0,0.0000000000000000e+00,2.9999999999999999e-01,1,400,0,1,40,A,6.9404531036423400e-01,7.8107539634155329e-02,8.6969055770973157e-14,4.4053649617126212e-13,1.2234321861153821e-15,6.1972218025885901e-15,3.9568384895310800e+01,2.2788981021224521e-03,1.2517797234256204e+01,1.2557773072877039e+01,3.4694469519536142e-16,1.4116384243042159e+00,4.5204395313461752e-16,2.7167063452881860e-11,1.0025401869713919e+00,1.0025401869713919e+00,7.4720568160220630e-02,3.4266326355032888e+00,9.9691054290027403e-01,9.9691054290027403e-01,-3.0886482957124713e-03,9.9856491095325162e-01,9.9856491095325162e-01,2.1656355320000102e+00,5.6558525674999771e+01,1.3190661490001503e+00,19,0,1091,0,0,coulomb,1.2170427720000134e+00,14,600,1.0187607700004264e-01,4.3872555510002371e+00,3.3420814800540575e-03,4.5204395313461752e-16,3.8909244568418170e-03,1.0092925997801403e-15,5.8051754661801206e-16,2.0510785669070502e-14
exp4_repeat,g_long,A_l2,A,2,2,8,abc,0,0.0000000000000000e+00,2.9999999999999999e-01,1,400,0,1,60,A,8.0211392846076701e-01,9.0269532151262807e-02,8.7136305416861906e-14,4.2632564145606011e-13,1.2257849608820250e-15,5.9973114218599259e-15,3.9591781822407789e+01,2.8715491888875642e-03,1.2499407117270804e+01,1.2552938992656024e+01,5.6898930012039273e-16,1.4106780101399805e+00,4.4523394976788154e-16,1.0561998860529871e-11,1.0031329925591974e+00,1.0031329925591974e+00,8.7360246069276309e-02,3.9601877912163679e+00,9.9544596401592023e-01,9.9544596401592023e-01,-4.5528437608306155e-03,9.9788553309850048e-01,9.9788553309850048e-01,2.1656355320000102e+00,8.3710763851999729e+01,1.2762822509998841e+00,19,0,1641,0,0,coulomb,1.1758478129999048e+00,14,900,1.0029210400000466e-01,6.5468907650003416e+00,3.2651559418370403e-03,4.4523394976788154e-16,3.8025465740480881e-03,9.7869426434521050e-16,5.7514101464445628e-16,-2.0518691255941446e-14
exp4_repeat,g_long,A_l2,A,2,2,8,abc,0,0.0000000000000000e+00,2.9999999999999999e-01,1,400,0,1,80,A,8.8881166383173194e-01,1.0002645536730666e-01,8.6047641321862632e-14,4.1211478674085811e-13,1.2104702413891772e-15,5.7974010411312617e-15,3.9608769868253866e+01,3.3018614171112623e-03,1.2481425640213629e+01,1.2547283345031147e+01,7.7715611723760958e-16,1.4097400247831557e+00,4.4110112937597351e-16,2.7098656026508830e-11,1.0035634169675693e+00,1.0035634169675693e+00,9.7413339755560741e-02,4.3882308670934584e+00,9.9401392899252483e-01,9.9401392899252483e-01,-5.9845038848061576e-03,9.9722202093547985e-01,9.9722202093547985e-01,2.1656355320000102e+00,1.1261754759100012e+02,1.2073865690000503e+00,19,0,2191,0,0,coulomb,1.1219597369999974e+00,14,1200,8.5299089000045569e-02,8.7287575470004981e+00,3.2142733676900153e-03,4.4110112937597351e-16,3.7450368869915373e-03,9.7261718524228002e-16,5.8097694038939445e-16,9.9100421460000824e-16
exp4_repeat,g_long,A_l2,A,2,2,8,abc,0,0.0000000000000000e+00,2.9999999999999999e-01,1,400,0,1,100,A,9.6437881317302743e-01,1.0853074755698779e-01,8.6745029784161593e-14,5.1159076974727213e-13,1.2202807134408565e-15,7.1967737062319117e-15,3.9623367645555291e+01,3.6716274357931756e-03,1.2463773385019177e+01,1.2541411187006757e+01,7.0776717819853729e-16,1.4088206772507395e+00,4.3554545513620628e-16,1.3324345456184401e-11,1.0039332793823195e+00,1.0039332793823195e+00,1.0613118712507635e-01,4.7613201398513736e+00,9.9260811301867624e-01,9.9260811301867624e-01,-7.3899518232475349e-03,9.9657169279830482e-01,9.9657169279830482e-01,2.1656355320000102e+00,1.3954484442299946e+02,1.3386893040000132e+00,19,0,2741,0,0,coulomb,1.2298372359999803e+00,14,1500,1.0869811999998547e-01,1.0766111084000215e+01,3.1767215917251914e-03,4.3554545513620628e-16,3.7037705791481234e-03,9.6018439650457582e-16,5.6754073078356125e-16,1.2605812214696016e-14
exp4_repeat,g_long,A_l2,A,2,2,8,abc,0,0.0000000000000000e+00,2.9999999999999999e-01,1,400,0,1,120,A,1.0336245790785292e+00,1.1632363416567763e-01,8.5544465964209694e-14,3.4816594052244909e-13,1.2033918510081909e-15,4.8978043278522734e-15,3.9637889082430441e+01,4.0394597288875879e-03,1.2446407753008351e+01,1.2535674080056015e+01,7.6327832942979512e-16,1.4079182399031327e+00,4.3618491392147758e-16,5.5082236132058232e-11,1.0043012075673698e+00,1.0043012075673698e+00,1.1409174910105187e-01,5.1031995499977940e+00,9.9122512355880998e-01,9.9122512355880998e-01,-8.7725792235707045e-03,9.9593332658912637e-01,9.9593332658912637e-01,2.1656355320000102e+00,1.6686420631299887e+02,1.1401707949999036e+00,19,0,3291,0,0,coulomb,1.0581294099999923e+00,14,1800,8.1901883999989877e-02,1.2886447660000442e+01,3.1472204919287820e-03,4.3618491392147758e-16,3.6725327283582739e-03,9.4584208798041138e-16,5.7367932916952422e-16,-1.4170317836218577e-14
exp4_repeat,g_long,A_l2,A,2,2,8,abc,0,0.0000000000000000e+00,2.9999999999999999e-01,1,400,0,1,140,A,1.0990648281550230e+00,1.2368824966279668e-01,8.5673572894690726e-14,4.2632564145606011e-13,1.2052080553213321e-15,5.9973114218599259e-15,3.9653723235219232e+01,4.4405435045210776e-03,1.2429306351890979e+01,1.2530284691417441e+01,2.9143354396410359e-16,1.4070319363375854e+00,4.3358250062541768e-16,4.5491189803114191e-11,1.0047023959034469e+00,1.0047023959034469e+00,1.2159504037401547e-01,5.4262904056125336e+00,9.8986317730315254e-01,9.8986317730315254e-01,-1.0134168928688040e-02,9.9530637309609959e-01,9.9530637309609959e-01,2.1656355320000102e+00,1.9409883042699931e+02,1.3362783579999586e+00,19,0,3841,0,0,coulomb,1.2261715870000671e+00,14,2100,1.0996061099990584e-01,1.5002635901000360e+01,3.1231589584891032e-03,4.3358250062541768e-16,3.6481971083581074e-03,9.5055835752904399e-16,5.7193403923905025e-16,-1.1908187659822376e-14
exp4_repeat,g_long,A_l2,A,2,2,8,abc,0,0.0000000000000000e+00,2.9999999999999999e-01,1,400,0,1,160,A,1.1621292000549519e+00,1.3078548503650989e-01,8.6403487136083075e-14,5.1159076974727213e-13,1.2154760818982221e-15,7.1967737062319117e-15,3.9671753569200661e+01,4.8972571996373331e-03,1.2412457720723673e+01,1.2525379022822685e+01,4.4408920985006262e-16,1.4061614256824568e+00,4.3673534780660265e-16,2.6917503095899144e-11,1.0051592286614359e+00,1.0051592286614359e+00,1.2881089647164076e-01,5.7376511073747922e+00,9.8852136150842462e-01,9.8852136150842462e-01,-1.1475633442927107e-02,9.9469059119341385e-01,9.9469059119341385e-01,2.1656355320000102e+00,2.2015312445599938e+02,1.1161659239999153e+00,19,0,4391,0,0,coulomb,1.0394273729999668e+00,14,2400,7.6596883999968668e-02,1.6974298474000136e+01,3.1030957258591043e-03,4.3673534780660265e-16,3.6290234263461098e-03,9.5371158638975813e-16,5.7940060365556280e-16,-1.7018360616311102e-14
exp4_repeat,g_long,A_l2,A,2,2,8,abc,0,0.0000000000000000e+00,2.9999999999999999e-01,1,400,0,1,180,A,1.2236919594298525e+00,1.3771372962811951e-01,8.6994479551063795e-14,4.4053649617126212e-13,1.2237898336784134e-15,6.1972218025885901e-15,3.9692584477542496e+01,5.4249102720222925e-03,1.2395856508749741e+01,1.2521050450871858e+01,7.0776717819853729e-16,1.4053065767366393e+00,4.3662901847159194e-16,9.9017669436147835e-11,1.0056870192902185e+00,1.0056870192902185e+00,1.3584297659548270e-01,6.0415980648075323e+00,9.8719925004328246e-01,9.8719925004328246e-01,-1.2797398786072783e-02,9.9408588807201825e-01,9.9408588807201825e-01,2.1656355320000102e+00,2.4620421510399927e+02,1.1683747379998977e+00,19,0,4941,0,0,coulomb,1.0880355139998983e+00,14,2700,8.0185882000023412e-02,1.9026491997000164e+01,3.0861758481513964e-03,4.3662901847159194e-16,3.6139803558099164e-03,9.4615494867280138e-16,5.5786170496694658e-16,1.8301063215844712e-14
exp4_repeat,g_long,A_l2,A,2,2,8,abc,0,0.0000000000000000e+00,2.9999999999999999e-01,1,400,0,1,200,A,1.2843262049812842e+00,1.4453747970159830e-01,8.2844443552814669e-14,3.6770586575585185e-13,1.1654094411493035e-15,5.1726811013541863e-15,3.9716666059349862e+01,6.0349038651978113e-03,1.2379500957888464e+01,1.2517368704316038e+01,3.9204750557075840e-16,1.4044673718242688e+00,4.3742595032475839e-16,4.7870054993061368e-11,1.0062971719055351e+00,1.0062971719055351e+00,1.4275914796444766e-01,6.3409607743208607e+00,9.8589670289513665e-01,9.8589670289513665e-01,-1.4099604934060022e-02,9.9349225122835849e-01,9.9349225122835849e-01,2.1656355320000102e+00,2.7369675336899905e+02,1.3263998930000298e+00,19,0,5491,0,0,coulomb,1.2266788240000324e+00,14,3000,9.9592914000027122e-02,2.1155502252000190e+01,3.0718676887906936e-03,4.3742595032475839e-16,3.6024341187301189e-03,9.5137094423724047e-16,5.7183830690294111e-16,-9.6499099880558482e-15
exp4_repeat,g_long,A_l2,A,2,2,8,abc,0,0.0000000000000000e+00,2.9999999999999999e-01,1,400,0,1,220,A,1.3444334696597948e+00,1.5130192359030289e-01,8.7095170414140680e-14,3.6948222259525210e-13,1.2252062965989768e-15,5.1976698989452692e-15,3.9744364534781106e+01,6.7365144441432672e-03,1.2363391549373725e+01,1.2514390675788226e+01,3.6776137690708310e-16,1.4036438660063648e+00,4.3524101212569991e-16,5.9530267952832921e-11,1.0069989653906908e+00,1.0069989653906908e+00,1.4960689856258030e-01,6.6377216798446339e+00,9.8461375838919096e-01,9.8461375838919096e-01,-1.5382213571718116e-02,9.9290971961150332e-01,9.9290971961150332e-01,2.1656355320000102e+00,3.0001684803499910e+02,1.2208516530000679e+00,19,0,6041,0,0,coulomb,1.1106741500000226e+00,14,3300,1.1001908100001856e-01,2.3163339762999897e+01,3.0598312233275069e-03,4.3524101212569991e-16,3.5939898296628663e-03,9.4466538957124588e-16,5.6518755815097055e-16,4.8261033271028778e-15
exp4_repeat,g_long,A_l2,A,2,2,8,abc,0,0.0000000000000000e+00,2.9999999999999999e-01,1,400,0,1,240,A,1.4043133018978571e+00,1.5804077233688762e-01,8.4529910208088290e-14,3.5527136788005009e-13,1.1891196463068283e-15,4.9977595182166051e-15,3.9776003163828122e+01,7.5379302801094027e-03,1.2347530252024306e+01,1.2512166746335090e+01,7.0776717819853729e-16,1.4028361697404208e+00,4.3683763054644247e-16,8.9745589856967587e-12,1.0078005901515759e+00,1.0078005901515759e+00,1.5642158931664607e-01,6.9333597085026257e+00,9.8335057332109932e-01,9.8335057332109932e-01,-1.6645067944441698e-02,9.9233837135688419e-01,9.9233837135688419e-01,2.1656355320000102e+00,3.2628728365799890e+02,1.1067413880000458e+00,19,0,6591,0,0,coulomb,1.0120344090000799e+00,14,3600,9.4580511999993178e-02,2.5170599022999966e+01,3.0498468496396062e-03,4.3683763054644247e-16,3.5884045494965814e-03,9.4825365920409625e-16,5.8034898507365135e-16,2.8393889541530740e-16
exp4_repeat,g_long,A_l2,A,2,2,8,abc,0,0.0000000000000000e+00,2.9999999999999999e-01,1,400,0,1,260,A,1.4642024124114683e+00,1.6478066525633014e-01,8.5758998291324839e-14,4.1655567883935873e-13,1.2064097721713927e-15,5.8598730351089698e-15,3.9811886924011638e+01,8.4468765439423173e-03,1.2331920090256411e+01,1.2510744613524192e+01,1.1379786002407855e-15,1.4020444416009838e+00,4.4562413051330605e-16,9.9710532745855117e-12,1.0087097733729482e+00,1.0087097733729482e+00,1.6323109095256455e-01,7.2290435457574365e+00,9.8210738855371804e-01,9.8210738855371804e-01,-1.7887927252430883e-02,9.9177831863697763e-01,9.9177831863697763e-01,2.1656355320000102e+00,3.5182176205099887e+02,1.1043655949999902e+00,19,0,7142,0,0,coulomb,1.0077669490000289e+00,14,3900,9.6307486000000608e-02,2.7185806117000027e+01,3.0417746417761480e-03,4.4562413051330605e-16,3.5855369900520012e-03,9.5825804605721469e-16,5.7192567156086789e-16,-9.7970055201878477e-15
exp4_repeat,g_long,A_l2,A,2,2,8,abc,0,0.0000000000000000e+00,2.9999999999999999e-01,1,400,0,1,280,A,1.5242977063060168e+00,1.7154376195851997e-01,8.5992026798690626e-14,3.8369307731045410e-13,1.2096878872856295e-15,5.3975802796739334e-15,3.9852318137073226e+01,9.4710111348162238e-03,1.2316564889836654e+01,1.2510171718103908e+01,2.9143354396410359e-16,1.4012688856286641e+00,4.3783593623456251e-16,1.5203280101269488e-12,1.0097341749503563e+00,1.0097341749503563e+00,1.7005851128222302e-01,7.5257453492623876e+00,9.8088450876901356e-01,9.8088450876901356e-01,-1.9110486893483648e-02,9.9122970578604852e-01,9.9122970578604852e-01,2.1656355320000102e+00,3.8032422678199890e+02,1.3160314020000214e+00,20,0,7693,0,0,coulomb,1.2195204769999464e+00,14,4200,9.6380832000022565e-02,2.9348105010000097e+01,3.0355299682302281e-03,4.3783593623456251e-16,3.5853171623203665e-03,9.4135669781426146e-16,5.7013117063654660e-16,-3.8337864165376266e-15
exp4_repeat,g_long,A_l2,A,2,2,8,abc,0,0.0000000000000000e+00,2.9999999999999999e-01,1,400,0,1,300,A,1.5847704393767410e+00,1.7834933549179327e-01,8.5334746360145149e-14,3.6770586575585185e-13,1.2004416325494828e-15,5.1726811013541863e-15,3.9897606997233041e+01,1.0618191364117409e-02,1.2301469126047346e+01,1.2510496876493383e+01,7.2164496600635175e-16,1.4005097510034117e+00,4.4297001342586255e-16,2.0234714295502288e-11,1.0108816542435464e+00,1.0108816542435464e+00,1.7692387190820402e-01,7.8243106411876004e+00,9.7968229037602739e-01,9.7968229037602739e-01,-2.0312390551864287e-02,9.9069270906903129e-01,9.9069270906903129e-01,2.1656355320000102e+00,4.0548870285699917e+02,1.3752446050000344e+00,19,0,8243,0,0,coulomb,1.2765416990000631e+00,14,4500,9.8528111000064200e-02,3.1391360907000205e+01,3.0310683658956207e-03,4.4297001342586255e-16,3.5877274041737741e-03,9.4834224035602765e-16,5.5869598490519905e-16,-2.0588317678032988e-14
exp4_repeat,g_long,A_l2,A,2,2,8,abc,0,0.0000000000000000e+00,2.9999999999999999e-01,1,400,0,1,320,A,1.6457752953294271e+00,1.8521479388917042e-01,8.5790060073168081e-14,3.6237679523765109e-13,1.2068467319995550e-15,5.0977147085809375e-15,3.9948079203924117e+01,1.1896667294862540e-02,1.2286637832692600e+01,1.2511771459183262e+01,3.6082248300317588e-16,1.3997673330041320e+00,4.4327976211110195e-16,3.3431067570118162e-11,1.0121604634662833e+00,1.0121604634662833e+00,1.8384518386333037e-01,8.1255031241710913e+00,9.7850113426417329e-01,9.7850113426417329e-01,-2.1493237443110109e-02,9.9016753736034380e-01,9.9016753736034380e-01,2.1656355320000102e+00,4.3238906226099920e+02,1.4186234110002260e+00,19,0,8794,0,0,coulomb,1.3207125189999260e+00,14,4800,9.7775992000151746e-02,3.3533530331000236e+01,3.0283758649963665e-03,4.4327976211110195e-16,3.5927901467205964e-03,9.5636842616721130e-16,5.7393662619542387e-16,-3.1234264763682057e-15
exp4_repeat,g_long,A_l2,A,2,2,8,abc,0,0.0000000000000000e+00,2.9999999999999999e-01,1,400,0,1,340,A,1.7074564436720154e+00,1.9215636192068783e-01,8.6408623470724204e-14,4.2632564145606011e-13,1.2155483369901386e-15,5.9973114218599259e-15,4.0004081951611589e+01,1.3315233465592012e-02,1.2272076549971636e+01,1.2514050309563743e+01,7.6327832942979512e-16,1.3990419748523939e+00,4.4672206259439964e-16,3.6574831791578875e-11,1.0135793994497979e+00,1.0135793994497979e+00,1.9083916579479082e-01,8.4300345902725073e+00,9.7734148165189461e-01,9.7734148165189461e-01,-2.2652586464286289e-02,9.8965443344808901e-01,9.8965443344808901e-01,2.1656355320000102e+00,4.5842635169699878e+02,1.3819877149999229e+00,20,0,9345,0,0,coulomb,1.2994020179999097e+00,14,5100,8.2402156999933140e-02,3.5557988364000209e+01,3.0274626360116148e-03,4.4672206259439964e-16,3.6005597951175240e-03,9.5554340105841953e-16,5.6423536257978610e-16,-2.8389614569999888e-15
exp4_repeat,g_long,A_l2,A,2,2,8,abc,0,0.0000000000000000e+00,2.9999999999999999e-01,1,400,0,1,360,A,1.7699517328062111e+00,1.9918955298199686e-01,8.4584645197616518e-14,3.2684965844964609e-13,1.1898896276214682e-15,4.5979387567592767e-15,4.0065988992651825e+01,1.4883357134089880e-02,1.2257791296185923e+01,1.2517392513015915e+01,5.1347814888913490e-16,1.3983340701189062e+00,4.4860450564819045e-16,3.0416117380095703e-13,1.0151479319199386e+00,1.0151479319199386e+00,1.9792174122192777e-01,8.7385856230574781e+00,9.7620381183343707e-01,9.7620381183343707e-01,-2.3789958446623863e-02,9.8915367573634927e-01,9.8915367573634927e-01,2.1656355320000102e+00,4.8579700904799864e+02,1.1687671679999312e+00,19,0,9897,0,0,coulomb,1.0742988340000466e+00,14,5396,9.4332196999857842e-02,3.7663934067000071e+01,3.0283587184682984e-03,4.4860450564819045e-16,3.6111171837407492e-03,9.6042069649974134e-16,5.6611933849519037e-16,-1.4616747163483285e-14
exp4_repeat,g_long,A_l2,A,2,2,8,abc,0,0.0000000000000000e+00,2.9999999999999999e-01,1,400,0,1,380,A,1.8333956874670998e+00,2.0632950642483808e-01,8.3870030907570052e-14,4.5474735088646412e-13,1.1798368322294702e-15,6.3971321833172543e-15,4.0134205202684008e+01,1.6611293920103663e-02,1.2243788555958210e+01,1.2521862082616725e+01,5.6898930012039273e-16,1.3976440656163547e+00,4.5170815689768432e-16,1.2734559421430533e-11,1.0168763191700396e+00,1.0168763191700396e+00,2.0510839403702638e-01,9.0518203965224853e+00,9.7508864124061911e-01,9.7508864124061911e-01,-2.4904837093503784e-02,9.8866558029152085e-01,9.8866558029152085e-01,2.1656355320000102e+00,5.1180458703399711e+02,1.2172702300001674e+00,19,0,10451,0,0,coulomb,1.1030411740000545e+00,14,5686,1.1409157399998548e-01,3.9650021535999883e+01,3.0311110874882592e-03,4.5170815689768432e-16,3.6245656751747960e-03,9.6384069022416308e-16,5.6641424250300802e-16,-1.2625496046074450e-14
exp4_repeat,g_long,A_l2,A,2,2,8,abc,0,0.0000000000000000e+00,2.9999999999999999e-01,1,400,0,1,400,A,1.8979217116919129e+00,2.1359123547813158e-01,8.6859043469728978e-14,3.7259084706420253e-13,1.2218845943999427e-15,5.2414002947296647e-15,4.0209170909185616e+01,1.8510197448935419e-02,1.2230075279554232e+01,1.2527528600757025e+01,1.0963452368173421e-15,1.3969724646947166e+00,4.5569889365994126e-16,2.8879614263511795e-11,1.0187757177330947e+00,1.0187757177330947e+00,2.1241442975593455e-01,9.3703975515672813e+00,9.7399652338881204e-01,9.7399652338881204e-01,-2.5996669034461951e-02,9.8819050317335422e-01,9.8819050317335422e-01,2.1656355320000102e+00,5.3807621086499751e+02,1.2953350050001973e+00,19,0,11004,0,0,coulomb,1.2149182880000353e+00,14,5976,8.0290097000215610e-02,4.1718978751000293e+01,3.0357815983558033e-03,4.5569889365994126e-16,3.6410283251845960e-03,9.6195800440226345e-16,5.7286399579294935e-16,3.5448832752915633e-15
exp4_repeat,g_jac,A_int,A,2,2,8,abc,0,0.0000000000000000e+00,2.9999999999999999e-01,1,100,4,1,0,A,2.0254441727229264e-01,2.2794255452097286e-02,8.3786414868294027e-14,3.8369307731045410e-13,1.1786605684098978e-15,5.3975802796739334e-15,3.9468128469587128e+01,-2.6062682839567288e-04,1.2556590281248958e+01,1.2559878392954451e+01,6.8001160258290838e-16,1.4136671625649608e+00,1.7228396484440912e-15,8.0948539144800970e-11,1.0000000000000000e+00,1.0000000000000000e+00,0.0000000000000000e+00,1.0000000000000000e+00,1.0000000000000000e+00,1.0000000000000000e+00,0.0000000000000000e+00,1.0000000000000000e+00,1.0000000000000000e+00,1.6266443349999999e+00,0.0000000000000000e+00,0.0000000000000000e+00,0,0,0,0,0,jacobi:5,0.0000000000000000e+00,0,0,0.0000000000000000e+00,0.0000000000000000e+00,nan,nan,nan,nan,nan,nan
exp4_repeat,g_jac,A_int,A,2,2,8,abc,0,0.0000000000000000e+00,2.9999999999999999e-01,1,100,4,1,1,B,2.6166756228466703e-01,2.9447946966742810e-02,9.0010876522752581e-14,4.4009240696141205e-13,1.2662228244537041e-15,6.1909746031908434e-15,3.9452390086606364e+01,-6.5928472645253723e-04,1.2547041409354385e+01,1.2553192167269547e+01,5.5511151231257827e-16,1.4131963922116455e+00,1.6830582136147978e-04,1.8879509252392703e-04,9.9960123817391311e-01,9.9953809573402297e-01,0.0000000000000000e+00,1.1780458873656376e+00,9.9923953305151381e-01,9.9928163404077541e-01,-7.1811249648872321e-04,9.9964964386006860e-01,9.9966698642666274e-01,1.6266443349999999e+00,4.4407937999999980e-01,4.4407937999999980e-01,0,0,0,0,0,jacobi:5,4.3232995600000024e-01,5,5,1.1623209999999773e-02,1.1623209999999773e-02,7.5353119228236190e-04,1.6830582136147978e-04,9.6982536533390474e-04,1.8879509252392717e-04,6.0135082677384215e-16,-6.0847717868162143e-15
exp4_repeat,g_jac,A_int,A,2,2,8,abc,0,0.0000000000000000e+00,2.9999999999999999e-01,1,100,4,1,2,A,2.6135701579781240e-01,2.9412998208112637e-02,8.6096642569141073e-14,4.3343106881366111e-13,1.2111595636147528e-15,6.0972666122242584e-15,3.9438015457004042e+01,-1.0233983478844101e-03,1.2542281213325085e+01,1.2548176754005697e+01,4.0245584642661925e-16,1.4128891930071339e+00,1.3057516901690180e-03,1.6011238077123487e-03,9.9923702962996352e-01,9.9923702962996352e-01,1.8465421493170674e-02,1.2903688944754002e+00,9.9886043363657073e-01,9.9886043363657073e-01,-1.1392680308035714e-03,9.9944967982674549e-01,9.9944967982674549e-01,1.6266443349999999e+00,9.7021215399999505e-01,5.2613277399999525e-01,0,0,0,0,0,jacobi:5,5.1433831799999830e-01,5,10,1.1641563999997828e-02,2.3264773999997601e-02,5.4167497504452773e-03,1.3057516901690180e-03,6.1949660105261959e-03,1.6011238077123472e-03,5.8459138000150736e-16,1.8685973949129846e-14
exp4_repeat,g_jac,A_int,A,2,2,8,abc,0,0.0000000000000000e+00,2.9999999999999999e-01,1,100,4,1,5,B,2.9142960170851351e-01,3.2797353178667825e-02,8.9580359722157793e-14,4.6185277824406512e-13,1.2601665541419033e-15,6.4970873736816112e-15,3.9426255214565145e+01,-1.3212887688418661e-03,1.2535756360160676e+01,1.2543614528750622e+01,4.4408920985006262e-16,1.4125861285369041e+00,2.1186410648197323e-04,2.4710711004558093e-04,9.9893906155053058e-01,9.9887596093876752e-01,1.2188578851194464e-02,1.3120366955374718e+00,9.9834079789006136e-01,9.9838286101288742e-01,-1.6165684081942036e-03,9.9921796297800725e-01,9.9923529805552302e-01,1.6266443349999999e+00,2.6013799480000017e+00,5.4282645900000404e-01,0,0,0,0,0,jacobi:5,5.3039933500000203e-01,5,25,1.2301575000002174e-02,6.1052037000003168e-02,1.0197632661938421e-03,2.1186410648197323e-04,1.2236054823378895e-03,2.4710711004558120e-04,6.0143449151278897e-16,-1.9117934513153364e-14
exp4_repeat,g_jac,A_int,A,2,2,8,abc,0,0.0000000000000000e+00,2.9999999999999999e-01,1,100,4,1,10,A,3.1708102924722642e-01,3.5684153021895822e-02,8.6867125757112428e-14,3.9435121834685560e-13,1.2219982915124925e-15,5.5475130652204317e-15,3.9422617190848179e+01,-1.4134409861223556e-03,1.2532076522739208e+01,1.2540809839076347e+01,5.2735593669694936e-16,1.4123354438419116e+00,1.3102861352547179e-03,1.6135084378192199e-03,9.9884688530964882e-01,9.9884688530964882e-01,2.7327504644708771e-02,1.5654888617391776e+00,9.9804773764527810e-01,9.9804773764527810e-01,-1.9517512624565748e-03,9.9905796869424834e-01,9.9905796869424834e-01,1.6266443349999999e+00,5.2968349919999937e+00,5.5492416399999911e-01,0,0,0,0,0,jacobi:5,5.3803455799999966e-01,5,50,1.6719985999998244e-02,1.2823963800000016e-01,5.4542288997774836e-03,1.3102861352547179e-03,6.2450049201318450e-03,1.6135084378192197e-03,5.7881706533821380e-16,9.3484726516706951e-15
exp4_repeat,g_jac,A_int,A,2,2,8,abc,0,0.0000000000000000e+00,2.9999999999999999e-01,1,100,4,1,15,B,3.3317885678914716e-01,3.7495795120730271e-02,8.8875753159112509e-14,4.3076653355456074e-13,1.2502545418734495e-15,6.0597834158376569e-15,3.9417179726179917e+01,-1.5511735751727745e-03,1.2528699885238408e+01,1.2538815738379762e+01,6.3837823915946501e-16,1.4122082644660929e+00,2.1775019860690193e-04,2.6218605145816333e-04,9.9870911681443242e-01,9.9864603072773306e-01,2.1775220050039151e-02,1.4999947971030527e+00,9.9777882407677188e-01,9.9782086352193844e-01,-2.1783676082585196e-03,9.9895067409594118e-01,9.9896800453635715e-01,1.6266443349999999e+00,7.4566405199999792e+00,4.4206602799999217e-01,0,0,0,0,0,jacobi:5,4.2988664699999646e-01,5,75,1.2012220999999101e-02,1.8642756699999907e-01,1.0539852827824981e-03,2.1775019860690193e-04,1.2736131059436924e-03,2.6218605145816344e-04,6.0483479210015297e-16,9.9167963527692966e-16
exp4_repeat,g_jac,A_int,A,2,2,8,abc,0,0.0000000000000000e+00,2.9999999999999999e-01,1,100,4,1,20,A,3.6740883619632964e-01,4.1348021240981150e-02,8.6991075765677627e-14,4.0056846728475648e-13,1.2237419511234155e-15,5.6349738567892220e-15,3.9423071505050274e+01,-1.4019330729469091e-03,1.2526819423235734e+01,1.2538454667874596e+01,7.0776717819853729e-16,1.4120620700235957e+00,1.3157596207038500e-03,1.6221358408356943e-03,9.9885839622287709e-01,9.9885839622287709e-01,3.4392188523848496e-02,1.8139667394653483e+00,9.9762906510872773e-01,9.9762906510872773e-01,-2.3703141926855174e-03,9.9886458949895052e-01,9.9886458949895052e-01,1.6266443349999999e+00,9.6154472209999895e+00,4.1901649200000435e-01,0,0,0,0,0,jacobi:5,4.0705022299999882e-01,5,100,1.1830659000004573e-02,2.5484062900000382e-01,5.4808875464918408e-03,1.3157596207038500e-03,6.2794825502276051e-03,1.6221358408356945e-03,5.7406798196860283e-16,3.5417525536199884e-15
exp4_repeat,g_jac,A_int,A,2,2,8,abc,0,0.0000000000000000e+00,2.9999999999999999e-01,1,100,4,1,25,B,3.8966479890101069e-01,4.3852697035332365e-02,8.9728571769542218e-14,4.6185277824406512e-13,1.2622515185873916e-15,6.4970873736816112e-15,3.9422649063118342e+01,-1.4126336520877709e-03,1.2524065829837063e+01,1.2537625986649772e+01,2.6367796834847468e-16,1.4119763102877487e+00,2.2505006554599238e-04,2.7256291069802248e-04,9.9884769285415109e-01,9.9878459801393205e-01,3.1445790536483519e-02,1.7542985068095791e+00,9.9740977043262580e-01,9.9745179432844400e-01,-2.5473065822091169e-03,9.9878659717566920e-01,9.9880392476957292e-01,1.6266443349999999e+00,1.1847851212999984e+01,4.4085089099998953e-01,0,0,0,0,0,jacobi:5,4.2884691699999422e-01,5,125,1.1875766999999371e-02,3.1978862900000493e-01,1.0931865584029581e-03,2.2505006554599238e-04,1.3220880176714417e-03,2.7256291069802303e-04,5.9947937489712489e-16,-1.0059418760112617e-14
exp4_repeat,g_jac,A_int,A,2,2,8,abc,0,0.0000000000000000e+00,2.9999999999999999e-01,1,100,4,1,30,A,4.3118592082211160e-01,4.8525464976671651e-02,8.5761298129932673e-14,4.1300296516055823e-13,1.2064421250186297e-15,5.8098954399268032e-15,3.9434618502294995e+01,-1.1094442158594096e-03,1.2522585000654198e+01,1.2538474547912440e+01,2.9837243786801082e-16,1.4118575578479560e+00,1.3207492723197141e-03,1.6304458847260788e-03,9.9915096133028058e-01,9.9915096133028058e-01,4.2754970093743454e-02,2.1288462384151638e+00,9.9729183800433929e-01,9.9729183800433929e-01,-2.7074530127485846e-03,9.9871992165841816e-01,9.9871992165841816e-01,1.6266443349999999e+00,1.4253025964999999e+01,4.4438363600001196e-01,0,0,0,0,0,jacobi:5,4.3246656200000189e-01,5,150,1.1766276000003018e-02,3.8017451200000707e-01,5.5052417459711105e-03,1.3207492723197141e-03,6.3129285338338181e-03,1.6304458847260762e-03,5.7654283742482518e-16,-1.4166984960380715e-16
exp4_repeat,g_jac,A_int,A,2,2,8,abc,0,0.0000000000000000e+00,2.9999999999999999e-01,1,100,4,1,35,B,4.5806116537669572e-01,5.1549992623322410e-02,8.9022301561086057e-14,4.9737991503207013e-13,1.2523161030828796e-15,6.9968633255032736e-15,3.9438271438302579e+01,-1.0169142658448980e-03,1.2520046519279507e+01,1.2538456019848324e+01,6.6613381477509392e-16,1.4117900840863555e+00,2.3454288175947288e-04,2.8487396040369255e-04,9.9924351540236933e-01,9.9918039555897842e-01,4.1487153983119335e-02,2.0622237900733009e+00,9.9708967473247712e-01,9.9713168514169359e-01,-2.8673028240889893e-03,9.9865486675452875e-01,9.9867219206308822e-01,1.6266443349999999e+00,1.6790697836999961e+01,4.3053484200000014e-01,0,0,0,0,0,jacobi:5,4.1809775999999488e-01,5,175,1.2302466999997819e-02,4.5105709799998905e-01,1.1422678294200665e-03,2.3454288175947288e-04,1.3810056047820637e-03,2.8487396040369282e-04,5.9689004312504498e-16,-1.6292344902481400e-14
exp4_repeat,g_jac,A_int,A,2,2,8,abc,0,0.0000000000000000e+00,2.9999999999999999e-01,1,100,4,1,40,A,5.0349947705312426e-01,5.6663599295937284e-02,8.7350699062570032e-14,4.5119463720766362e-13,1.2288009311525161e-15,6.3471545881350884e-15,3.9455497386806435e+01,-5.8057589290172072e-04,1.2518787263073767e+01,1.2540288643089525e+01,2.4980018054066022e-16,1.4116881648917603e+00,1.3259595208433407e-03,1.6390098924953197e-03,9.9967996752644539e-01,9.9967996752644539e-01,5.1809891071635895e-02,2.4858719081663927e+00,9.9698938825521422e-01,9.9698938825521422e-01,-3.0098235820815943e-03,9.9860009645438053e-01,9.9860009645438053e-01,1.6266443349999999e+00,1.9264773047999974e+01,5.3427370500001814e-01,0,0,0,0,0,jacobi:5,5.2239526300000705e-01,5,200,1.1745932000010839e-02,5.1228258000000082e-01,5.5307185515561528e-03,1.3259595208433407e-03,6.3478310968408591e-03,1.6390098924953204e-03,5.7113771802031240e-16,2.8329865227191276e-15
exp4_repeat,g_jac,A_int,A,2,2,8,abc,0,0.0000000000000000e+00,2.9999999999999999e-01,1,100,4,1,45,B,5.3300144310432929e-01,5.9983736970264129e-02,8.7682755254382235e-14,4.6584958113271568e-13,1.2334721125176696e-15,6.5533121682615482e-15,3.9462754776454645e+01,-3.9674406557415492e-04,1.2516375787448860e+01,1.2540956417170651e+01,1.0963452368173421e-15,1.4116335167149321e+00,2.4591984950565233e-04,2.9923171023443556e-04,9.9986384727776934e-01,9.9980068824948487e-01,5.1575256205926706e-02,2.3996102249995936e+00,9.9679733965197925e-01,9.9683933774423306e-01,-3.1595470719358535e-03,9.9854411603513404e-01,9.9856143942231856e-01,1.6266443349999999e+00,2.1839149346999982e+01,5.8744203999999911e-01,0,0,0,0,0,jacobi:5,5.7558541200000946e-01,5,225,1.1730512999989173e-02,5.8171937100000193e-01,1.1994431856920174e-03,2.4591984950565233e-04,1.4486655873757073e-03,2.9923171023443567e-04,6.0686051350703229e-16,8.4986582962743964e-15
exp4_repeat,g_jac,A_int,A,2,2,8,abc,0,0.0000000000000000e+00,2.9999999999999999e-01,1,100,4,1,50,A,5.8033365536023540e-01,6.5310482341989357e-02,8.5961051072642099e-14,4.1211478674085811e-13,1.2092521380424061e-15,5.7974010411312617e-15,3.9484760385227467e+01,1.6066451633399016e-04,1.2515287642141839e+01,1.2543666386959870e+01,7.4940054162198066e-16,1.4115450510291507e+00,1.3314147730524185e-03,1.6478274661946245e-03,1.0004214011731809e+00,1.0004214011731809e+00,6.1149572419016258e-02,2.8652167419655803e+00,9.9671068035334420e-01,9.9671068035334420e-01,-3.2884585196531978e-03,9.9849886055784187e-01,9.9849886055784187e-01,1.6266443349999999e+00,2.4002990928999985e+01,4.3037633800000208e-01,0,0,0,0,0,jacobi:5,4.1862704599999745e-01,5,250,1.1621167000001265e-02,6.4123346800000647e-01,5.5574560042474007e-03,1.3314147730524185e-03,6.3841294478260494e-03,1.6478274661946241e-03,5.7297191132832065e-16,7.0805576149233279e-15
exp4_repeat,g_jac,A_int,A,2,2,8,abc,0,0.0000000000000000e+00,2.9999999999999999e-01,1,100,4,1,55,B,6.1127275349931065e-01,6.8792354199714051e-02,9.0320019293472012e-14,4.7428727611986687e-13,1.2705716725865277e-15,6.6720089568191932e-15,3.9495321910307005e+01,4.2819107186574948e-04,1.2512972169989970e+01,1.2544953302317271e+01,5.9674487573602164e-16,1.4115011041952710e+00,2.5875671005269932e-04,3.1517458677550800e-04,1.0006889974714872e+00,1.0006257863204215e+00,6.1584369114741314e-02,2.7519932047791635e+00,9.9652627741432931e-01,9.9656826408590959e-01,-3.4305250867085442e-03,9.9845045168044744e-01,9.9846777344268234e-01,1.6266443349999999e+00,2.6671833411999962e+01,5.4054649799999765e-01,0,0,0,0,0,jacobi:5,5.2823172099999738e-01,5,275,1.2179035999992038e-02,7.0378608100000051e-01,1.2626624587545837e-03,2.5875671005269932e-04,1.5228276407697624e-03,3.1517458677550757e-04,5.9809983144140056e-16,-2.4071857445135631e-15
exp4_repeat,g_jac,A_int,A,2,2,8,abc,0,0.0000000000000000e+00,2.9999999999999999e-01,1,100,4,1,60,A,6.5942003070129551e-01,7.4210826605149535e-02,8.5430338633676577e-14,3.7858605139717838e-13,1.2017863713550905e-15,5.3257374865995702e-15,3.9521771854261146e+01,1.0981759790425155e-03,1.2512034740528319e+01,1.2548473045325318e+01,5.8286708792820718e-16,1.4114245945563468e+00,1.3370918117684022e-03,1.6568609291047391e-03,1.0013591570402269e+00,1.0013591570402269e+00,7.0579202696782417e-02,3.2556810974197203e+00,9.9645162104339946e-01,9.9645162104339946e-01,-3.5474500092001339e-03,9.9841365204766797e-01,9.9841365204766797e-01,1.6266443349999999e+00,2.9053650207999972e+01,5.1215791599999250e-01,0,0,0,0,0,jacobi:5,5.0009723899999869e-01,5,300,1.1931943999996975e-02,7.6505547700000065e-01,5.5853388897553723e-03,1.3370918117684022e-03,6.4215988759758532e-03,1.6568609291047424e-03,5.7727610206908759e-16,2.1375088379181074e-14
exp4_repeat,g_jac,A_int,A,2,2,8,abc,0,0.0000000000000000e+00,2.9999999999999999e-01,1,100,4,1,65,B,6.9114191810982362e-01,7.7780793206799398e-02,8.6248219455781160e-14,4.9737991503207013e-13,1.2132918627427943e-15,6.9968633255032736e-15,3.9535428635823465e+01,1.4441062972022464e-03,1.2509799389934322e+01,1.2550335398976005e+01,4.8572257327350599e-16,1.4113902355106356e+00,2.7267602968066143e-04,3.3226779390864501e-04,1.0017051775406123e+00,1.0016419021998613e+00,7.1473684465060194e-02,3.1115698373400775e+00,9.9627359894154466e-01,9.9631557496701528e-01,-3.6831250487119869e-03,9.9837202674126579e-01,9.9838934714293426e-01,1.6266443349999999e+00,3.1602039181000002e+01,5.5800617300000965e-01,0,0,0,0,0,jacobi:5,5.4568604700000378e-01,5,325,1.2185227000003351e-02,8.2738522400000747e-01,1.3302073194237695e-03,2.7267602968066143e-04,1.6016206786186500e-03,3.3226779390864555e-04,5.9972579410509869e-16,1.2879996337961647e-14
exp4_repeat,g_jac,A_int,A,2,2,8,abc,0,0.0000000000000000e+00,2.9999999999999999e-01,1,100,4,1,70,A,7.3953855066167717e-01,8.3227327948485835e-02,8.4813380023330849e-14,3.9790393202565610e-13,1.1931073416162175e-15,5.5974906604025976e-15,3.9566069705064919e+01,2.2202536481049960e-03,1.2509001005023739e+01,1.2554616391003194e+01,5.8286708792820718e-16,1.4113248665786560e+00,1.3429723201328950e-03,1.6660817922052379e-03,1.0024815272290719e+00,1.0024815272290719e+00,8.0008622996798784e-02,3.6512413455833292e+00,9.9621001600280890e-01,9.9621001600280890e-01,-3.7889917988309946e-03,9.9834310646216395e-01,9.9834310646216395e-01,1.6266443349999999e+00,3.4352060240000050e+01,5.5361515600000644e-01,0,0,0,0,0,jacobi:5,5.4107624200000259e-01,5,350,1.2408007000004773e-02,9.1962784800001529e-01,5.6142640434148185e-03,1.3429723201328950e-03,6.4600602267371066e-03,1.6660817922052396e-03,5.7014564770833609e-16,4.2446272748090430e-15
exp4_repeat,g_jac,A_int,A,2,2,8,abc,0,0.0000000000000000e+00,2.9999999999999999e-01,1,100,4,1,75,B,7.7168925607102268e-01,8.6845553530485453e-02,8.8377453524013272e-14,4.1211478674085811e-13,1.2432447404388404e-15,5.7974010411312838e-15,3.9582671777939296e+01,2.6407890667420634e-03,1.2506833944175344e+01,1.2557023153632240e+01,4.7184478546569153e-16,1.4112993601244932e+00,2.8737390549367158e-04,3.5016245818737671e-04,1.0029021722790943e+00,1.0028388213270241e+00,8.1235931840652642e-02,3.4741996543298193e+00,9.9603743245903975e-01,9.9607939853410088e-01,-3.9192181509450476e-03,9.9830774441795000e-01,9.9832506370440732e-01,1.6266443349999999e+00,3.6741387274000097e+01,5.4084414300001526e-01,0,0,0,0,0,jacobi:5,5.2449930900002073e-01,5,375,1.6172320000009677e-02,9.9338346800002952e-01,1.4007320535103793e-03,2.8737390549367158e-04,1.6835954008009798e-03,3.5016245818737704e-04,5.9945843781039790e-16,-3.0273086505682976e-14
exp4_repeat,g_jac,A_int,A,2,2,8,abc,0,0.0000000000000000e+00,2.9999999999999999e-01,1,100,4,1,80,A,8.2004238836729526e-01,9.2287192773439788e-02,8.5510147919884099e-14,4.1211478674085811e-13,1.2029090838949887e-15,5.7974010411312617e-15,3.9617308150615209e+01,3.5181386358922018e-03,1.2506165110454596e+01,1.2562028554471761e+01,4.3021142204224816e-16,1.4112446114489576e+00,1.3490460610478690e-03,1.6754730725714595e-03,1.0037797505686907e+00,1.0037797505686907e+00,8.9397859872810861e-02,4.0487039801490203e+00,9.9598416690638836e-01,9.9598416690638836e-01,-4.0147817691171851e-03,9.9828633558156099e-01,9.9828633558156099e-01,1.6266443349999999e+00,3.9345887941000122e+01,5.5146637900000428e-01,0,0,0,0,0,jacobi:5,5.3872499999999945e-01,5,400,1.2567818000007946e-02,1.0726078100000329e+00,5.6441627481702127e-03,1.3490460610478690e-03,6.4993912007591153e-03,1.6754730725714593e-03,5.7895118823412989e-16,-6.6459907238921352e-15
exp4_repeat,g_jac,A_int,A,2,2,8,abc,0,0.0000000000000000e+00,2.9999999999999999e-01,1,100,4,1,85,B,8.5243608258342762e-01,9.5932764203863666e-02,9.0199618284080439e-14,4.1211478674085811e-13,1.2688779383171994e-15,5.7974010411312838e-15,3.9636749204538731e+01,4.0105862845886461e-03,1.2504054805876896e+01,1.2564956929746335e+01,4.1633363423443370e-16,1.4112273741207455e+00,3.0261657519649326e-04,3.6859197362004985e-04,1.0042723265959148e+00,1.0042088890944456e+00,9.0878033234891992e-02,3.8377275828977515e+00,9.9581610340105509e-01,9.9585806015085243e-01,-4.1404784388558921e-03,9.9825682383578185e-01,9.9827414223883604e-01,1.6266443349999999e+00,4.1655047275000136e+01,4.5790150999999923e-01,0,0,0,0,0,jacobi:5,4.4604566200001727e-01,5,425,1.1725466999990886e-02,1.1423172760000391e+00,1.4732167072484858e-03,3.0261657519649326e-04,1.7676660527048535e-03,3.6859197362005056e-04,6.0098478413432355e-16,-4.2412103632916997e-15
exp4_repeat,g_jac,A_int,A,2,2,8,abc,0,0.0000000000000000e+00,2.9999999999999999e-01,1,100,4,1,90,A,9.0060296222464409e-01,1.0135344265878364e-01,8.6458761574387694e-14,3.7569947153315297e-13,1.2162536518774733e-15,5.2851306905140603e-15,3.9675230649050214e+01,4.9853326611312395e-03,1.2503505662076837e+01,1.2570658267093306e+01,1.5959455978986625e-16,1.4111828580581747e+00,1.3553093133752388e-03,1.6850271396059130e-03,1.0052473270837423e+00,1.0052473270837423e+00,9.8732340817868108e-02,4.4464467317996199e+00,9.9577236988839291e-01,9.9577236988839291e-01,-4.2265233397402865e-03,9.9824265246263577e-01,9.9824265246263577e-01,1.6266443349999999e+00,4.4403854173000191e+01,5.5025717000003738e-01,0,0,0,0,0,jacobi:5,5.3855963500001280e-01,5,450,1.1567036000002417e-02,1.2134310690000625e+00,5.6749960462367825e-03,1.3553093133752388e-03,6.5395160612980200e-03,1.6850271396059127e-03,5.7559978249824081e-16,-8.3371100423016172e-15
exp4_repeat,g_jac,A_int,A,2,2,8,abc,0,0.0000000000000000e+00,2.9999999999999999e-01,1,100,4,1,95,B,9.3315189645119168e-01,1.0501648472849470e-01,8.9504862370847518e-14,4.4719783431901305e-13,1.2591044994979771e-15,6.2909297935551759e-15,3.9697440562639301e+01,5.5479163444913287e-03,1.2501439286773413e+01,1.2574091585388864e+01,7.2164496600635175e-16,1.4111733554062582e+00,3.1822977829093572e-04,3.8735907264168627e-04,1.0058100574297277e+00,1.0057465227934479e+00,1.0041358239648115e-01,4.2011158903443011e+00,9.9560780488649825e-01,9.9564975286004798e-01,-4.3487122321132854e-03,9.9821861273575596e-01,9.9823593047589942e-01,1.6266443349999999e+00,4.6750513731000218e+01,4.5365288099998224e-01,0,0,0,0,0,jacobi:5,4.4187143799999262e-01,5,475,1.1643405000000939e-02,1.2903350170000856e+00,1.5469071775230752e-03,3.1822977829093572e-04,1.8530407002783475e-03,3.8735907264168660e-04,6.0481948086902991e-16,3.5317738677414962e-15
exp4_repeat,g_jac,A_int,A,2,2,8,abc,0,0.0000000000000000e+00,2.9999999999999999e-01,1,100,4,1,100,A,9.8107702818063913e-01,1.1040995698474432e-01,8.6258315816036113e-14,5.1159076974727213e-13,1.2134338927095293e-15,7.1967737062319117e-15,3.9739656602158128e+01,6.6172611176761468e-03,1.2500998298765650e+01,1.2580467039495392e+01,6.9388939039072284e-16,1.4111387292873723e+00,1.3617630337013154e-03,1.6947433233861836e-03,1.0068796809755047e+00,1.0068796809755047e+00,1.0801138761458363e-01,4.8437623776206982e+00,9.9557268484213224e-01,9.9557268484213224e-01,-4.4261561094805944e-03,9.9821143664892031e-01,9.9821143664892031e-01,1.6266443349999999e+00,4.8996099799000184e+01,5.2956595899996728e-01,0,0,0,0,0,jacobi:5,5.1781560799997806e-01,5,500,1.1623401999997895e-02,1.3496432570000643e+00,5.7067471247664913e-03,1.3617630337013154e-03,6.5803942213275481e-03,1.6947433233861812e-03,5.6773956424289086e-16,2.9368921865933717e-14
exp4_repeat,g_jac,A_int,A,2,2,8,abc,0,0.0000000000000000e+00,2.9999999999999999e-01,1,100,4,1,0,A,2.0254441727229264e-01,2.2794255452097286e-02,8.3786414868294027e-14,3.8369307731045410e-13,1.1786605684098978e-15,5.3975802796739334e-15,3.9468128469587128e+01,-2.6062682839567288e-04,1.2556590281248958e+01,1.2559878392954451e+01,6.8001160258290838e-16,1.4136671625649608e+00,1.7228396484440912e-15,8.0948539144800970e-11,1.0000000000000000e+00,1.0000000000000000e+00,0.0000000000000000e+00,1.0000000000000000e+00,1.0000000000000000e+00,1.0000000000000000e+00,0.0000000000000000e+00,1.0000000000000000e+00,1.0000000000000000e+00,1.5373041259999987e+00,0.0000000000000000e+00,0.0000000000000000e+00,0,0,0,0,0,jacobi:20,0.0000000000000000e+00,0,0,0.0000000000000000e+00,0.0000000000000000e+00,nan,nan,nan,nan,nan,nan
exp4_repeat,g_jac,A_int,A,2,2,8,abc,0,0.0000000000000000e+00,2.9999999999999999e-01,1,100,4,1,1,B,2.6166756228466692e-01,2.9447946966742796e-02,8.7872273080858770e-14,3.8724579098925460e-13,1.2361381436329736e-15,5.4475578748561205e-15,3.9452390086606371e+01,-6.5928472645235725e-04,1.2547041409354465e+01,1.2553191943555019e+01,4.4408920985006262e-16,1.4131963670266121e+00,6.5543193765468905e-07,9.7814560082905047e-07,9.9960123817391333e-01,9.9953809573402319e-01,0.0000000000000000e+00,1.1780458873656372e+00,9.9923953305152013e-01,9.9928163404078174e-01,-7.1811249648235916e-04,9.9964962604498664e-01,9.9966696861127158e-01,1.5373041259999987e+00,5.3016302300000007e-01,5.3016302300000007e-01,0,0,0,0,0,jacobi:20,5.0598631100000091e-01,20,20,2.4040571000000455e-02,2.4040571000000455e-02,7.5353119228236190e-04,6.5543193765468905e-07,9.6982536533390474e-04,9.7814560082902675e-07,5.9750996782798926e-16,2.8301264124726581e-16
exp4_repeat,g_jac,A_int,A,2,2,8,abc,0,0.0000000000000000e+00,2.9999999999999999e-01,1,100,4,1,2,A,2.6104498827517453e-01,2.9377882774397516e-02,8.6306581138025923e-14,3.9790393202565610e-13,1.2141128623484669e-15,5.5974906604025976e-15,3.9437933803152070e+01,-1.0254666641170860e-03,1.2542281250120197e+01,1.2548147465643265e+01,7.2164496600635175e-16,1.4128873578669605e+00,4.6951179091139418e-06,7.5368991719873078e-06,9.9923496077453167e-01,9.9923496077453167e-01,1.8409445368648046e-02,1.2888283557291833e+00,9.9886043656691348e-01,9.9886043656691348e-01,-1.1392651012280147e-03,9.9944838168513062e-01,9.9944838168513062e-01,1.5373041259999987e+00,1.0861129199999979e+00,5.5594989699999786e-01,0,0,0,0,0,jacobi:20,5.3204815499999825e-01,20,40,2.3764614000000961e-02,4.7805185000001416e-02,5.4394542435366186e-03,4.6951179091139418e-06,6.2233775180520323e-03,7.5368991719276259e-06,5.7059596868655969e-16,-5.8039818405461313e-15
exp4_repeat,g_jac,A_int,A,2,2,8,abc,0,0.0000000000000000e+00,2.9999999999999999e-01,1,100,4,1,5,B,2.8883661393113885e-01,3.2505539528222029e-02,8.9553950284258141e-14,4.1477932199995848e-13,1.2597950408943785e-15,5.8348842375179090e-15,3.9430045658101704e+01,-1.2252757124284646e-03,1.2537199319022106e+01,1.2544935984514851e+01,4.7878367936959876e-16,1.4126670375733512e+00,5.4967442926686408e-07,8.1590686520584374e-07,9.9903509963704584e-01,9.9897199295878469e-01,1.1795638975783722e-02,1.3003628810208585e+00,9.9845571434660818e-01,9.9849778231121267e-01,-1.5016876578185273e-03,9.9927519542631738e-01,9.9929253149673858e-01,1.5373041259999987e+00,2.4931738830000114e+00,4.5433367200000419e-01,0,0,0,0,0,jacobi:20,4.3133714500000053e-01,20,100,2.2868214000002496e-02,1.1760406300000525e-01,6.4916994109825521e-04,5.4967442926686408e-07,8.7807335516446603e-04,8.1590686520586237e-07,6.0897751981430780e-16,9.6287632445601455e-15
exp4_repeat,g_jac,A_int,A,2,2,8,abc,0,0.0000000000000000e+00,2.9999999999999999e-01,1,100,4,1,10,A,3.1451441243691092e-01,3.5395307147939550e-02,8.6744795779315606e-14,4.8316906031686813e-13,1.2202774215911548e-15,6.7969529447745826e-15,3.9430831880894893e+01,-1.2053604564253645e-03,1.2534947942400436e+01,1.2543526777546434e+01,7.7715611723760958e-16,1.4124942665444828e+00,4.7464397016862084e-06,7.9528595311076346e-06,9.9905502008485214e-01,9.9905502008485214e-01,2.6950749260806914e-02,1.5528169903300284e+00,9.9827641594065220e-01,9.9827641594065220e-01,-1.7231328338865868e-03,9.9917031671136092e-01,9.9917031671136092e-01,1.5373041259999987e+00,5.2675622070000117e+00,4.9270562099999893e-01,0,0,0,0,0,jacobi:20,4.6857801700000579e-01,20,200,2.3982992999997066e-02,2.4062589400000789e-01,5.4835791886216310e-03,4.7464397016862084e-06,6.2719082318411145e-03,7.9528595308726049e-06,5.7396469428649553e-16,-7.9303076574384177e-15
exp4_repeat,g_jac,A_int,A,2,2,8,abc,0,0.0000000000000000e+00,2.9999999999999999e-01,1,100,4,1,15,B,3.2743515069450013e-01,3.6849401081702551e-02,8.7215072221782939e-14,4.1922021409845911e-13,1.2268930083764355e-15,5.8973562314956163e-15,3.9431605323792404e+01,-1.1857689189614649e-03,1.2533879950623444e+01,1.2543682329247993e+01,4.8572257327350599e-16,1.4124979296880229e+00,5.8778016910421879e-07,1.4148317846430057e-06,9.9907461672972742e-01,9.9901150755526513e-01,2.0914485693399987e-02,1.4741362257006303e+00,9.9819136165815425e-01,9.9823341848477909e-01,-1.7659582081470714e-03,9.9915557395100507e-01,9.9917290794615576e-01,1.5373041259999987e+00,7.9972986659999847e+00,5.5206683999999484e-01,0,0,0,0,0,jacobi:20,5.2783526700000039e-01,20,300,2.4103462999995884e-02,3.7567628799999042e-01,6.7708056574464312e-04,5.8778016910421879e-07,9.0977967666127171e-04,1.4148317846431545e-06,5.9506513686111212e-16,1.8976223386611238e-14
exp4_repeat,g_jac,A_int,A,2,2,8,abc,0,0.0000000000000000e+00,2.9999999999999999e-01,1,100,4,1,20,A,3.6139866618359773e-01,4.0671639475313562e-02,8.4736841512075483e-14,4.5030645878796349e-13,1.1920306405146929e-15,6.3346601893395470e-15,3.9442057874933305e+01,-9.2100270554192998e-04,1.2533540656897804e+01,1.2544789741542282e+01,5.2735593669694936e-16,1.4124354391448692e+00,4.7687040641887529e-06,8.0437481239386827e-06,9.9933945196631468e-01,9.9933945196631468e-01,3.3576992150596348e-02,1.7842933962368746e+00,9.9816434049093927e-01,9.9816434049093927e-01,-1.8351789428219347e-03,9.9912870338032278e-01,9.9912870338032278e-01,1.5373041259999987e+00,1.0651576060999979e+01,4.8434970799999633e-01,0,0,0,0,0,jacobi:20,4.5625201000000004e-01,20,400,2.7958986999998103e-02,5.1650084299998511e-01,5.5087511773829912e-03,4.7687040641887529e-06,6.3029736013464586e-03,8.0437481239302496e-06,5.7874923976961034e-16,6.9383192496847732e-15
exp4_repeat,g_jac,A_int,A,2,2,8,abc,0,0.0000000000000000e+00,2.9999999999999999e-01,1,100,4,1,25,B,3.8017370309251841e-01,4.2784573483507872e-02,8.9452575313858115e-14,4.4586556668946287e-13,1.2583689543334239e-15,6.2721881953618633e-15,3.9447671677852625e+01,-7.7880341641183438e-04,1.2533152736643206e+01,1.2546104384503337e+01,5.4123372450476381e-16,1.4124829405989228e+00,6.1604544385285746e-07,1.4026311540825585e-06,9.9948168832605611e-01,9.9941855343784636e-01,3.0149234807466535e-02,1.7115689216589984e+00,9.9813344673348525e-01,9.9817550111997888e-01,-1.8238551378284597e-03,9.9914497115180223e-01,9.9916230496300884e-01,1.5373041259999987e+00,1.3422390024999977e+01,5.5420585399999567e-01,0,0,0,0,0,jacobi:20,5.3005863900000350e-01,20,500,2.4006704999997908e-02,6.3815319999998010e-01,7.1999614018327805e-04,6.1604544385285746e-07,9.5461366726178368e-04,1.4026311540828560e-06,6.0910350538014442e-16,1.5291316361013771e-14
exp4_repeat,g_jac,A_int,A,2,2,8,abc,0,0.0000000000000000e+00,2.9999999999999999e-01,1,100,4,1,30,A,4.2129835899163276e-01,4.7412723321297610e-02,8.7567260383992851e-14,4.5474735088646412e-13,1.2318473950763522e-15,6.3971321833172543e-15,3.9463977952827030e+01,-3.6576064611081597e-04,1.2533216961251792e+01,1.2548385403446735e+01,7.4246164771807344e-16,1.4124478475616367e+00,4.7875302575765172e-06,8.0351395685839241e-06,9.9989483877444818e-01,9.9989483877444818e-01,4.1488333227696357e-02,2.0800294802757064e+00,9.9813856154627667e-01,9.9813856154627667e-01,-1.8609511386891602e-03,9.9913748084725129e-01,9.9913748084725129e-01,1.5373041259999987e+00,1.6026278227999988e+01,4.7892618699999900e-01,0,0,0,0,0,jacobi:20,4.5474656700000082e-01,20,600,2.4046187999999802e-02,7.4952511399998301e-01,5.5320196385342515e-03,4.7875302575765172e-06,6.3334790801210664e-03,8.0351395685813017e-06,5.6972334151117598e-16,-1.9818085086940152e-15
exp4_repeat,g_jac,A_int,A,2,2,8,abc,0,0.0000000000000000e+00,2.9999999999999999e-01,1,100,4,1,35,B,4.4471453266594768e-01,5.0047968723917077e-02,8.8408923370441707e-14,4.9737991503207013e-13,1.2436874406920667e-15,6.9968633255032736e-15,3.9473345279515847e+01,-1.2848348919195464e-04,1.2533043342181395e+01,1.2550453044821799e+01,4.4408920985006262e-16,1.4125129516382740e+00,6.5395564370737589e-07,1.3468955382084136e-06,1.0001321777882815e+00,1.0000690018101950e+00,3.9781905854522528e-02,2.0021363048772125e+00,9.9812473461822471e-01,9.9816678863765040e-01,-1.8325645461114680e-03,9.9916619999512835e-01,9.9918353417462658e-01,1.5373041259999987e+00,1.8364514911999983e+01,4.6570659799998282e-01,0,0,0,0,0,jacobi:20,4.4272510199999715e-01,20,700,2.2842298999989907e-02,8.7029769999998408e-01,7.7614281684478513e-04,6.5395564370737589e-07,1.0134038777458157e-03,1.3468955382083141e-06,6.0233133658773130e-16,9.1999177128606008e-15
exp4_repeat,g_jac,A_int,A,2,2,8,abc,0,0.0000000000000000e+00,2.9999999999999999e-01,1,100,4,1,40,A,4.8978434682565419e-01,5.5120104855685935e-02,8.9096146777934847e-14,4.6185277824406512e-13,1.2533549164203613e-15,6.4970873736815867e-15,3.9494631847361980e+01,4.1071157327131878e-04,1.2533299629399476e+01,1.2553659257478811e+01,6.6613381477509392e-16,1.4124929982893342e+00,4.8070093807722192e-06,8.0169443526854726e-06,1.0006715134160789e+00,1.0006715134160789e+00,5.0117387487997711e-02,2.4181577227438842e+00,9.9814514519246023e-01,9.9814514519246023e-01,-1.8543692160703762e-03,9.9916941957292393e-01,9.9916941957292393e-01,1.5373041259999987e+00,2.0827214302999955e+01,4.3666102800000317e-01,0,0,0,0,0,jacobi:20,4.0841713400000401e-01,20,800,2.8103680000000963e-02,9.9243153799996620e-01,5.5565301632078939e-03,4.8070093807722192e-06,6.3654929243035282e-03,8.0169443520629204e-06,5.8104890075562762e-16,7.6409056484785860e-15
exp4_repeat,g_jac,A_int,A,2,2,8,abc,0,0.0000000000000000e+00,2.9999999999999999e-01,1,100,4,1,45,B,5.1598955212864883e-01,5.8069226593502755e-02,9.0940595158457911e-14,4.5119463720766362e-13,1.2793015878468420e-15,6.3471545881351129e-15,3.9507254650843322e+01,7.3045092067487369e-04,1.2533227761896816e+01,1.2556340847562344e+01,4.0245584642661925e-16,1.4125690050478044e+00,7.0169099812109495e-07,1.3109201238382323e-06,1.0009913361178588e+00,1.0009281058687778e+00,4.9490791710717956e-02,2.3230214876519715e+00,9.9813942170375425e-01,9.9818147634199139e-01,-1.8178820240674310e-03,9.9920585037294074e-01,9.9922318524031928e-01,1.5373041259999987e+00,2.3612798682999959e+01,5.4936528599999690e-01,0,0,0,0,0,jacobi:20,5.2505044800000178e-01,20,900,2.4180334999996944e-02,1.1234114329999336e+00,8.4187283294689279e-04,7.0169099812109495e-07,1.0826997379400538e-03,1.3109201238382527e-06,6.0335586437369321e-16,-6.5076575820337538e-15
exp4_repeat,g_jac,A_int,A,2,2,8,abc,0,0.0000000000000000e+00,2.9999999999999999e-01,1,100,4,1,50,A,5.6304102499183728e-01,6.3364377683246514e-02,8.5516898156018727e-14,3.9790393202565610e-13,1.2030040424532688e-15,5.5974906604025976e-15,3.9533037417784463e+01,1.3835360366876153e-03,1.2533604250721526e+01,1.2560355845614870e+01,5.4817261840867104e-16,1.4125598371006904e+00,4.8274494032656959e-06,7.9990673604401196e-06,1.0016445914897472e+00,1.0016445914897472e+00,5.9066547344559135e-02,2.7798397634179532e+00,9.9816940506836815e-01,9.9816940506836815e-01,-1.8301156912734684e-03,9.9921670001709506e-01,9.9921670001709506e-01,1.5373041259999987e+00,2.5781113481999945e+01,4.3274720099999797e-01,0,0,0,0,0,jacobi:20,4.0891440000000046e-01,20,1000,2.3702977999988661e-02,1.2395686959999104e+00,5.5823344621390436e-03,4.8274494032656959e-06,6.3988712428747164e-03,7.9990673604383679e-06,5.7059353488773920e-16,-1.4566546591358579e-14
exp4_repeat,g_jac,A_int,A,2,2,8,abc,0,0.0000000000000000e+00,2.9999999999999999e-01,1,100,4,1,55,B,5.9089115680324056e-01,6.6498618692863332e-02,8.4427957435726685e-14,4.1211478674085811e-13,1.1876854315500421e-15,5.7974010411312838e-15,3.9548604134046165e+01,1.7778455659526373e-03,1.2533582894774323e+01,1.2563573783032549e+01,9.5756735873919752e-16,1.4126436347807183e+00,7.5659967275823273e-07,1.2972183119037144e-06,1.0020390038134452e+00,1.0019757073856803e+00,5.9152121239607058e-02,2.6602338137560242e+00,9.9816770429238322e-01,9.9820976012225149e-01,-1.7896082232394213e-03,9.9925864104403217e-01,9.9927597682725722e-01,1.5373041259999987e+00,2.8225138758999940e+01,4.4508397299999558e-01,0,0,0,0,0,jacobi:20,4.2157809600000462e-01,20,1100,2.3337269999998966e-02,1.3534568149999053e+00,9.1401032320467715e-04,7.5659967275823273e-07,1.1594185820647006e-03,1.2972183119036811e-06,5.9348107105205028e-16,-2.2339518741291846e-14
exp4_repeat,g_jac,A_int,A,2,2,8,abc,0,0.0000000000000000e+00,2.9999999999999999e-01,1,100,4,1,60,A,6.3886661747436135e-01,7.1897754945033518e-02,8.4360975263830403e-14,4.4053649617126212e-13,1.1867431637023834e-15,6.1972218025885901e-15,3.9578542870107533e+01,2.5362026095759713e-03,1.2534038499411013e+01,1.2568321129012672e+01,4.9960036108132044e-16,1.4126428325587932e+00,4.8488373036868170e-06,7.9836402148959640e-06,1.0027975585567857e+00,1.0027975585567857e+00,6.8142822731502031e-02,3.1542050187218660e+00,9.9820398839710311e-01,9.9820398839710311e-01,-1.7955414162764553e-03,9.9927540935144232e-01,9.9927540935144232e-01,1.5373041259999987e+00,3.0514994845999961e+01,4.5485311500000591e-01,0,0,0,0,0,jacobi:20,4.3205983400000036e-01,20,1200,2.2652278000009574e-02,1.4523009649999246e+00,5.6092902868527129e-03,4.8488373036868170e-06,6.4333801683776805e-03,7.9836402148748305e-06,5.6016976824549015e-16,1.7807973525869511e-14
exp4_repeat,g_jac,A_int,A,2,2,8,abc,0,0.0000000000000000e+00,2.9999999999999999e-01,1,100,4,1,65,B,6.6771900478353929e-01,7.5144789326850953e-02,8.7405940605360993e-14,3.5971225997855072e-13,1.2295780383760270e-15,5.0602315121943321e-15,3.9596832102972037e+01,2.9994742900114409e-03,1.2534030700208623e+01,1.2572020910147582e+01,3.6082248300317588e-16,1.4127323033366084e+00,8.1645302608616422e-07,1.3043429900320098e-06,1.0032609510097263e+00,1.0031975773944546e+00,6.8726581681724130e-02,3.0061182235701889e+00,9.9820336727287950e-01,9.9824542460533727e-01,-1.7539563237364089e-03,9.9932136232665469e-01,9.9933869919800911e-01,1.5373041259999987e+00,3.3124952258999983e+01,4.6414577699999882e-01,0,0,0,0,0,jacobi:20,4.4117647999999576e-01,20,1300,2.2843776999991405e-02,1.5620780709998918e+00,9.9017597146270351e-04,8.1645302608616422e-07,1.2411418700848343e-03,1.3043429900320357e-06,6.0207391936024014e-16,4.9453021067264589e-15
exp4_repeat,g_jac,A_int,A,2,2,8,abc,0,0.0000000000000000e+00,2.9999999999999999e-01,1,100,4,1,70,A,7.1606187286770895e-01,8.0585273440101732e-02,8.6964474818103605e-14,3.6592950891645160e-13,1.2233677438245697e-15,5.1476923037631034e-15,3.9630663453291902e+01,3.8564324046682632e-03,1.2534531454291075e+01,1.2577441780140676e+01,1.1102230246251565e-16,1.4127380630898783e+00,4.8711460308963465e-06,7.9717740878875704e-06,1.0041181325288839e+00,1.0041181325288839e+00,7.7256330061348008e-02,3.5353325582164223e+00,9.9824324705482959e-01,9.9824324705482959e-01,-1.7562930362651458e-03,9.9934277353277645e-01,9.9934277353277645e-01,1.5373041259999987e+00,3.5762117398000001e+01,5.4839654700001006e-01,0,0,0,0,0,jacobi:20,5.2537330900000256e-01,20,1400,2.2886016999990488e-02,1.6934424709998588e+00,5.6372860204227737e-03,4.8711460308963465e-06,6.4688514568817888e-03,7.9717740876641943e-06,5.7718565462738915e-16,-9.3212197219758044e-15
exp4_repeat,g_jac,A_int,A,2,2,8,abc,0,0.0000000000000000e+00,2.9999999999999999e-01,1,100,4,1,75,B,7.4556545868911395e-01,8.3905593402621104e-02,8.8555612590419724e-14,4.1211478674085811e-13,1.2457509828506692e-15,5.7974010411312838e-15,3.9651508534347734e+01,4.3844444760926015e-03,1.2534501984385120e+01,1.2581580153840722e+01,6.8001160258290838e-16,1.4128313840614364e+00,8.7957417737144718e-07,1.3301031945039701e-06,1.0046462822502951e+00,1.0045828211269336e+00,7.8208338189572221e-02,3.3565884693612724e+00,9.9824090008759592e-01,9.9828295900142494e-01,-1.7164351709971985e-03,9.9939144884246633e-01,9.9940878692972679e-01,1.5373041259999987e+00,3.8025450104999962e+01,4.5128156800001307e-01,0,0,0,0,0,jacobi:20,4.2829728099999897e-01,20,1500,2.2832719999996698e-02,1.7936773779998454e+00,1.0686841662876270e-03,8.7957417737144718e-07,1.3260788114248456e-03,1.3301031945040936e-06,5.9178638767265607e-16,6.3534139998678517e-15
exp4_repeat,g_jac,A_int,A,2,2,8,abc,0,0.0000000000000000e+00,2.9999999999999999e-01,1,100,4,1,80,A,7.9398993850136912e-01,8.9355262062169996e-02,8.4623811945693356e-14,4.3520742565306136e-13,1.1904406035955992e-15,6.1222554098153413e-15,3.9689020443703846e+01,5.3346322402539519e-03,1.2535013546375021e+01,1.2587625499579413e+01,4.5796699765787707e-16,1.4128420934020223e+00,4.8943639174715233e-06,7.9643288477614168e-06,1.0055967177234393e+00,1.0055967177234393e+00,8.6367616870398081e-02,3.9200781201190087e+00,9.9828164060539915e-01,9.9828164060539915e-01,-1.7179095369299845e-03,9.9941636250399879e-01,9.9941636250399879e-01,1.5373041259999987e+00,4.0412480920999954e+01,4.8188265900000715e-01,0,0,0,0,0,jacobi:20,4.5791553899999826e-01,20,1600,2.3837985000000117e-02,1.8930530319998446e+00,5.6662495571801596e-03,4.8943639174715233e-06,6.5051792720863394e-03,7.9643288477148656e-06,5.6984460518868425e-16,1.1712653674169221e-14
exp4_repeat,g_jac,A_int,A,2,2,8,abc,0,0.0000000000000000e+00,2.9999999999999999e-01,1,100,4,1,85,B,8.2396305247537016e-01,9.2728422506774072e-02,8.8046719205063463e-14,5.5067062021407764e-13,1.2385921544440963e-15,7.7465272532357676e-15,3.9712294692921972e+01,5.9241758600457701e-03,1.2534924274304888e+01,1.2592165841292218e+01,9.5756735873919752e-16,1.4129374805160695e+00,9.4473140840298962e-07,1.3716632332904974e-06,1.0061864150341708e+00,1.0061228566242737e+00,8.7606212900322736e-02,3.7095399859072451e+00,9.9827453102643449e-01,9.9831659135723672e-01,-1.6828146817678576e-03,9.9946649805973953e-01,9.9948383744900215e-01,1.5373041259999987e+00,4.3047745630999955e+01,4.6851630699998736e-01,0,0,0,0,0,jacobi:20,4.4456379100000731e-01,20,1700,2.3826905999982273e-02,2.0201781039998288e+00,1.1483701780976188e-03,9.4473140840298962e-07,1.4129444637582351e-03,1.3716632332904392e-06,5.9441669559580239e-16,8.4640962736016361e-16
exp4_repeat,g_jac,A_int,A,2,2,8,abc,0,0.0000000000000000e+00,2.9999999999999999e-01,1,100,4,1,90,A,8.7233569258700761e-01,9.8172257150286574e-02,8.7498748544828656e-14,3.9079850466805510e-13,1.2308836087224545e-15,5.4975354700382659e-15,3.9753315744863535e+01,6.9632512442890102e-03,1.2535408645482775e+01,1.2598793060047845e+01,6.3143934525555778e-16,1.4129515352259450e+00,4.9184944686675215e-06,7.9620327764703477e-06,1.0072257612999351e+00,1.0072257612999351e+00,9.5463574193599993e-02,4.3068858887099033e+00,9.9831310608280222e-01,9.9831310608280222e-01,-1.6864522970274243e-03,9.9949377947089224e-01,9.9949377947089224e-01,1.5373041259999987e+00,4.5811347482999921e+01,5.6326414699998395e-01,0,0,0,0,0,jacobi:20,5.3854180199999746e-01,20,1800,2.4577011999980414e-02,2.1511836209998343e+00,5.6961391748785633e-03,4.9184944686675215e-06,6.5423054872795275e-03,7.9620327760964928e-06,5.7154759228990487e-16,-1.4099118978961008e-15
exp4_repeat,g_jac,A_int,A,2,2,8,abc,0,0.0000000000000000e+00,2.9999999999999999e-01,1,100,4,1,95,B,9.0270066973393648e-01,1.0158951769592668e-01,8.5395651983722248e-14,3.9790393202565610e-13,1.2012984189034278e-15,5.5974906604026189e-15,3.9778926974422632e+01,7.6119912676548360e-03,1.2535216149357771e+01,1.2603703379307653e+01,3.7816971776294395e-16,1.4130471190357530e+00,1.0110347620931294e-06,1.4259267450134832e-06,1.0078746704464336e+00,1.0078110053934455e+00,9.6936669137551390e-02,4.0640223121938881e+00,9.9829777579641932e-01,9.9833983710659424e-01,-1.6595771342622842e-03,9.9954405281982739e-01,9.9956139355455997e-01,1.5373041259999987e+00,4.8343711255999935e+01,4.8012918200001309e-01,0,0,0,0,0,jacobi:20,4.5625810200002093e-01,20,1900,2.3720792000005986e-02,2.2726894699998503e+00,1.2284437359326766e-03,1.0110347620931294e-06,1.5008401826204654e-03,1.4259267450135501e-06,5.9476370237652379e-16,1.4516729161738438e-14
exp4_repeat,g_jac,A_int,A,2,2,8,abc,0,0.0000000000000000e+00,2.9999999999999999e-01,1,100,4,1,100,A,9.5098017885838793e-01,1.0702287142102623e-01,8.7603411892593853e-14,3.5949021537362569e-13,1.2323559543427143e-15,5.0571079124954276e-15,3.9823322772933572e+01,8.7365499811236473e-03,1.2535629598965521e+01,1.2610874777559545e+01,6.4531713306337224e-16,1.4130628167803452e+00,4.9435526149250979e-06,7.9655203571169086e-06,1.0089995223264803e+00,1.0089995223264803e+00,1.0454639885150847e-01,4.6951685544604667e+00,9.9833070269763136e-01,9.9833070269763136e-01,-1.6688602889017962e-03,9.9957249782649038e-01,9.9957249782649038e-01,1.5373041259999987e+00,5.0842264405999927e+01,4.4356456399998478e-01,0,0,0,0,0,jacobi:20,4.1584591599999499e-01,20,2000,2.7580614000015657e-02,2.4050579119998510e+00,5.7269344868610241e-03,4.9435526149250979e-06,6.5802070450403007e-03,7.9655203570757530e-06,5.6541690430287848e-16,-1.7043585633504955e-14
exp4_repeat,g_b0,A_int,A,2,2,8,abc,1,0.0000000000000000e+00,2.9999999999999999e-01,1,100,4,1,0,A,2.0254441727229264e-01,2.2739601054497086e-02,8.4790861886317085e-14,4.4053649617126212e-13,1.1899305830839918e-15,6.1823625576736998e-15,3.9658128469587318e+01,-2.5937850288692903e-04,1.2556590281248958e+01,1.2559878392954451e+01,8.8817841970012523e-16,1.4136671625649608e+00,1.7228396484440912e-15,8.0948539144800970e-11,1.0000000000000000e+00,1.0000000000000000e+00,0.0000000000000000e+00,1.0000000000000000e+00,1.0000000000000000e+00,1.0000000000000000e+00,0.0000000000000000e+00,1.0000000000000000e+00,1.0000000000000000e+00,2.4196637359999986e+00,0.0000000000000000e+00,0.0000000000000000e+00,0,0,0,0,0,coulomb,0.0000000000000000e+00,0,0,0.0000000000000000e+00,0.0000000000000000e+00,nan,nan,nan,nan,nan,nan
exp4_repeat,g_b0,A_int,A,2,2,8,abc,1,0.0000000000000000e+00,2.9999999999999999e-01,1,100,4,1,1,B,2.6168689054412220e-01,2.9379508812456431e-02,8.9912228581239147e-14,6.7679195581149543e-13,1.2618023711741513e-15,9.4979037680390126e-15,3.9642395144371299e+01,-6.5599944635229951e-04,1.2547041409354458e+01,1.2553191943549129e+01,9.4368957093138306e-16,1.4131963670259489e+00,1.5429892205319210e-16,8.3406810720602321e-09,9.9960327615489764e-01,9.9954030861247578e-01,0.0000000000000000e+00,1.1780121479728429e+00,9.9923953305151958e-01,9.9928163404078119e-01,-7.1811249648292478e-04,9.9964962604451746e-01,9.9966696861080240e-01,2.4196637359999986e+00,8.7465137100000234e-01,8.7465137100000234e-01,0,0,0,0,0,coulomb,7.1240693300000046e-01,17,17,1.6207864900000146e-01,1.6207864900000146e-01,7.5353119228236190e-04,1.5429892205319210e-16,9.6982536533390463e-04,2.4441970904525707e-16,6.0165910759089192e-16,-2.8301264124726581e-16
exp4_repeat,g_b0,A_int,A,2,2,8,abc,1,0.0000000000000000e+00,2.9999999999999999e-01,1,100,4,1,2,A,2.6104553787826129e-01,2.9307504340779000e-02,8.7188491937222915e-14,3.5527136788005009e-13,1.2235782340339167e-15,4.9857762561884673e-15,3.9627934249916407e+01,-1.0205437193082137e-03,1.2542281346641168e+01,1.2548147584913965e+01,7.2164496600635175e-16,1.4128873632937187e+00,1.0494165788655277e-15,1.3932609758454802e-11,9.9923863730246210e-01,9.9923863730246210e-01,1.8365391497191727e-02,1.2888310692233107e+00,9.9886044425379095e-01,9.9886044425379095e-01,-1.1392574163629427e-03,9.9944838552391124e-01,9.9944838552391124e-01,2.4196637359999986e+00,1.6051239660000007e+00,7.3047259499999839e-01,0,0,0,0,0,coulomb,6.0934072299999897e-01,14,31,1.2099011400000137e-01,2.8306876300000283e-01,5.4393681769224090e-03,1.0494165788655277e-15,6.2232833640107031e-03,2.1468111567894723e-15,5.6420427831688735e-16,5.5208607257558662e-15
exp4_repeat,g_b0,A_int,A,2,2,8,abc,1,0.0000000000000000e+00,2.9999999999999999e-01,1,100,4,1,5,B,2.8885971315716480e-01,3.2430193467538906e-02,8.9468173372880657e-14,4.2632564145606011e-13,1.2555706280210749e-15,5.9829315074261505e-15,3.9620044355390867e+01,-1.2194398437826539e-03,1.2537196802343720e+01,1.2544933712851870e+01,1.2212453270876722e-15,1.4126668957036006e+00,1.5308317700183957e-16,0.0000000000000000e+00,9.9903968957522404e-01,9.9897675753454840e-01,1.1767840065901924e-02,1.3003335797660733e+00,9.9845551391971443e-01,9.9849758187587445e-01,-1.5018880224367645e-03,9.9927509507222190e-01,9.9929243114090216e-01,2.4196637359999986e+00,3.8465033890000058e+00,8.3687955899999622e-01,0,0,0,0,0,coulomb,7.2152092400000356e-01,17,79,1.1522316899999652e-01,6.0487216700000346e-01,6.4919989843451769e-04,1.5308317700183957e-16,8.7806519438662944e-04,2.3955204138227269e-16,5.9181662992368031e-16,-5.0975814643531388e-15
exp4_repeat,g_b0,A_int,A,2,2,8,abc,1,0.0000000000000000e+00,2.9999999999999999e-01,1,100,4,1,10,A,3.1451865711679527e-01,3.5310915419688824e-02,8.6908039458368309e-14,3.9790393202565610e-13,1.2196424445600669e-15,5.5840694069310835e-15,3.9620816514324922e+01,-1.1999745113926374e-03,1.2534942644322882e+01,1.2543521689288610e+01,4.9960036108132044e-16,1.4124939688000606e+00,1.0713623004948535e-15,2.4594050188254385e-11,9.9905915995781269e-01,9.9905915995781269e-01,2.6886737501453161e-02,1.5528379471154170e+00,9.9827599400464606e-01,9.9827599400464606e-01,-1.7235546594320105e-03,9.9917010609288570e-01,9.9917010609288570e-01,2.4196637359999986e+00,7.8453766060000021e+00,7.9493822899999600e-01,0,0,0,0,0,coulomb,7.0068829899999940e-01,14,155,9.4084573000003502e-02,1.1768910540000093e+00,5.4835177166879618e-03,1.0713623004948535e-15,6.2718502596668807e-03,2.1879068192270306e-15,5.7983305599326397e-16,-2.7331249986757491e-14
exp4_repeat,g_b0,A_int,A,2,2,8,abc,1,0.0000000000000000e+00,2.9999999999999999e-01,1,100,4,1,15,B,3.2745979736930364e-01,3.6763813359288446e-02,9.0665039296376314e-14,4.9737991503207013e-13,1.2723671003594269e-15,6.9800867586638416e-15,3.9621582207861508e+01,-1.1806721650217114e-03,1.2533870076644872e+01,1.2543672924307419e+01,4.9960036108132044e-16,1.4124973752437133e+00,1.5612382823682563e-16,0.0000000000000000e+00,9.9907846731209626e-01,9.9901553282871280e-01,2.0865339832034747e-02,1.4740960789884310e+00,9.9819057529988731e-01,9.9823263209338053e-01,-1.7667443220813117e-03,9.9915518175494533e-01,9.9917251574329202e-01,2.4196637359999986e+00,1.1433796357999988e+01,7.0970535100000376e-01,0,0,0,0,0,coulomb,5.9383820500000439e-01,17,234,1.1568519899999785e-01,1.6893972560000066e+00,6.7713122143720796e-04,1.5612382823682563e-16,9.0976575857396470e-04,2.5050359482447571e-16,6.0115478277641523e-16,2.3791103875199619e-14
exp4_repeat,g_b0,A_int,A,2,2,8,abc,1,0.0000000000000000e+00,2.9999999999999999e-01,1,100,4,1,20,A,3.6140640920421047e-01,4.0574989301204969e-02,8.4741500502843526e-14,3.5971225997855072e-13,1.1892378596169599e-15,5.0480984593908231e-15,3.9632019371836591e+01,-9.1756199815845639e-04,1.2533527555191826e+01,1.2544777090531548e+01,2.2204460492503131e-16,1.4124347041551073e+00,1.0816916903112241e-15,4.0767503792694598e-11,9.9934164574178663e-01,9.9934164574178663e-01,3.3497516416248090e-02,1.7843316249904340e+00,9.9816329707822260e-01,9.9816329707822260e-01,-1.8362220823785447e-03,9.9912818346320120e-01,9.9912818346320120e-01,2.4196637359999986e+00,1.5518498119999995e+01,8.0946979199998736e-01,0,0,0,0,0,coulomb,7.2365511599998911e-01,14,310,8.5689588999997568e-02,2.2484695220000077e+00,5.5086941460279482e-03,1.0816916903112241e-15,6.3029258571195143e-03,2.2132603216389839e-15,5.7868053003433307e-16,1.9540592292042333e-14
exp4_repeat,g_b0,A_int,A,2,2,8,abc,1,0.0000000000000000e+00,2.9999999999999999e-01,1,100,4,1,25,B,3.8019871519672283e-01,4.2684795865704186e-02,8.9727307581841184e-14,3.8813396940895473e-13,1.2592072430230409e-15,5.4469605598858908e-15,3.9637624795264337e+01,-7.7625503997191011e-04,1.2533134872952244e+01,1.2546087231732811e+01,3.3306690738754696e-16,1.4124819393825983e+00,1.5700773368584912e-16,0.0000000000000000e+00,9.9948298936146962e-01,9.9942002939621755e-01,3.0078170832930937e-02,1.7115060835265312e+00,9.9813202407888224e-01,9.9817407840543504e-01,-1.8252773503925530e-03,9.9914426292359870e-01,9.9916159672251836e-01,2.4196637359999986e+00,1.9595665961999963e+01,8.3366265299999043e-01,0,0,0,0,0,coulomb,7.0574389799999437e-01,17,389,1.2777088599999331e-01,2.8119297629999949e+00,7.2005498757558362e-04,1.5700773368584912e-16,9.5464225260839678e-04,2.5198565686505973e-16,6.0214444465957758e-16,9.6278790196965259e-15
exp4_repeat,g_b0,A_int,A,2,2,8,abc,1,0.0000000000000000e+00,2.9999999999999999e-01,1,100,4,1,30,A,4.2130869410227823e-01,4.7300200882838747e-02,8.7174716250055723e-14,4.8316906031686813e-13,1.2233849099999516e-15,6.7806557084163160e-15,3.9653915651842034e+01,-3.6557930442384365e-04,1.2533195841227190e+01,1.2548364977582484e+01,7.7715611723760958e-16,1.4124466633247226e+00,1.0879329465976358e-15,8.2168620626055851e-11,9.9989377164511140e-01,9.9989377164511140e-01,4.1390156504963950e-02,2.0800805066667802e+00,9.9813687955903896e-01,9.9813687955903896e-01,-1.8626326855912330e-03,9.9913664314164041e-01,9.9913664314164041e-01,2.4196637359999986e+00,2.3678842097999983e+01,8.1268349100000137e-01,0,0,0,0,0,coulomb,6.9431338600000458e-01,14,465,1.1823159600000110e-01,3.3871550970000044e+00,5.5319748476634545e-03,1.0879329465976358e-15,6.3334521660134346e-03,2.2083038923952989e-15,5.7613613211155211e-16,-1.3731124163223454e-14
exp4_repeat,g_b0,A_int,A,2,2,8,abc,1,0.0000000000000000e+00,2.9999999999999999e-01,1,100,4,1,35,B,4.4473924444303087e-01,4.9930741750917725e-02,9.0228636449607439e-14,5.1159076974727213e-13,1.2662427482492734e-15,7.1795178089113806e-15,3.9663274576758290e+01,-1.2965043502452121e-04,1.2533017489917805e+01,1.2550428132104919e+01,2.7755575615628914e-16,1.4125115032977942e+00,1.6064376720200052e-16,0.0000000000000000e+00,1.0001297617252645e+00,1.0000667610181828e+00,3.9687855352318335e-02,2.0020423321351650e+00,9.9812267575805547e-01,9.9816472969073522e-01,-1.8346227665635888e-03,9.9916517548568806e-01,9.9918250964741251e-01,2.4196637359999986e+00,2.7681382071999998e+01,7.1883038799998644e-01,0,0,0,0,0,coulomb,5.9213132099999655e-01,17,544,1.2657297799999867e-01,3.9468497920000232e+00,7.7621142592515112e-04,1.6064376720200052e-16,1.0134776575025470e-03,2.5389660580015356e-16,5.9459709327680856e-16,-2.0098321666466681e-14
exp4_repeat,g_b0,A_int,A,2,2,8,abc,1,0.0000000000000000e+00,2.9999999999999999e-01,1,100,4,1,40,A,4.8979636439651797e-01,5.4989291111128082e-02,8.7726073669710549e-14,4.8316906031686813e-13,1.2311225015429787e-15,6.7806557084163160e-15,3.9684546009722240e+01,4.0658050758845139e-04,1.2533270626890863e+01,1.2553631154479412e+01,4.4408920985006262e-16,1.4124913711953269e+00,1.0883423388920437e-15,3.7767029694247641e-11,1.0006661317907419e+00,1.0006661317907419e+00,4.9998673049398819e-02,2.4182170557584675e+00,9.9814283544849602e-01,9.9814283544849602e-01,-1.8566783553554862e-03,9.9916826859902397e-01,9.9916826859902397e-01,2.4196637359999986e+00,3.1036623666000033e+01,6.5257334800000422e-01,0,0,0,0,0,coulomb,5.5775485200000219e-01,14,620,9.4671729000012306e-02,4.4543551270000421e+00,5.5564984677666952e-03,1.0883423388920437e-15,6.3654884343967450e-03,2.2184587463073259e-15,5.6623587871570601e-16,-3.3959656682893427e-15
exp4_repeat,g_b0,A_int,A,2,2,8,abc,1,0.0000000000000000e+00,2.9999999999999999e-01,1,100,4,1,45,B,5.1601348620169551e-01,5.7932679522793906e-02,8.8100205591160011e-14,4.8316906031686813e-13,1.2363729613866044e-15,6.7806557084163034e-15,3.9697160603543146e+01,7.2458144089315387e-04,1.2533194160400081e+01,1.2556308354802924e+01,3.3306690738754696e-16,1.4125671213958171e+00,1.6215903930715144e-16,0.0000000000000000e+00,1.0009842152280524e+00,1.0009211606967805e+00,4.9373488842775384e-02,2.3228911238139505e+00,9.9813674569888489e-01,9.9817880022437377e-01,-1.8205571974641737e-03,9.9920451793815057e-01,9.9922185278241316e-01,2.4196637359999986e+00,3.5026115484000066e+01,7.5582213500001671e-01,0,0,0,0,0,coulomb,6.5292637400000331e-01,17,699,1.0273127800002158e-01,4.9982083050000767e+00,8.4195278666215044e-04,1.6215903930715144e-16,1.0828164592800024e-03,2.5962464777899290e-16,5.9574675463443659e-16,2.7586880699777834e-14
exp4_repeat,g_b0,A_int,A,2,2,8,abc,1,0.0000000000000000e+00,2.9999999999999999e-01,1,100,4,1,50,A,5.6305381726623516e-01,6.3213883400366530e-02,8.8358886878511022e-14,3.8369307731045410e-13,1.2400032202168942e-15,5.3846383566835445e-15,3.9722928680397800e+01,1.3741681501906534e-03,1.2533567699633780e+01,1.2560320310826659e+01,2.2204460492503131e-16,1.4125577834485574e+00,1.0886546880792195e-15,6.3869333250437247e-12,1.0016339704698918e+00,1.0016339704698918e+00,5.8926426213707778e-02,2.7799029212900401e+00,9.9816649415967973e-01,9.9816649415967973e-01,-1.8330258379008679e-03,9.9921524730447120e-01,9.9921524730447120e-01,2.4196637359999986e+00,3.8318935070000130e+01,6.5468653400000676e-01,0,0,0,0,0,coulomb,5.6019153700000857e-01,14,775,9.4362224999997579e-02,5.4911871760000963e+00,5.5823163411480112e-03,1.0886546880792195e-15,6.3988900668489872e-03,2.2179092766830007e-15,5.7283087924792439e-16,3.2527331980141812e-15
exp4_repeat,g_b0,A_int,A,2,2,8,abc,1,0.0000000000000000e+00,2.9999999999999999e-01,1,100,4,1,55,B,5.9091380208227284e-01,6.6341715550138070e-02,8.8926585441416594e-14,4.4120262998603721e-13,1.2479701386671357e-15,6.1917108881540414e-15,3.9738487530741452e+01,1.7663907616099405e-03,1.2533541968866009e+01,1.2563534020399446e+01,1.2212453270876722e-15,1.4126413366996624e+00,1.6233902823540036e-16,0.0000000000000000e+00,1.0020262948418193e+00,1.0019631746673128e+00,5.9011596185777893e-02,2.6600630845906661e+00,9.9816444497537138e-01,9.9820650066791483e-01,-1.7928665275352483e-03,9.9925701545545731e-01,9.9927435121048069e-01,2.4196637359999986e+00,4.2542297081000136e+01,8.4835757100000819e-01,0,0,0,0,0,coulomb,7.3368991700002084e-01,17,854,1.1453801999999769e-01,6.1080004800001007e+00,9.1410255407642707e-04,1.6233902823540036e-16,1.1595753222491893e-03,2.6411285478504536e-16,6.0093216028391468e-16,-2.8277961316578830e-16
exp4_repeat,g_b0,A_int,A,2,2,8,abc,1,0.0000000000000000e+00,2.9999999999999999e-01,1,100,4,1,60,A,6.3887925746512175e-01,7.1726782857804081e-02,8.6014145652995867e-14,3.8191672047105385e-13,1.2070977958399241e-15,5.3597094754026020e-15,3.9768412154527013e+01,2.5207597431010035e-03,1.2533994917816612e+01,1.2568278532197843e+01,7.4940054162198066e-16,1.4126403775575747e+00,1.0903952350146547e-15,7.9425788087530164e-12,1.0027808595411725e+00,1.0027808595411725e+00,6.7980889706949169e-02,3.1542674247409046e+00,9.9820051758270012e-01,9.9820051758270012e-01,-1.7990113220380688e-03,9.9927367273246759e-01,9.9927367273246759e-01,2.4196637359999986e+00,4.6148082853000126e+01,8.3066363799997589e-01,0,0,0,0,0,coulomb,7.3292679100001124e-01,14,928,9.7602554999980384e-02,6.5628197930000738e+00,5.6092860972734989e-03,1.0903952350146547e-15,6.4334228907763427e-03,2.2069407737599929e-15,5.6938529423475791e-16,1.3426692207918147e-14
exp4_repeat,g_b0,A_int,A,2,2,8,abc,1,0.0000000000000000e+00,2.9999999999999999e-01,1,100,4,1,65,B,6.6773973327240321e-01,7.4966939831463089e-02,9.1698915324363792e-14,4.2210679396248452e-13,1.2868762193546925e-15,5.9237254143839120e-15,3.9786694008792438e+01,2.9816264821719471e-03,1.2533983063647225e+01,1.2571974311726098e+01,1.0547118733938987e-15,1.4127296206976618e+00,6.9623881699542915e-16,0.0000000000000000e+00,1.0032418458501822e+00,1.0031786491050385e+00,6.8562950366896996e-02,3.0059034132105666e+00,9.9819957352311695e-01,9.9824163069573257e-01,-1.7577488947271463e-03,9.9931946471420519e-01,9.9933680155263849e-01,2.4196637359999986e+00,4.9579866242000158e+01,7.0236289999999713e-01,0,0,0,0,0,coulomb,6.0345074700001078e-01,16,1004,9.8782744999994065e-02,7.0911342960000923e+00,9.9028092848679229e-04,6.9623881699542915e-16,1.2413355891513166e-03,1.3695805298868477e-15,5.9501998257347998e-16,-1.0173230610073168e-14
exp4_repeat,g_b0,A_int,A,2,2,8,abc,1,0.0000000000000000e+00,2.9999999999999999e-01,1,100,4,1,70,A,7.1607337674118843e-01,8.0393343505245574e-02,8.8180275744817277e-14,4.2632564145606011e-13,1.2374966429073434e-15,5.9829315074261607e-15,3.9820511950291326e+01,3.8341419980712711e-03,1.2534481556454587e+01,1.2577392616312656e+01,8.8817841970012523e-16,1.4127352412095464e+00,1.0958989677101179e-15,2.2116442196606774e-11,1.0040945825476493e+00,1.0040945825476493e+00,7.7072389028559660e-02,3.5353893550101056e+00,9.9823927321835237e-01,9.9823927321835237e-01,-1.7602658324123159e-03,9.9934077739082261e-01,9.9934077739082261e-01,2.4196637359999986e+00,5.3573721706000192e+01,8.1713084200001163e-01,0,0,0,0,0,coulomb,7.1889741900000104e-01,14,1078,9.8103661999999758e-02,7.6372779060000937e+00,5.6372959269358602e-03,1.0958989677101179e-15,6.4689182960669389e-03,2.2106176933219738e-15,5.7526338990147836e-16,1.1298492307161087e-15
exp4_repeat,g_b0,A_int,A,2,2,8,abc,1,0.0000000000000000e+00,2.9999999999999999e-01,1,100,4,1,75,B,7.4558348990089895e-01,8.3706435069861349e-02,8.9680647494675431e-14,3.9790393202565610e-13,1.2585524287719211e-15,5.5840694069310733e-15,3.9841350285117521e+01,4.3594549821693732e-03,1.2534448457467818e+01,1.2581527282288596e+01,4.9960036108132044e-16,1.4128283563325943e+00,6.9583506301253869e-16,1.9007027988737505e-10,1.0046200318219936e+00,1.0045567482614246e+00,7.8021717895764356e-02,3.3563255943199719e+00,9.9823663723310252e-01,9.9827869596732455e-01,-1.7206967009613075e-03,9.9938930712453145e-01,9.9940664517463595e-01,2.4196637359999986e+00,5.6938802491000224e+01,7.0383979100000715e-01,0,0,0,0,0,coulomb,5.9343684399999574e-01,16,1154,1.1026253100001782e-01,8.1453973990001316e+00,1.0688019933083475e-03,6.9583506301253869e-16,1.3263065350792983e-03,1.3770400502280403e-15,6.1427210433455948e-16,-4.5180022734194809e-15
exp4_repeat,g_b0,A_int,A,2,2,8,abc,1,0.0000000000000000e+00,2.9999999999999999e-01,1,100,4,1,80,A,7.9399922212840335e-01,8.9142054823995370e-02,8.7803869754682042e-14,4.1211478674085811e-13,1.2322142694374471e-15,5.7835004571786225e-15,3.9878849609082273e+01,5.3047743629110224e-03,1.2534958264217989e+01,1.2587570395325017e+01,7.2164496600635175e-16,1.4128389491352940e+00,1.0979280956534754e-15,1.1331951557442512e-11,1.0055655964618759e+00,1.0055655964618759e+00,8.6161554266403872e-02,3.9201239551371212e+00,9.9827723796457124e-01,9.9827723796457124e-01,-1.7223110251691274e-03,9.9941413831232795e-01,9.9941413831232795e-01,2.4196637359999986e+00,6.0637784736000221e+01,6.9132131099999583e-01,0,0,0,0,0,coulomb,6.1010749999999803e-01,14,1228,8.1050220999998146e-02,8.6097408860001110e+00,5.6662735002539384e-03,1.0979280956534754e-15,6.5052700496527061e-03,2.2066962791609364e-15,5.7970413872129451e-16,-3.5279231750110695e-15
exp4_repeat,g_b0,A_int,A,2,2,8,abc,1,0.0000000000000000e+00,2.9999999999999999e-01,1,100,4,1,85,B,8.2397742315115785e-01,9.2507698472778246e-02,8.9166886232094307e-14,4.3876013933186186e-13,1.2513424508904748e-15,6.1574336763927462e-15,3.9902117888421721e+01,5.8913437484488891e-03,1.2534865908740128e+01,1.2592107394850945e+01,1.4432899320127035e-15,1.4129341576439238e+00,6.9799587748974792e-16,7.2307034080751505e-10,1.0061523180303757e+00,1.0060889379472171e+00,8.7396682848154147e-02,3.7092244556429717e+00,9.9826988282469709e-01,9.9831194295965664e-01,-1.6874614392430310e-03,9.9946414756693092e-01,9.9948148691541572e-01,2.4196637359999986e+00,6.4720216319000286e+01,8.8462485900001298e-01,0,0,0,0,0,coulomb,7.8264468099999362e-01,16,1304,1.0185470400000440e-01,9.1857224690001544e+00,1.1485008515024527e-03,6.9799587748974792e-16,1.4132033664904424e-03,1.3945568697202215e-15,5.9895383928505575e-16,1.4106892594529211e-16
exp4_repeat,g_b0,A_int,A,2,2,8,abc,1,0.0000000000000000e+00,2.9999999999999999e-01,1,100,4,1,90,A,8.7234152230415429e-01,9.7937521397104085e-02,8.5691601454568230e-14,4.0056846728475648e-13,1.2025713032726006e-15,5.6214627288524968e-15,3.9943127288223870e+01,6.9251485301562573e-03,1.2535349156500015e+01,1.2598732780650131e+01,9.9920072216264089e-16,1.4129481240580737e+00,1.0980544947409463e-15,3.0943864897278734e-11,1.0071863910283894e+00,1.0071863910283894e+00,9.5235290266017320e-02,4.3069146711232875e+00,9.9830836841266823e-01,9.9830836841266823e-01,-1.6911887268636946e-03,9.9949136647866776e-01,9.9949136647866776e-01,2.4196637359999986e+00,6.8350059408000220e+01,7.2231189100000393e-01,0,0,0,0,0,coulomb,6.4112638200001015e-01,14,1378,8.1054488000006586e-02,9.6453204100001244e+00,5.6961768660009982e-03,1.0980544947409463e-15,6.5424196251227425e-03,2.2149803040803072e-15,5.7073138786711422e-16,-7.4725688058178934e-15
exp4_repeat,g_b0,A_int,A,2,2,8,abc,1,0.0000000000000000e+00,2.9999999999999999e-01,1,100,4,1,95,B,9.0271019437995748e-01,1.0134700311404619e-01,8.9403610727822417e-14,4.6895820560166612e-13,1.2546645744184757e-15,6.5812246581687651e-15,3.9968733458518543e+01,7.5706537416336027e-03,1.2535154259253503e+01,1.2603640198327900e+01,5.5511151231257827e-16,1.4130435624984274e+00,7.0141975345144328e-16,0.0000000000000000e+00,1.0078320637134810e+00,1.0077685778188870e+00,9.6704246818534942e-02,4.0636486331714776e+00,9.9829284690227837e-01,9.9833490800478397e-01,-1.6645044969260457e-03,9.9954153703979109e-01,9.9955887773087837e-01,2.4196637359999986e+00,7.2145579891000125e+01,8.3260193899999990e-01,0,0,0,0,0,coulomb,7.1959747700000776e-01,16,1454,1.1286371200003487e-01,1.0140674484000129e+01,1.2285871611451542e-03,7.0141975345144328e-16,1.5011276102732587e-03,1.4017085796239503e-15,6.0187121374722305e-16,2.8187964906006342e-15
exp4_repeat,g_b0,A_int,A,2,2,8,abc,1,0.0000000000000000e+00,2.9999999999999999e-01,1,100,4,1,100,A,9.5098111305566935e-01,1.0676636469409974e-01,8.5996299583482436e-14,3.5527136788005009e-13,1.2068473492301190e-15,4.9857762561884673e-15,4.0013118629328716e+01,8.6895582377206279e-03,1.2535567360369880e+01,1.2610810232868667e+01,6.1062266354383610e-16,1.4130592063140988e+00,1.1043321754591545e-15,4.0993643212602434e-11,1.0089512585046374e+00,1.0089512585046374e+00,1.0429576450493329e-01,4.6951731667686909e+00,9.9832574604982749e-01,9.9832574604982749e-01,-1.6738156390806419e-03,9.9956994385456399e-01,9.9956994385456399e-01,2.4196637359999986e+00,7.4175356768000199e+01,4.0585476000001108e-01,0,0,0,0,0,coulomb,3.5214938500001836e-01,14,1528,5.3570451999974011e-02,1.0409801318000149e+01,5.7269854154211484e-03,1.1043321754591545e-15,6.5803435743000561e-03,2.2207542257812773e-15,5.7490396956388260e-16,-2.2255374465534943e-14
exp4_repeat,g_cost,B_l2c,B,2,2,8,abc,0,0.0000000000000000e+00,2.9999999999999999e-01,1,20,0,1,0,A,2.0254441727229264e-01,2.2794255452097286e-02,8.3786414868294027e-14,3.8369307731045410e-13,1.1786605684098978e-15,5.3975802796739334e-15,3.9468128469587128e+01,-2.6062682839567288e-04,nan,nan,6.8001160258290838e-16,nan,nan,nan,1.0000000000000000e+00,1.0000000000000000e+00,0.0000000000000000e+00,1.0000000000000000e+00,nan,nan,nan,nan,nan,1.3259937789999992e+00,0.0000000000000000e+00,0.0000000000000000e+00,0,0,0,0,0,none,0.0000000000000000e+00,0,0,0.0000000000000000e+00,0.0000000000000000e+00,nan,nan,nan,nan,nan,nan
exp4_repeat,g_cost,B_l2c,B,2,2,8,abc,0,0.0000000000000000e+00,2.9999999999999999e-01,1,20,0,1,1,B,2.4606659326268179e-01,2.7692221096948442e-02,9.4825526982046333e-13,3.9621639302822587e-12,1.3339526426583210e-14,5.5737513026910902e-14,3.9447982209945366e+01,-7.7093754661298846e-04,nan,nan,1.3364309658925322e-14,nan,nan,nan,9.9948955624644609e-01,9.9942642086123856e-01,0.0000000000000000e+00,1.1078092205247001e+00,nan,nan,nan,nan,nan,1.3259937789999992e+00,8.7798362069999989e+00,8.7798362069999989e+00,30,918,30,918,0,none,8.7798362069999989e+00,0,0,0.0000000000000000e+00,0.0000000000000000e+00,nan,nan,nan,nan,nan,nan
exp4_repeat,g_cost,B_l2c,B,2,2,8,abc,0,0.0000000000000000e+00,2.9999999999999999e-01,1,20,0,1,2,A,2.3542492550388139e-01,2.6494612707651959e-02,6.8519873278455537e-13,2.5579538487363607e-12,9.6389937333766909e-15,3.5983868531159554e-14,3.9415373183870486e+01,-1.5969338264456609e-03,nan,nan,9.6173069508154185e-15,nan,nan,nan,9.9866334463370121e-01,9.9866334463370121e-01,1.3351066323799050e-02,1.1623372723593042e+00,nan,nan,nan,nan,nan,1.3259937789999992e+00,1.1120849199999999e+01,2.3410129929999997e+00,29,180,59,1098,0,none,2.3410129929999997e+00,0,0,0.0000000000000000e+00,0.0000000000000000e+00,nan,nan,nan,nan,nan,nan
exp4_repeat,g_cost,B_l2c,B,2,2,8,abc,0,0.0000000000000000e+00,2.9999999999999999e-01,1,20,0,1,4,A,2.4739624571240260e-01,2.7841859571361077e-02,6.5602687125368658e-13,2.4957813593573519e-12,9.2286202504248628e-15,3.5109260615471653e-14,3.9355674134456109e+01,-3.1091284136924272e-03,nan,nan,1.0588752097362431e-14,nan,nan,nan,9.9715075582523061e-01,9.9715075582523061e-01,1.5826485642456530e-02,1.2214419387319519e+00,nan,nan,nan,nan,nan,1.3259937789999992e+00,2.2245394366000006e+01,2.1802629810000020e+00,29,180,118,2195,0,none,2.1802629810000020e+00,0,0,0.0000000000000000e+00,0.0000000000000000e+00,nan,nan,nan,nan,nan,nan
exp4_repeat,g_cost,B_l2c,B,2,2,8,abc,0,0.0000000000000000e+00,2.9999999999999999e-01,1,20,0,1,8,A,2.5929060937168436e-01,2.9180445780455765e-02,6.3663084684003331e-13,2.4051871605479391e-12,8.9557677934218376e-15,3.3834831938326419e-14,3.9233654582069306e+01,-6.1999197825272035e-03,nan,nan,1.8797463585684682e-14,nan,nan,nan,9.9405915870324324e-01,9.9405915870324324e-01,1.8070478319654009e-02,1.2801666561024212e+00,nan,nan,nan,nan,nan,1.3259937789999992e+00,4.2550717256000006e+01,2.1904598339999950e+00,29,180,236,4390,0,none,2.1904598339999950e+00,0,0,0.0000000000000000e+00,0.0000000000000000e+00,nan,nan,nan,nan,nan,nan
exp4_repeat,g_cost,B_l2c,B,2,2,8,abc,0,0.0000000000000000e+00,2.9999999999999999e-01,1,20,0,1,12,A,2.7253343175703770e-01,3.0670786913643788e-02,6.3110884124995541e-13,2.3323565301325289e-12,8.8780872976303087e-15,3.2810291237092012e-14,3.9114516388591511e+01,-9.2177254775722139e-03,nan,nan,2.6881274983736603e-14,nan,nan,nan,9.9104056628202930e-01,9.9104056628202930e-01,2.0395464742851740e-02,1.3455489686030428e+00,nan,nan,nan,nan,nan,1.3259937789999992e+00,6.4541663049000007e+01,2.5262489720000048e+00,29,180,354,6586,0,none,2.5262489720000048e+00,0,0,0.0000000000000000e+00,0.0000000000000000e+00,nan,nan,nan,nan,nan,nan
exp4_repeat,g_cost,B_l2c,B,2,2,8,abc,0,0.0000000000000000e+00,2.9999999999999999e-01,1,20,0,1,16,A,2.8871935646799846e-01,3.2492343427314843e-02,6.3007380297952691e-13,2.3856472353145364e-12,8.8635269563379046e-15,3.3559955164824503e-14,3.8998542846559602e+01,-1.2155369615039085e-02,nan,nan,3.4111602431607935e-14,nan,nan,nan,9.8810215631609255e-01,9.8810215631609255e-01,2.3051802925406737e-02,1.4254619325293751e+00,nan,nan,nan,nan,nan,1.3259937789999992e+00,8.6239477901000015e+01,2.3273335670000108e+00,29,180,474,8842,0,none,2.3273335670000108e+00,0,0,0.0000000000000000e+00,0.0000000000000000e+00,nan,nan,nan,nan,nan,nan
exp4_repeat,g_cost,B_l2c,B,2,2,8,abc,0,0.0000000000000000e+00,2.9999999999999999e-01,1,20,0,1,20,A,3.0743250415600004e-01,3.4598312451085529e-02,6.2960954161231349e-13,2.3021584638627246e-12,8.8569959862775351e-15,3.2385481678043600e-14,3.8885611228120133e+01,-1.5015960927772028e-02,nan,nan,4.1792957983233237e-14,nan,nan,nan,9.8524081926215823e-01,9.8524081926215823e-01,2.5943637741993753e-02,1.5178522730779591e+00,nan,nan,nan,nan,nan,1.3259937789999992e+00,1.0901171722800001e+02,2.5548433259999968e+00,29,180,594,11098,0,none,2.5548433259999968e+00,0,0,0.0000000000000000e+00,0.0000000000000000e+00,nan,nan,nan,nan,nan,nan
exp4_repeat,g_cost,A_int,A,2,2,8,abc,0,0.0000000000000000e+00,2.9999999999999999e-01,1,20,4,1,0,A,2.0254441727229264e-01,2.2794255452097286e-02,8.3786414868294027e-14,3.8369307731045410e-13,1.1786605684098978e-15,5.3975802796739334e-15,3.9468128469587128e+01,-2.6062682839567288e-04,1.2556590281248958e+01,1.2559878392954451e+01,6.8001160258290838e-16,1.4136671625649608e+00,1.7228396484440912e-15,8.0948539144800970e-11,1.0000000000000000e+00,1.0000000000000000e+00,0.0000000000000000e+00,1.0000000000000000e+00,1.0000000000000000e+00,1.0000000000000000e+00,0.0000000000000000e+00,1.0000000000000000e+00,1.0000000000000000e+00,1.8785217000000003e+00,0.0000000000000000e+00,0.0000000000000000e+00,0,0,0,0,0,none,0.0000000000000000e+00,0,0,0.0000000000000000e+00,0.0000000000000000e+00,nan,nan,nan,nan,nan,nan
exp4_repeat,g_cost,A_int,A,2,2,8,abc,0,0.0000000000000000e+00,2.9999999999999999e-01,1,20,4,1,1,B,2.6166756228466725e-01,2.9447946966742834e-02,8.6576167252403239e-14,3.9790393202565610e-13,1.2179052494950854e-15,5.5974906604026189e-15,3.9452390086606364e+01,-6.5928472645253723e-04,1.2547041409354462e+01,1.2553197847076111e+01,2.0122792321330962e-16,1.4131970316252733e+00,7.5353119228236190e-04,9.6982536533390398e-04,9.9960123817391311e-01,9.9953809573402297e-01,0.0000000000000000e+00,1.1780458873656385e+00,9.9923953305151991e-01,9.9928163404078152e-01,-7.1811249648264202e-04,9.9965009616068934e-01,9.9966743873513020e-01,1.8785217000000003e+00,4.5453634900000139e-01,4.5453634900000139e-01,0,0,0,0,0,none,4.5439661300000012e-01,0,0,0.0000000000000000e+00,0.0000000000000000e+00,nan,nan,nan,nan,nan,nan
exp4_repeat,g_cost,A_int,A,2,2,8,abc,0,0.0000000000000000e+00,2.9999999999999999e-01,1,20,4,1,2,A,2.5943049363932852e-01,2.9196188291522481e-02,8.6559163587990178e-14,3.8369307731045410e-13,1.2176660514246817e-15,5.3975802796739334e-15,3.9437438818255323e+01,-1.0380047780229587e-03,1.2542256953592307e+01,1.2548314966924510e+01,6.9388939039072284e-16,1.4129150848222514e+00,5.6047339926915520e-03,6.4258762497634353e-03,9.9922241939200507e-01,9.9922241939200507e-01,1.8117444540532344e-02,1.2808572911222751e+00,9.9885850160468681e-01,9.9885850160468681e-01,-1.1411995568915085e-03,9.9946799518116780e-01,9.9946799518116780e-01,1.8785217000000003e+00,9.3748916600000065e-01,4.8295281699999926e-01,0,0,0,0,0,none,4.8280351799999899e-01,0,0,0.0000000000000000e+00,0.0000000000000000e+00,nan,nan,nan,nan,nan,nan
exp4_repeat,g_cost,A_int,A,2,2,8,abc,0,0.0000000000000000e+00,2.9999999999999999e-01,1,20,4,1,4,A,2.7837482672403030e-01,3.1328174813381467e-02,8.6397157467126387e-14,4.2632564145606011e-13,1.2153870396445100e-15,5.9973114218599259e-15,3.9428510204573712e+01,-1.2641692046494670e-03,1.2537666537548976e+01,1.2544895578274764e+01,5.4123372450476381e-16,1.4126899936790540e+00,7.4218985780337716e-03,8.6609198111900765e-03,9.9899619600549483e-01,9.9899619600549483e-01,2.1348315620667434e-02,1.3743890375896870e+00,9.9849292337520623e-01,9.9849292337520623e-01,-1.5066820798677407e-03,9.9930877018878062e-01,9.9930877018878062e-01,1.8785217000000003e+00,1.9749816259999999e+00,5.1496652799999865e-01,0,0,0,0,0,none,5.1467148599999923e-01,0,0,0.0000000000000000e+00,0.0000000000000000e+00,nan,nan,nan,nan,nan,nan
exp4_repeat,g_cost,A_int,A,2,2,8,abc,0,0.0000000000000000e+00,2.9999999999999999e-01,1,20,4,1,8,A,2.9626106366819754e-01,3.3341083682817192e-02,8.8583062057293230e-14,3.9790393202565610e-13,1.2461371266459150e-15,5.5974906604025976e-15,3.9421291892215734e+01,-1.4470111926520694e-03,1.2533691747476894e+01,1.2542193001879557e+01,6.3837823915946501e-16,1.4125149574400631e+00,9.1522986963922127e-03,1.1511221416334408e-02,9.9881330635154175e-01,9.9881330635154175e-01,2.4187163779362978e-02,1.4626967637914008e+00,9.9817637326223352e-01,9.9817637326223352e-01,-1.8231493216454627e-03,9.9918495303887001e-01,9.9918495303887001e-01,1.8785217000000003e+00,4.0264713690000047e+00,6.1322888899999839e-01,0,0,0,0,0,none,6.1302588299999883e-01,0,0,0.0000000000000000e+00,0.0000000000000000e+00,nan,nan,nan,nan,nan,nan
exp4_repeat,g_cost,A_int,A,2,2,8,abc,0,0.0000000000000000e+00,2.9999999999999999e-01,1,20,4,1,12,A,3.1615981729938697e-01,3.5580480253485980e-02,8.7080849642963452e-14,4.5474735088646412e-13,1.2250048399747453e-15,6.3971321833172543e-15,3.9419261322924392e+01,-1.4984461136687206e-03,1.2531130560167504e+01,1.2541137259746858e+01,4.7184478546569153e-16,1.4124324359330138e+00,1.0450514259466592e-02,1.4423548044682755e-02,9.9876185802171003e-01,9.9876185802171003e-01,2.7187013310426892e-02,1.5609406645573167e+00,9.9797240170211865e-01,9.9797240170211865e-01,-2.0270674830526691e-03,9.9912657896806012e-01,9.9912657896806012e-01,1.8785217000000003e+00,5.7516408440000095e+00,4.3285720099999736e-01,0,0,0,0,0,none,4.3271993699999811e-01,0,0,0.0000000000000000e+00,0.0000000000000000e+00,nan,nan,nan,nan,nan,nan
exp4_repeat,g_cost,A_int,A,2,2,8,abc,0,0.0000000000000000e+00,2.9999999999999999e-01,1,20,4,1,16,A,3.4037691761292438e-01,3.8305861571272366e-02,8.7893512485044182e-14,3.6948222259525210e-13,1.2364369277288061e-15,5.1976698989452692e-15,3.9420226057078843e+01,-1.4740091120614355e-03,1.2528959548747753e+01,1.2540934504898434e+01,9.7144514654701197e-16,1.4123923177718842e+00,1.1755741518257857e-02,1.7574292075134588e-02,9.9878630139391589e-01,9.9878630139391589e-01,3.0666936911818907e-02,1.6805050575910725e+00,9.9779950353700186e-01,9.9779950353700186e-01,-2.1999203843171360e-03,9.9909820017976259e-01,9.9909820017976259e-01,1.8785217000000003e+00,7.5953080010000082e+00,4.5610084499999815e-01,0,0,0,0,0,none,4.5596857399999990e-01,0,0,0.0000000000000000e+00,0.0000000000000000e+00,nan,nan,nan,nan,nan,nan
exp4_repeat,g_cost,A_int,A,2,2,8,abc,0,0.0000000000000000e+00,2.9999999999999999e-01,1,20,4,1,20,A,3.6809784357663017e-01,4.1425561814285805e-02,8.8745010090865079e-14,4.1211478674085811e-13,1.2484153212864508e-15,5.7974010411312617e-15,3.9423512489055874e+01,-1.3907628175932293e-03,1.2526951923035663e+01,1.2541363388337574e+01,4.0245584642661925e-16,1.4123817464005408e+00,1.3110748923693882e-02,2.0840688894184421e-02,9.9886956939025795e-01,9.9886956939025795e-01,3.4485352216767434e-02,1.8173684988896737e+00,9.9763961732051132e-01,9.9763961732051132e-01,-2.3597647434167503e-03,9.9909072220218531e-01,9.9909072220218531e-01,1.8785217000000003e+00,9.4501704880000066e+00,4.9010092599999666e-01,0,0,0,0,0,none,4.8996396799999786e-01,0,0,0.0000000000000000e+00,0.0000000000000000e+00,nan,nan,nan,nan,nan,nan
exp4_repeat,g_cost,A_l2,A,2,2,8,abc,0,0.0000000000000000e+00,2.9999999999999999e-01,1,20,0,1,0,A,2.0254441727229264e-01,2.2794255452097286e-02,8.3786414868294027e-14,3.8369307731045410e-13,1.1786605684098978e-15,5.3975802796739334e-15,3.9468128469587128e+01,-2.6062682839567288e-04,1.2556590281248958e+01,1.2559878392954451e+01,6.8001160258290838e-16,1.4136671625649608e+00,1.7228396484440912e-15,8.0948539144800970e-11,1.0000000000000000e+00,1.0000000000000000e+00,0.0000000000000000e+00,1.0000000000000000e+00,1.0000000000000000e+00,1.0000000000000000e+00,0.0000000000000000e+00,1.0000000000000000e+00,1.0000000000000000e+00,1.2269993089999929e+00,0.0000000000000000e+00,0.0000000000000000e+00,0,0,0,0,0,none,0.0000000000000000e+00,0,0,0.0000000000000000e+00,0.0000000000000000e+00,nan,nan,nan,nan,nan,nan
exp4_repeat,g_cost,A_l2,A,2,2,8,abc,0,0.0000000000000000e+00,2.9999999999999999e-01,1,20,0,1,1,B,2.9664189512412897e-01,3.3383942279502435e-02,8.6625804762052437e-14,4.4853010194856324e-13,1.2186035223049382e-15,6.3096713917484877e-15,3.9485732044793934e+01,1.8527694067695081e-04,1.2554975417840158e+01,1.2562209777478650e+01,7.7715611723760958e-16,1.4136143547002538e+00,1.8025113041662244e-05,2.1375704001218833e-05,1.0004460200138543e+00,1.0003828242110986e+00,0.0000000000000000e+00,1.3355028094432100e+00,9.9987139315907980e-01,9.9991352077052231e-01,-8.6448716809559039e-05,9.9994529707230917e-01,9.9996264476808583e-01,1.2269993089999929e+00,9.2026279499999220e-01,9.2026279499999220e-01,36,0,36,0,0,none,9.2013036599999509e-01,0,0,0.0000000000000000e+00,0.0000000000000000e+00,nan,nan,nan,nan,nan,nan
exp4_repeat,g_cost,A_l2,A,2,2,8,abc,0,0.0000000000000000e+00,2.9999999999999999e-01,1,20,0,1,2,A,2.4995479497196840e-01,2.8129797526870923e-02,8.7782791723201136e-14,4.6096459982436500e-13,1.2348793697846711e-15,6.4845929748860453e-15,3.9472601561562819e+01,-1.4732208501618124e-04,1.2554484955785075e+01,1.2559748612902601e+01,8.0491169285323849e-16,1.4135724544343971e+00,3.8770100222064088e-03,4.5055413191165536e-03,1.0001133342813338e+00,1.0001133342813338e+00,1.6462168643580955e-02,1.2340739791210298e+00,9.9983233302857488e-01,9.9983233302857488e-01,-1.6762307707251701e-04,9.9993300535439200e-01,9.9993300535439200e-01,1.2269993089999929e+00,1.6466861839999964e+00,7.2642338900000425e-01,18,0,54,0,0,none,7.2629317799999882e-01,0,0,0.0000000000000000e+00,0.0000000000000000e+00,nan,nan,nan,nan,nan,nan
exp4_repeat,g_cost,A_l2,A,2,2,8,abc,0,0.0000000000000000e+00,2.9999999999999999e-01,1,20,0,1,4,A,2.9061302784926707e-01,3.2705456332564331e-02,8.6961168931189166e-14,4.3343106881366111e-13,1.2233212384506877e-15,6.0972666122242584e-15,3.9479306715602945e+01,2.2521450946276722e-05,1.2552983910131655e+01,1.2560243453783146e+01,5.1347814888913490e-16,1.4135080975062841e+00,4.8497635749848679e-03,5.7236431306416135e-03,1.0002832220946183e+00,1.0002832220946183e+00,2.3423870962130382e-02,1.4348113453977775e+00,9.9971279057160212e-01,9.9971279057160212e-01,-2.8713423844346862e-04,9.9988748054500465e-01,9.9988748054500465e-01,1.2269993089999929e+00,3.3925287769999883e+00,7.4088386199999690e-01,18,0,108,0,0,none,7.4074134299999628e-01,0,0,0.0000000000000000e+00,0.0000000000000000e+00,nan,nan,nan,nan,nan,nan
exp4_repeat,g_cost,A_l2,A,2,2,8,abc,0,0.0000000000000000e+00,2.9999999999999999e-01,1,20,0,1,8,A,3.4730761140426819e-01,3.9085838659101819e-02,8.8795098783749853e-14,5.4711790653527714e-13,1.2491199410905001e-15,7.6965496580535718e-15,3.9490225994752500e+01,2.9911002293476666e-04,1.2550552953554282e+01,1.2560968961982194e+01,6.1062266354383610e-16,1.4133942985055445e+00,5.3794028181615664e-03,6.5147502392678726e-03,1.0005598827718016e+00,1.0005598827718016e+00,3.1727458530321904e-02,1.7147232003801007e+00,9.9951919051594029e-01,9.9951919051594029e-01,-4.8068361060427057e-04,9.9980698139799673e-01,9.9980698139799673e-01,1.2269993089999929e+00,6.9036540729999842e+00,8.0644576800000323e-01,18,0,217,0,0,none,8.0631480400000299e-01,0,0,0.0000000000000000e+00,0.0000000000000000e+00,nan,nan,nan,nan,nan,nan
exp4_repeat,g_cost,A_l2,A,2,2,8,abc,0,0.0000000000000000e+00,2.9999999999999999e-01,1,20,0,1,12,A,3.9070366991570654e-01,4.3969611100946368e-02,8.7762011884588451e-14,3.6948222259525210e-13,1.2345870506010757e-15,5.1976698989452692e-15,3.9499550395160028e+01,5.3529984444624528e-04,1.2548350723197350e+01,1.2561503729388525e+01,5.5511151231257827e-16,1.4132876296633767e+00,5.5549395252914883e-03,6.9319000985224579e-03,1.0007961341667648e+00,1.0007961341667648e+00,3.7584514546208120e-02,1.9289777283293870e+00,9.9934380609169737e-01,9.9934380609169737e-01,-6.5602212010509419e-04,9.9973152598317738e-01,9.9973152598317738e-01,1.2269993089999929e+00,1.0643692131999991e+01,8.1883785099999784e-01,18,0,325,0,0,none,8.1868022199999757e-01,0,0,0.0000000000000000e+00,0.0000000000000000e+00,nan,nan,nan,nan,nan,nan
exp4_repeat,g_cost,A_l2,A,2,2,8,abc,0,0.0000000000000000e+00,2.9999999999999999e-01,1,20,0,1,16,A,4.2915324900164659e-01,4.8296709026001979e-02,8.4834817200903827e-14,3.8369307731045410e-13,1.1934089078778005e-15,5.3975802796739334e-15,3.9508771084438195e+01,7.6886263236174601e-04,1.2546221243157893e+01,1.2562060229191731e+01,4.6490589156178430e-16,1.4131853053096630e+00,5.6878735701327053e-03,7.3304915766017236e-03,1.0010297578432781e+00,1.0010297578432781e+00,4.2570376510542247e-02,2.1188105541546971e+00,9.9917421546305052e-01,9.9917421546305052e-01,-8.2556835079564518e-04,9.9965914377297727e-01,9.9965914377297727e-01,1.2269993089999929e+00,1.4548199114999996e+01,8.7957736799999964e-01,18,0,434,0,0,none,8.7943721100000261e-01,0,0,0.0000000000000000e+00,0.0000000000000000e+00,nan,nan,nan,nan,nan,nan
exp4_repeat,g_cost,A_l2,A,2,2,8,abc,0,0.0000000000000000e+00,2.9999999999999999e-01,1,20,0,1,20,A,4.6507592251562729e-01,5.2339430161579673e-02,8.5806245933155357e-14,3.7014835641002719e-13,1.2070744256532671e-15,5.2070406980419251e-15,3.9518387741564140e+01,1.0124554030325876e-03,1.2544132179375229e+01,1.2562711780472441e+01,6.3837823915946501e-16,1.4130866362641559e+00,5.8232686294236290e-03,7.7473694672690928e-03,1.0012734141173110e+00,1.0012734141173110e+00,4.7111213272040063e-02,2.2961675704465248e+00,9.9900784356304650e-01,9.9900784356304650e-01,-9.9189669549014023e-04,9.9958934725501325e-01,9.9958934725501325e-01,1.2269993089999929e+00,1.8205558571000005e+01,8.0573582700000657e-01,18,0,543,0,0,none,8.0560410500000046e-01,0,0,0.0000000000000000e+00,0.0000000000000000e+00,nan,nan,nan,nan,nan,nan
exp4_repeat,g_cost,A_int,A,2,2,8,abc,0,0.0000000000000000e+00,2.9999999999999999e-01,1,20,4,1,0,A,2.0254441727229264e-01,2.2794255452097286e-02,8.3786414868294027e-14,3.8369307731045410e-13,1.1786605684098978e-15,5.3975802796739334e-15,3.9468128469587128e+01,-2.6062682839567288e-04,1.2556590281248958e+01,1.2559878392954451e+01,6.8001160258290838e-16,1.4136671625649608e+00,1.7228396484440912e-15,8.0948539144800970e-11,1.0000000000000000e+00,1.0000000000000000e+00,0.0000000000000000e+00,1.0000000000000000e+00,1.0000000000000000e+00,1.0000000000000000e+00,0.0000000000000000e+00,1.0000000000000000e+00,1.0000000000000000e+00,1.6099596900000002e+00,0.0000000000000000e+00,0.0000000000000000e+00,0,0,0,0,0,coulomb,0.0000000000000000e+00,0,0,0.0000000000000000e+00,0.0000000000000000e+00,nan,nan,nan,nan,nan,nan
exp4_repeat,g_cost,A_int,A,2,2,8,abc,0,0.0000000000000000e+00,2.9999999999999999e-01,1,20,4,1,1,B,2.6166756228466709e-01,2.9447946966742817e-02,8.8885404923231289e-14,6.1506355564233672e-13,1.2503903175096343e-15,8.6523711659125302e-15,3.9452390086606371e+01,-6.5928472645235725e-04,1.2547041409354458e+01,1.2553191943549129e+01,1.9428902930940239e-16,1.4131963670259489e+00,1.5429892205319210e-16,8.3406810720602321e-09,9.9960123817391333e-01,9.9953809573402319e-01,0.0000000000000000e+00,1.1780458873656379e+00,9.9923953305151958e-01,9.9928163404078119e-01,-7.1811249648292478e-04,9.9964962604451746e-01,9.9966696861080240e-01,1.6099596900000002e+00,6.5544481800000121e-01,6.5544481800000121e-01,0,0,0,0,0,coulomb,5.2525385000000036e-01,17,17,1.3006455000000017e-01,1.3006455000000017e-01,7.5353119228236190e-04,1.5429892205319210e-16,9.6982536533390463e-04,2.4441970904525707e-16,6.0260919743206625e-16,-2.8301264124726581e-16
exp4_repeat,g_cost,A_int,A,2,2,8,abc,0,0.0000000000000000e+00,2.9999999999999999e-01,1,20,4,1,2,A,2.6104553787826118e-01,2.9377944626475808e-02,8.6535940758716336e-14,3.4905411894214922e-13,1.2173393656105790e-15,4.9102987266478148e-15,3.9437934249916431e+01,-1.0254553474436292e-03,1.2542281346641168e+01,1.2548147584913965e+01,7.5633943552588789e-16,1.4128873632937187e+00,1.0494165788655277e-15,1.3932609758454802e-11,9.9923497209415535e-01,9.9923497209415535e-01,1.8409544020580298e-02,1.2888310692233100e+00,9.9886044425379095e-01,9.9886044425379095e-01,-1.1392574163629427e-03,9.9944838552391124e-01,9.9944838552391124e-01,1.6099596900000002e+00,1.2904000470000003e+00,6.3495522899999912e-01,0,0,0,0,0,coulomb,5.3151488499999999e-01,14,31,1.0329995200000042e-01,2.3336450200000058e-01,5.4393681769224090e-03,1.0494165788655277e-15,6.2232833640107031e-03,2.1468111567894723e-15,5.6497587802646113e-16,5.5208607257558662e-15
exp4_repeat,g_cost,A_int,A,2,2,8,abc,0,0.0000000000000000e+00,2.9999999999999999e-01,1,20,4,1,4,A,2.8569574143359272e-01,3.2152067183658171e-02,8.6327752778853994e-14,4.1211478674085811e-13,1.2144106931871752e-15,5.7974010411312617e-15,3.9432485795302632e+01,-1.1634663150665344e-03,1.2538283685433246e+01,1.2545363567838226e+01,6.3837823915946501e-16,1.4126714760419556e+00,1.0487260025282873e-15,3.3300707928419576e-11,9.9909692514779458e-01,9.9909692514779458e-01,2.2545964247979708e-02,1.4105337746708406e+00,9.9854207269603679e-01,9.9854207269603679e-01,-1.4575456260771972e-03,9.9929567118104479e-01,9.9929567118104479e-01,1.6099596900000002e+00,2.5239258269999976e+00,6.1456545299999732e-01,0,0,0,0,0,coulomb,5.3195101700000080e-01,14,62,8.2473046000000494e-02,4.1510590500000077e-01,5.4565671054401790e-03,1.0487260025282873e-15,6.2441843638172392e-03,2.1428612394610779e-15,5.7087751559030331e-16,-1.7840582868727789e-14
exp4_repeat,g_cost,A_int,A,2,2,8,abc,0,0.0000000000000000e+00,2.9999999999999999e-01,1,20,4,1,8,A,3.0632351699755561e-01,3.4473507546941000e-02,8.5755880614299520e-14,4.2632564145606011e-13,1.2063659144292927e-15,5.9973114218599259e-15,3.9430302765154437e+01,-1.2187631147020546e-03,1.2535592350625718e+01,1.2543737051783362e+01,2.2898349882893854e-16,1.4125274222515611e+00,1.0662331848324451e-15,3.7827949133613746e-11,9.9904161393257251e-01,9.9904161393257251e-01,2.5731812470229914e-02,1.5123769942557659e+00,9.9832773626016957e-01,9.9832773626016957e-01,-1.6718259497654939e-03,9.9919377039830803e-01,9.9919377039830803e-01,1.6099596900000002e+00,5.0024540000000055e+00,6.1152791900000381e-01,0,0,0,0,0,coulomb,5.2852659799999913e-01,14,124,8.2777976000002695e-02,7.6998783000000870e-01,5.4766585474960387e-03,1.0662331848324451e-15,6.2644190231256345e-03,2.1802534530911850e-15,5.8808173085159622e-16,6.2308518575811784e-15
exp4_repeat,g_cost,A_int,A,2,2,8,abc,0,0.0000000000000000e+00,2.9999999999999999e-01,1,20,4,1,12,A,3.2286368036166385e-01,3.6334929915517331e-02,8.7840097581532125e-14,4.3609560407276149e-13,1.2356855166482144e-15,6.1347498086108828e-15,3.9432012269882520e+01,-1.1754608540791617e-03,1.2534480081180117e+01,1.2543510257401550e+01,5.5511151231257827e-16,1.4124712647638291e+00,1.0792125070593677e-15,4.1220448243909193e-13,9.9908492748186839e-01,9.9908492748186839e-01,2.8171296841208737e-02,1.5940389012431715e+00,9.9823915572829836e-01,9.9823915572829836e-01,-1.7603832917079828e-03,9.9915404570976818e-01,9.9915404570976818e-01,1.6099596900000002e+00,7.0951847050000136e+00,5.0523795099999091e-01,0,0,0,0,0,coulomb,4.4452677399999629e-01,14,186,6.0559585999996557e-02,1.0675598310000147e+00,5.4893273766377024e-03,1.0792125070593677e-15,6.2785513295010335e-03,2.1940938377810489e-15,5.8090913118201731e-16,-6.3725767802799159e-15
exp4_repeat,g_cost,A_int,A,2,2,8,abc,0,0.0000000000000000e+00,2.9999999999999999e-01,1,20,4,1,16,A,3.4098291646357404e-01,3.8374060402873909e-02,8.7981274483055850e-14,5.1159076974727213e-13,1.2376715145842508e-15,7.1967737062319117e-15,3.9436068426750495e+01,-1.0727172003536082e-03,1.2533878418430703e+01,1.2543923141050934e+01,6.5225602696727947e-16,1.4124451144235406e+00,1.0822927076974868e-15,1.9662263575041742e-11,9.9918769792032736e-01,9.9918769792032736e-01,3.0754489867010484e-02,1.6834969882441646e+00,9.9819123963516021e-01,9.9819123963516021e-01,-1.8082868406588703e-03,9.9913554747978794e-01,9.9913554747978794e-01,1.6099596900000002e+00,9.3516626130000287e+00,5.4742993600000744e-01,0,0,0,0,0,coulomb,4.6649490899999790e-01,14,248,7.2748995000004868e-02,1.3805678530000201e+00,5.4993915679331564e-03,1.0822927076974868e-15,6.2909416350255352e-03,2.2052478312957676e-15,5.7800148752003653e-16,2.9737710475512152e-15
exp4_repeat,g_cost,A_int,A,2,2,8,abc,0,0.0000000000000000e+00,2.9999999999999999e-01,1,20,4,1,20,A,3.6140640920421052e-01,4.0672510871287815e-02,8.4319165248075114e-14,3.6948222259525210e-13,1.1861550037123323e-15,5.1976698989452692e-15,3.9442019371836558e+01,-9.2197800037599183e-04,1.2533527555191826e+01,1.2544777090531548e+01,2.8449465006019636e-16,1.4124347041551073e+00,1.0816916903112241e-15,4.0767503792694598e-11,9.9933847641722640e-01,9.9933847641722640e-01,3.3578048316548377e-02,1.7843316249904342e+00,9.9816329707822260e-01,9.9816329707822260e-01,-1.8362220823785447e-03,9.9912818346320120e-01,9.9912818346320120e-01,1.6099596900000002e+00,1.1808650721000019e+01,6.1142252700000910e-01,0,0,0,0,0,coulomb,5.2856067000000451e-01,14,310,8.2711129999999855e-02,1.7277873640000188e+00,5.5086941460279482e-03,1.0816916903112241e-15,6.3029258571195143e-03,2.2132603216389839e-15,5.7946361499884382e-16,1.9540592292042333e-14
exp4_repeat,g_cost,A_l2,A,2,2,8,abc,0,0.0000000000000000e+00,2.9999999999999999e-01,1,20,0,1,0,A,2.0254441727229264e-01,2.2794255452097286e-02,8.3786414868294027e-14,3.8369307731045410e-13,1.1786605684098978e-15,5.3975802796739334e-15,3.9468128469587128e+01,-2.6062682839567288e-04,1.2556590281248958e+01,1.2559878392954451e+01,6.8001160258290838e-16,1.4136671625649608e+00,1.7228396484440912e-15,8.0948539144800970e-11,1.0000000000000000e+00,1.0000000000000000e+00,0.0000000000000000e+00,1.0000000000000000e+00,1.0000000000000000e+00,1.0000000000000000e+00,0.0000000000000000e+00,1.0000000000000000e+00,1.0000000000000000e+00,1.4982094599999982e+00,0.0000000000000000e+00,0.0000000000000000e+00,0,0,0,0,0,coulomb,0.0000000000000000e+00,0,0,0.0000000000000000e+00,0.0000000000000000e+00,nan,nan,nan,nan,nan,nan
exp4_repeat,g_cost,A_l2,A,2,2,8,abc,0,0.0000000000000000e+00,2.9999999999999999e-01,1,20,0,1,1,B,2.9664189512412903e-01,3.3383942279502442e-02,8.5736875609278838e-14,4.5474735088646412e-13,1.2060985626150978e-15,6.3971321833172787e-15,3.9485732044793934e+01,1.8527694067695081e-04,1.2554975417840058e+01,1.2562209774608645e+01,5.8286708792820718e-16,1.4136143543772948e+00,1.1425329999582659e-16,7.2501669465196234e-09,1.0004460200138543e+00,1.0003828242110986e+00,0.0000000000000000e+00,1.3355028094432102e+00,9.9987139315907192e-01,9.9991352077051443e-01,-8.6448716817478797e-05,9.9994529684385836e-01,9.9996264453963102e-01,1.4982094599999982e+00,9.4363443999999674e-01,9.4363443999999674e-01,36,0,36,0,0,coulomb,8.6677267299999983e-01,16,16,7.6721871000003716e-02,7.6721871000003716e-02,1.8025113041662244e-05,1.1425329999582659e-16,2.1375704001218806e-05,1.4360698958796920e-16,6.0101265482726598e-16,-7.9186691488589165e-15
exp4_repeat,g_cost,A_l2,A,2,2,8,abc,0,0.0000000000000000e+00,2.9999999999999999e-01,1,20,0,1,2,A,2.4995430916416633e-01,2.8129742854284583e-02,8.5080524692781543e-14,4.1211478674085811e-13,1.1968653838768560e-15,5.7974010411312617e-15,3.9472600919233955e+01,-1.4733835539637512e-04,1.2554484794443219e+01,1.2559620946710947e+01,7.4940054162198066e-16,1.4135580973827928e+00,5.1771306915184695e-16,3.5284568200677985e-11,1.0001133180067119e+00,1.0001133180067119e+00,1.6462074012324506e-02,1.2340715805962585e+00,9.9983232017939749e-01,9.9983232017939749e-01,-1.6763592288601803e-04,9.9992284946198362e-01,9.9992284946198362e-01,1.4982094599999982e+00,1.7559897239999884e+00,8.1235528399999168e-01,18,0,54,0,0,coulomb,7.4099445599999569e-01,14,30,7.1212084999999092e-02,1.4793395600000281e-01,3.8768990294219840e-03,5.1771306915184695e-16,4.5051337667273428e-03,1.1571386917919645e-15,5.7312865264146322e-16,1.5557576953867086e-15
exp4_repeat,g_cost,A_l2,A,2,2,8,abc,0,0.0000000000000000e+00,2.9999999999999999e-01,1,20,0,1,4,A,3.0422385874287916e-01,3.4237212973811104e-02,8.7706489582688050e-14,3.4372504842394846e-13,1.2338059938149579e-15,4.8353323338745653e-15,3.9481559611133278e+01,7.9587961385242691e-05,1.2552450157556986e+01,1.2560121276809095e+01,4.1980308118638732e-16,1.4134540189600668e+00,5.0230710473812303e-16,8.0269441316559569e-11,1.0003403034819982e+00,1.0003403034819982e+00,2.5530676987540114e-02,1.5020105853319705e+00,9.9967028280773373e-01,9.9967028280773373e-01,-3.2963087399749344e-04,9.9984922645829355e-01,9.9984922645829355e-01,1.4982094599999982e+00,3.7188943949999782e+00,8.5079346999998506e-01,18,0,108,0,0,coulomb,7.8982552799999439e-01,14,60,6.0842012999998474e-02,2.8230279400000313e-01,3.7944572176164489e-03,5.0230710473812303e-16,4.4105536612606012e-03,1.1235168249892714e-15,5.7335638120444789e-16,7.3542010596300346e-15
exp4_repeat,g_cost,A_l2,A,2,2,8,abc,0,0.0000000000000000e+00,2.9999999999999999e-01,1,20,0,1,8,A,3.8552216215469626e-01,4.3386486603504838e-02,8.6820143793699673e-14,4.2854608750531042e-13,1.2213373754464676e-15,6.0285474188487800e-15,3.9497352940033480e+01,4.7963765584053660e-04,1.2548451618336653e+01,1.2560780744484241e+01,8.4654505627668186e-16,1.4132455987186507e+00,4.8639675966863056e-16,6.8447751764238767e-11,1.0007404574673175e+00,1.0007404574673175e+00,3.6911597386494799e-02,1.9033956469726618e+00,9.9935184132555011e-01,9.9935184132555011e-01,-6.4798898983533853e-04,9.9970179412985360e-01,9.9970179412985360e-01,1.4982094599999982e+00,7.7452139599999583e+00,1.0286630049999843e+00,18,0,216,0,0,coulomb,9.5925793499999656e-01,14,120,6.9229885999988028e-02,5.6752167799999143e-01,3.6783450499325173e-03,4.8639675966863056e-16,4.2768277250031560e-03,1.0823600911715899e-15,5.7501738621166895e-16,-2.1920038059910542e-14
exp4_repeat,g_cost,A_l2,A,2,2,8,abc,0,0.0000000000000000e+00,2.9999999999999999e-01,1,20,0,1,12,A,4.4607695995805224e-01,5.0201295663999328e-02,8.7003470940389399e-14,4.5474735088646412e-13,1.2239163195302066e-15,6.3971321833172543e-15,3.9510294327586308e+01,8.0744683204723902e-04,1.2544508967521129e+01,1.2560994695225014e+01,4.2327252813834093e-16,1.4130381974121251e+00,4.7857896864482321e-16,4.7276490407533658e-11,1.0010683521016628e+00,1.0010683521016628e+00,4.4730070278053584e-02,2.2023661079651689e+00,9.9903785076543661e-01,9.9903785076543661e-01,-9.6189734883156343e-04,9.9955508257566472e-01,9.9955508257566472e-01,1.4982094599999982e+00,1.1599404954999983e+01,9.6163414600000863e-01,18,0,324,0,0,coulomb,8.8933258699999840e-01,14,180,7.2149530000004347e-02,8.7968495200000518e-01,3.5966066669024608e-03,4.7857896864482321e-16,4.1830463138373556e-03,1.0564473437944653e-15,5.7694583970254964e-16,1.3434638530917515e-14
exp4_repeat,g_cost,A_l2,A,2,2,8,abc,0,0.0000000000000000e+00,2.9999999999999999e-01,1,20,0,1,16,A,4.9572190993550080e-01,5.5788315473936860e-02,8.5883138228647773e-14,4.1211478674085811e-13,1.2081561035941826e-15,5.7974010411312617e-15,3.9521514599995093e+01,1.0916596523591314e-03,1.2540605084560562e+01,1.2560952203640239e+01,8.2572837456496018e-16,1.4128328209807446e+00,4.6742666868194772e-16,2.2475765419662669e-11,1.0013526390147711e+00,1.0013526390147711e+00,5.0925087446267829e-02,2.4474725919948312e+00,9.9872694765614300e-01,9.9872694765614300e-01,-1.2727190652867257e-03,9.9940980337783158e-01,9.9940980337783158e-01,1.4982094599999982e+00,1.5157135549999964e+01,7.6971842999999751e-01,18,0,433,0,0,coulomb,7.0806239499999890e-01,14,240,6.1523053000001937e-02,1.1713470450000045e+00,3.5350300330663363e-03,4.6742666868194772e-16,4.1125471337816891e-03,1.0435196320231625e-15,5.7982728762901030e-16,-1.5131701115882046e-14
exp4_repeat,g_cost,A_l2,A,2,2,8,abc,0,0.0000000000000000e+00,2.9999999999999999e-01,1,20,0,1,20,A,5.3834935017226904e-01,6.0585587969083664e-02,8.5316098819835805e-14,3.9257486150745535e-13,1.2001793093495343e-15,5.5225242676293488e-15,3.9531492057331064e+01,1.3443915991145083e-03,1.2536734428776530e+01,1.2560730142828666e+01,5.8980598183211441e-16,1.4126295415921872e+00,4.6186106432745070e-16,6.0396011646953742e-12,1.0016054368474239e+00,1.0016054368474239e+00,5.6142341007367709e-02,2.6579323065149389e+00,9.9841869074106215e-01,9.9841869074106215e-01,-1.5808952802892310e-03,9.9926600758633244e-01,9.9926600758633244e-01,1.4982094599999982e+00,1.9223150472999976e+01,9.9057845299999769e-01,19,0,543,0,0,coulomb,9.2809245600000168e-01,14,300,6.2352856000003953e-02,1.4960084460000189e+00,3.4866576759799636e-03,4.6186106432745070e-16,4.0571503706226860e-03,1.0358844709671141e-15,5.7727329147428174e-16,1.3717769057439476e-14
exp4_repeat,g_cost,B_l2c,B,3,3,8,abc,0,0.0000000000000000e+00,2.9999999999999999e-01,1,20,0,1,0,A,1.3464715461453933e-02,1.5153128777949955e-03,2.2709910013873703e-13,1.7674750552032492e-12,3.1947035193672450e-15,2.4863853603127879e-14,3.9478387313157270e+01,-7.6728506357789540e-07,nan,nan,7.4940054162198066e-16,nan,nan,nan,1.0000000000000000e+00,1.0000000000000000e+00,0.0000000000000000e+00,1.0000000000000000e+00,nan,nan,nan,nan,nan,3.8876088040000063e+00,0.0000000000000000e+00,0.0000000000000000e+00,0,0,0,0,0,none,0.0000000000000000e+00,0,0,0.0000000000000000e+00,0.0000000000000000e+00,nan,nan,nan,nan,nan,nan
exp4_repeat,g_cost,B_l2c,B,3,3,8,abc,0,0.0000000000000000e+00,2.9999999999999999e-01,1,20,0,1,1,B,1.8922796310510932e-02,2.1295627832088283e-03,1.9130026610918112e-13,9.9475983006414026e-13,2.6911054822389589e-15,1.3993726651006604e-14,3.9478022017142308e+01,-1.0020341217529442e-05,nan,nan,2.1926904736346842e-15,nan,nan,nan,9.9999074693674628e-01,9.9998930372080685e-01,0.0000000000000000e+00,1.0722510784865238e+00,nan,nan,nan,nan,nan,3.8876088040000063e+00,1.5560847555000002e+01,1.5560847555000002e+01,39,1160,39,1160,0,none,1.5560847555000002e+01,0,0,0.0000000000000000e+00,0.0000000000000000e+00,nan,nan,nan,nan,nan,nan
exp4_repeat,g_cost,B_l2c,B,3,3,8,abc,0,0.0000000000000000e+00,2.9999999999999999e-01,1,20,0,1,2,A,1.7789138696502223e-02,2.0019814773553600e-03,1.0005666520998824e-13,5.6843418860808015e-13,1.4075413785753511e-15,7.9964152291466552e-15,3.9477944051371459e+01,-1.1995237264035875e-05,nan,nan,2.6124935548210715e-15,nan,nan,nan,9.9998877203918446e-01,9.9998877203918446e-01,1.3150491741529835e-03,1.3211670716271740e+00,nan,nan,nan,nan,nan,3.8876088040000063e+00,2.0743100636000001e+01,5.1822530809999989e+00,38,234,77,1394,0,none,5.1822530809999989e+00,0,0,0.0000000000000000e+00,0.0000000000000000e+00,nan,nan,nan,nan,nan,nan
exp4_repeat,g_cost,B_l2c,B,3,3,8,abc,0,0.0000000000000000e+00,2.9999999999999999e-01,1,20,0,1,4,A,2.1363170516635808e-02,2.4042013726217324e-03,6.4883964418913492e-14,3.8369307731045410e-13,9.1275143473914956e-16,5.3975802796739918e-15,3.9478137889434777e+01,-7.0852617614628741e-06,nan,nan,4.9994730577651580e-15,nan,nan,nan,9.9999368201845440e-01,9.9999368201845440e-01,1.8724278769966316e-03,1.5866039336511157e+00,nan,nan,nan,nan,nan,3.8876088040000063e+00,4.2983316057999986e+01,5.4130846079999912e+00,40,246,157,2829,0,none,5.4130846079999912e+00,0,0,0.0000000000000000e+00,0.0000000000000000e+00,nan,nan,nan,nan,nan,nan
exp4_repeat,g_cost,B_l2c,B,3,3,8,abc,0,0.0000000000000000e+00,2.9999999999999999e-01,1,20,0,1,8,A,2.4935261183501273e-02,2.8062028113931738e-03,6.3257688481506661e-14,4.8316906031686813e-13,8.8987389159819521e-16,6.7969529447746560e-15,3.9478505672582862e+01,2.2307942104747322e-06,nan,nan,1.0338951916821770e-14,nan,nan,nan,1.0000029980815743e+00,1.0000029980815743e+00,2.3662362111915702e-03,1.8518966297419805e+00,nan,nan,nan,nan,nan,3.8876088040000063e+00,8.5680871133999986e+01,5.5024580920000119e+00,40,246,317,5699,0,none,5.5024580920000119e+00,0,0,0.0000000000000000e+00,0.0000000000000000e+00,nan,nan,nan,nan,nan,nan
exp4_repeat,g_cost,B_l2c,B,3,3,8,abc,0,0.0000000000000000e+00,2.9999999999999999e-01,1,20,0,1,12,A,2.6751141739357612e-02,3.0105611729719130e-03,6.3432099374662162e-14,3.9790393202565610e-13,8.9232740679856137e-16,5.5974906604026583e-15,3.9478468951402633e+01,1.3006358490653630e-06,nan,nan,1.5661083541118614e-14,nan,nan,nan,1.0000020679224992e+00,1.0000020679224992e+00,2.6046875782087561e-03,1.9867587856527194e+00,nan,nan,nan,nan,nan,3.8876088040000063e+00,1.2782204163099998e+02,3.7972563299999820e+00,40,246,479,8627,0,none,3.7972563299999820e+00,0,0,0.0000000000000000e+00,0.0000000000000000e+00,nan,nan,nan,nan,nan,nan
exp4_repeat,g_cost,B_l2c,B,3,3,8,abc,0,0.0000000000000000e+00,2.9999999999999999e-01,1,20,0,1,16,A,2.7889658767698347e-02,3.1386893550766478e-03,6.3457456823407477e-14,3.5527136788005009e-13,8.9268412124921014e-16,4.9977595182166587e-15,3.9478147689306809e+01,-6.8370281030041682e-06,nan,nan,2.0754231666586520e-14,nan,nan,nan,9.9999393025230332e-01,9.9999393025230332e-01,2.7512826092542537e-03,2.0713143807263785e+00,nan,nan,nan,nan,nan,3.8876088040000063e+00,1.4874477110499998e+02,2.3184253159999741e+00,40,246,641,11555,0,none,2.3184253159999741e+00,0,0,0.0000000000000000e+00,0.0000000000000000e+00,nan,nan,nan,nan,nan,nan
exp4_repeat,g_cost,B_l2c,B,3,3,8,abc,0,0.0000000000000000e+00,2.9999999999999999e-01,1,20,0,1,20,A,2.8686411447714260e-02,3.2283555347966775e-03,6.3202637734585719e-14,3.2941704919409176e-13,8.8909946838460839e-16,4.6340553782776889e-15,3.9477672005111799e+01,-1.8886249522589604e-05,nan,nan,2.6069424396979457e-14,nan,nan,nan,9.9998188102163854e-01,9.9998188102163854e-01,2.8527950912757998e-03,2.1304877574157572e+00,nan,nan,nan,nan,nan,3.8876088040000063e+00,1.7015791801500001e+02,2.2997486770000251e+00,40,246,803,14483,0,none,2.2997486770000251e+00,0,0,0.0000000000000000e+00,0.0000000000000000e+00,nan,nan,nan,nan,nan,nan
exp4_repeat,g_cost,A_int,A,3,3,8,abc,0,0.0000000000000000e+00,2.9999999999999999e-01,1,20,5,1,0,A,1.3464715461453933e-02,1.5153128777949955e-03,2.2709910013873703e-13,1.7674750552032492e-12,3.1947035193672450e-15,2.4863853603127879e-14,3.9478387313157270e+01,-7.6728506357789540e-07,1.2566332157433365e+01,1.2566346644016324e+01,7.4940054162198066e-16,1.4142114073134975e+00,2.7932756189736299e-15,0.0000000000000000e+00,1.0000000000000000e+00,1.0000000000000000e+00,0.0000000000000000e+00,1.0000000000000000e+00,1.0000000000000000e+00,1.0000000000000000e+00,0.0000000000000000e+00,1.0000000000000000e+00,1.0000000000000000e+00,3.1640332220000005e+00,0.0000000000000000e+00,0.0000000000000000e+00,0,0,0,0,0,none,0.0000000000000000e+00,0,0,0.0000000000000000e+00,0.0000000000000000e+00,nan,nan,nan,nan,nan,nan
exp4_repeat,g_cost,A_int,A,3,3,8,abc,0,0.0000000000000000e+00,2.9999999999999999e-01,1,20,5,1,1,B,1.9360987416905204e-02,2.1788766085440413e-03,2.3080741182122270e-13,2.0179413695586845e-12,3.2468699805100146e-15,2.8387274063470538e-14,3.9478284089699386e+01,-3.3819657967030602e-06,1.2566268876394716e+01,1.2566307443783272e+01,4.7184478546569153e-16,1.4142088445905647e+00,6.5924745127722762e-05,9.2536784658275363e-05,9.9999738531726068e-01,9.9999594209174059e-01,0.0000000000000000e+00,1.0970809650796316e+00,9.9999496423953649e-01,9.9999516918209297e-01,-4.8308049116959503e-06,9.9999757716381088e-01,9.9999818787847450e-01,3.1640332220000005e+00,1.9567038680000017e+00,1.9567038680000017e+00,0,0,0,0,0,none,1.9520874010000000e+00,0,0,0.0000000000000000e+00,0.0000000000000000e+00,nan,nan,nan,nan,nan,nan
exp4_repeat,g_cost,A_int,A,3,3,8,abc,0,0.0000000000000000e+00,2.9999999999999999e-01,1,20,5,1,2,A,2.2900478331377695e-02,2.5772092861927275e-03,2.2568692588346950e-13,1.5512036100062687e-12,3.1748378393160826e-15,2.1821467496413488e-14,3.9478110962093602e+01,-7.7673392815007183e-06,1.2566190252225228e+01,1.2566235423816922e+01,8.0491169285323849e-16,1.4142038404029087e+00,5.6649110829645093e-04,7.6983251404188276e-04,9.9999299994041102e-01,9.9999299994041102e-01,2.0887194186865600e-03,1.7007769972515170e+00,9.9998870750777880e-01,9.9998870750777880e-01,-1.1292479203144647e-05,9.9999464937805649e-01,9.9999464937805649e-01,3.1640332220000005e+00,3.7763815160000007e+00,1.8196776479999990e+00,0,0,0,0,0,none,1.8187185369999987e+00,0,0,0.0000000000000000e+00,0.0000000000000000e+00,nan,nan,nan,nan,nan,nan
exp4_repeat,g_cost,A_int,A,3,3,8,abc,0,0.0000000000000000e+00,2.9999999999999999e-01,1,20,5,1,4,A,3.0289530519862488e-02,3.4087698169713906e-03,2.2297496776411711e-13,1.4752643551219080e-12,3.1366875245725243e-15,2.0753196399394677e-14,3.9478335342038235e+01,-2.0837288875383512e-06,1.2566199183912271e+01,1.2566279907079013e+01,6.5225602696727947e-16,1.4142048276280486e+00,7.8798201605039930e-04,1.1052229474895171e-03,9.9999868355516597e-01,9.9999868355516597e-01,3.0572019187442971e-03,2.2495485037596032e+00,9.9998941827102550e-01,9.9998941827102550e-01,-1.0581716775820241e-05,9.9999534745271113e-01,9.9999534745271113e-01,3.1640332220000005e+00,7.7342101719999903e+00,2.0065178039999978e+00,0,0,0,0,0,none,2.0058914039999962e+00,0,0,0.0000000000000000e+00,0.0000000000000000e+00,nan,nan,nan,nan,nan,nan
exp4_repeat,g_cost,A_int,A,3,3,8,abc,0,0.0000000000000000e+00,2.9999999999999999e-01,1,20,5,1,8,A,4.2723999994447190e-02,4.8081392858121659e-03,2.2382668235537163e-13,1.5916157281026244e-12,3.1486689705602673e-15,2.2389962641610633e-14,3.9479902037001338e+01,3.7601118129472107e-05,1.2566552558812683e+01,1.2566715954626256e+01,3.8857805861880479e-16,1.4142258388212487e+00,1.0915555476500888e-03,1.6112271690434546e-03,1.0000383684326326e+00,1.0000383684326326e+00,4.5658510770971196e-03,3.1730340025940520e+00,1.0000175390381663e+00,1.0000175390381663e+00,1.7539017947021174e-05,1.0000102046325441e+00,1.0000102046325441e+00,3.1640332220000005e+00,1.5687565679999977e+01,1.8492534989999925e+00,0,0,0,0,0,none,1.8487077729999939e+00,0,0,0.0000000000000000e+00,0.0000000000000000e+00,nan,nan,nan,nan,nan,nan
exp4_repeat,g_cost,A_int,A,3,3,8,abc,0,0.0000000000000000e+00,2.9999999999999999e-01,1,20,5,1,12,A,5.3272663046486611e-02,5.9952809682365174e-03,2.2329464006810904e-13,1.8545165403338615e-12,3.1411844963085785e-15,2.6088304685090959e-14,3.9482504885871727e+01,1.0353205022694684e-04,1.2567218890726910e+01,1.2567476532827925e+01,3.4694469519536142e-16,1.4142648129553099e+00,1.3777676541154276e-03,2.1003242243580137e-03,1.0001042994153180e+00,1.0001042994153180e+00,5.8026361141974275e-03,3.9564640782044553e+00,1.0000705642093839e+00,1.0000705642093839e+00,7.0564128036904644e-05,1.0000377635490254e+00,1.0000377635490254e+00,3.1640332220000005e+00,2.3871192150999981e+01,1.7759572670000097e+00,0,0,0,0,0,none,1.7753045560000089e+00,0,0,0.0000000000000000e+00,0.0000000000000000e+00,nan,nan,nan,nan,nan,nan
exp4_repeat,g_cost,A_int,A,3,3,8,abc,0,0.0000000000000000e+00,2.9999999999999999e-01,1,20,5,1,16,A,6.2677862612515317e-02,7.0537377964877013e-03,2.2365403300082048e-13,1.6484591469634324e-12,3.1462402357028234e-15,2.3189604164525299e-14,3.9485808498077624e+01,1.8721352497614574e-04,1.2568096142109537e+01,1.2568457364638432e+01,4.7184478546569153e-16,1.4143160209404586e+00,1.6655067891511088e-03,2.5929282987481803e-03,1.0001879809542746e+00,1.0001879809542746e+00,6.8905739875066100e-03,4.6549711943001064e+00,1.0001403738699624e+00,1.0001403738699624e+00,1.4037370813832080e-04,1.0000739731177533e+00,1.0000739731177533e+00,3.1640332220000005e+00,2.7485149683999957e+01,9.0715163999999504e-01,0,0,0,0,0,none,9.0659017900000549e-01,0,0,0.0000000000000000e+00,0.0000000000000000e+00,nan,nan,nan,nan,nan,nan
exp4_repeat,g_cost,A_int,A,3,3,8,abc,0,0.0000000000000000e+00,2.9999999999999999e-01,1,20,5,1,20,A,7.1581921234972853e-02,8.0557964537149480e-03,2.2329792090101283e-13,1.3073986337985843e-12,3.1412306492366081e-15,1.8391755027037306e-14,3.9489652078014032e+01,2.8457254212134697e-04,1.2569128997287571e+01,1.2569605318044484e+01,5.4817261840867104e-16,1.4143763624130969e+00,1.9566326914187294e-03,3.0914422774772159e-03,1.0002853400461220e+00,1.0002853400461220e+00,7.9131582975747652e-03,5.3162594813008672e+00,1.0002225661250368e+00,1.0002225661250368e+00,2.2256586846086402e-04,1.0001166410472624e+00,1.0001166410472624e+00,3.1640332220000005e+00,3.1491865154999978e+01,1.0476427910000012e+00,0,0,0,0,0,none,1.0470362980000090e+00,0,0,0.0000000000000000e+00,0.0000000000000000e+00,nan,nan,nan,nan,nan,nan
exp4_repeat,g_cost,A_l2,A,3,3,8,abc,0,0.0000000000000000e+00,2.9999999999999999e-01,1,20,0,1,0,A,1.3464715461453933e-02,1.5153128777949955e-03,2.2709910013873703e-13,1.7674750552032492e-12,3.1947035193672450e-15,2.4863853603127879e-14,3.9478387313157270e+01,-7.6728506357789540e-07,1.2566332157433365e+01,1.2566346644016324e+01,7.4940054162198066e-16,1.4142114073134975e+00,2.7932756189736299e-15,0.0000000000000000e+00,1.0000000000000000e+00,1.0000000000000000e+00,0.0000000000000000e+00,1.0000000000000000e+00,1.0000000000000000e+00,1.0000000000000000e+00,0.0000000000000000e+00,1.0000000000000000e+00,1.0000000000000000e+00,3.0315958360000081e+00,0.0000000000000000e+00,0.0000000000000000e+00,0,0,0,0,0,none,0.0000000000000000e+00,0,0,0.0000000000000000e+00,0.0000000000000000e+00,nan,nan,nan,nan,nan,nan
exp4_repeat,g_cost,A_l2,A,3,3,8,abc,0,0.0000000000000000e+00,2.9999999999999999e-01,1,20,0,1,1,B,3.8915610017970975e-02,4.3795448315483128e-03,2.3089342986233440e-13,1.7905676941154525e-12,3.2480800343521512e-15,2.5188707971811886e-14,3.9478980420138278e+01,1.4256290271974248e-05,1.2566309552787187e+01,1.2566437744581503e+01,6.2450045135165055e-16,1.4142110365118108e+00,2.4193758657611630e-06,3.0851837580902250e-06,1.0000150235868630e+00,1.0000135803358867e+00,0.0000000000000000e+00,2.2051341739884571e+00,9.9999820117390703e-01,9.9999840611712687e-01,-1.5938785854462250e-06,9.9999912708760308e-01,9.9999973780321327e-01,3.0315958360000081e+00,2.3400086070000015e+00,2.3400086070000015e+00,34,0,34,0,0,none,2.3394011320000061e+00,0,0,0.0000000000000000e+00,0.0000000000000000e+00,nan,nan,nan,nan,nan,nan
exp4_repeat,g_cost,A_l2,A,3,3,8,abc,0,0.0000000000000000e+00,2.9999999999999999e-01,1,20,0,1,2,A,3.2137813437779522e-02,3.6167747254557893e-03,2.2248935995814338e-13,1.5383250229206169e-12,3.1298562647135964e-15,2.1640298713878133e-14,3.9478755795455605e+01,8.5664805910479324e-06,1.2566315039400072e+01,1.2566398768126264e+01,3.7470027081099033e-16,1.4142106733939093e+00,4.2747112668858027e-04,5.8456909082510292e-04,1.0000093337728162e+00,1.0000093337728162e+00,3.2865069887631679e-03,2.3868171243411669e+00,9.9999863778602394e-01,9.9999863778602394e-01,-1.3622124057212914e-06,9.9999948103969150e-01,9.9999948103969150e-01,3.0315958360000081e+00,4.5170096309999934e+00,2.1770010239999920e+00,15,0,49,0,0,none,2.1763571609999985e+00,0,0,0.0000000000000000e+00,0.0000000000000000e+00,nan,nan,nan,nan,nan,nan
exp4_repeat,g_cost,A_l2,A,3,3,8,abc,0,0.0000000000000000e+00,2.9999999999999999e-01,1,20,0,1,4,A,4.3708823321197875e-02,4.9189708495128879e-03,2.2949464525195837e-13,1.7590373602160980e-12,3.2284027123598013e-15,2.4745156814570232e-14,3.9479124897581066e+01,1.7915946650201753e-05,1.2566294415325292e+01,1.2566448714129612e+01,2.5673907444456745e-16,1.4142096832894191e+00,5.5155224345839404e-04,7.8364487194610484e-04,1.0000186832460491e+00,1.0000186832460491e+00,4.6829565916929345e-03,3.2461750451634241e+00,9.9999699656927732e-01,9.9999699656927732e-01,-3.0034272603385012e-06,9.9999878092902550e-01,9.9999878092902550e-01,3.0315958360000081e+00,9.6569419010000104e+00,2.2735630900000245e+00,15,0,98,0,0,none,2.2729099700000148e+00,0,0,0.0000000000000000e+00,0.0000000000000000e+00,nan,nan,nan,nan,nan,nan
exp4_repeat,g_cost,A_l2,A,3,3,8,abc,0,0.0000000000000000e+00,2.9999999999999999e-01,1,20,0,1,8,A,5.9077705300122504e-02,6.6485777503527514e-03,2.2396405129125688e-13,1.3642420526593924e-12,3.1506014001588708e-15,1.9191396549951972e-14,3.9479765084874948e+01,3.4132080242438654e-05,1.2566250008072966e+01,1.2566530513005779e+01,6.9388939039072284e-16,1.4142074225784806e+00,6.6378056230925416e-04,1.0052426179025049e-03,1.0000348993920838e+00,1.0000348993920838e+00,6.4778892588303865e-03,4.3875940393428294e+00,9.9999346274160439e-01,9.9999346274160439e-01,-6.5372508594411549e-06,9.9999718236255464e-01,9.9999718236255464e-01,3.0315958360000081e+00,1.9411914110999987e+01,2.6280636999999842e+00,16,0,198,0,0,none,2.6274653799999896e+00,0,0,0.0000000000000000e+00,0.0000000000000000e+00,nan,nan,nan,nan,nan,nan
exp4_repeat,g_cost,A_l2,A,3,3,8,abc,0,0.0000000000000000e+00,2.9999999999999999e-01,1,20,0,1,12,A,6.9696278800065140e-02,7.8435871223917417e-03,2.2641169009188379e-13,1.8189894035458565e-12,3.1850334181004902e-15,2.5588528733269295e-14,3.9480304280389475e+01,4.7790062179069424e-05,1.2566206877408113e+01,1.2566596778615155e+01,5.2388648974499574e-16,1.4142052227202817e+00,7.4165985473426935e-04,1.1675332157295220e-03,1.0000485573844999e+00,1.0000485573844999e+00,7.7009909800981819e-03,5.1762162371412836e+00,9.9999003050184554e-01,9.9999003050184554e-01,-9.9694866615221202e-06,9.9999562682553411e-01,9.9999562682553411e-01,3.0315958360000081e+00,2.9170831159000045e+01,2.1175656320000087e+00,16,0,298,0,0,none,2.1169899100000009e+00,0,0,0.0000000000000000e+00,0.0000000000000000e+00,nan,nan,nan,nan,nan,nan
exp4_repeat,g_cost,A_l2,A,3,3,8,abc,0,0.0000000000000000e+00,2.9999999999999999e-01,1,20,0,1,16,A,7.7883726836245157e-02,8.7649987542244168e-03,2.2577461809678767e-13,1.6076029396572267e-12,3.1760714444793685e-15,2.2614861819930381e-14,3.9480773973267389e+01,5.9687521763724680e-05,1.2566166497687027e+01,1.2566653268722412e+01,4.4408920985006262e-16,1.4142031676535647e+00,8.0230808535253608e-04,1.2931734538344064e-03,1.0000604548532135e+00,1.0000604548532135e+00,8.6389150212800667e-03,5.7842831554225205e+00,9.9998681717590598e-01,9.9998681717590598e-01,-1.3182808896752967e-05,9.9999417367170840e-01,9.9999417367170840e-01,3.0315958360000081e+00,3.8957094676000082e+01,2.3101303360000145e+00,16,0,398,0,0,none,2.3095009510000182e+00,0,0,0.0000000000000000e+00,0.0000000000000000e+00,nan,nan,nan,nan,nan,nan
exp4_repeat,g_cost,A_l2,A,3,3,8,abc,0,0.0000000000000000e+00,2.9999999999999999e-01,1,20,0,1,20,A,8.4679103917602055e-02,9.5297473618226342e-03,2.2540047176747104e-13,1.7292833831561438e-12,3.1708081625275860e-15,2.4326594454919587e-14,3.9481201539401390e+01,7.0517898459296913e-05,1.2566128833749874e+01,1.2566704268679764e+01,4.9960036108132044e-16,1.4142012493056755e+00,8.4951616578254950e-04,1.3907003939279778e-03,1.0000712852382190e+00,1.0000712852382190e+00,9.4150063234711995e-03,6.2889634883126098e+00,9.9998381996584651e-01,9.9998381996584651e-01,-1.6180015501031449e-05,9.9999281719284017e-01,9.9999281719284017e-01,3.0315958360000081e+00,4.9579630518000016e+01,2.3971262399999773e+00,16,0,498,0,0,none,2.3965919739999890e+00,0,0,0.0000000000000000e+00,0.0000000000000000e+00,nan,nan,nan,nan,nan,nan
exp4_repeat,g_cost,A_int,A,3,3,8,abc,0,0.0000000000000000e+00,2.9999999999999999e-01,1,20,5,1,0,A,1.3464715461453933e-02,1.5153128777949955e-03,2.2709910013873703e-13,1.7674750552032492e-12,3.1947035193672450e-15,2.4863853603127879e-14,3.9478387313157270e+01,-7.6728506357789540e-07,1.2566332157433365e+01,1.2566346644016324e+01,7.4940054162198066e-16,1.4142114073134975e+00,2.7932756189736299e-15,0.0000000000000000e+00,1.0000000000000000e+00,1.0000000000000000e+00,0.0000000000000000e+00,1.0000000000000000e+00,1.0000000000000000e+00,1.0000000000000000e+00,0.0000000000000000e+00,1.0000000000000000e+00,1.0000000000000000e+00,5.5178966669999951e+00,0.0000000000000000e+00,0.0000000000000000e+00,0,0,0,0,0,coulomb,0.0000000000000000e+00,0,0,0.0000000000000000e+00,0.0000000000000000e+00,nan,nan,nan,nan,nan,nan
exp4_repeat,g_cost,A_int,A,3,3,8,abc,0,0.0000000000000000e+00,2.9999999999999999e-01,1,20,5,1,1,B,1.9360987416905201e-02,2.1788766085440408e-03,2.3025894487067849e-13,1.4552803406786552e-12,3.2391544532530164e-15,2.0472072426494928e-14,3.9478284089699372e+01,-3.3819657970630251e-06,1.2566268876394323e+01,1.2566307389980178e+01,4.9960036108132044e-16,1.4142088385355793e+00,1.2304716561379457e-16,4.7082819927200939e-11,9.9999738531726035e-01,9.9999594209174014e-01,0.0000000000000000e+00,1.0970809650796314e+00,9.9999496423950529e-01,9.9999516918206177e-01,-4.8308049429360831e-06,9.9999757288228563e-01,9.9999818359694681e-01,5.5178966669999951e+00,2.6145780009999839e+00,2.6145780009999839e+00,0,0,0,0,0,coulomb,2.0787543619999980e+00,22,22,5.3516180699999438e-01,5.3516180699999438e-01,6.5924745127722762e-05,1.2304716561379457e-16,9.2536784658269982e-05,1.7305744759372204e-16,9.9555235685055127e-16,-3.1240271914695803e-14
exp4_repeat,g_cost,A_int,A,3,3,8,abc,0,0.0000000000000000e+00,2.9999999999999999e-01,1,20,5,1,2,A,2.2672593261103151e-02,2.5515632053206296e-03,2.2524307687415056e-13,1.4444001550373287e-12,3.1685940189254576e-15,2.0319016041249605e-14,3.9478105607932406e+01,-7.9029617689529389e-06,1.2566190200616528e+01,1.2566230817908798e+01,4.1633363423443370e-16,1.4142034179537570e+00,2.0338109194449252e-16,0.0000000000000000e+00,9.9999286431781953e-01,9.9999286431781953e-01,2.0570000214426374e-03,1.6838523863359043e+00,9.9998870340087642e-01,9.9998870340087642e-01,-1.1296586100797412e-05,9.9999435066094144e-01,9.9999435066094144e-01,5.5178966669999951e+00,5.4456799689999826e+00,2.8311019679999987e+00,0,0,0,0,0,coulomb,2.2812234949999919e+00,21,43,5.4924989399999902e-01,1.0844117009999934e+00,5.7594950325801737e-04,2.0338109194449252e-16,7.7493644729450259e-04,4.5860189146761966e-16,9.5917682165798162e-16,-1.0884682729926653e-14
exp4_repeat,g_cost,A_int,A,3,3,8,abc,0,0.0000000000000000e+00,2.9999999999999999e-01,1,20,5,1,4,A,3.0509116996218413e-02,3.4334819779052264e-03,2.2402661613358160e-13,1.7710277688820497e-12,3.1514815274770388e-15,2.4913831198310045e-14,3.9478358310637553e+01,-1.5019274701717019e-06,1.2566204353302528e+01,1.2566278492097874e+01,3.5388358909926865e-16,1.4142042569927389e+00,1.9938454814651950e-16,0.0000000000000000e+00,9.9999926535702977e-01,9.9999926535702977e-01,3.0846938544884933e-03,2.2658567931538012e+00,9.9998982963929040e-01,9.9998982963929040e-01,-1.0170348985105961e-05,9.9999494395199928e-01,9.9999494395199928e-01,5.5178966669999951e+00,1.0989555602999985e+01,2.7477947440000037e+00,0,0,0,0,0,coulomb,2.2865596080000046e+00,21,86,4.6066355899999678e-01,2.0393586079999864e+00,5.7486643073233472e-04,1.9938454814651950e-16,7.7391860105153803e-04,4.4851449850375908e-16,9.4455434103262735e-16,1.8518026352757959e-14
exp4_repeat,g_cost,A_int,A,3,3,8,abc,0,0.0000000000000000e+00,2.9999999999999999e-01,1,20,5,1,8,A,4.3048979070726440e-02,4.8447122814101505e-03,2.2836418773286709e-13,1.3784529073745944e-12,3.2125000662791707e-15,1.9391306930680638e-14,3.9479978523733429e+01,3.9538549686571780e-05,1.2566572413824472e+01,1.2566721829401160e+01,2.3592239273284576e-16,1.4142251300232582e+00,2.0289491207568294e-16,0.0000000000000000e+00,1.0000403058656762e+00,1.0000403058656762e+00,4.6042080994093213e-03,3.1971696092624278e+00,1.0000191190546373e+00,1.0000191190546373e+00,1.9119032596610250e-05,1.0000097034359148e+00,1.0000097034359148e+00,5.5178966669999951e+00,2.1697678506000031e+01,2.6593067100000383e+00,0,0,0,0,0,coulomb,2.2782671010000115e+00,21,172,3.8044370500000468e-01,3.9338770800000020e+00,5.7566389522467750e-04,2.0289491207568294e-16,7.7582910936534416e-04,4.6270936357967004e-16,9.5834532179803423e-16,-1.8658727026524831e-14
exp4_repeat,g_cost,A_int,A,3,3,8,abc,0,0.0000000000000000e+00,2.9999999999999999e-01,1,20,5,1,12,A,5.4879702828267339e-02,6.1761364852678628e-03,2.2525522070029969e-13,1.5538681452653691e-12,3.1687648515008112e-15,2.1858950692800111e-14,3.9482607755360775e+01,1.0613776482470124e-04,1.2567223855416406e+01,1.2567467957888741e+01,5.8286708792820718e-16,1.4142620055959243e+00,2.1118838149580584e-16,0.0000000000000000e+00,1.0001069051319149e+00,1.0001069051319149e+00,5.9890840373061985e-03,4.0758160085427741e+00,1.0000709592880301e+00,1.0000709592880301e+00,7.0959206227685641e-05,1.0000357784431417e+00,1.0000357784431417e+00,5.5178966669999951e+00,3.2438380255000013e+01,2.5835783310000124e+00,0,0,0,0,0,coulomb,2.2093293390000213e+00,21,258,3.7366879499998618e-01,5.7189909199999818e+00,5.7729044022410624e-04,2.1118838149580584e-16,7.7873295582270383e-04,4.8135860164224644e-16,9.5892045853503829e-16,-2.4735480025036429e-14
exp4_repeat,g_cost,A_int,A,3,3,8,abc,0,0.0000000000000000e+00,2.9999999999999999e-01,1,20,5,1,16,A,6.6575449686422136e-02,7.4923704510228735e-03,2.2547474591756801e-13,1.4495071809506044e-12,3.1718530098588518e-15,2.0390858834323968e-14,3.9485898787830735e+01,1.8950059114012933e-04,1.2568044466096078e+01,1.2568404353206832e+01,1.2073675392798577e-15,1.4143084386118876e+00,2.1749883923511467e-16,0.0000000000000000e+00,1.0001902680221935e+00,1.0001902680221935e+00,7.3386642532500962e-03,4.9444379182769049e+00,1.0001362616108869e+00,1.0001362616108869e+00,1.3626145380352074e-04,1.0000686115936332e+00,1.0000686115936332e+00,5.5178966669999951e+00,4.2817212826999921e+01,2.5105096099999855e+00,0,0,0,0,0,coulomb,2.0409990240000013e+00,21,344,4.6896978699999181e-01,7.6361806069999432e+00,5.7921316896815519e-04,2.1749883923511467e-16,7.8190992452654127e-04,5.0571893751746938e-16,9.4945278561633995e-16,-2.4874972142634186e-14
exp4_repeat,g_cost,A_int,A,3,3,8,abc,0,0.0000000000000000e+00,2.9999999999999999e-01,1,20,5,1,20,A,7.8209778425477619e-02,8.8016924499362860e-03,2.2243111002298744e-13,1.4814816040598089e-12,3.1290368371036588e-15,2.0840657190963467e-14,3.9489666380937308e+01,2.8493483940031383e-04,1.2568975087790488e+01,1.2569471917533688e+01,4.5102810375396984e-16,1.4143610955800290e+00,2.2013977705191791e-16,0.0000000000000000e+00,1.0002857023436791e+00,1.0002857023436791e+00,8.6709671054769361e-03,5.8084984156830046e+00,1.0002103183589302e+00,1.0002103183589302e+00,2.1031811647350852e-04,1.0001058457496224e+00,1.0001058457496224e+00,5.5178966669999951e+00,5.1839574434999932e+01,2.3661698420000050e+00,0,0,0,0,0,coulomb,1.9938599030000148e+00,21,430,3.7172884399998907e-01,9.3041242299999283e+00,5.8134819685825851e-04,2.2013977705191791e-16,7.8527998347815054e-04,5.1593947467846577e-16,9.5321916270806255e-16,-1.1305845167378960e-15
exp4_repeat,g_cost,A_l2,A,3,3,8,abc,0,0.0000000000000000e+00,2.9999999999999999e-01,1,20,0,1,0,A,1.3464715461453933e-02,1.5153128777949955e-03,2.2709910013873703e-13,1.7674750552032492e-12,3.1947035193672450e-15,2.4863853603127879e-14,3.9478387313157270e+01,-7.6728506357789540e-07,1.2566332157433365e+01,1.2566346644016324e+01,7.4940054162198066e-16,1.4142114073134975e+00,2.7932756189736299e-15,0.0000000000000000e+00,1.0000000000000000e+00,1.0000000000000000e+00,0.0000000000000000e+00,1.0000000000000000e+00,1.0000000000000000e+00,1.0000000000000000e+00,0.0000000000000000e+00,1.0000000000000000e+00,1.0000000000000000e+00,3.1663464429999806e+00,0.0000000000000000e+00,0.0000000000000000e+00,0,0,0,0,0,coulomb,0.0000000000000000e+00,0,0,0.0000000000000000e+00,0.0000000000000000e+00,nan,nan,nan,nan,nan,nan
exp4_repeat,g_cost,A_l2,A,3,3,8,abc,0,0.0000000000000000e+00,2.9999999999999999e-01,1,20,0,1,1,B,3.8915610017970968e-02,4.3795448315483120e-03,2.2884317656544282e-13,1.6484591469634324e-12,3.2192382141108013e-15,2.3189604164525230e-14,3.9478980420138264e+01,1.4256290271614283e-05,1.2566309552787038e+01,1.2566437744521831e+01,4.7184478546569153e-16,1.4142110365050957e+00,1.2064922904895944e-16,1.4968517360860723e-11,1.0000150235868626e+00,1.0000135803358863e+00,0.0000000000000000e+00,2.2051341739884567e+00,9.9999820117389515e-01,9.9999840611711499e-01,-1.5938785973203028e-06,9.9999912708285477e-01,9.9999973779846507e-01,3.1663464429999806e+00,3.1179297090000375e+00,3.1179297090000375e+00,34,0,34,0,0,coulomb,2.7138861900000109e+00,22,22,4.0349737399998276e-01,4.0349737399998276e-01,2.4193758657611630e-06,1.2064922904895944e-16,3.0851837569115608e-06,1.5755396232151812e-16,1.0029571972290408e-15,-1.1874007379216144e-14
exp4_repeat,g_cost,A_l2,A,3,3,8,abc,0,0.0000000000000000e+00,2.9999999999999999e-01,1,20,0,1,2,A,3.2136995332964727e-02,3.6166826563166533e-03,2.2343600530150371e-13,1.6555645743210334e-12,3.1431731435923692e-15,2.3289559354889631e-14,3.9478755242586459e+01,8.5524762519794159e-06,1.2566314872405284e+01,1.2566396449196924e+01,3.3306690738754696e-16,1.4142104223262433e+00,1.4740315564749115e-16,0.0000000000000000e+00,1.0000093197684665e+00,1.0000093197684665e+00,3.2864056006145460e-03,2.3867563651801480e+00,9.9999862449696031e-01,9.9999862449696031e-01,-1.3755014540426934e-06,9.9999930350777178e-01,9.9999930350777178e-01,3.1663464429999806e+00,5.7977211200000340e+00,2.6797914109999965e+00,15,0,49,0,0,coulomb,2.1974414499999853e+00,21,43,4.7735526299999265e-01,8.8085263699997540e-01,4.2746463630361723e-04,1.4740315564749115e-16,5.8457656785988537e-04,2.9012554872908001e-16,9.5294965163782404e-16,1.0036394646435702e-14
exp4_repeat,g_cost,A_l2,A,3,3,8,abc,0,0.0000000000000000e+00,2.9999999999999999e-01,1,20,0,1,4,A,4.9109309738120305e-02,5.5267391040554059e-03,2.2320221871215201e-13,1.3926637620897964e-12,3.1398843642034308e-15,1.9591217311409305e-14,3.9479365321499316e+01,2.4005955643447112e-05,1.2566291463688820e+01,1.2566481784273190e+01,5.5511151231257827e-16,1.4142090987654516e+00,1.4426681832248510e-16,0.0000000000000000e+00,1.0000247732597152e+00,1.0000247732597152e+00,5.3179856649537205e-03,3.6472593779428766e+00,9.9999676168479112e-01,9.9999676168479112e-01,-3.2383114756838844e-06,9.9999836760753458e-01,9.9999836760753458e-01,3.1663464429999806e+00,1.1038260238000106e+01,2.5530308380000406e+00,16,0,99,0,0,coulomb,2.0808741929999997e+00,21,86,4.7158849700002747e-01,1.8115216880000276e+00,4.1393596966412567e-04,1.4426681832248510e-16,5.6627994237126755e-04,2.7942371857433861e-16,9.5670984351791825e-16,1.9789939770826786e-14
exp4_repeat,g_cost,A_l2,A,3,3,8,abc,0,0.0000000000000000e+00,2.9999999999999999e-01,1,20,0,1,8,A,7.2884185040746910e-02,8.2023526227498530e-03,2.2345088916500560e-13,1.5631940186722204e-12,3.1433825214854663e-15,2.1990141880153300e-14,3.9480621083642454e+01,5.5814782322452070e-05,1.2566233940393611e+01,1.2566652976813748e+01,4.1633363423443370e-16,1.4142058730679208e+00,2.9147819923320682e-16,0.0000000000000000e+00,1.0000565821108007e+00,1.0000565821108007e+00,8.0651261668364584e-03,5.4129762525911413e+00,9.9999218411239466e-01,9.9999218411239466e-01,-7.8158785951772403e-06,9.9999608669146067e-01,9.9999608669146067e-01,3.1663464429999806e+00,2.0701468807000055e+01,2.3590911859999437e+00,16,0,199,0,0,coulomb,1.9695019679999746e+00,20,171,3.8897315700000945e-01,3.3563580469999579e+00,3.9734216554501418e-04,2.9147819923320682e-16,5.4386253121865900e-04,7.1045904953222391e-16,9.4774424343846613e-16,2.8412312536463154e-14
exp4_repeat,g_cost,A_l2,A,3,3,8,abc,0,0.0000000000000000e+00,2.9999999999999999e-01,1,20,0,1,12,A,8.9960631806899005e-02,1.0124128078444247e-02,2.2043032546257500e-13,1.4490630917407543e-12,3.1008909154653065e-15,2.0384611634926198e-14,3.9481796355688381e+01,8.5584771021222100e-05,1.2566169625647218e+01,1.2566808455544946e+01,5.5511151231257827e-16,1.4142023210223935e+00,2.9258746685642371e-16,0.0000000000000000e+00,1.0000863521223415e+00,1.0000863521223415e+00,1.0014772252043913e-02,6.6812129869683092e+00,9.9998706609183086e-01,9.9998706609183086e-01,-1.2933893258825976e-05,9.9999357501215380e-01,9.9999357501215380e-01,3.1663464429999806e+00,3.0485885342999921e+01,2.2748480039999208e+00,16,0,299,0,0,coulomb,1.9103910779999751e+00,20,255,3.5982330499996351e-01,5.0147350469999310e+00,3.8708464268207346e-04,2.9258746685642371e-16,5.2991955448651151e-04,7.2298150856136915e-16,9.5404308069140252e-16,-8.9052415786426797e-15
exp4_repeat,g_cost,A_l2,A,3,3,8,abc,0,0.0000000000000000e+00,2.9999999999999999e-01,1,20,0,1,16,A,1.0363010742897506e-01,1.1662484570427624e-02,2.2459739872065301e-13,1.5729639812889218e-12,3.1595109786663945e-15,2.2127580266904259e-14,3.9482900587204433e+01,1.1355528207662072e-04,1.2566103525863024e+01,1.2566952296707667e+01,8.8817841970012523e-16,1.4141987320481235e+00,1.3913736923652159e-16,0.0000000000000000e+00,1.0001143226548583e+00,1.0001143226548583e+00,1.1568892851491056e-02,7.6964201527794476e+00,9.9998180602203757e-01,9.9998180602203757e-01,-1.8193956988260867e-05,9.9999103722024274e-01,9.9999103722024274e-01,3.1663464429999806e+00,4.2463796111999983e+01,3.0220652390000851e+00,16,0,399,0,0,coulomb,2.5947788850000393e+00,21,341,4.2663696900001469e-01,6.9279559319999180e+00,3.7986124089275892e-04,1.3913736923652159e-16,5.2000871980650322e-04,2.5913688612269518e-16,9.6182813709539110e-16,1.6962170848956902e-15
exp4_repeat,g_cost,A_l2,A,3,3,8,abc,0,0.0000000000000000e+00,2.9999999999999999e-01,1,20,0,1,20,A,1.1526975809557176e-01,1.2972405496615880e-02,2.2473251759280026e-13,1.4743761767022079e-12,3.1614117556228774e-15,2.0740702000599135e-14,3.9483958219533321e+01,1.4034542193193755e-04,1.2566037642447515e+01,1.2567089358015838e+01,5.7592819402429996e-16,1.4141952150228281e+00,1.3890580852548882e-16,0.0000000000000000e+00,1.0001411128152693e+00,1.0001411128152693e+00,1.2889337961472376e-02,8.5608759000930874e+00,9.9997656317036987e-01,9.9997656317036987e-01,-2.3436802611998365e-05,9.9998855030401701e-01,9.9998855030401701e-01,3.1663464429999806e+00,5.3823713983999909e+01,2.5897542739999722e+00,16,0,499,0,0,coulomb,2.1127294579999898e+00,21,427,4.7643859699996938e-01,8.8145647189999181e+00,3.7435169390203629e-04,1.3890580852548882e-16,5.1237737671094830e-04,2.6163163445078387e-16,9.6373555504927636e-16,3.6609619610856228e-14
