exp,tag,op,route,p,q,N,field,b0,epsA,epsB,fvB,nsteps,nq,np,step,mesh,errB_L2,errB_rel,div_L2,div_max,div_rel_L2,div_rel_max,energy,energy_rel_ex,helicity,hel_scale,flux_err,a_L2,coulomb,grad_frac,E_over_E0,E_over_Eref,dB_first,errB_over_ref,H_over_H0,H_over_Href,H_dev_scaled,a_over_aref,a_over_a0,t_setup,t_cum,t_step_last,iters_last,inner_last,iters_total,inner_total,nnotfound
exp4_repeat,s1_p1,A_pt,A,1,1,8,abc,0,0.0000000000000000e+00,2.9999999999999999e-01,1,100,0,1,0,A,1.9940339026590539e+00,2.2440765719179748e-01,9.8111935749137855e-15,3.5527136788005009e-14,1.3801840088235408e-16,4.9977595182166122e-16,3.7490332008119829e+01,-5.0358796448269197e-02,1.1313708498984756e+01,1.1632731522625619e+01,3.4694469519536142e-16,1.3434053201191207e+00,9.4658665712614442e-17,4.9531482977069434e-11,1.0000000000000000e+00,1.0000000000000000e+00,0.0000000000000000e+00,1.0000000000000000e+00,1.0000000000000000e+00,1.0000000000000000e+00,0.0000000000000000e+00,1.0000000000000000e+00,1.0000000000000000e+00,6.1990048000000075e-02,0.0000000000000000e+00,0.0000000000000000e+00,0,0,0,0,0
exp4_repeat,s1_p1,A_pt,A,1,1,8,abc,0,0.0000000000000000e+00,2.9999999999999999e-01,1,100,0,1,1,B,2.1278443375152252e+00,2.3946662191343304e-01,1.2367905074862600e-14,5.3290705182007514e-14,1.7398479274345420e-16,7.4966392773249044e-16,3.5234722759213589e+01,-1.0749404618171536e-01,1.0567666748377576e+01,1.0912098685121641e+01,7.0776717819853729e-16,1.2998937564216495e+00,1.0830821872880767e-02,1.7114318859483064e-02,9.3983490867945074e-01,9.3946855332948864e-01,0.0000000000000000e+00,1.0258554914108928e+00,9.3405860238717242e-01,9.3772012645674363e-01,-6.0372331090341180e-02,9.6839271185587172e-01,9.6761099346129353e-01,6.1990048000000075e-02,2.0299947000000040e-02,2.0299947000000040e-02,0,0,0,0,0
exp4_repeat,s1_p1,A_pt,A,1,1,8,abc,0,0.0000000000000000e+00,2.9999999999999999e-01,1,100,0,1,2,A,2.1843925482000000e+00,2.4583053150455761e-01,1.0808226601033763e-14,4.2632564145606011e-14,1.5204410558803080e-16,5.9973114218599350e-16,3.2997370850937422e+01,-1.6416683207446148e-01,9.8949659411006241e+00,1.0215726752261638e+01,6.6613381477509392e-16,1.2575191323900541e+00,2.3554835590607726e-02,3.5650382329757473e-02,8.8015680532758955e-01,8.8015680532758955e-01,1.0299545089140083e-01,1.0954640968175624e+00,8.7459968957027279e-01,8.7459968957027279e-01,-1.2196125691757631e-01,9.3606829864165564e-01,9.3606829864165564e-01,6.1990048000000075e-02,4.0460195000000088e-02,2.0160248000000047e-02,0,0,0,0,0
exp4_repeat,s1_p1,A_pt,A,1,1,8,abc,0,0.0000000000000000e+00,2.9999999999999999e-01,1,100,0,1,5,B,2.8267817925478531e+00,3.1812472125583280e-01,1.0433093991455607e-14,3.9079850466805510e-14,1.4676694919543980e-16,5.4975354700382637e-16,2.8048632878998625e+01,-2.8951982928761677e-01,8.1600367339823592e+00,8.5904375793411685e+00,4.0245584642661925e-16,1.1469498781027931e+00,4.5668186168818049e-02,7.2889856682443147e-02,7.4815642798051840e-01,7.4786479047326260e-01,1.7796914080875853e-01,1.3628203782480837e+00,7.2125216366628209e-01,7.2407948322711591e-01,-2.6746947040059171e-01,8.5445283303479902e-01,8.5376309065166744e-01,6.1990048000000075e-02,7.6829966999999888e-02,1.2052125999999941e-02,0,0,0,0,0
exp4_repeat,s1_p1,A_pt,A,1,1,8,abc,0,0.0000000000000000e+00,2.9999999999999999e-01,1,100,0,1,10,A,3.8482746479195549e+00,4.3308305682196546e-01,8.6555797045982041e-15,2.8421709430404007e-14,1.2176186927887623e-16,3.9982076145732898e-16,2.2280625832820999e+01,-4.3562515458163215e-01,6.0295643345294634e+00,6.6626068654942125e+00,2.6367796834847468e-16,9.9808033180237277e-01,7.8398835855750609e-02,1.5183312984664019e-01,5.9430324137954704e-01,5.9430324137954704e-01,3.8010244559472989e-01,1.9298942925633620e+00,5.3294322856829224e-01,5.3294322856829224e-01,-4.5424792570667105e-01,7.4294802682028405e-01,7.4294802682028405e-01,6.1990048000000075e-02,1.3783259199999986e-01,1.2038725000000028e-02,0,0,0,0,0
exp4_repeat,s1_p1,A_pt,A,1,1,8,abc,0,0.0000000000000000e+00,2.9999999999999999e-01,1,100,0,1,15,B,4.9319979714578608e+00,5.5504478061965734e-01,8.8573545529436749e-15,2.8421709430404007e-14,1.2460032534380652e-16,3.9982076145732824e-16,1.9688317996223301e+01,-5.0128907917397880e-01,4.5722573437635656e+00,5.5592525121803842e+00,2.0816681711721685e-16,8.8592528207291299e-01,9.6330797134595525e-02,2.0265944451745826e-01,5.2515720564862201e-01,5.2495249506585506e-01,4.8966438304549226e-01,2.3777666032448805e+00,4.0413427163815124e-01,4.0571848419093959e-01,-5.7607953247328503e-01,6.5999515896588379e-01,6.5946238920235734e-01,6.1990048000000075e-02,2.0706728399999919e-01,1.2465776999999623e-02,0,0,0,0,0
exp4_repeat,s1_p1,A_pt,A,1,1,8,abc,0,0.0000000000000000e+00,2.9999999999999999e-01,1,100,0,1,20,A,5.8081861502533645e+00,6.5365059479385512e-01,7.8584129935556999e-15,2.8421709430404007e-14,1.1054777245623772e-16,3.9982076145732898e-16,1.8458899653779643e+01,-5.3243060958597688e-01,3.5903511196868103e+00,4.8833071894701421e+00,5.2041704279304213e-16,8.0370402369396454e-01,1.1074672168741928e-01,2.6917769983013173e-01,4.9236426206579681e-01,4.9236426206579681e-01,6.2998972857655322e-01,2.9127820457355913e+00,3.1734520294640728e-01,3.1734520294640728e-01,-6.6393326144216813e-01,5.9825877689891793e-01,5.9825877689891793e-01,6.1990048000000075e-02,2.4813062599999980e-01,8.1678130000000237e-03,0,0,0,0,0
exp4_repeat,s1_p1,A_pt,A,1,1,8,abc,0,0.0000000000000000e+00,2.9999999999999999e-01,1,100,0,1,25,B,6.6453029828357906e+00,7.4785933765681800e-01,8.7902311490925250e-15,4.2632564145606011e-14,1.2365607072375662e-16,5.9973114218599241e-16,1.9015930561545975e+01,-5.1832085186091426e-01,2.9043789314189303e+00,4.6048648292467487e+00,4.6490589156178430e-16,7.4669474897071342e-01,1.2496875763507803e-01,3.1365374631350307e-01,5.0722225019046019e-01,5.0702453080031951e-01,7.1279956393098776e-01,3.2037684509346791e+00,2.5671325469270811e-01,2.5771957459451417e-01,-7.1954544951563515e-01,5.5627142550082143e-01,5.5582238494075897e-01,6.1990048000000075e-02,2.8881206399999937e-01,8.0588149999996084e-03,0,0,0,0,0
exp4_repeat,s1_p1,A_pt,A,1,1,8,abc,0,0.0000000000000000e+00,2.9999999999999999e-01,1,100,0,1,30,A,7.2893144289045697e+00,8.2033608924277657e-01,8.2411583960312466e-15,2.8421709430404007e-14,1.1593202137471979e-16,3.9982076145732898e-16,1.9739012433890341e+01,-5.0000497406685196e-01,2.4773159192435257e+00,4.4602346929986654e+00,5.8980598183211441e-16,7.0987192969991619e-01,1.3616090665303412e-01,3.7128355672679397e-01,5.2650940593471340e-01,5.2650940593471340e-01,8.0969632557621374e-01,3.6555619336181966e+00,2.1896586070481042e-01,2.1896586070481042e-01,-7.5961458944999105e-01,5.2841232580273789e-01,5.2841232580273789e-01,6.1990048000000075e-02,3.2968861299999941e-01,8.1829340000001416e-03,0,0,0,0,0
exp4_repeat,s1_p1,A_pt,A,1,1,8,abc,0,0.0000000000000000e+00,2.9999999999999999e-01,1,100,0,1,35,B,7.8861614568870015e+00,8.8750497893558222e-01,9.2903782938277586e-15,4.2632564145606011e-14,1.3069186189382727e-16,5.9973114218599241e-16,2.1391024375800125e+01,-4.5815902273045794e-01,2.1377566906303773e+00,4.5281322233471712e+00,7.6327832942979512e-16,6.9229040242418316e-01,1.5607367511360559e-01,4.1762530932066061e-01,5.7057441825714317e-01,5.7035200367267780e-01,8.6929714705506933e-01,3.8019989968568697e+00,1.8895278155895659e-01,1.8969347936519956e-01,-7.8548800383239725e-01,5.1574136492573885e-01,5.1532504156139358e-01,6.1990048000000075e-02,3.7426502199999967e-01,1.2098949999999942e-02,0,0,0,0,0
exp4_repeat,s1_p1,A_pt,A,1,1,8,abc,0,0.0000000000000000e+00,2.9999999999999999e-01,1,100,0,1,40,A,8.3533720139784116e+00,9.4008463988936519e-01,8.1711891365339916e-15,2.8421709430404007e-14,1.1494773284417591e-16,3.9982076145732898e-16,2.2771038697862675e+01,-4.2320285159176896e-01,1.9630535714875610e+00,4.6165494721674403e+00,2.9143354396410359e-16,6.8408658732312455e-01,1.6930247031097331e-01,4.6733425499283610e-01,6.0738429024663798e-01,6.0738429024663798e-01,9.3680038406466504e-01,4.1891825424026887e+00,1.7351106152891574e-01,1.7351106152891574e-01,-8.0382280888286695e-01,5.0921831042210408e-01,5.0921831042210408e-01,6.1990048000000075e-02,4.1470662699999994e-01,8.0691260000000931e-03,0,0,0,0,0
exp4_repeat,s1_p1,A_pt,A,1,1,8,abc,0,0.0000000000000000e+00,2.9999999999999999e-01,1,100,0,1,45,B,8.7841248581846649e+00,9.8856136662310934e-01,1.0121761580242785e-14,4.2632564145606011e-14,1.4238729842101108e-16,5.9973114218599241e-16,2.4718657687240590e+01,-3.7386908626975296e-01,1.7722829041930330e+00,4.8835357585871479e+00,4.8572257327350599e-16,6.9455546463423135e-01,1.9731336876275493e-01,5.1577111840834433e-01,6.5933418999562099e-01,6.5907717612468786e-01,9.8123917675584660e-01,4.2349163254726054e+00,1.5664915746698532e-01,1.5726322457056696e-01,-8.1692496682568017e-01,5.1742878724412056e-01,5.1701110173707265e-01,6.1990048000000075e-02,4.5953337900000046e-01,8.1606430000000785e-03,0,0,0,0,0
exp4_repeat,s1_p1,A_pt,A,1,1,8,abc,0,0.0000000000000000e+00,2.9999999999999999e-01,1,100,0,1,50,A,9.1473858842077700e+00,1.0294425952171831e+00,8.8614049210631643e-15,5.6843418860808015e-14,1.2465730366418828e-16,7.9964152291465797e-16,2.6337415805312261e+01,-3.3286546413133672e-01,1.7083725148293603e+00,5.1090081155937019e+00,9.1593399531575415e-16,7.0393898006472599e-01,2.1408615682600912e-01,5.5942453482810672e-01,7.0251220500282530e-01,7.0251220500282530e-01,1.0309804390958701e+00,4.5873773118950911e+00,1.5100022375356961e-01,1.5100022375356961e-01,-8.2571629590806361e-01,5.2399597464919012e-01,5.2399597464919012e-01,6.1990048000000075e-02,5.0018444000000062e-01,8.0930420000000503e-03,0,0,0,0,0
exp4_repeat,s1_p1,A_pt,A,1,1,8,abc,0,0.0000000000000000e+00,2.9999999999999999e-01,1,100,0,1,55,B,9.4880225193026995e+00,1.0677776852742833e+00,1.1356021148397218e-14,5.6843418860808015e-14,1.5975017385198700e-16,7.9964152291465649e-16,2.8483016056904319e+01,-2.7851677485268544e-01,1.5817387291654113e+00,5.5599195933064856e+00,1.2212453270876722e-15,7.3664886789183581e-01,2.5093817915046779e-01,6.0672128571254258e-01,7.5974296655295914e-01,7.5944681251800872e-01,1.0686698529626155e+00,4.5742725783329270e+00,1.3980727268228182e-01,1.4035531933879675e-01,-8.3331500737365227e-01,5.4878746154384694e-01,5.4834446228522948e-01,6.1990048000000075e-02,5.4490614999999987e-01,8.1927909999999216e-03,0,0,0,0,0
exp4_repeat,s1_p1,A_pt,A,1,1,8,abc,0,0.0000000000000000e+00,2.9999999999999999e-01,1,100,0,1,60,A,9.8124811861831844e+00,1.1042921142381712e+00,1.0364951719994105e-14,5.6843418860808015e-14,1.4580836171392759e-16,7.9964152291465797e-16,3.0391536182238067e+01,-2.3017339532667591e-01,1.5652510911744675e+00,5.9231040925664322e+00,4.7184478546569153e-16,7.5972783921251852e-01,2.7289895798698760e-01,6.4640882445300674e-01,8.1064996105277831e-01,8.1064996105277831e-01,1.1095489794938036e+00,4.9209199367664676e+00,1.3834995760363866e-01,1.3834995760363866e-01,-8.3801963355292575e-01,5.6552391734249863e-01,5.6552391734249863e-01,6.1990048000000075e-02,5.8468595399999912e-01,7.1909819999991242e-03,0,0,0,0,0
exp4_repeat,s1_p1,A_pt,A,1,1,8,abc,0,0.0000000000000000e+00,2.9999999999999999e-01,1,100,0,1,65,B,1.0138930889455734e+01,1.1410306135207839e+00,1.0342321459364383e-14,5.6843418860808015e-14,1.4549001182511756e-16,7.9964152291465649e-16,3.3081428662022155e+01,-1.6203762284608916e-01,1.4670295345672093e+00,6.6228419377033223e+00,6.9388939039072284e-16,8.1421155971115089e-01,3.1973160511309850e-01,6.8866327213195966e-01,8.8239892500437789e-01,8.8205495867157757e-01,1.1494900153982226e+00,4.8880821527243272e+00,1.2966831651167735e-01,1.3017661830425747e-01,-8.4318194951668657e-01,6.0656998807625673e-01,6.0608034486490958e-01,6.1990048000000075e-02,6.2976311700000021e-01,8.2233760000001155e-03,0,0,0,0,0
exp4_repeat,s1_p1,A_pt,A,1,1,8,abc,0,0.0000000000000000e+00,2.9999999999999999e-01,1,100,0,1,70,A,1.0486227695675096e+01,1.1801152361693545e+00,1.0350401737203835e-14,5.6843418860808015e-14,1.4560368066852315e-16,7.9964152291465797e-16,3.5637042169273286e+01,-9.7303176474331482e-02,1.4694956833174155e+00,7.1943432592771686e+00,3.4694469519536142e-16,8.5216821591526082e-01,3.4897779491253361e-01,7.2442070774155753e-01,9.5056619294688693e-01,9.5056619294688693e-01,1.1889049942852874e+00,5.2588011074895267e+00,1.2988629532476303e-01,1.2988629532476303e-01,-8.4625118326855420e-01,6.3433440611929270e-01,6.3433440611929270e-01,6.1990048000000075e-02,6.7018511500000133e-01,8.0836830000006188e-03,0,0,0,0,0
exp4_repeat,s1_p1,A_pt,A,1,1,8,abc,0,0.0000000000000000e+00,2.9999999999999999e-01,1,100,0,1,75,B,1.0882098350476419e+01,1.2246663373700306e+00,1.1566165860944215e-14,5.6843418860808015e-14,1.6270637249980273e-16,7.9964152291465649e-16,3.9613460464793022e+01,3.4206756154452453e-03,1.3840255709068401e+00,8.2909791511813182e+00,1.6653345369377348e-16,9.3147120549171702e-01,4.0774471815063412e-01,7.5843156135042167e-01,1.0566313591518304e+00,1.0562194755882510e+00,1.2416782406058227e+00,5.2463707772654571e+00,1.2233173331547624e-01,1.2281127558922890e-01,-8.5032170243665195e-01,6.9392588605463557e-01,6.9336572629407389e-01,6.1990048000000075e-02,7.1585574699999976e-01,8.4137609999999086e-03,0,0,0,0,0
exp4_repeat,s1_p1,A_pt,A,1,1,8,abc,0,0.0000000000000000e+00,2.9999999999999999e-01,1,100,0,1,80,A,1.1321311191454717e+01,1.2740951482448430e+00,1.0895141777109830e-14,5.6843418860808015e-14,1.5326677982463941e-16,7.9964152291465797e-16,4.3520409775058042e+01,1.0238485775211199e-01,1.3926650788736628e+00,9.2171624712809024e+00,3.3913843955346579e-16,9.8795180062231525e-01,4.4630887079936432e-01,7.8877403634898824e-01,1.1608435413597349e+00,1.1608435413597349e+00,1.2870013907863236e+00,5.6775921293803941e+00,1.2309536514915817e-01,1.2309536514915817e-01,-8.5285587489186887e-01,7.3540858133174047e-01,7.3540858133174047e-01,6.1990048000000075e-02,7.6623906899999983e-01,8.6953520000001561e-03,0,0,0,0,0
exp4_repeat,s1_p1,A_pt,A,1,1,8,abc,0,0.0000000000000000e+00,2.9999999999999999e-01,1,100,0,1,85,B,1.1885934765087832e+01,1.3376376252234436e+00,1.4513827394508059e-14,8.5265128291212022e-14,2.0417243145568094e-16,1.1994622843719848e-15,5.0049356140261523e+01,2.6776500116705093e-01,1.3122743669383390e+00,1.0973806460669227e+01,5.5511151231257827e-16,1.0968394219940711e+00,5.1963906202088816e-01,8.1314487809712677e-01,1.3349936759541527e+00,1.3344732844781235e+00,1.3657439671196134e+00,5.7303305671107374e+00,1.1598976295492296e-01,1.1644444460744230e-01,-8.5649352659364353e-01,8.1712162789304643e-01,8.1646202048449057e-01,6.1990048000000075e-02,8.1250913500000066e-01,8.5284580000006827e-03,0,0,0,0,0
exp4_repeat,s1_p1,A_pt,A,1,1,8,abc,0,0.0000000000000000e+00,2.9999999999999999e-01,1,100,0,1,90,A,1.2499711374889667e+01,1.4067117622584699e+00,1.3317765987649212e-14,5.6843418860808015e-14,1.8734690646004311e-16,7.9964152291465797e-16,5.6523145948252257e+01,4.3174801266638185e-01,1.3214046369514771e+00,1.2507653786614117e+01,1.3600232051658168e-15,1.1763801582362066e+00,5.6944068107073098e-01,8.3697429887452746e-01,1.5076725897228709e+00,1.5076725897228709e+00,1.4250421266926532e+00,6.2685550923789419e+00,1.1679677243496722e-01,1.1679677243496722e-01,-8.5898173121233690e-01,8.7567031380514115e-01,8.7567031380514115e-01,6.1990048000000075e-02,8.5335698600000032e-01,8.1335399999993285e-03,0,0,0,0,0
exp4_repeat,s1_p1,A_pt,A,1,1,8,abc,0,0.0000000000000000e+00,2.9999999999999999e-01,1,100,0,1,95,B,1.3351244717747434e+01,1.5025429325492980e+00,1.6636259743027822e-14,1.1368683772161603e-13,2.3402962635118073e-16,1.5992830458293130e-15,6.7695384661752655e+01,7.1474412526303421e-01,1.2414548293066181e+00,1.5365645030321650e+01,6.6613381477509392e-16,1.3205543133588824e+00,6.6062385548307567e-01,8.5242335128743296e-01,1.8056757845486906e+00,1.8049719173291849e+00,1.5457525842945308e+00,6.4367714636803779e+00,1.0973014104243724e-01,1.1016028488090465e-01,-8.6258521159636958e-01,9.8378437956875964e-01,9.8299023651461193e-01,6.1990048000000075e-02,8.9398684400000028e-01,8.0785350000001088e-03,0,0,0,0,0
exp4_repeat,s1_p1,A_pt,A,1,1,8,abc,0,0.0000000000000000e+00,2.9999999999999999e-01,1,100,0,1,100,A,1.4233014036651413e+01,1.6017768456613004e+00,1.4423749089246801e-14,5.6843418860808015e-14,2.0290526008132988e-16,7.9964152291465797e-16,7.8730522100162389e+01,9.9426742199192164e-01,1.2484291357695319e+00,1.7921117437655724e+01,3.8857805861880479e-16,1.4281654491905882e+00,7.2378083407232852e-01,8.6992375302879388e-01,2.1000220025555008e+00,2.1000220025555008e+00,1.6274877691717591e+00,7.1377994213998166e+00,1.1034658846668717e-01,1.1034658846668717e-01,-8.6525502145719546e-01,1.0630934892113959e+00,1.0630934892113959e+00,6.1990048000000075e-02,9.3911308499999946e-01,8.1577339999991949e-03,0,0,0,0,0
exp4_repeat,s1_p1,A_int,A,1,1,8,abc,0,0.0000000000000000e+00,2.9999999999999999e-01,1,100,3,1,0,A,1.9940339026590539e+00,2.2440765719179748e-01,9.8111935749137855e-15,3.5527136788005009e-14,1.3801840088235408e-16,4.9977595182166122e-16,3.7490332008119829e+01,-5.0358796448269197e-02,1.1313708498984756e+01,1.1632731522625619e+01,3.4694469519536142e-16,1.3434053201191207e+00,9.4658665712614442e-17,4.9531482977069434e-11,1.0000000000000000e+00,1.0000000000000000e+00,0.0000000000000000e+00,1.0000000000000000e+00,1.0000000000000000e+00,1.0000000000000000e+00,0.0000000000000000e+00,1.0000000000000000e+00,1.0000000000000000e+00,1.3201156099999967e-01,0.0000000000000000e+00,0.0000000000000000e+00,0,0,0,0,0
exp4_repeat,s1_p1,A_int,A,1,1,8,abc,0,0.0000000000000000e+00,2.9999999999999999e-01,1,100,3,1,1,B,2.1261347995235300e+00,2.3927423129505634e-01,1.2394654049494144e-14,5.6843418860808015e-14,1.7436108240441127e-16,7.9964152291465649e-16,3.5231086589738418e+01,-1.0758615143050250e-01,1.0567666748377530e+01,1.0911142093857219e+01,5.5511151231257827e-16,1.2998468761987048e+00,1.0482750596357457e-02,1.6826585633624585e-02,9.3973791915494120e-01,9.3937160161229072e-01,0.0000000000000000e+00,1.0250313056818727e+00,9.3405860238716842e-01,9.3772012645673952e-01,-6.0372331090345156e-02,9.6835778710451759e-01,9.6757609690234547e-01,1.3201156099999967e-01,2.4343907000000442e-02,2.4343907000000442e-02,0,0,0,0,0
exp4_repeat,s1_p1,A_int,A,1,1,8,abc,0,0.0000000000000000e+00,2.9999999999999999e-01,1,100,3,1,2,A,2.1615279872460547e+00,2.4325736434348191e-01,1.0481745312375373e-14,4.9737991503207013e-14,1.4745134885210664e-16,6.9968633255032568e-16,3.2999748947228284e+01,-1.6410659419171009e-01,9.9103331777677059e+00,1.0217167152207963e+01,5.2735593669694936e-16,1.2576511222503501e+00,1.6155430373413538e-02,2.4438612315969131e-02,8.8022023758234647e-01,8.8022023758234647e-01,9.6347394219307006e-02,1.0839976112560807e+00,8.7595797422719679e-01,8.7595797422719679e-01,-1.2064022267577397e-01,9.3616654885573425e-01,9.3616654885573425e-01,1.3201156099999967e-01,4.8725738999999990e-02,2.4381831999999548e-02,0,0,0,0,0
exp4_repeat,s1_p1,A_int,A,1,1,8,abc,0,0.0000000000000000e+00,2.9999999999999999e-01,1,100,3,1,5,B,2.7238303554897092e+00,3.0653861393642429e-01,1.0413432769822729e-14,3.5527136788005009e-14,1.4649036609182007e-16,4.9977595182166033e-16,2.7921177121780275e+01,-2.9274832133346518e-01,8.2009574524849693e+00,8.5666754694469773e+00,4.4408920985006262e-16,1.1463848953839559e+00,2.9745644333041353e-02,5.1862831378657985e-02,7.4475673130163200e-01,7.4446641902400446e-01,1.5923590346068378e-01,1.3131864387757683e+00,7.2486907835930969e-01,7.2771057628130020e-01,-2.6394959247510436e-01,8.5403193313852399e-01,8.5334253051960907e-01,1.3201156099999967e-01,1.2609903899999875e-01,2.4361469999999663e-02,0,0,0,0,0
exp4_repeat,s1_p1,A_int,A,1,1,8,abc,0,0.0000000000000000e+00,2.9999999999999999e-01,1,100,3,1,10,A,3.5368918150851316e+00,3.9804017620045890e-01,8.4234399528421154e-15,3.5527136788005009e-14,1.1849625668302206e-16,4.9977595182166122e-16,2.1609115994806114e+01,-4.5263469748541779e-01,6.1106695939907762e+00,6.5157389879048786e+00,5.4123372450476381e-16,9.9112899296834223e-01,3.7948267366302739e-02,7.6392311483950662e-02,5.7639169453409778e-01,5.7639169453409778e-01,3.3735506731418979e-01,1.7737370514957991e+00,5.4011198843766584e-01,5.4011198843766584e-01,-4.4727576621828574e-01,7.3777361018672916e-01,7.3777361018672916e-01,1.3201156099999967e-01,2.4876951299999828e-01,2.4576924999999861e-02,0,0,0,0,0
exp4_repeat,s1_p1,A_int,A,1,1,8,abc,0,0.0000000000000000e+00,2.9999999999999999e-01,1,100,3,1,15,B,4.3546309997493369e+00,4.9006816748973209e-01,8.2775858108380208e-15,2.8421709430404007e-14,1.1644446193575024e-16,3.9982076145732824e-16,1.7539217690728336e+01,-5.5572642585369370e-01,4.6218806297364425e+00,5.1338024230126003e+00,7.1470607210244452e-16,8.6680028124934605e-01,4.1781175169610954e-02,1.0047266271743216e-01,4.6783308525861045e-01,4.6765072008777997e-01,4.1135178862472732e-01,2.0994120882815750e+00,4.0852039189017381e-01,4.1012179810172594e-01,-5.7181108569919092e-01,6.4574744732000045e-01,6.4522617877714394e-01,1.3201156099999967e-01,3.7519041999999914e-01,2.8294455000000163e-02,0,0,0,0,0
exp4_repeat,s1_p1,A_int,A,1,1,8,abc,0,0.0000000000000000e+00,2.9999999999999999e-01,1,100,3,1,20,A,4.9694148302990673e+00,5.5925565668391930e-01,6.6972369283783241e-15,2.8421709430404007e-14,9.4212994996701782e-17,3.9982076145732898e-16,1.4542639683881223e+01,-6.3163063348628035e-01,3.5601889043431978e+00,4.1248968740575584e+00,6.5919492087118670e-16,7.6485036008479590e-01,3.9887698848928621e-02,1.0951156710922669e-01,3.8790373157355640e-01,3.8790373157355640e-01,5.2566472890493032e-01,2.4921415948205938e+00,3.1467921457077264e-01,3.1467921457077264e-01,-6.6652613614962153e-01,5.6933700397805187e-01,5.6933700397805187e-01,1.3201156099999967e-01,5.0434670699999629e-01,2.4627693000001116e-02,0,0,0,0,0
exp4_repeat,s1_p1,A_int,A,1,1,8,abc,0,0.0000000000000000e+00,2.9999999999999999e-01,1,100,3,1,25,B,5.5715315930019695e+00,6.2701759989555794e-01,7.8135246213127592e-15,2.8421709430404007e-14,1.0991630786348669e-16,3.9982076145732824e-16,1.2717745413782964e+01,-6.7785574535339932e-01,2.7670148160911667e+00,3.4383029485756049e+00,4.1633363423443370e-16,6.8174832310413902e-01,4.0726811025537171e-02,1.2838004102455472e-01,3.3922733495740970e-01,3.3909510136205451e-01,5.7466117998016619e-01,2.6860922951369104e+00,2.4457186751271406e-01,2.4553059299026883e-01,-7.3136110024194034e-01,5.0788774401948866e-01,5.0747776035581571e-01,1.3201156099999967e-01,6.2809368599999615e-01,2.4444736999999606e-02,0,0,0,0,0
exp4_repeat,s1_p1,A_int,A,1,1,8,abc,0,0.0000000000000000e+00,2.9999999999999999e-01,1,100,3,1,30,A,6.0029058075328017e+00,6.7556425535950482e-01,6.4846274599152056e-15,2.8421709430404007e-14,9.1222123536907475e-17,3.9982076145732898e-16,1.1204541392678586e+01,-7.1618565098105946e-01,2.1879099465054308e+00,2.9055961301919462e+00,3.0531133177191805e-16,6.1379480438504430e-01,3.8109739781656812e-02,1.3235947860907671e-01,2.9886482174262563e-01,2.9886482174262563e-01,6.5388046025526825e-01,3.0104331724389928e+00,1.9338574497493591e-01,1.9338574497493591e-01,-7.8449318070563911e-01,4.5689472506377948e-01,4.5689472506377948e-01,1.3201156099999967e-01,7.5038547599999639e-01,2.4418179999999623e-02,0,0,0,0,0
exp4_repeat,s1_p1,A_int,A,1,1,8,abc,0,0.0000000000000000e+00,2.9999999999999999e-01,1,100,3,1,35,B,6.4489086709200514e+00,7.2575721222954459e-01,6.4421058104280872e-15,2.7089441800853820e-14,9.0623952680295340e-17,3.8107916326401600e-16,1.0464505025683714e+01,-7.3493099114163341e-01,1.7389634079010881e+00,2.5522650502142659e+00,5.2041704279304213e-16,5.5789366529791085e-01,4.0181587793997948e-02,1.5056490730328859e-01,2.7912542954853703e-01,2.7901662416848444e-01,6.8809883520393211e-01,3.1090847469585263e+00,1.5370410224526601e-01,1.5430662468713910e-01,-8.1979101033072999e-01,4.1561870483345142e-01,4.1528320376790084e-01,1.3201156099999967e-01,8.7324528099999910e-01,2.4237995000000012e-02,0,0,0,0,0
exp4_repeat,s1_p1,A_int,A,1,1,8,abc,0,0.0000000000000000e+00,2.9999999999999999e-01,1,100,3,1,40,A,6.7470442593520348e+00,7.5930925406609795e-01,5.1501366189743944e-15,2.1316282072803006e-14,7.2449250445325735e-17,2.9986557109299675e-16,9.6416684059976117e+00,-7.5577368620434737e-01,1.4055365234777035e+00,2.2526762282159272e+00,3.3306690738754696e-16,5.1298856294063611e-01,3.8538400508137935e-02,1.5360563439641289e-01,2.5717746121611768e-01,2.5717746121611768e-01,7.4437579236037021e-01,3.3836156197519101e+00,1.2423305086955620e-01,1.2423305086955620e-01,-8.5174938974871850e-01,3.8185687912502014e-01,3.8185687912502014e-01,1.3201156099999967e-01,1.0022408599999988e+00,2.4256189000000816e-02,0,0,0,0,0
exp4_repeat,s1_p1,A_int,A,1,1,8,abc,0,0.0000000000000000e+00,2.9999999999999999e-01,1,100,3,1,45,B,7.0826606849276272e+00,7.9707937205560042e-01,5.6067314252437297e-15,3.1974423109204508e-14,7.8872371600901778e-17,4.4979835663949429e-16,9.4426877936901423e+00,-7.6081392399456493e-01,1.1385135879327439e+00,2.0673558433795858e+00,5.8286708792820718e-16,4.7572110912815330e-01,4.2863665183177788e-02,1.7407029546586816e-01,2.5186994320682465e-01,2.5177176223872449e-01,7.6872443837445592e-01,3.4146230667970809e+00,1.0063133481253378e-01,1.0102581119081185e-01,-8.7143990956827966e-01,3.5440192914217067e-01,3.5411584426803577e-01,1.3201156099999967e-01,1.1300359689999979e+00,2.4786595000000133e-02,0,0,0,0,0
exp4_repeat,s1_p1,A_int,A,1,1,8,abc,0,0.0000000000000000e+00,2.9999999999999999e-01,1,100,3,1,50,A,7.2861125058939722e+00,8.1997574630158654e-01,5.5807777055855718e-15,2.8421709430404007e-14,7.8507269143508056e-17,3.9982076145732898e-16,8.9430448370450417e+00,-7.7347002793602460e-01,9.3733228587796791e-01,1.8893948046803162e+00,4.8572257327350599e-16,4.4675046676160124e-01,4.2259914831591056e-02,1.7970950391578966e-01,2.3854269509024661e-01,2.3854269509024661e-01,8.0931188092673867e-01,3.6539561820779003e+00,8.2849251946174859e-02,8.2849251946174859e-02,-8.9199825448775938e-01,3.3255076488902663e-01,3.3255076488902663e-01,1.3201156099999967e-01,1.2520772539999996e+00,2.4323397999999941e-02,0,0,0,0,0
exp4_repeat,s1_p1,A_int,A,1,1,8,abc,0,0.0000000000000000e+00,2.9999999999999999e-01,1,100,3,1,55,B,7.5438680601670418e+00,8.4898343768810514e-01,5.7080002495236759e-15,2.3092638912203256e-14,8.0296964957421822e-17,3.2485436868407918e-16,9.0224779729831237e+00,-7.7145796309760728e-01,7.7153158712113767e-01,1.7950348729847543e+00,1.9428902930940239e-16,4.2256641520971827e-01,4.9075663986607176e-02,2.0591843235479132e-01,2.4066145829354069e-01,2.4056764648472057e-01,8.2690795015630369e-01,3.6369758537124315e+00,6.8194402144122035e-02,6.8461725248071370e-02,-9.0300660465516025e-01,3.1480283272582849e-01,3.1454871354257330e-01,1.3201156099999967e-01,1.3780519249999994e+00,2.4409357999999770e-02,0,0,0,0,0
exp4_repeat,s1_p1,A_int,A,1,1,8,abc,0,0.0000000000000000e+00,2.9999999999999999e-01,1,100,3,1,60,A,7.6804703904785523e+00,8.6435660103867396e-01,5.0905240938413075e-15,2.8421709430404007e-14,7.1610654679315679e-17,3.9982076145732898e-16,8.6758267286058981e+00,-7.8023874169545482e-01,6.4513907613886112e-01,1.6859730598057976e+00,5.5511151231257827e-16,4.0474379366116425e-01,4.9318040710294588e-02,2.1722559366973154e-01,2.3141504126255397e-01,2.3141504126255397e-01,8.5656399699493102e-01,3.8517250786140633e+00,5.7022776943276662e-02,5.7022776943276662e-02,-9.1711644871160036e-01,3.0128196427365295e-01,3.0128196427365295e-01,1.3201156099999967e-01,1.5005178690000012e+00,2.4389299999999281e-02,0,0,0,0,0
exp4_repeat,s1_p1,A_int,A,1,1,8,abc,0,0.0000000000000000e+00,2.9999999999999999e-01,1,100,3,1,65,B,7.8835420228334234e+00,8.8721018903339044e-01,5.5529476555740399e-15,2.8421709430404007e-14,7.8115771516869633e-17,3.9982076145732824e-16,8.9070350769146813e+00,-7.7438216581579589e-01,5.3829109237888262e-01,1.6462909579045195e+00,6.6613381477509392e-16,3.9005424948724227e-01,5.8682170168470237e-02,2.5167693886702058e-01,2.3758218718856783e-01,2.3748957570486107e-01,8.6956278260751396e-01,3.8007361409416718e+00,4.7578660209177795e-02,4.7765169288060662e-02,-9.2306925503899095e-01,2.9058197300036387e-01,2.9034740569038081e-01,1.3201156099999967e-01,1.6239656160000031e+00,2.5124339000001328e-02,0,0,0,0,0
exp4_repeat,s1_p1,A_int,A,1,1,8,abc,0,0.0000000000000000e+00,2.9999999999999999e-01,1,100,3,1,70,A,7.9732845990614516e+00,8.9730977723740080e-01,4.8897310081084714e-15,2.8421709430404007e-14,6.8786009503428092e-17,3.9982076145732898e-16,8.6372020894075039e+00,-7.8121711523578974e-01,4.5622381877172991e-01,1.5801189201445476e+00,6.6613381477509392e-16,3.8017909706662517e-01,5.9576834952506187e-02,2.6962830581258379e-01,2.3038478527042169e-01,2.3038478527042169e-01,8.9153399619485463e-01,3.9985702291365448e+00,4.0324869499039108e-02,4.0324869499039108e-02,-9.3335642270220542e-01,2.8299656951850871e-01,2.8299656951850871e-01,1.3201156099999967e-01,1.7468905280000033e+00,2.4461522999999374e-02,0,0,0,0,0
exp4_repeat,s1_p1,A_int,A,1,1,8,abc,0,0.0000000000000000e+00,2.9999999999999999e-01,1,100,3,1,75,B,8.1383963511929895e+00,9.1589137779156271e-01,5.6475812290131681e-15,2.8421709430404007e-14,7.9447023864111794e-17,3.9982076145732824e-16,8.9613541573602031e+00,-7.7300624743451984e-01,3.8517076525432070e-01,1.5781866833019516e+00,6.1409211049578971e-16,3.7278339230015417e-01,7.1571105864269166e-02,3.1240850849568513e-01,2.3903106954132367e-01,2.3893789327140125e-01,9.0149427369336010e-01,3.9236040160244867e+00,3.4044607503267765e-02,3.4178062887644869e-02,-9.3624020802103047e-01,2.7771555823003657e-01,2.7749137711253014e-01,1.3201156099999967e-01,1.8439638340000037e+00,1.7851191000000100e-02,0,0,0,0,0
exp4_repeat,s1_p1,A_int,A,1,1,8,abc,0,0.0000000000000000e+00,2.9999999999999999e-01,1,100,3,1,80,A,8.1958354563701672e+00,9.2235554823862442e-01,5.0395439728136617e-15,2.8421709430404007e-14,7.0893494761177332e-17,3.9982076145732898e-16,8.7384105788407176e+00,-7.7865347424978315e-01,3.3058933309918642e-01,1.5418278963076510e+00,4.1633363423443370e-16,3.6881168991185659e-01,7.2964200184331335e-02,3.3578863657267877e-01,2.3308437431143880e-01,2.3308437431143880e-01,9.1805478758536785e-01,4.1101785909662727e+00,2.9220244902796646e-02,2.9220244902796646e-02,-9.4415650739668866e-01,2.7453493326880213e-01,2.7453493326880213e-01,1.3201156099999967e-01,1.9490318570000031e+00,2.2815542000000022e-02,0,0,0,0,0
exp4_repeat,s1_p1,A_int,A,1,1,8,abc,0,0.0000000000000000e+00,2.9999999999999999e-01,1,100,3,1,85,B,8.3353652512217540e+00,9.3805816710048950e-01,6.1087170545500536e-15,3.1974423109204508e-14,8.5934025546852962e-17,4.4979835663949429e-16,9.1321893602653823e+00,-7.6867894119298696e-01,2.8210118669183470e-01,1.5707007915143125e+00,6.3837823915946501e-16,3.6752849031538132e-01,8.7767304883538594e-02,3.8498575305066696e-01,2.4358784974983658e-01,2.4349289720964312e-01,9.2616206424157499e-01,4.0185647347994449e+00,2.4934457761321079e-02,2.5032201218767383e-02,-9.4510594517440527e-01,2.7380076999566622e-01,2.7357974902376619e-01,1.3201156099999967e-01,2.0465896840000006e+00,1.7803011999999896e-02,0,0,0,0,0
exp4_repeat,s1_p1,A_int,A,1,1,8,abc,0,0.0000000000000000e+00,2.9999999999999999e-01,1,100,3,1,90,A,8.3714279249831467e+00,9.4211664379944571e-01,5.0469669589906491e-15,2.8421709430404007e-14,7.0997917191954685e-17,3.9982076145732898e-16,8.9503331873833645e+00,-7.7328541186525490e-01,2.4532222279636445e-01,1.5581259588957275e+00,7.7715611723760958e-16,3.6827137549059402e-01,8.9545466039917712e-02,4.1154443597379553e-01,2.3873710121971872e-01,2.3873710121971872e-01,9.3894750542114502e-01,4.1982375093120572e+00,2.1683625914383300e-02,2.1683625914383300e-02,-9.5148643761445206e-01,2.7413273564968399e-01,2.7413273564968399e-01,1.3201156099999967e-01,2.1433524640000012e+00,1.7886664999998914e-02,0,0,0,0,0
exp4_repeat,s1_p1,A_int,A,1,1,8,abc,0,0.0000000000000000e+00,2.9999999999999999e-01,1,100,3,1,95,B,8.4949414665875516e+00,9.5601680089604302e-01,6.4361889714800612e-15,3.3750779948604759e-14,9.0540717888967499e-17,4.7478715423057731e-16,9.4109536180937194e+00,-7.6161776005290072e-01,2.1153269884287662e-01,1.6167515843565012e+00,6.1756155744774333e-16,3.7265888556847188e-01,1.0744405017450702e-01,4.6423085222969024e-01,2.5102348029501181e-01,2.5092562928509204e-01,9.4617012078395624e-01,4.0954980583257017e+00,1.8697025724311235e-02,1.8770318352358335e-02,-9.5117603562500985e-01,2.7762280340992723e-01,2.7739869716715720e-01,1.3201156099999967e-01,2.2407669830000021e+00,1.8123001999999389e-02,0,0,0,0,0
exp4_repeat,s1_p1,A_int,A,1,1,8,abc,0,0.0000000000000000e+00,2.9999999999999999e-01,1,100,3,1,100,A,8.5182473529173190e+00,9.5863963461169421e-01,5.4764277762068264e-15,3.5527136788005009e-14,7.7039332518359209e-17,4.9977595182166122e-16,9.2786494456161535e+00,-7.6496906389196251e-01,1.8677769364992899e-01,1.6263814080216885e+00,9.4368957093138306e-16,3.7754178051857296e-01,1.0952541755647419e-01,4.9157238493504352e-01,2.4749445920101590e-01,2.4749445920101590e-01,9.5639638421253037e-01,4.2718668632254424e+00,1.6508971719281049e-02,1.6508971719281049e-02,-9.5651917898156491e-01,2.8103341178155827e-01,2.8103341178155827e-01,1.3201156099999967e-01,2.3530448790000005e+00,2.3904270999999255e-02,0,0,0,0,0
exp4_repeat,s1_p1,A_l2,A,1,1,8,abc,0,0.0000000000000000e+00,2.9999999999999999e-01,1,100,0,1,0,A,1.9940339026590539e+00,2.2440765719179748e-01,9.8111935749137855e-15,3.5527136788005009e-14,1.3801840088235408e-16,4.9977595182166122e-16,3.7490332008119829e+01,-5.0358796448269197e-02,1.1313708498984756e+01,1.1632731522625619e+01,3.4694469519536142e-16,1.3434053201191207e+00,9.4658665712614442e-17,4.9531482977069434e-11,1.0000000000000000e+00,1.0000000000000000e+00,0.0000000000000000e+00,1.0000000000000000e+00,1.0000000000000000e+00,1.0000000000000000e+00,0.0000000000000000e+00,1.0000000000000000e+00,1.0000000000000000e+00,1.7560617099999831e-01,0.0000000000000000e+00,0.0000000000000000e+00,0,0,0,0,0
exp4_repeat,s1_p1,A_l2,A,1,1,8,abc,0,0.0000000000000000e+00,2.9999999999999999e-01,1,100,0,1,1,B,2.0842417135027183e+00,2.3455960268521758e-01,1.2222001739698518e-14,3.9079850466805510e-14,1.7193230597423604e-16,5.4975354700382637e-16,3.7512930112944844e+01,-4.9786379766033166e-02,1.1265482045080040e+01,1.1623122999942352e+01,6.3837823915946501e-16,1.3418913144233637e+00,4.3680737934346093e-04,5.5894036182474146e-04,1.0006027715310741e+00,1.0002127283701403e+00,0.0000000000000000e+00,1.0048342209661816e+00,9.9573734342642439e-01,9.9964064910832573e-01,-3.4834449358185095e-04,9.9967998351456566e-01,9.9887300900697440e-01,1.7560617099999831e-01,1.1179286499999996e-01,1.1179286499999996e-01,34,0,34,0,0
exp4_repeat,s1_p1,A_l2,A,1,1,8,abc,0,0.0000000000000000e+00,2.9999999999999999e-01,1,100,0,1,2,A,2.0106006493367250e+00,2.2627207123424109e-01,1.0921880722818705e-14,4.2632564145606011e-14,1.5364292840430410e-16,5.9973114218599350e-16,3.7334682193714762e+01,-5.4301452305577078e-02,1.1257059396132723e+01,1.1580397382388751e+01,4.4408920985006262e-16,1.3401463728440639e+00,7.3011833573673980e-03,1.0628471492012010e-02,9.9584826791154168e-01,9.9584826791154168e-01,2.9745783991461744e-02,1.0083081569754553e+00,9.9499287940314918e-01,9.9499287940314918e-01,-4.8698023109920961e-03,9.9757411465754220e-01,9.9757411465754220e-01,1.7560617099999831e-01,1.9553597799999878e-01,8.3743112999998814e-02,15,0,49,0,0
exp4_repeat,s1_p1,A_l2,A,1,1,8,abc,0,0.0000000000000000e+00,2.9999999999999999e-01,1,100,0,1,5,B,2.1298989802167969e+00,2.3969785045694531e-01,1.2672159598300843e-14,4.6185277824406512e-14,1.7826487573901756e-16,6.4970873736815836e-16,3.7266712378714658e+01,-5.6023147832517405e-02,1.1164549299913757e+01,1.1534318689442527e+01,1.8041124150158794e-16,1.3360306088004625e+00,1.0589709661694542e-02,1.5693557296682155e-02,9.9403527209743736e-01,9.9364778900160766e-01,4.3360702645684125e-02,1.0268460556458481e+00,9.8681606485756779e-01,9.9068439899043825e-01,-9.0302776235434128e-03,9.9531388468263216e-01,9.9451043463338062e-01,1.7560617099999831e-01,4.8518375699999972e-01,1.1312213600000121e-01,34,0,132,0,0
exp4_repeat,s1_p1,A_l2,A,1,1,8,abc,0,0.0000000000000000e+00,2.9999999999999999e-01,1,100,0,1,10,A,2.1254336289570923e+00,2.3919532188238524e-01,1.0920963732750751e-14,4.2632564145606011e-14,1.5363002869930512e-16,5.9973114218599350e-16,3.6915616797139577e+01,-6.4916502806712933e-02,1.1064883950352964e+01,1.1423441751316755e+01,4.3021142204224816e-16,1.3294650022259944e+00,2.0663232623090274e-02,3.1788677188400269e-02,9.8467030884507034e-01,9.8467030884507034e-01,8.4965600546672404e-02,1.0658964354230969e+00,9.7800680929209727e-01,9.7800680929209727e-01,-2.1390036222174360e-02,9.8962314821569242e-01,9.8962314821569242e-01,1.7560617099999831e-01,9.8915569299999895e-01,9.3835708000000295e-02,15,0,246,0,0
exp4_repeat,s1_p1,A_l2,A,1,1,8,abc,0,0.0000000000000000e+00,2.9999999999999999e-01,1,100,0,1,15,B,2.2466293883495321e+00,2.5283463683614277e-01,1.2840228286046719e-14,4.4408920985006262e-14,1.8062917232984139e-16,6.2471993977707544e-16,3.6768130485145683e+01,-6.8652374732279059e-02,1.0948291206706898e+01,1.1350918912969250e+01,9.2981178312356860e-16,1.3236715948394622e+00,2.1082607758178568e-02,3.3411918410512553e-02,9.8073632629292995e-01,9.8035402723516829e-01,9.0810170856312780e-02,1.0831229778277764e+00,9.6770136933343753e-01,9.7149477356622960e-01,-2.7632152574450321e-02,9.8610668679708779e-01,9.8531066910029153e-01,1.7560617099999831e-01,1.5251360859999998e+00,1.1911007800000029e-01,35,0,381,0,0
exp4_repeat,s1_p1,A_l2,A,1,1,8,abc,0,0.0000000000000000e+00,2.9999999999999999e-01,1,100,0,1,20,A,2.2303001812168319e+00,2.5099695538470845e-01,1.0598124096115480e-14,3.5527136788005009e-14,1.4908850069360255e-16,4.9977595182166122e-16,3.6426483917143948e+01,-7.7306383396598621e-02,1.0860268265493215e+01,1.1248639289722744e+01,1.9428902930940239e-16,1.3178815142756510e+00,2.6596291769956388e-02,4.3021821893561706e-02,9.7162340171472827e-01,9.7162340171472827e-01,1.1537331146855467e-01,1.1184865905452841e+00,9.5992116700441499e-01,9.5992116700441499e-01,-3.8979686981479952e-02,9.8100066639515282e-01,9.8100066639515282e-01,1.7560617099999831e-01,2.0207596990000010e+00,8.8120762000002628e-02,15,0,496,0,0
exp4_repeat,s1_p1,A_l2,A,1,1,8,abc,0,0.0000000000000000e+00,2.9999999999999999e-01,1,100,0,1,25,B,2.3318052787588437e+00,2.6242029232098185e-01,1.1731615651272698e-14,4.2632564145606011e-14,1.6503382790195125e-16,5.9973114218599241e-16,3.6281314350981425e+01,-8.0983571464706486e-02,1.0755869223295727e+01,1.1180710493705160e+01,5.1347814888913490e-16,1.3125410609991444e+00,2.5251111634075066e-02,4.1878471275739300e-02,9.6775121498319761e-01,9.6737397762824595e-01,1.1564682371142476e-01,1.1241871446804326e+00,9.5069350816851195e-01,9.5442024132427727e-01,-4.4183716588270791e-02,9.7781468001054805e-01,9.7702535589390127e-01,1.7560617099999831e-01,2.5618926870000092e+00,1.2605104100000020e-01,35,0,631,0,0
exp4_repeat,s1_p1,A_l2,A,1,1,8,abc,0,0.0000000000000000e+00,2.9999999999999999e-01,1,100,0,1,30,A,2.3113647069052647e+00,2.6011991977706256e-01,1.0712645461425067e-14,4.2632564145606011e-14,1.5069952340824019e-16,5.9973114218599350e-16,3.5948802893450875e+01,-8.9406185077615066e-02,1.0673315960410051e+01,1.1083477352373430e+01,8.4654505627668186e-16,1.3071301254168839e+00,2.9427225475414803e-02,4.9262437794794736e-02,9.5888195617112482e-01,9.5888195617112482e-01,1.3498582286235666e-01,1.1591401248609909e+00,9.4339676166906972e-01,9.4339676166906972e-01,-5.5050917089347763e-02,9.7299757998649261e-01,9.7299757998649261e-01,1.7560617099999831e-01,3.0974499450000099e+00,9.2558070999999131e-02,15,0,746,0,0
exp4_repeat,s1_p1,A_l2,A,1,1,8,abc,0,0.0000000000000000e+00,2.9999999999999999e-01,1,100,0,1,35,B,2.4025595638329773e+00,2.7038294698226606e-01,1.1031122085715043e-14,4.6185277824406512e-14,1.5517967498891027e-16,6.4970873736815836e-16,3.5808200718974881e+01,-9.2967679762763614e-02,1.0575623630326612e+01,1.1018744829320667e+01,6.2450045135165055e-16,1.3020446529435263e+00,2.7508983138591785e-02,4.7022568439647715e-02,9.5513159796022551e-01,9.5475927983541542e-01,1.3352469339460285e-01,1.1582985082818276e+00,9.3476189803508059e-01,9.3842617903439496e-01,-5.9687903881998385e-02,9.6999508320772398e-01,9.6921207132637610e-01,1.7560617099999831e-01,3.6701149810000135e+00,1.3260540499999962e-01,35,0,881,0,0
exp4_repeat,s1_p1,A_l2,A,1,1,8,abc,0,0.0000000000000000e+00,2.9999999999999999e-01,1,100,0,1,40,A,2.3810490838495602e+00,2.6796216747008650e-01,1.0693859855534063e-14,4.2632564145606011e-14,1.5043525797866882e-16,5.9973114218599350e-16,3.5485705076073771e+01,-1.0113658982732290e-01,1.0496707342436599e+01,1.0925608141113662e+01,8.3266726846886741e-16,1.2968922732832697e+00,3.1047981341361365e-02,5.3239169019079338e-02,9.4652949641491879e-01,9.4652949641491879e-01,1.5027353650515479e-01,1.1940865602507660e+00,9.2778661774594329e-01,9.2778661774594329e-01,-7.0232959039679785e-02,9.6537675849629156e-01,9.6537675849629156e-01,1.7560617099999831e-01,4.1880312050000139e+00,8.8115150000000142e-02,15,0,996,0,0
exp4_repeat,s1_p1,A_l2,A,1,1,8,abc,0,0.0000000000000000e+00,2.9999999999999999e-01,1,100,0,1,45,B,2.4655971583787135e+00,2.7747716884486884e-01,1.1002521638708375e-14,2.8421709430404007e-14,1.5477733984688699e-16,3.9982076145732824e-16,3.5349890023097970e+01,-1.0457682530831164e-01,1.0403596497731080e+01,1.0863446038510297e+01,5.2735593669694936e-16,1.2919882980032684e+00,2.8863951314467937e-02,5.0397675680477656e-02,9.4290682769738421e-01,9.4253927488821254e-01,1.4807307053411548e-01,1.1886895765521652e+00,9.1955670403428325e-01,9.2316138043954532e-01,-7.4485163772957635e-02,9.6250331645073173e-01,9.6172635216950519e-01,1.7560617099999831e-01,4.7246724010000154e+00,1.2865441299999958e-01,35,0,1131,0,0
exp4_repeat,s1_p1,A_l2,A,1,1,8,abc,0,0.0000000000000000e+00,2.9999999999999999e-01,1,100,0,1,50,A,2.4441500022074716e+00,2.7506351576535215e-01,1.0930834963799818e-14,4.2632564145606011e-14,1.5376889167389937e-16,5.9973114218599350e-16,3.5037037289137466e+01,-1.1250147763596656e-01,1.0327621274260082e+01,1.0773844100976486e+01,1.0408340855860843e-15,1.2870398721459613e+00,3.2025924045435077e-02,5.5903671955674090e-02,9.3456193670274734e-01,9.3456193670274734e-01,1.6322635385597126e-01,1.2257314175793028e+00,9.1284137956946998e-01,9.1284137956946998e-01,-8.4768330018339888e-02,9.5804285785606280e-01,9.5804285785606280e-01,1.7560617099999831e-01,5.2491119950000158e+00,8.9848611000000744e-02,15,0,1246,0,0
exp4_repeat,s1_p1,A_l2,A,1,1,8,abc,0,0.0000000000000000e+00,2.9999999999999999e-01,1,100,0,1,55,B,2.5237522722247716e+00,2.8402191857781639e-01,1.2995935383365492e-14,4.4408920985006262e-14,1.8281957295886568e-16,6.2471993977707544e-16,3.4905409903888881e+01,-1.1583563825424972e-01,1.0238068091676569e+01,1.0713834815868763e+01,4.0245584642661925e-16,1.2822820922878215e+00,2.9698855701734115e-02,5.2691067274088711e-02,9.3105096792231412e-01,9.3068803662444921e-01,1.6064764638470064e-01,1.2167267510018107e+00,9.0492592173426512e-01,9.0847324524816542e-01,-8.8723422626482459e-02,9.5527240328711494e-01,9.5450127603642410e-01,1.7560617099999831e-01,5.8143682290000189e+00,1.2809306000000120e-01,35,0,1381,0,0
exp4_repeat,s1_p1,A_l2,A,1,1,8,abc,0,0.0000000000000000e+00,2.9999999999999999e-01,1,100,0,1,60,A,2.5028104360761159e+00,2.8166513398095155e-01,9.9771932665242293e-15,3.1974423109204508e-14,1.4035359198913424e-16,4.4979835663949507e-16,3.4601478230223314e+01,-1.2353431748479769e-01,1.0164709609195128e+01,1.0627368174618098e+01,5.4123372450476381e-16,1.2775073345804573e+00,3.2616563231535112e-02,5.7738492446407261e-02,9.2294403321712826e-01,9.2294403321712826e-01,1.7467985476372022e-01,1.2551493897564159e+00,8.9844188668174241e-01,8.9844188668174241e-01,-9.8772922555190837e-02,9.5094705629659093e-01,9.5094705629659093e-01,1.7560617099999831e-01,6.2760219540000168e+00,7.0200090000000159e-02,15,0,1496,0,0
exp4_repeat,s1_p1,A_l2,A,1,1,8,abc,0,0.0000000000000000e+00,2.9999999999999999e-01,1,100,0,1,65,B,2.5783706347718698e+00,2.9016864394818348e-01,1.2256485300663230e-14,3.7525538232330291e-14,1.7241740148323180e-16,5.2788834911162872e-16,3.4473282442231081e+01,-1.2678155472913152e-01,1.0078139082880741e+01,1.0569204921323085e+01,1.3877787807814457e-16,1.2728757178082346e+00,3.0208617752316116e-02,5.4285304982071229e-02,9.1952459729523595e-01,9.1916615907110766e-01,1.7187904625437780e-01,1.2430588215217064e+00,8.9079006090576840e-01,8.9428197162807799e-01,-1.0248003806004594e-01,9.4826485790425652e-01,9.4749938737429429e-01,1.7560617099999831e-01,6.7149722000000214e+00,1.0342850199999987e-01,35,0,1631,0,0
exp4_repeat,s1_p1,A_l2,A,1,1,8,abc,0,0.0000000000000000e+00,2.9999999999999999e-01,1,100,0,1,70,A,2.5581034871754431e+00,2.8788778849030572e-01,1.0142147107873385e-14,3.5527136788005009e-14,1.4267407065756291e-16,4.9977595182166122e-16,3.4177557729406075e+01,-1.3427234921306153e-01,1.0007210948641832e+01,1.0485574787946296e+01,6.8001160258290838e-16,1.2682554334052856e+00,3.2960430250979819e-02,5.9027538697491479e-02,9.1163657131667286e-01,9.1163657131667286e-01,1.8505438516287215e-01,1.2828786329882356e+00,8.8452084031861322e-01,8.8452084031861322e-01,-1.1231218977260764e-01,9.4406015400685506e-01,9.4406015400685506e-01,1.7560617099999831e-01,7.1222227400000175e+00,7.0695671999999377e-02,15,0,1746,0,0
exp4_repeat,s1_p1,A_l2,A,1,1,8,abc,0,0.0000000000000000e+00,2.9999999999999999e-01,1,100,0,1,75,B,2.6301851964511469e+00,2.9599983085998122e-01,1.1909760365243867e-14,4.4408920985006262e-14,1.6753986841172287e-16,6.2471993977707544e-16,3.4052165623713577e+01,-1.3744856835510377e-01,9.9232602898573283e+00,1.0429035404929499e+01,9.0205620750793969e-16,1.2637372165081351e+00,3.0506810980919102e-02,5.5413863906904948e-02,9.0829191953643951e-01,9.0793785990216069e-01,1.8211252525614921e-01,1.2680391510019191e+00,8.7710058030466309e-01,8.8053882805273020e-01,-1.1580224902402170e-01,9.4145687224190266e-01,9.4069689734151019e-01,1.7560617099999831e-01,7.5797876030000122e+00,1.0488871499999775e-01,35,0,1881,0,0
exp4_repeat,s1_p1,A_l2,A,1,1,8,abc,0,0.0000000000000000e+00,2.9999999999999999e-01,1,100,0,1,80,A,2.6106605985420801e+00,2.9380254160198938e-01,1.0699549400899474e-14,4.2632564145606011e-14,1.5051529533060624e-16,5.9973114218599350e-16,3.3764070218755457e+01,-1.4474611021317263e-01,9.8546328533227143e+00,1.0348017203716957e+01,2.4980018054066022e-16,1.2592580819034773e+00,3.3142277346486559e-02,5.9948890062840120e-02,9.0060739423280323e-01,9.0060739423280323e-01,1.9459735435803666e-01,1.3092358134236091e+00,8.7103471458602877e-01,8.7103471458602877e-01,-1.2542846388435466e-01,9.3736273263516479e-01,9.3736273263516479e-01,1.7560617099999831e-01,8.0060613970000123e+00,7.2150585999999350e-02,15,0,1996,0,0
exp4_repeat,s1_p1,A_l2,A,1,1,8,abc,0,0.0000000000000000e+00,2.9999999999999999e-01,1,100,0,1,85,B,2.6796716447168545e+00,3.0156901296026634e-01,1.0932002702861697e-14,4.7961634663806763e-14,1.5378531877593697e-16,6.7469753495924138e-16,3.3641046435346830e+01,-1.4786233905095278e-01,9.7730516927808004e+00,1.0292944414498191e+01,4.9960036108132044e-16,1.2548444129835064e+00,3.0664143916502455e-02,5.6225988525654150e-02,8.9732591399992667e-01,8.9697612900447954e-01,1.9156535786268325e-01,1.2918970732233719e+00,8.6382389060649678e-01,8.6721009352700185e-01,-1.2872274368821912e-01,9.3483192610405597e-01,9.3407729907771875e-01,1.7560617099999831e-01,8.5290052280000079e+00,1.2311505299999936e-01,35,0,2131,0,0
exp4_repeat,s1_p1,A_l2,A,1,1,8,abc,0,0.0000000000000000e+00,2.9999999999999999e-01,1,100,0,1,90,A,2.6609230492570592e+00,2.9945905466058165e-01,1.0370933132858745e-14,4.2632564145606011e-14,1.4589250489511052e-16,5.9973114218599350e-16,3.3360154067794227e+01,-1.5497742584008486e-01,9.7066217066760014e+00,1.0214368384205084e+01,8.1878948066105295e-16,1.2504965419288638e+00,3.3215820789449457e-02,6.0618337634752939e-02,8.8983351922754195e-01,8.8983351922754195e-01,2.0347451326367239e-01,1.3344422307507939e+00,8.5795225390039287e-01,8.5795225390039287e-01,-1.3815214330211065e-01,9.3084084393679589e-01,9.3084084393679589e-01,1.7560617099999831e-01,9.0473139340000106e+00,8.8006516000000090e-02,15,0,2246,0,0
exp4_repeat,s1_p1,A_l2,A,1,1,8,abc,0,0.0000000000000000e+00,2.9999999999999999e-01,1,100,0,1,95,B,2.7271891505905099e+00,3.0691661119040919e-01,1.1839411391523235e-14,4.9737991503207013e-14,1.6655023827319799e-16,6.9968633255032440e-16,3.3239231074848277e+01,-1.5804044103379930e-01,9.6272249320273655e+00,1.0160651542121622e+01,8.8817841970012523e-16,1.2461808563351893e+00,3.0726385124905300e-02,5.6819942897218027e-02,8.8660807452036361e-01,8.8626246742658521e-01,2.0038935011291853e-01,1.3148057482045321e+00,8.5093450418059402e-01,8.5427018050831371e-01,-1.4126632588579480e-01,9.2837776392692850e-01,9.2762834691222562e-01,1.7560617099999831e-01,9.6057020920000138e+00,1.2689012899999952e-01,35,0,2381,0,0
exp4_repeat,s1_p1,A_l2,A,1,1,8,abc,0,0.0000000000000000e+00,2.9999999999999999e-01,1,100,0,1,100,A,2.7092393909373587e+00,3.0489655350455608e-01,1.1043580455915932e-14,4.2632564145606011e-14,1.5535493239460717e-16,5.9973114218599350e-16,3.2965240097465546e+01,-1.6498071356773411e-01,9.5629034833416569e+00,1.0084387144715805e+01,3.8857805861880479e-16,1.2419565168560804e+00,3.3216206706382312e-02,6.1113039007047787e-02,8.7929976427858203e-01,8.7929976427858203e-01,2.1180728129324053e-01,1.3586726822069448e+00,8.4524923761291815e-01,8.4524923761291815e-01,-1.5050678443302759e-01,9.2448384583288334e-01,9.2448384583288334e-01,1.7560617099999831e-01,1.0102142243000015e+01,8.7633508000003246e-02,15,0,2496,0,0
exp4_repeat,s1_p1,B_pt,B,1,1,8,abc,0,0.0000000000000000e+00,2.9999999999999999e-01,1,100,0,1,0,A,1.9940339026590539e+00,2.2440765719179748e-01,9.8111935749137855e-15,3.5527136788005009e-14,1.3801840088235408e-16,4.9977595182166122e-16,3.7490332008119829e+01,-5.0358796448269197e-02,nan,nan,3.4694469519536142e-16,nan,nan,nan,1.0000000000000000e+00,1.0000000000000000e+00,0.0000000000000000e+00,1.0000000000000000e+00,nan,nan,nan,nan,nan,2.2062502999997236e-02,0.0000000000000000e+00,0.0000000000000000e+00,0,0,0,0,0
exp4_repeat,s1_p1,B_pt,B,1,1,8,abc,0,0.0000000000000000e+00,2.9999999999999999e-01,1,100,0,1,1,B,2.4074521458983451e+00,2.7093355591496460e-01,7.2159989906010971e+00,1.7265511314154885e+01,1.0151065044705271e-01,2.4288158660826181e-01,3.7715662925305161e+01,-4.4651097638161344e-02,nan,nan,1.7069679003611782e-15,nan,nan,nan,1.0060103740115325e+00,1.0056182229228330e+00,0.0000000000000000e+00,1.1606572720741064e+00,nan,nan,nan,nan,nan,2.2062502999997236e-02,6.1653570000004265e-03,6.1653570000004265e-03,0,0,0,0,0
exp4_repeat,s1_p1,B_pt,B,1,1,8,abc,0,0.0000000000000000e+00,2.9999999999999999e-01,1,100,0,1,2,A,2.1431801468645335e+00,2.4119250683576568e-01,5.3673997928158217e+00,1.3241188531994585e+01,7.5505587637661908e-02,1.8626965751042346e-01,3.7980905680268755e+01,-3.7932420166794857e-02,nan,nan,1.3156613206894860e-02,nan,nan,nan,1.0130853381624541e+00,1.0130853381624541e+00,9.0716338956269446e-02,1.0747962429357858e+00,nan,nan,nan,nan,nan,2.2062502999997236e-02,8.2496319999982859e-03,2.0842749999978594e-03,0,0,0,0,0
exp4_repeat,s1_p1,B_pt,B,1,1,8,abc,0,0.0000000000000000e+00,2.9999999999999999e-01,1,100,0,1,5,B,3.0729651406540328e+00,3.4583008188910508e-01,1.4773881031666635e+01,3.6690447357181107e+01,2.0783072102771008e-01,5.1614075629333611e-01,3.9889223910144622e+01,1.0405845287523568e-02,nan,nan,1.9021747226276101e-02,nan,nan,nan,1.0639869473950039e+00,1.0635721965628437e+00,1.7528155165375728e-01,1.4815078851751908e+00,nan,nan,nan,nan,nan,2.2062502999997236e-02,2.2505057999996581e-02,6.0532279999989669e-03,0,0,0,0,0
exp4_repeat,s1_p1,B_pt,B,1,1,8,abc,0,0.0000000000000000e+00,2.9999999999999999e-01,1,100,0,1,10,A,4.1654921850320328e+00,4.6878257237615756e-01,2.8112035679659868e+01,6.7162083508769967e+01,3.9546444379357087e-01,9.4479874390705920e-01,4.4951836208624059e+01,1.3864331288857176e-01,nan,nan,2.1799929687437200e-02,nan,nan,nan,1.1990247565395842e+00,1.1990247565395842e+00,4.2235219296772936e-01,2.0889776144113341e+00,nan,nan,nan,nan,nan,2.2062502999997236e-02,4.4963592999998525e-02,6.0744820000024902e-03,0,0,0,0,0
exp4_repeat,s1_p1,B_pt,B,1,1,8,abc,0,0.0000000000000000e+00,2.9999999999999999e-01,1,100,0,1,15,B,5.9253405090316544e+00,6.6683509238348093e-01,4.2584496496316412e+01,1.0670656102951267e+02,5.9905495329638703e-01,1.5010884052481910e+00,5.3193311430933228e+01,3.4740231900941271e-01,nan,nan,1.9510884874768125e-03,nan,nan,nan,1.4188541040237355e+00,1.4183010230655539e+00,5.7502577956506762e-01,2.8566671877735716e+00,nan,nan,nan,nan,nan,2.2062502999997236e-02,6.3130205999996747e-02,1.9972169999995515e-03,0,0,0,0,0
exp4_repeat,s1_p1,B_pt,B,1,1,8,abc,0,0.0000000000000000e+00,2.9999999999999999e-01,1,100,0,1,20,A,7.1498909682499550e+00,8.0464543718247172e-01,5.5905036530587928e+01,1.5024020643397688e+02,7.8644088349761621e-01,2.1134954561768970e+00,6.2313694542025573e+01,5.7842432203127858e-01,nan,nan,3.1275026093587718e-02,nan,nan,nan,1.6621270392732022e+00,1.6621270392732022e+00,7.9294327100252338e-01,3.5856416276150269e+00,nan,nan,nan,nan,nan,2.2062502999997236e-02,8.1382982999997466e-02,2.0164079999993589e-03,0,0,0,0,0
exp4_repeat,s1_p1,B_pt,B,1,1,8,abc,0,0.0000000000000000e+00,2.9999999999999999e-01,1,100,0,1,25,B,8.8538971145925363e+00,9.9641350423049735e-01,6.8896962873584016e+01,1.8359019389720464e+02,9.6920405951184441e-01,2.5826444851890633e+00,7.4958127218397479e+01,8.9871154334524217e-01,nan,nan,8.5979663802674411e-03,nan,nan,nan,1.9993988637433966e+00,1.9986194816799343e+00,9.3215847419972209e-01,4.2685542430224048e+00,nan,nan,nan,nan,nan,2.2062502999997236e-02,1.0393375700000007e-01,6.0584360000000004e-03,0,0,0,0,0
exp4_repeat,s1_p1,B_pt,B,1,1,8,abc,0,0.0000000000000000e+00,2.9999999999999999e-01,1,100,0,1,30,A,1.0024794891696914e+01,1.1281858008903944e+00,8.1400514910925622e+01,2.2422699401480628e+02,1.1450970580921289e+00,3.1543003317873772e+00,8.7489924691962599e+01,1.2161456816421612e+00,nan,nan,6.3799617389946287e-02,nan,nan,nan,2.3336663082368445e+00,2.3336663082368445e+00,1.1345791116388206e+00,5.0273944080533441e+00,nan,nan,nan,nan,nan,2.2062502999997236e-02,1.2594523599999974e-01,5.9677889999996125e-03,0,0,0,0,0
exp4_repeat,s1_p1,B_pt,B,1,1,8,abc,0,0.0000000000000000e+00,2.9999999999999999e-01,1,100,0,1,35,B,1.1753079621884220e+01,1.3226861685844935e+00,9.4398910214251686e+01,2.5229986082968571e+02,1.3279512358334447e+00,3.5492137698302049e+00,1.0507672406001005e+02,1.6616245137548826e+00,nan,nan,2.6625909289565548e-02,nan,nan,nan,2.8027685654331376e+00,2.8016760232758187e+00,1.2767869150422706e+00,5.6662797454342053e+00,nan,nan,nan,nan,nan,2.2062502999997236e-02,1.4816923600000464e-01,6.0303099999998722e-03,0,0,0,0,0
exp4_repeat,s1_p1,B_pt,B,1,1,8,abc,0,0.0000000000000000e+00,2.9999999999999999e-01,1,100,0,1,40,A,1.3039664133335672e+01,1.4674777970563417e+00,1.0751991071917466e+02,2.8761198571739851e+02,1.5125301551910688e+00,4.0459650541206065e+00,1.2307640473165362e+02,2.1175617514636418e+00,nan,nan,6.8610920928865712e-02,nan,nan,nan,3.2828838300230889e+00,3.2828838300230889e+00,1.4881733417519485e+00,6.5393392338752188e+00,nan,nan,nan,nan,nan,2.2062502999997236e-02,1.7046436300000778e-01,6.0312519999996539e-03,0,0,0,0,0
exp4_repeat,s1_p1,B_pt,B,1,1,8,abc,0,0.0000000000000000e+00,2.9999999999999999e-01,1,100,0,1,45,B,1.4975305273667935e+01,1.6853139596645990e+00,1.2200015772518029e+02,3.3766642977393951e+02,1.7162301964643778e+00,4.7501030647499265e+00,1.4883285055589974e+02,2.7699801457967328e+00,nan,nan,8.6263542146082534e-02,nan,nan,nan,3.9698995069892908e+00,3.9683520076255556e+00,1.6565700268594319e+00,7.2197476477467335e+00,nan,nan,nan,nan,nan,2.2062502999997236e-02,2.0074420200000276e-01,6.8270039999980270e-03,0,0,0,0,0
exp4_repeat,s1_p1,B_pt,B,1,1,8,abc,0,0.0000000000000000e+00,2.9999999999999999e-01,1,100,0,1,50,A,1.6541054209973591e+01,1.8615226239598048e+00,1.3701289165391978e+02,3.9904503273374991e+02,1.9274209668732802e+00,5.6135430289319066e+00,1.7619673205586267e+02,3.4631153614529615e+00,nan,nan,6.0781734236216078e-02,nan,nan,nan,4.6997911893045163e+00,4.6997911893045163e+00,1.8963116316570277e+00,8.2952723060104514e+00,nan,nan,nan,nan,nan,2.2062502999997236e-02,2.1832069999999604e-01,1.8698889999981816e-03,0,0,0,0,0
exp4_repeat,s1_p1,B_pt,B,1,1,8,abc,0,0.0000000000000000e+00,2.9999999999999999e-01,1,100,0,1,55,B,1.8820142261682520e+01,2.1180101438238328e+00,1.5392164218431603e+02,4.6096356111006151e+02,2.1652838416911808e+00,6.4845783628323668e+00,2.1506091302442249e+02,4.4475565657090863e+00,nan,nan,1.5361539683185657e-01,nan,nan,nan,5.7364366092528494e+00,5.7342004992487308e+00,2.1070849836068408e+00,9.0733828353377319e+00,nan,nan,nan,nan,nan,2.2062502999997236e-02,2.4016958199999650e-01,5.9837700000002769e-03,0,0,0,0,0
exp4_repeat,s1_p1,B_pt,B,1,1,8,abc,0,0.0000000000000000e+00,2.9999999999999999e-01,1,100,0,1,60,A,2.0752971530154568e+01,2.3355298596677616e+00,1.7191438572706920e+02,5.3929713054229660e+02,2.4183957258157336e+00,7.5865313419365483e+00,2.5663170919111718e+02,5.5005571338500516e+00,nan,nan,4.7783828254604699e-02,nan,nan,nan,6.8452770473074152e+00,6.8452770473074152e+00,2.3855668672011308e+00,1.0407531939391994e+01,nan,nan,nan,nan,nan,2.2062502999997236e-02,2.5827427299999783e-01,2.1030830000015044e-03,0,0,0,0,0
exp4_repeat,s1_p1,B_pt,B,1,1,8,abc,0,0.0000000000000000e+00,2.9999999999999999e-01,1,100,0,1,65,B,2.3461734458271344e+01,2.6403727922658851e+00,1.9196606278554063e+02,6.1230777120385449e+02,2.7004715386603375e+00,8.6136043269472218e+00,3.1499757497151131e+02,6.9789817851448896e+00,nan,nan,2.2421897713096045e-01,nan,nan,nan,8.4021015045502310e+00,8.3988262965230671e+00,2.6482957341381623e+00,1.1311141847973460e+01,nan,nan,nan,nan,nan,2.2062502999997236e-02,2.8126037499999867e-01,6.2322300000019482e-03,0,0,0,0,0
exp4_repeat,s1_p1,B_pt,B,1,1,8,abc,0,0.0000000000000000e+00,2.9999999999999999e-01,1,100,0,1,70,A,2.5828060577000603e+01,2.9066780440209752e+00,2.1402817418036386e+02,7.0959223572754354e+02,3.0108290208108892e+00,9.9821479319360584e+00,3.7725985411513136e+02,8.5561037399201965e+00,nan,nan,3.1907967880718369e-02,nan,nan,nan,1.0062857112959755e+01,1.0062857112959755e+01,2.9738494585547812e+00,1.2952668729733611e+01,nan,nan,nan,nan,nan,2.2062502999997236e-02,3.0332993100000039e-01,5.9310100000011801e-03,0,0,0,0,0
exp4_repeat,s1_p1,B_pt,B,1,1,8,abc,0,0.0000000000000000e+00,2.9999999999999999e-01,1,100,0,1,75,B,2.9054714853535692e+01,3.2698042304912991e+00,2.3800146687578109e+02,7.9413971169680417e+02,3.3480719358998541e+00,1.1171514683577074e+01,4.6416432197172321e+02,1.0757419626679541e+01,nan,nan,2.9854390549365956e-01,nan,nan,nan,1.2380907212856700e+01,1.2376081033755534e+01,3.2980531068560248e+00,1.4007574829784257e+01,nan,nan,nan,nan,nan,2.2062502999997236e-02,3.3627022099999948e-01,7.3575800000007519e-03,0,0,0,0,0
exp4_repeat,s1_p1,B_pt,B,1,1,8,abc,0,0.0000000000000000e+00,2.9999999999999999e-01,1,100,0,1,80,A,3.1941877217462501e+01,3.5947241534460601e+00,2.6536924871869229e+02,9.1245291956160656e+02,3.7330666316842533e+00,1.2835878925101611e+01,5.5678092994570466e+02,1.3103425712895087e+01,nan,nan,1.4671666039480280e-02,nan,nan,nan,1.4851320330401835e+01,1.4851320330401835e+01,3.6816109407030679e+00,1.6018723239794394e+01,nan,nan,nan,nan,nan,2.2062502999997236e-02,3.5908528399999895e-01,5.9638880000001393e-03,0,0,0,0,0
exp4_repeat,s1_p1,B_pt,B,1,1,8,abc,0,0.0000000000000000e+00,2.9999999999999999e-01,1,100,0,1,85,B,3.5801187525811315e+01,4.0290491584110208e+00,2.9423661764651661e+02,1.0091409616494763e+03,4.1391566824693546e+00,1.4196032391804618e+01,6.8571662223361727e+02,1.6369404951983974e+01,nan,nan,3.7795675467833290e-01,nan,nan,nan,1.8290492121678241e+01,1.8283362337946720e+01,4.0798143145557999e+00,1.7260118221463607e+01,nan,nan,nan,nan,nan,2.2062502999997236e-02,3.7686222600000008e-01,1.9186180000012598e-03,0,0,0,0,0
exp4_repeat,s1_p1,B_pt,B,1,1,8,abc,0,0.0000000000000000e+00,2.9999999999999999e-01,1,100,0,1,90,A,3.9322709236130684e+01,4.4253595900987808e+00,3.2834558505111067e+02,1.1510417883229150e+03,4.6189826181197837e+00,1.6192214103215246e+01,8.2320791917605015e+02,1.9852100188665833e+01,nan,nan,2.4076513127169324e-03,nan,nan,nan,2.1957872205499701e+01,2.1957872205499701e+01,4.5353383085695640e+00,1.9720180877413199e+01,nan,nan,nan,nan,nan,2.2062502999997236e-02,3.9972955500000040e-01,5.9553300000025899e-03,0,0,0,0,0
exp4_repeat,s1_p1,B_pt,B,1,1,8,abc,0,0.0000000000000000e+00,2.9999999999999999e-01,1,100,0,1,95,B,4.3956626561248648e+01,4.9468585120396202e+00,3.6329203964002994e+02,1.2608602590772662e+03,5.1105898565298906e+00,1.7737079119395908e+01,1.0142376528470392e+03,2.4690939870272121e+01,nan,nan,4.6430271614859331e-01,nan,nan,nan,2.7053312107968818e+01,2.7042766505189629e+01,5.0231611845447492e+00,2.1191938689656233e+01,nan,nan,nan,nan,nan,2.2062502999997236e-02,4.1776256800000056e-01,1.9316909999993470e-03,0,0,0,0,0
exp4_repeat,s1_p1,B_pt,B,1,1,8,abc,0,0.0000000000000000e+00,2.9999999999999999e-01,1,100,0,1,100,A,4.8247076295222151e+01,5.4297037494331644e+00,4.0577962086317547e+02,1.4296156528170995e+03,5.7082814597994034e+00,2.0111035907262956e+01,1.2179726255130847e+03,2.9851607015237889e+01,nan,nan,1.8608720038950539e-02,nan,nan,nan,3.2487645754891972e+01,3.2487645754891972e+01,5.5670500405272705e+00,2.4195715143501040e+01,nan,nan,nan,nan,nan,2.2062502999997236e-02,4.3616338900000073e-01,2.1235990000008087e-03,0,0,0,0,0
exp4_repeat,s1_p1,B_int,B,1,1,8,abc,0,0.0000000000000000e+00,2.9999999999999999e-01,1,100,3,1,0,A,1.9940339026590539e+00,2.2440765719179748e-01,9.8111935749137855e-15,3.5527136788005009e-14,1.3801840088235408e-16,4.9977595182166122e-16,3.7490332008119829e+01,-5.0358796448269197e-02,nan,nan,3.4694469519536142e-16,nan,nan,nan,1.0000000000000000e+00,1.0000000000000000e+00,0.0000000000000000e+00,1.0000000000000000e+00,nan,nan,nan,nan,nan,1.8293959000000370e-01,0.0000000000000000e+00,0.0000000000000000e+00,0,0,0,0,0
exp4_repeat,s1_p1,B_int,B,1,1,8,abc,0,0.0000000000000000e+00,2.9999999999999999e-01,1,100,3,1,1,B,2.1323218702458622e+00,2.3997052138512304e-01,3.6682819541301313e+00,1.3619301484943769e+01,5.1603345243250449e-02,1.9158873971183710e-01,3.5092616230597557e+01,-1.1109364660238541e-01,nan,nan,1.2351231148954867e-15,nan,nan,nan,9.3604442401302379e-01,9.3567954622505023e-01,0.0000000000000000e+00,1.0280141556790976e+00,nan,nan,nan,nan,nan,1.8293959000000370e-01,3.4586697000001720e-02,3.4586697000001720e-02,0,0,0,0,0
exp4_repeat,s1_p1,B_int,B,1,1,8,abc,0,0.0000000000000000e+00,2.9999999999999999e-01,1,100,3,1,2,A,2.1716917131271414e+00,2.4440118537394323e-01,3.1312097581659368e+00,9.0888674955323427e+00,4.4048113040424115e-02,1.2785712033777741e-01,3.2824120188319597e+01,-1.6855532262527581e-01,nan,nan,1.1796054182590289e-01,nan,nan,nan,8.7553559624946498e-01,8.7553559624946498e-01,9.9348849525892860e-02,1.0890946789977742e+00,nan,nan,nan,nan,nan,1.8293959000000370e-01,6.7937567000001309e-02,3.3350869999999588e-02,0,0,0,0,0
exp4_repeat,s1_p1,B_int,B,1,1,8,abc,0,0.0000000000000000e+00,2.9999999999999999e-01,1,100,3,1,5,B,2.7481344305649760e+00,3.0927378335384553e-01,4.5029429686157370e+00,1.4516219848961308e+01,6.3344891021400965e-02,2.0420608717099223e-01,2.7516781810235567e+01,-3.0299177423974560e-01,nan,nan,2.0507628088880142e-01,nan,nan,nan,7.3397007538572490e-01,7.3368396783497702e-01,1.6424328198614341e-01,1.3249036816398492e+00,nan,nan,nan,nan,nan,1.8293959000000370e-01,1.7937101399999733e-01,3.8101004999997912e-02,0,0,0,0,0
exp4_repeat,s1_p1,B_int,B,1,1,8,abc,0,0.0000000000000000e+00,2.9999999999999999e-01,1,100,3,1,10,A,3.6138229167529135e+00,4.0669796695688959e-01,5.6653371640507260e+00,2.2606834733632983e+01,7.9696804458220361e-02,3.1802034636495297e-01,2.1048464905271523e+01,-4.6683615548592056e-01,nan,nan,3.5028812256458108e-01,nan,nan,nan,5.6143714333371997e-01,5.6143714333371997e-01,3.4805913928757259e-01,1.8123176902528404e+00,nan,nan,nan,nan,nan,1.8293959000000370e-01,3.6959464999999625e-01,3.8823914999998266e-02,0,0,0,0,0
exp4_repeat,s1_p1,B_int,B,1,1,8,abc,0,0.0000000000000000e+00,2.9999999999999999e-01,1,100,3,1,15,B,4.4532761302647774e+00,5.0116964505379435e-01,5.2644248850139910e+00,2.1237467652864797e+01,7.4056994049399860e-02,2.9875685377707700e-01,1.6911056904557466e+01,-5.7163792444682715e-01,nan,nan,3.9314751321943880e-01,nan,nan,nan,4.5107781123130070e-01,4.5090197740360644e-01,4.2506610773554465e-01,2.1469699133799933e+00,nan,nan,nan,nan,nan,1.8293959000000370e-01,5.5387202100000366e-01,3.4208871000004137e-02,0,0,0,0,0
exp4_repeat,s1_p1,B_int,B,1,1,8,abc,0,0.0000000000000000e+00,2.9999999999999999e-01,1,100,3,1,20,A,5.1116981656550902e+00,5.7526815772620432e-01,5.3858326208265481e+00,2.4069717723326622e+01,7.5764890384708392e-02,3.3859936861885720e-01,1.4033648831781576e+01,-6.4452352238574495e-01,nan,nan,4.2800256437360101e-01,nan,nan,nan,3.7432714196134897e-01,3.7432714196134897e-01,5.4355618928638738e-01,2.5634961165096617e+00,nan,nan,nan,nan,nan,1.8293959000000370e-01,7.3204623099999822e-01,3.2988879999997778e-02,0,0,0,0,0
exp4_repeat,s1_p1,B_int,B,1,1,8,abc,0,0.0000000000000000e+00,2.9999999999999999e-01,1,100,3,1,25,B,5.7337977584196285e+00,6.4527895943127866e-01,4.8087560597031951e+00,1.9917995689042932e+01,6.7646899077658432e-02,2.8019525787487887e-01,1.2393830039375340e+01,-6.8606061763713222e-01,nan,nan,4.2578968309081755e-01,nan,nan,nan,3.3058736414206807e-01,3.3045849847814684e-01,5.9570170846750414e-01,2.7643224710614698e+00,nan,nan,nan,nan,nan,1.8293959000000370e-01,9.0863379099999264e-01,3.7816150000004711e-02,0,0,0,0,0
exp4_repeat,s1_p1,B_int,B,1,1,8,abc,0,0.0000000000000000e+00,2.9999999999999999e-01,1,100,3,1,30,A,6.2055337878392933e+00,6.9836791495699180e-01,4.7516374768986198e+00,2.0905496353046022e+01,6.6843386701803398e-02,2.9408686662515998e-01,1.1245887544493209e+01,-7.1513834072083116e-01,nan,nan,4.2378245183459540e-01,nan,nan,nan,2.9996767011979308e-01,2.9996767011979308e-01,6.7863965515407842e-01,3.1120502914038641e+00,nan,nan,nan,nan,nan,1.8293959000000370e-01,1.0794608079999932e+00,3.3516677999998024e-02,0,0,0,0,0
exp4_repeat,s1_p1,B_int,B,1,1,8,abc,0,0.0000000000000000e+00,2.9999999999999999e-01,1,100,3,1,35,B,6.6831853849518001e+00,7.5212260574685152e-01,4.2311689543399789e+00,1.6608129802364743e+01,5.9521725718901297e-02,2.3363391003006354e-01,1.0948918890720122e+01,-7.2266064459707136e-01,nan,nan,4.0525661792254203e-01,nan,nan,nan,2.9204646382829458e-01,2.9193262172318346e-01,7.1776779010642655e-01,3.2220319439700411e+00,nan,nan,nan,nan,nan,1.8293959000000370e-01,1.2636572070000014e+00,3.8117198999998436e-02,0,0,0,0,0
exp4_repeat,s1_p1,B_int,B,1,1,8,abc,0,0.0000000000000000e+00,2.9999999999999999e-01,1,100,3,1,40,A,7.0269608895878601e+00,7.9081094273672670e-01,4.2065759937809668e+00,1.6918803216305164e+01,5.9175765661809425e-02,2.3800429039829507e-01,1.0751494229132474e+01,-7.2766146969513334e-01,nan,nan,3.8870959441145336e-01,nan,nan,nan,2.8678044853814222e-01,2.8678044853814222e-01,7.7814922646704432e-01,3.5239926864921269e+00,nan,nan,nan,nan,nan,1.8293959000000370e-01,1.4343206700000053e+00,3.2781188000001293e-02,0,0,0,0,0
exp4_repeat,s1_p1,B_int,B,1,1,8,abc,0,0.0000000000000000e+00,2.9999999999999999e-01,1,100,3,1,45,B,7.4210488103597640e+00,8.3516141587064663e-01,3.7294237963135632e+00,1.3196386214563503e+01,5.2463454588838679e-02,1.8563940348878480e-01,1.1344061357447204e+01,-7.1265156898803605e-01,nan,nan,3.6519448576475444e-01,nan,nan,nan,3.0258631358586674e-01,3.0246836296093921e-01,8.1116043087624579e-01,3.5777634387606438e+00,nan,nan,nan,nan,nan,1.8293959000000370e-01,1.6106540910000149e+00,3.4235870000003388e-02,0,0,0,0,0
exp4_repeat,s1_p1,B_int,B,1,1,8,abc,0,0.0000000000000000e+00,2.9999999999999999e-01,1,100,3,1,50,A,7.6848719547258542e+00,8.6485195105223134e-01,3.8203791347364815e+00,1.3269224549631051e+01,5.3742963576709789e-02,1.8666405257477001e-01,1.1794657620461042e+01,-7.0123783230969206e-01,nan,nan,3.4333463323540681e-01,nan,nan,nan,3.1460531258849617e-01,3.1460531258849617e-01,8.5709034959675034e-01,3.8539324454203308e+00,nan,nan,nan,nan,nan,1.8293959000000370e-01,1.7883556430000169e+00,3.4332471999995562e-02,0,0,0,0,0
exp4_repeat,s1_p1,B_int,B,1,1,8,abc,0,0.0000000000000000e+00,2.9999999999999999e-01,1,100,3,1,55,B,8.0447797060775930e+00,9.0535580365890267e-01,3.3653748039793356e+00,1.0252959714816717e+01,4.7342216343853397e-02,1.4423292062735932e-01,1.3168070490870614e+01,-6.6644887789481244e-01,nan,nan,3.1970325053007453e-01,nan,nan,nan,3.5123910047045226e-01,3.5110218459045583e-01,8.8946055424471937e-01,3.8784704751042707e+00,nan,nan,nan,nan,nan,1.8293959000000370e-01,2.0102379900000145e+00,6.2454711000000884e-02,0,0,0,0,0
exp4_repeat,s1_p1,B_int,B,1,1,8,abc,0,0.0000000000000000e+00,2.9999999999999999e-01,1,100,3,1,60,A,8.2673516062604264e+00,9.3040394281549166e-01,3.6085409027368001e+00,1.0258737771009278e+01,5.0762941441472476e-02,1.4431420310026324e-01,1.4205408554727830e+01,-6.4017279777799629e-01,nan,nan,2.9677217977522841e-01,nan,nan,nan,3.7890858239535347e-01,3.7890858239535347e-01,9.2656737011196044e-01,4.1460436531374283e+00,nan,nan,nan,nan,nan,1.8293959000000370e-01,2.1888931030000123e+00,3.3248350999997456e-02,0,0,0,0,0
exp4_repeat,s1_p1,B_int,B,1,1,8,abc,0,0.0000000000000000e+00,2.9999999999999999e-01,1,100,3,1,65,B,8.6361862474188165e+00,9.7191242349034579e-01,3.1630881553128063e+00,9.1201841867575624e+00,4.4496560557365637e-02,1.2829766608899779e-01,1.6454786826130558e+01,-5.8319538054852638e-01,nan,nan,2.7504185449308544e-01,nan,nan,nan,4.3890747146668918e-01,4.3873638173717905e-01,9.6336105019549223e-01,4.1635936100041118e+00,nan,nan,nan,nan,nan,1.8293959000000370e-01,2.3606425760000178e+00,3.7123420000000351e-02,0,0,0,0,0
exp4_repeat,s1_p1,B_int,B,1,1,8,abc,0,0.0000000000000000e+00,2.9999999999999999e-01,1,100,3,1,70,A,8.8508173710202520e+00,9.9606691130703606e-01,3.5748684974937772e+00,9.8757045030626571e+00,5.0289256818901423e-02,1.3892590465083637e-01,1.8163822464938079e+01,-5.3990500209579717e-01,nan,nan,2.5301581312399318e-01,nan,nan,nan,4.8449350784634487e-01,4.8449350784634487e-01,9.9585790868840485e-01,4.4386493926796549e+00,nan,nan,nan,nan,nan,1.8293959000000370e-01,2.5382120700000215e+00,3.3606382000002100e-02,0,0,0,0,0
exp4_repeat,s1_p1,B_int,B,1,1,8,abc,0,0.0000000000000000e+00,2.9999999999999999e-01,1,100,3,1,75,B,9.2694954183994387e+00,1.0431847459660688e+00,3.1323235632508912e+00,9.1602192771894444e+00,4.4063781429345958e-02,1.2886085741922668e-01,2.1543950158803561e+01,-4.5428536739462305e-01,nan,nan,2.3389524604157091e-01,nan,nan,nan,5.7465349077563443e-01,5.7442948613527067e-01,1.0422488965225150e+00,4.4689184306956546e+00,nan,nan,nan,nan,nan,1.8293959000000370e-01,2.6902040800000293e+00,3.8048456000005615e-02,0,0,0,0,0
exp4_repeat,s1_p1,B_int,B,1,1,8,abc,0,0.0000000000000000e+00,2.9999999999999999e-01,1,100,3,1,80,A,9.5072137134284844e+00,1.0699374534240336e+00,3.7212655413165163e+00,1.0376539429930610e+01,5.2348688806257343e-02,1.4597137115647027e-01,2.4127342277606083e+01,-3.8884728057228346e-01,nan,nan,2.1364280702452598e-01,nan,nan,nan,6.4356171272050811e-01,6.4356171272050811e-01,1.0735189799061453e+00,4.7678295242375617e+00,nan,nan,nan,nan,nan,1.8293959000000370e-01,2.8814141810000251e+00,3.8730324999995958e-02,0,0,0,0,0
exp4_repeat,s1_p1,B_int,B,1,1,8,abc,0,0.0000000000000000e+00,2.9999999999999999e-01,1,100,3,1,85,B,1.0017016573191070e+01,1.1273104325075072e+00,3.2760538768188643e+00,9.2399919876326404e+00,4.6085699342340074e-02,1.2998305543166550e-01,2.9060028215544015e+01,-2.6390088613033685e-01,nan,nan,1.9724670570830749e-01,nan,nan,nan,7.7513392544109938e-01,7.7483177188423535e-01,1.1350612317137934e+00,4.8293060154774858e+00,nan,nan,nan,nan,nan,1.8293959000000370e-01,3.0650940000000233e+00,3.8261441999999590e-02,0,0,0,0,0
exp4_repeat,s1_p1,B_int,B,1,1,8,abc,0,0.0000000000000000e+00,2.9999999999999999e-01,1,100,3,1,90,A,1.0308516095543611e+01,1.1601156545232592e+00,4.0493978227832486e+00,1.1608522132605742e+01,5.6964670788481650e-02,1.6330221691337266e-01,3.2846149187536390e+01,-1.6799732155650041e-01,nan,nan,1.7907982277008933e-01,nan,nan,nan,8.7612318771736719e-01,8.7612318771736719e-01,1.1679937855361213e+00,5.1696794531914199e+00,nan,nan,nan,nan,nan,1.8293959000000370e-01,3.2485171400000183e+00,3.9015386999999180e-02,0,0,0,0,0
exp4_repeat,s1_p1,B_int,B,1,1,8,abc,0,0.0000000000000000e+00,2.9999999999999999e-01,1,100,3,1,95,B,1.0952283462926447e+01,1.2325649376062908e+00,3.5929048415877802e+00,9.8817166469903501e+00,5.0542982051270932e-02,1.3901048013947967e-01,3.9963150796627311e+01,1.2278435197878248e-02,nan,nan,1.6526333239579946e-01,nan,nan,nan,1.0659588394141697e+00,1.0655433199223394e+00,1.2507071317862926e+00,5.2802077369305751e+00,nan,nan,nan,nan,nan,1.8293959000000370e-01,3.4338067520000095e+00,3.4703759999999306e-02,0,0,0,0,0
exp4_repeat,s1_p1,B_int,B,1,1,8,abc,0,0.0000000000000000e+00,2.9999999999999999e-01,1,100,3,1,100,A,1.1328849306180027e+01,1.2749434842048757e+00,4.5616193644179219e+00,1.4089546592460461e+01,6.4170317841932334e-02,1.9820388569449887e-01,4.5440091078537471e+01,1.5101095322326238e-01,nan,nan,1.4921243513629567e-01,nan,nan,nan,1.2120482440298435e+00,1.2120482440298435e+00,1.2878857456040242e+00,5.6813724636642089e+00,nan,nan,nan,nan,nan,1.8293959000000370e-01,3.6241893400000151e+00,3.9065878999998915e-02,0,0,0,0,0
exp4_repeat,s1_p1,B_l2,B,1,1,8,abc,0,0.0000000000000000e+00,2.9999999999999999e-01,1,100,0,1,0,A,1.9940339026590539e+00,2.2440765719179748e-01,9.8111935749137855e-15,3.5527136788005009e-14,1.3801840088235408e-16,4.9977595182166122e-16,3.7490332008119829e+01,-5.0358796448269197e-02,nan,nan,3.4694469519536142e-16,nan,nan,nan,1.0000000000000000e+00,1.0000000000000000e+00,0.0000000000000000e+00,1.0000000000000000e+00,nan,nan,nan,nan,nan,1.8889393300000279e-01,0.0000000000000000e+00,0.0000000000000000e+00,0,0,0,0,0
exp4_repeat,s1_p1,B_l2,B,1,1,8,abc,0,0.0000000000000000e+00,2.9999999999999999e-01,1,100,0,1,1,B,2.1028525427808402e+00,2.3665405684225604e-01,2.3255296691403138e+00,7.3134663151905244e+00,3.2714254763038443e-02,1.0288176642549086e-01,3.4959304449379758e+01,-1.1447047346899934e-01,nan,nan,4.4336664857675817e-03,nan,nan,nan,9.3248852642350866e-01,9.3212503475355823e-01,0.0000000000000000e+00,1.0138066918739768e+00,nan,nan,nan,nan,nan,1.8889393300000279e-01,9.4860177999997575e-02,9.4860177999997575e-02,23,0,23,0,0
exp4_repeat,s1_p1,B_l2,B,1,1,8,abc,0,0.0000000000000000e+00,2.9999999999999999e-01,1,100,0,1,2,A,2.0970133365721337e+00,2.3599691526436850e-01,4.0909160847068069e+00,1.6127360035103315e+01,5.7548726548298269e-02,2.2687070900224335e-01,3.2729665322850977e+01,-1.7094789231779040e-01,nan,nan,4.2744427386358440e-02,nan,nan,nan,8.7301615029075319e-01,8.7301615029075319e-01,7.4957976911018853e-02,1.0516437728444616e+00,nan,nan,nan,nan,nan,1.8889393300000279e-01,1.5849647299999958e-01,6.3636295000002008e-02,5,0,28,0,0
exp4_repeat,s1_p1,B_l2,B,1,1,8,abc,0,0.0000000000000000e+00,2.9999999999999999e-01,1,100,0,1,5,B,2.5347414309498388e+00,2.8525863344044367e-01,7.5918156946275435e+00,2.9079573884934682e+01,1.0679743029891826e-01,4.0907523180473077e-01,2.6876465772887911e+01,-3.1921116894205454e-01,nan,nan,4.6859863520862591e-03,nan,nan,nan,7.1689057773793208e-01,7.1661112791534487e-01,1.3678107315614296e-01,1.2220247366793064e+00,nan,nan,nan,nan,nan,1.8889393300000279e-01,3.9185757299999580e-01,8.8289804999995170e-02,24,0,81,0,0
exp4_repeat,s1_p1,B_l2,B,1,1,8,abc,0,0.0000000000000000e+00,2.9999999999999999e-01,1,100,0,1,10,A,3.2918078569248967e+00,3.7045854040545573e-01,1.2425538002609395e+01,4.8535004951996804e+01,1.7479554063717864e-01,6.8276338848513629e-01,1.9734458207078607e+01,-5.0012033397963718e-01,nan,nan,5.7062800110818240e-02,nan,nan,nan,5.2638792856794192e-01,5.2638792856794192e-01,3.0246976212808691e-01,1.6508284300157861e+00,nan,nan,nan,nan,nan,1.8889393300000279e-01,7.7725228299998861e-01,6.3331611999998927e-02,5,0,144,0,0
exp4_repeat,s1_p1,B_l2,B,1,1,8,abc,0,0.0000000000000000e+00,2.9999999999999999e-01,1,100,0,1,15,B,4.0871780252014274e+00,4.5996913289095281e-01,1.5261135013380590e+01,6.4981805618367673e+01,2.1468513836910993e-01,9.1412781018071720e-01,1.4704577312039786e+01,-6.2752870544596573e-01,nan,nan,3.0244563183009637e-02,nan,nan,nan,3.9222318193541206e-01,3.9207029012456934e-01,3.8464237746632496e-01,1.9704702771740283e+00,nan,nan,nan,nan,nan,1.8889393300000279e-01,1.1687921239999852e+00,9.3572174999998481e-02,24,0,226,0,0
exp4_repeat,s1_p1,B_l2,B,1,1,8,abc,0,0.0000000000000000e+00,2.9999999999999999e-01,1,100,0,1,20,A,4.7384286720517883e+00,5.3326058079936012e-01,1.7426914741059903e+01,7.9571667019188240e+01,2.4515212002586004e-01,1.1193698456436805e+00,1.1153782237478429e+01,-7.1747139540245064e-01,nan,nan,2.0583860633623524e-03,nan,nan,nan,2.9751089521060237e-01,2.9751089521060237e-01,4.9640440237902478e-01,2.3763029634215700e+00,nan,nan,nan,nan,nan,1.8889393300000279e-01,1.5474920109999886e+00,6.3138213999998527e-02,5,0,289,0,0
exp4_repeat,s1_p1,B_l2,B,1,1,8,abc,0,0.0000000000000000e+00,2.9999999999999999e-01,1,100,0,1,25,B,5.3227165472702547e+00,5.9901606922335304e-01,1.8459561298089877e+01,8.7302185093231600e+01,2.5967881602769621e-01,1.2281184636813136e+00,8.5603576415213389e+00,-7.8316360783983174e-01,nan,nan,7.8015888515874279e-02,nan,nan,nan,2.2833507155037458e-01,2.2824606466812969e-01,5.5022767470350109e-01,2.5661360199012906e+00,nan,nan,nan,nan,nan,1.8889393300000279e-01,1.9511477349999993e+00,9.0176425999999310e-02,24,0,371,0,0
exp4_repeat,s1_p1,B_l2,B,1,1,8,abc,0,0.0000000000000000e+00,2.9999999999999999e-01,1,100,0,1,30,A,5.7952032234385653e+00,6.5218950218850047e-01,1.9157968944811707e+01,9.4818775281640214e+01,2.6950362539758033e-01,1.3338576635014829e+00,6.6678581869092683e+00,-8.3110117903577507e-01,nan,nan,5.6597992774243003e-02,nan,nan,nan,1.7785540510724507e-01,1.7785540510724507e-01,6.2839313126722118e-01,2.9062711600392719e+00,nan,nan,nan,nan,nan,1.8889393300000279e-01,2.3295531099999991e+00,6.3728543999999943e-02,5,0,434,0,0
exp4_repeat,s1_p1,B_l2,B,1,1,8,abc,0,0.0000000000000000e+00,2.9999999999999999e-01,1,100,0,1,35,B,6.2109230018552619e+00,6.9897441462072019e-01,1.9174504079461240e+01,9.6666735272474952e+01,2.6973623245249906e-01,1.3598537343038875e+00,5.2424715837976814e+00,-8.6720664347957443e-01,nan,nan,1.2269932517852511e-01,nan,nan,nan,1.3983529360748906e-01,1.3978078466399962e-01,6.6453769078041769e-01,2.9943494248379707e+00,nan,nan,nan,nan,nan,1.8889393300000279e-01,2.7203829509999906e+00,9.2877491999999506e-02,24,0,516,0,0
exp4_repeat,s1_p1,B_l2,B,1,1,8,abc,0,0.0000000000000000e+00,2.9999999999999999e-01,1,100,0,1,40,A,6.5507799473709127e+00,7.3722175877160390e-01,1.9064404861075946e+01,9.9330087425734348e+01,2.6818741803518042e-01,1.3973202874171962e+00,4.1723537433650772e+00,-8.9431304503692788e-01,nan,nan,1.0791120731004167e-01,nan,nan,nan,1.1129145888762494e-01,1.1129145888762494e-01,7.2061628868504446e-01,3.2851898549144103e+00,nan,nan,nan,nan,nan,1.8889393300000279e-01,3.0890801079999832e+00,6.2798979999996618e-02,5,0,579,0,0
exp4_repeat,s1_p1,B_l2,B,1,1,8,abc,0,0.0000000000000000e+00,2.9999999999999999e-01,1,100,0,1,45,B,6.8492862095689695e+00,7.7081551606309995e-01,1.8544872643595053e+01,9.7628481322928764e+01,2.6087892847006539e-01,1.3733830415105004e+00,3.3451092100325188e+00,-9.1526739385665490e-01,nan,nan,1.6125621221129183e-01,nan,nan,nan,8.9225915879006343e-02,8.9191134885732243e-02,7.4540802306689946e-01,3.3021108482663859e+00,nan,nan,nan,nan,nan,1.8889393300000279e-01,3.4748988519999955e+00,8.9209141000004877e-02,24,0,661,0,0
exp4_repeat,s1_p1,B_l2,B,1,1,8,abc,0,0.0000000000000000e+00,2.9999999999999999e-01,1,100,0,1,50,A,7.0966394029712108e+00,7.9865253054730190e-01,1.8015474392244315e+01,9.7223955248272034e+01,2.5343164904137661e-01,1.3676923942398085e+00,2.7091381865406365e+00,-9.3137672807226157e-01,nan,nan,1.5089509674859405e-01,nan,nan,nan,7.2262315147112566e-02,7.2262315147112566e-02,7.8653740453158716e-01,3.5589361813296190e+00,nan,nan,nan,nan,nan,1.8889393300000279e-01,3.8445245239999863e+00,5.8568328999996311e-02,5,0,724,0,0
exp4_repeat,s1_p1,B_l2,B,1,1,8,abc,0,0.0000000000000000e+00,2.9999999999999999e-01,1,100,0,1,55,B,7.3143882048968667e+00,8.2315788044696636e-01,1.7243636360337433e+01,9.3574071241544885e+01,2.4257386195455813e-01,1.3163478610626602e+00,2.2070075409207925e+00,-9.4409584591158502e-01,nan,nan,1.9364236608114091e-01,nan,nan,nan,5.8868711550561587e-02,5.8845764044331769e-02,8.0388392140558684e-01,3.5263412713106055e+00,nan,nan,nan,nan,nan,1.8889393300000279e-01,4.2447972619999845e+00,8.9226798999995083e-02,24,0,806,0,0
exp4_repeat,s1_p1,B_l2,B,1,1,8,abc,0,0.0000000000000000e+00,2.9999999999999999e-01,1,100,0,1,60,A,7.4972803154162193e+00,8.4374047434659094e-01,1.6521861895944497e+01,9.1352289606481605e+01,2.3242034122208172e-01,1.2850930757972614e+00,1.8134294829686695e+00,-9.5406529458342537e-01,nan,nan,1.8643159308129656e-01,nan,nan,nan,4.8370590118431298e-02,4.8370590118431298e-02,8.3463773194557689e-01,3.7598559911236009e+00,nan,nan,nan,nan,nan,1.8889393300000279e-01,4.6158896189999865e+00,6.4320540000004200e-02,5,0,869,0,0
exp4_repeat,s1_p1,B_l2,B,1,1,8,abc,0,0.0000000000000000e+00,2.9999999999999999e-01,1,100,0,1,65,B,7.6587320994537329e+00,8.6191018377679496e-01,1.5660686086216735e+01,8.6785144369299871e+01,2.2030580008805459e-01,1.2208450230582915e+00,1.4974836754718248e+00,-9.6206829537902905e-01,nan,nan,2.2058663327817693e-01,nan,nan,nan,3.9943195892410154e-02,3.9927625707290804e-02,8.4700410111071811e-01,3.6923529804084039e+00,nan,nan,nan,nan,nan,1.8889393300000279e-01,5.0246588560000092e+00,9.5068911000005585e-02,24,0,951,0,0
exp4_repeat,s1_p1,B_l2,B,1,1,8,abc,0,0.0000000000000000e+00,2.9999999999999999e-01,1,100,0,1,70,A,7.7961407321073377e+00,8.7737408802165673e-01,1.4876524240752165e+01,8.3578863738720798e+01,2.0927464846337340e-01,1.1757408548412804e+00,1.2459255396469797e+00,-9.6844033739818736e-01,nan,nan,2.1569105910162906e-01,nan,nan,nan,3.3233249024765411e-02,3.3233249024765411e-02,8.7038909016182486e-01,3.9097332907485405e+00,nan,nan,nan,nan,nan,1.8889393300000279e-01,5.3924566170000077e+00,6.2320325999998261e-02,5,0,1014,0,0
exp4_repeat,s1_p1,B_l2,B,1,1,8,abc,0,0.0000000000000000e+00,2.9999999999999999e-01,1,100,0,1,75,B,7.9176810759402700e+00,8.9105218234967143e-01,1.4016656054961715e+01,7.8732156840164038e+01,1.9717850225381753e-01,1.1075600845224993e+00,1.0413925553016365e+00,-9.7362121841512994e-01,nan,nan,2.4291176163118031e-01,nan,nan,nan,2.7777629578636085e-02,2.7766801630970579e-02,8.7935979750559801e-01,3.8171949271807644e+00,nan,nan,nan,nan,nan,1.8889393300000279e-01,5.7956211790000012e+00,9.8656746000003182e-02,24,0,1096,0,0
exp4_repeat,s1_p1,B_l2,B,1,1,8,abc,0,0.0000000000000000e+00,2.9999999999999999e-01,1,100,0,1,80,A,8.0224773740647883e+00,9.0284590948396948e-01,1.3242506572293971e+01,7.5079557974036049e+01,1.8628819896646862e-01,1.0561773602170017e+00,8.7644428553734544e-01,-9.7779940689819822e-01,nan,nan,2.3973630607751650e-01,nan,nan,nan,2.3377874737079446e-02,2.3377874737079446e-02,8.9740027351748941e-01,4.0232402083870165e+00,nan,nan,nan,nan,nan,1.8889393300000279e-01,6.1619380090000035e+00,6.2946478000000639e-02,5,0,1159,0,0
exp4_repeat,s1_p1,B_l2,B,1,1,8,abc,0,0.0000000000000000e+00,2.9999999999999999e-01,1,100,0,1,85,B,8.1152165931237388e+00,9.1328273849227259e-01,1.2431819737852900e+01,7.0330903210049712e+01,1.7488390858613936e-01,9.8937593265740498e-01,7.4101201343375445e-01,-9.8122994642642503e-01,nan,nan,2.6134488252719756e-01,nan,nan,nan,1.9765416141773903e-02,1.9757711420571387e-02,9.0401267619148473e-01,3.9124288178740971e+00,nan,nan,nan,nan,nan,1.8889393300000279e-01,6.5600196900000043e+00,8.9263823000003129e-02,24,0,1241,0,0
exp4_repeat,s1_p1,B_l2,B,1,1,8,abc,0,0.0000000000000000e+00,2.9999999999999999e-01,1,100,0,1,90,A,8.1962380677789515e+00,9.2240085794117432e-01,1.1705961848533258e+01,6.6570079883836442e+01,1.6467294450854852e-01,9.3647076698906229e-01,6.3061957196092699e-01,-9.8402621963522363e-01,nan,nan,2.5944444104239683e-01,nan,nan,nan,1.6820858556929944e-02,1.6820858556929944e-02,9.1810272348074362e-01,4.1103804989720727e+00,nan,nan,nan,nan,nan,1.8889393300000279e-01,6.9406258970000039e+00,6.1639980000002481e-02,5,0,1304,0,0
exp4_repeat,s1_p1,B_l2,B,1,1,8,abc,0,0.0000000000000000e+00,2.9999999999999999e-01,1,100,0,1,95,B,8.2678347223349178e+00,9.3045831247604738e-01,1.0967273881024571e+01,6.2128843842638055e+01,1.5428149404453259e-01,8.7399393461724961e-01,5.3928947835448326e-01,-9.8633963793181623e-01,nan,nan,2.7648597135752301e-01,nan,nan,nan,1.4384761336274149e-02,1.4379154038412787e-02,9.2304837614566571e-01,3.9860075769871686e+00,nan,nan,nan,nan,nan,1.8889393300000279e-01,7.2931754849999919e+00,7.4159467000001200e-02,24,0,1386,0,0
exp4_repeat,s1_p1,B_l2,B,1,1,8,abc,0,0.0000000000000000e+00,2.9999999999999999e-01,1,100,0,1,100,A,8.3312452779873567e+00,9.3759450720985926e-01,1.0307869680262238e+01,5.8464502477592930e+01,1.4500536340564435e-01,8.2244602338413353e-01,4.6415851005984504e-01,-9.8824272759076814e-01,nan,nan,2.7551973089307530e-01,nan,nan,nan,1.2380752188572656e-02,1.2380752188572656e-02,9.3416879736330383e-01,4.1780860730991582e+00,nan,nan,nan,nan,nan,1.8889393300000279e-01,7.5829606259999949e+00,4.8286939999997003e-02,5,0,1449,0,0
exp4_repeat,s1_p1,B_l2c,B,1,1,8,abc,0,0.0000000000000000e+00,2.9999999999999999e-01,1,100,0,1,0,A,1.9940339026590539e+00,2.2440765719179748e-01,9.8111935749137855e-15,3.5527136788005009e-14,1.3801840088235408e-16,4.9977595182166122e-16,3.7490332008119829e+01,-5.0358796448269197e-02,nan,nan,3.4694469519536142e-16,nan,nan,nan,1.0000000000000000e+00,1.0000000000000000e+00,0.0000000000000000e+00,1.0000000000000000e+00,nan,nan,nan,nan,nan,1.4699059000000148e-01,0.0000000000000000e+00,0.0000000000000000e+00,0,0,0,0,0
exp4_repeat,s1_p1,B_l2c,B,1,1,8,abc,0,0.0000000000000000e+00,2.9999999999999999e-01,1,100,0,1,1,B,2.0995613437626837e+00,2.3628366682028520e-01,1.6050718496559712e-12,4.6398440645134542e-12,2.2579255857027122e-14,6.5270739307908840e-14,3.4947767030454102e+01,-1.1476271970443058e-01,nan,nan,2.6506574712925612e-14,nan,nan,nan,9.3218078257842463e-01,9.3181741086954717e-01,0.0000000000000000e+00,1.0122199712071611e+00,nan,nan,nan,nan,nan,1.4699059000000148e-01,1.3962964820000039e+00,1.3962964820000039e+00,25,751,25,751,0
exp4_repeat,s1_p1,B_l2c,B,1,1,8,abc,0,0.0000000000000000e+00,2.9999999999999999e-01,1,100,0,1,2,A,2.0871305947302212e+00,2.3488471604828823e-01,1.2918442151284701e-12,4.6469494918710552e-12,1.8172944137708343e-14,6.5370694498273292e-14,3.2687141306925923e+01,-1.7202503822447840e-01,nan,nan,2.2593038551121936e-14,nan,nan,nan,8.7188188410405087e-01,8.7188188410405087e-01,7.1184351732115903e-02,1.0466876174708075e+00,nan,nan,nan,nan,nan,1.4699059000000148e-01,1.6462248630000076e+00,2.4992838100000370e-01,24,100,49,851,0
exp4_repeat,s1_p1,B_l2c,B,1,1,8,abc,0,0.0000000000000000e+00,2.9999999999999999e-01,1,100,0,1,5,B,2.5053237717629675e+00,2.8194798362180751e-01,1.4078893521227848e-12,4.4551029532158282e-12,1.9805402422812498e-14,6.2671904358436204e-14,2.6674828937005721e+01,-3.2431868966142441e-01,nan,nan,2.3816018601685585e-14,nan,nan,nan,7.1151220883368982e-01,7.1123485554338073e-01,1.3200920525871623e-01,1.2078421826788825e+00,nan,nan,nan,nan,nan,1.4699059000000148e-01,4.6769815100000045e+00,1.3695980680000019e+00,25,750,123,2451,0
exp4_repeat,s1_p1,B_l2c,B,1,1,8,abc,0,0.0000000000000000e+00,2.9999999999999999e-01,1,100,0,1,10,A,3.2370869585945190e+00,3.6430027570525408e-01,9.8804127324119978e-13,3.5669245335157029e-12,1.3899213739620233e-14,5.0177505562894787e-14,1.9171660013385900e+01,-5.1437617876381581e-01,nan,nan,2.1614654510671016e-14,nan,nan,nan,5.1137610649149789e-01,5.1137610649149789e-01,2.9448797720613340e-01,1.6233861191015095e+00,nan,nan,nan,nan,nan,1.4699059000000148e-01,8.2539885810000015e+00,2.7210509699999363e-01,24,100,245,4251,0
exp4_repeat,s1_p1,B_l2c,B,1,1,8,abc,0,0.0000000000000000e+00,2.9999999999999999e-01,1,100,0,1,15,B,4.0437058841235931e+00,4.5507679815212060e-01,9.9753005575380364e-13,2.6574298317427747e-12,1.4032696641441512e-14,3.7383241196260191e-14,1.3792284675196843e+01,-6.5063734789424488e-01,nan,nan,1.6068743557973164e-14,nan,nan,nan,3.6788910464195534e-01,3.6774569845387522e-01,3.8002341801471290e-01,1.9495119138850285e+00,nan,nan,nan,nan,nan,1.4699059000000148e-01,1.2705942900000004e+01,1.4426683989999987e+00,25,750,368,6701,0
exp4_repeat,s1_p1,B_l2c,B,1,1,8,abc,0,0.0000000000000000e+00,2.9999999999999999e-01,1,100,0,1,20,A,4.7159484611467057e+00,5.3073066821579784e-01,7.0281955543683721e-13,2.5508484213787597e-12,9.8868736417823308e-15,3.5883913340795273e-14,9.9668646148864628e+00,-7.4753637000419271e-01,nan,nan,1.6132928326584306e-14,nan,nan,nan,2.6585159642565431e-01,2.6585159642565431e-01,4.9354106349988985e-01,2.3650292278671721e+00,nan,nan,nan,nan,nan,1.4699059000000148e-01,1.6389611581999979e+01,2.7154494599999168e-01,24,100,490,8501,0
exp4_repeat,s1_p1,B_l2c,B,1,1,8,abc,0,0.0000000000000000e+00,2.9999999999999999e-01,1,100,0,1,25,B,5.3393538065625110e+00,6.0088841872297238e-01,7.3044071434491657e-13,2.2275514766079141e-12,1.0275432704846564e-14,3.1335952179218102e-14,7.1977665916126563e+00,-8.1767844233913267e-01,nan,nan,1.0638191716427770e-14,nan,nan,nan,1.9198993996782240e-01,1.9191510071574042e-01,5.5384841603715629e-01,2.5741570125585440e+00,nan,nan,nan,nan,nan,1.4699059000000148e-01,2.1030737724999973e+01,1.3373674369999975e+00,25,751,613,10954,0
exp4_repeat,s1_p1,B_l2c,B,1,1,8,abc,0,0.0000000000000000e+00,2.9999999999999999e-01,1,100,0,1,30,A,5.8482307007168144e+00,6.5815719006328277e-01,4.9383703010275981e-13,1.7177370637000422e-12,6.9470239956888009e-15,2.4164167270577320e-14,5.2151607328677194e+00,-8.6789843541520029e-01,nan,nan,1.1414480471927391e-14,nan,nan,nan,1.3910681643838727e-01,1.3910681643838727e-01,6.3491128729878188e-01,2.9328642270917111e+00,nan,nan,nan,nan,nan,1.4699059000000148e-01,2.4724024278999984e+01,2.8806425000000502e-01,24,100,735,12756,0
exp4_repeat,s1_p1,B_l2c,B,1,1,8,abc,0,0.0000000000000000e+00,2.9999999999999999e-01,1,100,0,1,35,B,6.3062001692647645e+00,7.0969686316772107e-01,5.2957284908886829e-13,1.6751044995544362e-12,7.4497355723205127e-15,2.3564436128391283e-14,3.7755201198959325e+00,-9.0436495814667084e-01,nan,nan,9.1940344226770776e-15,nan,nan,nan,1.0070649998720238e-01,1.0066724376815205e-01,6.7803768176838852e-01,3.0402835205186958e+00,nan,nan,nan,nan,nan,1.4699059000000148e-01,2.9499611767999973e+01,1.3648153629999911e+00,25,751,858,15209,0
exp4_repeat,s1_p1,B_l2c,B,1,1,8,abc,0,0.0000000000000000e+00,2.9999999999999999e-01,1,100,0,1,40,A,6.6803349413091784e+00,7.5180181813188585e-01,3.5160173366978398e-13,1.1706191571647651e-12,4.9461371501880045e-15,1.6467617612523736e-14,2.7409748290330076e+00,-9.3057029649713030e-01,nan,nan,8.3821838359199319e-15,nan,nan,nan,7.3111511214127275e-02,7.3111511214127275e-02,7.3630778636448435e-01,3.3501611644621083e+00,nan,nan,nan,nan,nan,1.4699059000000148e-01,3.3171363127999989e+01,2.8066208900000333e-01,24,100,980,17011,0
exp4_repeat,s1_p1,B_l2c,B,1,1,8,abc,0,0.0000000000000000e+00,2.9999999999999999e-01,1,100,0,1,45,B,7.0133341144611467e+00,7.8927739173882694e-01,3.7986783507064379e-13,1.1848300118799671e-12,5.3437689046465160e-15,1.6667527993252371e-14,1.9886168979902703e+00,-9.4962774552111795e-01,nan,nan,8.0629947163401994e-15,nan,nan,nan,5.3043459245961502e-02,5.3022782470821754e-02,7.6729961958082249e-01,3.3812000189923848e+00,nan,nan,nan,nan,nan,1.4699059000000148e-01,3.7925802825999973e+01,1.3932167039999968e+00,25,751,1103,19464,0
exp4_repeat,s1_p1,B_l2c,B,1,1,8,abc,0,0.0000000000000000e+00,2.9999999999999999e-01,1,100,0,1,50,A,7.2861083402385765e+00,8.1997527750064658e-01,2.5499596742924663e-13,8.3666407135751797e-13,3.5871410942315169e-15,1.1769723665400121e-14,1.4464731278451473e+00,-9.6336040764497388e-01,nan,nan,6.9944050551384862e-15,nan,nan,nan,3.8582563833573502e-02,3.8582563833573502e-02,8.0931138077118492e-01,3.6539540930184367e+00,nan,nan,nan,nan,nan,1.4699059000000148e-01,4.1635155176999980e+01,2.8701143400000717e-01,24,100,1225,21266,0
exp4_repeat,s1_p1,B_l2c,B,1,1,8,abc,0,0.0000000000000000e+00,2.9999999999999999e-01,1,100,0,1,55,B,7.5274912134515040e+00,8.4714039489995485e-01,2.7031799484537096e-13,8.2422957348171622e-13,3.8026828329712485e-15,1.1594802082262519e-14,1.0517974738466587e+00,-9.7335765874945890e-01,nan,nan,7.0152217368502079e-15,nan,nan,nan,2.8055165625603302e-02,2.8044229492112098e-02,8.3163366569593644e-01,3.6290804086185733e+00,nan,nan,nan,nan,nan,1.4699059000000148e-01,4.6385230294999964e+01,1.3730654609999959e+00,25,752,1348,23721,0
exp4_repeat,s1_p1,B_l2c,B,1,1,8,abc,0,0.0000000000000000e+00,2.9999999999999999e-01,1,100,0,1,60,A,7.7257309262854807e+00,8.6945020089679781e-01,1.8714702972257595e-13,6.0529359302563535e-13,2.6326800684308480e-15,8.5149327791615529e-15,7.6666369343681184e-01,-9.8058018178134398e-01,nan,nan,6.0645932720149176e-15,nan,nan,nan,2.0449637343055920e-02,2.0449637343055920e-02,8.6197535785689250e-01,3.8744230556878603e+00,nan,nan,nan,nan,nan,1.4699059000000148e-01,4.9908614040999971e+01,2.7110559000000478e-01,24,100,1470,25525,0
exp4_repeat,s1_p1,B_l2c,B,1,1,8,abc,0,0.0000000000000000e+00,2.9999999999999999e-01,1,100,0,1,65,B,7.9005144215323151e+00,8.8912025496750746e-01,1.9158088078252457e-13,5.7909232964448165e-13,2.6950530130040026e-15,8.1463480146930628e-15,5.5888862819265717e-01,-9.8584318566681950e-01,nan,nan,6.2554128543723664e-15,nan,nan,nan,1.4907540111184144e-02,1.4901729029871811e-02,8.7807369237919830e-01,3.8089187077303706e+00,nan,nan,nan,nan,nan,1.4699059000000148e-01,5.3955769770999972e+01,1.2408016840000045e+00,25,752,1593,27981,0
exp4_repeat,s1_p1,B_l2c,B,1,1,8,abc,0,0.0000000000000000e+00,2.9999999999999999e-01,1,100,0,1,70,A,8.0443914454094116e+00,9.0531210898209391e-01,1.3822442973563349e-13,4.3831605012201180e-13,1.9444642091016011e-15,6.1659858055997455e-15,4.0836800481314289e-01,-9.8965591759766813e-01,nan,nan,5.6135651682609478e-15,nan,nan,nan,1.0892621722440246e-02,1.0892621722440246e-02,9.0001277861192674e-01,4.0342300272237983e+00,nan,nan,nan,nan,nan,1.4699059000000148e-01,5.7515852338999970e+01,2.4861758299999792e-01,24,100,1715,29785,0
exp4_repeat,s1_p1,B_l2c,B,1,1,8,abc,0,0.0000000000000000e+00,2.9999999999999999e-01,1,100,0,1,75,B,8.1709095602226576e+00,9.1955039936406735e-01,1.3550347655705869e-13,4.2321701698710967e-13,1.9061873568801849e-15,5.9535810260755288e-15,2.9856884412009865e-01,-9.9243716282875671e-01,nan,nan,5.6760152133961128e-15,nan,nan,nan,7.9638890382574701e-03,7.9607846490411024e-03,9.1163224075774574e-01,3.9392789662256957e+00,nan,nan,nan,nan,nan,1.4699059000000148e-01,6.2155527639999967e+01,1.3974599320000038e+00,25,752,1838,32241,0
exp4_repeat,s1_p1,B_l2c,B,1,1,8,abc,0,0.0000000000000000e+00,2.9999999999999999e-01,1,100,0,1,80,A,8.2752777646694771e+00,9.3129594903300583e-01,1.0230749686691453e-13,3.1818991885756986e-13,1.4392048233511765e-15,4.4761183685027532e-15,2.1877681143527206e-01,-9.9445831862797052e-01,nan,nan,5.0758008907081376e-15,nan,nan,nan,5.8355527869928805e-03,5.8355527869928805e-03,9.2751054023118074e-01,4.1500185897713946e+00,nan,nan,nan,nan,nan,1.4699059000000148e-01,6.5524809177999941e+01,2.4716265299998952e-01,24,100,1960,34046,0
exp4_repeat,s1_p1,B_l2c,B,1,1,8,abc,0,0.0000000000000000e+00,2.9999999999999999e-01,1,100,0,1,85,B,8.3668612969827123e+00,9.4160271758711722e-01,9.6060029574364448e-14,3.0908609005564358e-13,1.3513189368177255e-15,4.3480507808484443e-15,1.6050038983293749e-01,-9.9593447763176746e-01,nan,nan,5.1382509358433026e-15,nan,nan,nan,4.2811141229204255e-03,4.2794453095487944e-03,9.3590262893888254e-01,4.0337493001983118e+00,nan,nan,nan,nan,nan,1.4699059000000148e-01,6.9945950951999919e+01,1.3084964219999904e+00,25,753,2083,36505,0
exp4_repeat,s1_p1,B_l2c,B,1,1,8,abc,0,0.0000000000000000e+00,2.9999999999999999e-01,1,100,0,1,90,A,8.4425649726228116e+00,9.5012237438360014e-01,7.5831636554961589e-14,2.3225865675158275e-13,1.0667571823644947e-15,3.2672852850341103e-15,1.1799566899128978e-01,-9.9701113478828318e-01,nan,nan,4.7566117711284051e-15,nan,nan,nan,3.1473626044638318e-03,3.1473626044638318e-03,9.4740408562774936e-01,4.2339124532259005e+00,nan,nan,nan,nan,nan,1.4699059000000148e-01,7.3351569769999927e+01,2.5810689799999409e-01,24,100,2205,38311,0
exp4_repeat,s1_p1,B_l2c,B,1,1,8,abc,0,0.0000000000000000e+00,2.9999999999999999e-01,1,100,0,1,95,B,8.5088753910438921e+00,9.5758491833806103e-01,6.8601873586640353e-14,2.2071233729548112e-13,9.6505290795311721e-16,3.1048581006920646e-15,8.6907844347581323e-02,-9.9779859858572484e-01,nan,nan,4.7895715171719644e-15,nan,nan,nan,2.3181401628760831e-03,2.3172365328419263e-03,9.5346862185226144e-01,4.1022157456435311e+00,nan,nan,nan,nan,nan,1.4699059000000148e-01,7.7991814718999962e+01,1.3696883120000223e+00,25,753,2328,40770,0
exp4_repeat,s1_p1,B_l2c,B,1,1,8,abc,0,0.0000000000000000e+00,2.9999999999999999e-01,1,100,0,1,100,A,8.5637990215105422e+00,9.6376599841952670e-01,5.6202630932546968e-14,1.7041923427996153e-13,7.9062727561762779e-16,2.3973627688945312e-15,6.4136161469891650e-02,-9.9837541205139868e-01,nan,nan,4.4183406933129277e-15,nan,nan,nan,1.7107386900708360e-03,1.7107386900708360e-03,9.6180642305488462e-01,4.2947108422232310e+00,nan,nan,nan,nan,nan,1.4699059000000148e-01,8.1473983814999997e+01,2.5606495299999210e-01,24,100,2450,42576,0
exp4_repeat,s1_p2,A_pt,A,2,2,8,abc,0,0.0000000000000000e+00,2.9999999999999999e-01,1,100,0,1,0,A,2.0254441727229264e-01,2.2794255452097286e-02,8.3786414868294027e-14,3.8369307731045410e-13,1.1786605684098978e-15,5.3975802796739334e-15,3.9468128469587128e+01,-2.6062682839567288e-04,1.2556590281248958e+01,1.2559878392954451e+01,6.8001160258290838e-16,1.4136671625649608e+00,1.7228396484440912e-15,8.0948539144800970e-11,1.0000000000000000e+00,1.0000000000000000e+00,0.0000000000000000e+00,1.0000000000000000e+00,1.0000000000000000e+00,1.0000000000000000e+00,0.0000000000000000e+00,1.0000000000000000e+00,1.0000000000000000e+00,3.0435545499999961e-01,0.0000000000000000e+00,0.0000000000000000e+00,0,0,0,0,0
exp4_repeat,s1_p2,A_pt,A,2,2,8,abc,0,0.0000000000000000e+00,2.9999999999999999e-01,1,100,0,1,1,B,2.6173194252985915e-01,2.9455192289890891e-02,8.6862978113821258e-14,3.9879211044535623e-13,1.2219399447792372e-15,5.6099850591981603e-15,3.9452848565429242e+01,-6.4767132220029330e-04,1.2547181669076290e+01,1.2553345113063028e+01,8.4654505627668186e-16,1.4132053988849356e+00,1.0328829293018067e-03,1.2641083481807979e-03,9.9961285460571914e-01,9.9954971143204652e-01,0.0000000000000000e+00,1.1783357317866043e+00,9.9925070325925036e-01,9.9929280471914661e-01,-7.0694575949395053e-04,9.9965601489087252e-01,9.9967335756799536e-01,3.0435545499999961e-01,8.7951849999999610e-02,8.7951849999999610e-02,0,0,0,0,0
exp4_repeat,s1_p2,A_pt,A,2,2,8,abc,0,0.0000000000000000e+00,2.9999999999999999e-01,1,100,0,1,2,A,3.0427062915655462e-01,3.4242476494629283e-02,8.6526750905377065e-14,4.3876013933186186e-13,1.2172100878776972e-15,6.1722330049975072e-15,3.9459178863432555e+01,-4.8732300057419662e-04,1.2545158370067346e+01,1.2553461458905005e+01,2.9837243786801082e-16,1.4131051332384290e+00,7.4556018723932914e-03,8.5377464517191366e-03,9.9977324472931450e-01,9.9977324472931450e-01,2.5463712326148726e-02,1.5022414996879687e+00,9.9908956882994870e-01,9.9908956882994870e-01,-9.1019282384331983e-04,9.9960243164627793e-01,9.9960243164627793e-01,3.0435545499999961e-01,1.8466126800000016e-01,9.6709418000000547e-02,0,0,0,0,0
exp4_repeat,s1_p2,A_pt,A,2,2,8,abc,0,0.0000000000000000e+00,2.9999999999999999e-01,1,100,0,1,5,B,6.0456230894832530e-01,6.8037163859974090e-02,8.7694015450874630e-14,4.2632564145606011e-13,1.2336305146836889e-15,5.9973114218599488e-15,3.9625005595294972e+01,3.7131171873859658e-03,1.2554354885598901e+01,1.2586525546426579e+01,5.9674487573602164e-16,1.4138593086360420e+00,1.1752763684771433e-02,1.4330077137640720e-02,1.0039747799500736e+00,1.0039113612439203e+00,6.0204030008928829e-02,2.7217823084163832e+00,9.9982197430990516e-01,9.9986409983918179e-01,-1.3585221084766151e-04,1.0001185696025976e+00,1.0001359203044178e+00,3.0435545499999961e-01,4.4944846599999888e-01,8.8701621000000230e-02,0,0,0,0,0
exp4_repeat,s1_p2,A_pt,A,2,2,8,abc,0,0.0000000000000000e+00,2.9999999999999999e-01,1,100,0,1,10,A,1.2613013384416665e+00,1.4194627182372860e-01,8.5133736961573918e-14,4.1211478674085811e-13,1.1976139444051920e-15,5.7974010411312617e-15,4.0421530700316715e+01,2.3889333797796074e-02,1.2614223080279976e+01,1.2761326309433356e+01,6.1062266354383610e-16,1.4193007693901780e+00,3.1388331826087489e-02,4.7026313920191493e-02,1.0241562563946818e+00,1.0241562563946818e+00,1.4011986532364468e-01,6.2272826643551635e+00,1.0045898446744004e+00,1.0045898446744004e+00,4.5886430766198154e-03,1.0039851012843755e+00,1.0039851012843755e+00,3.0435545499999961e-01,9.0735931299999972e-01,8.2661377999999175e-02,0,0,0,0,0
exp4_repeat,s1_p2,A_pt,A,2,2,8,abc,0,0.0000000000000000e+00,2.9999999999999999e-01,1,100,0,1,15,B,3.2595149079149666e+00,3.6682430679414790e-01,8.8287866374402310e-14,4.6185277824406512e-13,1.2419844783683285e-15,6.4970873736816112e-15,4.5103503417236418e+01,1.4248508816265515e-01,1.2666510860283919e+01,1.3602683441396193e+01,8.6042284408449632e-16,1.4322025908286660e+00,6.0659529610097837e-02,1.0115207190776347e-01,1.1427829280527382e+00,1.1427107411650210e+00,3.6549230374413494e-01,1.4674566837974536e+01,1.0087540149493535e+00,1.0087965168125668e+00,8.7934131170353796e-03,1.0130940170436882e+00,1.0131115928519372e+00,3.0435545499999961e-01,1.3572209029999973e+00,8.7609215999998824e-02,0,0,0,0,0
exp4_repeat,s1_p2,A_pt,A,2,2,8,abc,0,0.0000000000000000e+00,2.9999999999999999e-01,1,100,0,1,20,A,7.0913987080488221e+00,7.9806274515397224e-01,9.3934771636119236e-14,4.4764192352886312e-13,1.3214219931014046e-15,6.2971769929529226e-15,6.5228082459305696e+01,6.5224663037421604e-01,1.2751161211038760e+01,1.6916601769055198e+01,3.0531133177191805e-16,1.4810878599460449e+00,1.2576972255283286e-01,2.1499344822521602e-01,1.6526773624335485e+00,1.6526773624335485e+00,7.9786274371090860e-01,3.5011573281308600e+01,1.0154955227041500e+00,1.0154955227041500e+00,1.5491466055829583e-02,1.0476920587578449e+00,1.0476920587578449e+00,3.0435545499999961e-01,1.8106869239999979e+00,8.9130379000000204e-02,0,0,0,0,0
exp4_repeat,s1_p2,A_pt,A,2,2,8,abc,0,0.0000000000000000e+00,2.9999999999999999e-01,1,100,0,1,25,B,1.6555110750585555e+01,1.8631045405675188e+00,1.1555019977580468e-13,5.9152682752028340e-13,1.6254957842714146e-15,8.3212695978306795e-15,1.7740521016589526e+02,3.4937264695815502e+00,1.2782537800136856e+01,3.1351306567501542e+01,1.0824674490095276e-15,1.6643990597462324e+00,2.7099382902963493e-01,3.9854575085435545e-01,4.4948979605809791e+00,4.4946140285354295e+00,1.8633191588525717e+00,7.4532280441368144e+01,1.0179943371430467e+00,1.0180372283290324e+00,1.8030864211716905e-02,1.1773423258691529e+00,1.1773627511629703e+00,3.0435545499999961e-01,2.2517408920000035e+00,8.7524861000002119e-02,0,0,0,0,0
exp4_repeat,s1_p2,A_pt,A,2,2,8,abc,0,0.0000000000000000e+00,2.9999999999999999e-01,1,100,0,1,30,A,3.8292517419516422e+01,4.3094222774401061e+00,1.9315550786694136e-13,1.3642420526593924e-12,2.7172039888784308e-15,1.9191396549951764e-14,7.7423726639250390e+02,1.8611659062724119e+01,1.2628674437359118e+01,9.2019808848910131e+01,6.1062266354383610e-16,2.3384564874986449e+00,5.7958933785311917e-01,6.1205449629931485e-01,1.9616771719720795e+01,1.9616771719720795e+01,4.3099425980060362e+00,1.8905738274700255e+02,1.0057407428685321e+00,1.0057407428685321e+00,5.7392399715108563e-03,1.6541775528376454e+00,1.6541775528376454e+00,3.0435545499999961e-01,2.7074343059999988e+00,1.0143228700000151e-01,0,0,0,0,0
exp4_repeat,s1_p2,A_pt,A,2,2,8,abc,0,0.0000000000000000e+00,2.9999999999999999e-01,1,100,0,1,35,B,8.8699916473153579e+01,9.9822477553191202e+00,3.9452474459578787e-13,3.6237679523765109e-12,5.5499541357391290e-15,5.0977147085809566e-14,3.9763478769504250e+03,9.9722068366578497e+01,1.2084562083325746e+01,3.8675165408963716e+02,4.0245584642661925e-16,4.3368559364956099e+00,1.3685980712391719e+00,7.2532452729331665e-01,1.0074832608327175e+02,1.0074196205041464e+02,9.9852999364547657e+00,3.9933330252527492e+02,9.6240793182301232e-01,9.6244848098531299e-01,-3.7538269624701560e-02,3.0677523069567707e+00,3.0678055283018733e+00,3.0435545499999961e-01,3.1476133019999990e+00,8.6751008000000240e-02,0,0,0,0,0
exp4_repeat,s1_p2,A_pt,A,2,2,8,abc,0,0.0000000000000000e+00,2.9999999999999999e-01,1,100,0,1,40,A,2.1457557797638108e+02,2.4148236737622167e+01,8.9947717029095135e-13,6.0254023992456496e-12,1.2653343319121364e-14,8.4762001428953627e-14,2.3067993096378879e+04,5.8331909119459613e+02,6.2722574030103493e+00,2.0577830016522230e+03,4.9960036108132044e-16,9.5803124037833456e+00,3.1478492522463517e+00,7.5538931001782128e-01,5.8447142012711174e+02,5.8447142012711174e+02,2.4151387153753426e+01,1.0594001101887407e+03,4.9951915787017864e-01,4.9951915787017864e-01,-5.0034981881383889e-01,6.7769222186648275e+00,6.7769222186648275e+00,3.0435545499999961e-01,3.5888184199999982e+00,8.8382049999999879e-02,0,0,0,0,0
exp4_repeat,s1_p2,A_pt,A,2,2,8,abc,0,0.0000000000000000e+00,2.9999999999999999e-01,1,100,0,1,45,B,5.1237664401772872e+02,5.7662631578373038e+01,2.1995346477562171e-12,2.0122570276726037e-11,3.0941827051996919e-14,2.8307309911178957e-13,1.3132180806684616e+05,3.3254202578461891e+03,4.0811483002405708e+01,1.1877433103043863e+04,7.2164496600635175e-16,2.3176036620276939e+01,8.3090855008444962e+00,7.7144662341954073e-01,3.3272874382183722e+03,3.3270772613607996e+03,5.7681169060997021e+01,2.3067559195993704e+03,3.2502042424168627e+00,3.2503411833698390e+00,2.2495471902446313e+00,1.6393982380106472e+01,1.6394266793483613e+01,3.0435545499999961e-01,4.0141521529999933e+00,8.1969935000000049e-02,0,0,0,0,0
exp4_repeat,s1_p2,A_pt,A,2,2,8,abc,0,0.0000000000000000e+00,2.9999999999999999e-01,1,100,0,1,50,A,1.3391019448077063e+03,1.5070191623851136e+02,5.7166119933355251e-12,5.6843418860808015e-11,8.0418110167802679e-14,7.9964152291465686e-13,8.9668487101580121e+05,2.2712293121374489e+04,2.0109360875871090e+02,8.0159700720764260e+04,1.0547118733938987e-15,5.9857857505747532e+01,2.1263159313146936e+01,7.7028824447768918e-01,2.2719214358156296e+04,2.2719214358156296e+04,1.5072156523023446e+02,6.6113989358071076e+03,1.6014985298915786e+01,1.6014985298915786e+01,1.5011054452822016e+01,4.2342256431238951e+01,4.2342256431238951e+01,3.0435545499999961e-01,4.4622768299999960e+00,8.8108523999999022e-02,0,0,0,0,0
exp4_repeat,s1_p2,A_pt,A,2,2,8,abc,0,0.0000000000000000e+00,2.9999999999999999e-01,1,100,0,1,55,B,3.4595302159039165e+03,3.8933393745210304e+02,1.6039486679709342e-11,1.5938894648570567e-10,2.2563455563323348e-13,2.2421948302527061e-12,5.9843403190710414e+06,1.5158411111171081e+05,6.0733330568364563e+03,5.7261607559934945e+05,4.2188474935755949e-15,1.6551615799758065e+02,6.2781191859889397e+01,7.9085006343140196e-01,1.5162462855775849e+05,1.5161505078951558e+05,3.8945993626460290e+02,1.5575049912488052e+04,4.8367693146011959e+02,4.8369731023480171e+02,4.8252699901767818e+02,1.1708080299895694e+02,1.1708283419222087e+02,3.0435545499999961e-01,4.8984280289999971e+00,8.6298879000000994e-02,0,0,0,0,0
exp4_repeat,s1_p2,A_pt,A,2,2,8,abc,0,0.0000000000000000e+00,2.9999999999999999e-01,1,100,0,1,60,A,1.0064941438704966e+04,1.1327038748039824e+03,4.3894666336469423e-11,4.6247805585153401e-10,6.1748569210930449e-13,6.5058834304336482e-12,5.0651939183011137e+07,1.2830276079505989e+06,3.4688602368384956e+04,4.7797833114537522e+06,9.1038288019262836e-15,4.7489234863367574e+02,1.7664613193228001e+02,7.8579809370079323e-01,1.2833630868015923e+06,1.2833630868015923e+06,1.1328515136482270e+03,4.9692514729616363e+04,2.7625813689394831e+03,2.7625813689394831e+03,2.7608584011096373e+03,3.3592939074288887e+02,3.3592939074288887e+02,3.0435545499999961e-01,5.3009765799999959e+00,8.7664599000000010e-02,0,0,0,0,0
exp4_repeat,s1_p2,A_pt,A,2,2,8,abc,0,0.0000000000000000e+00,2.9999999999999999e-01,1,100,0,1,65,B,2.8525680639895148e+04,3.2102669636980731e+03,1.2977528150847756e-10,1.3678800314664841e-09,1.8256063027494436e-12,1.9242573607418374e-11,4.0685826385441929e+08,1.0305839217099085e+07,5.6025587315634103e+05,4.0782910142317936e+07,4.4853010194856324e-14,1.4296892242483368e+03,5.5374536986688645e+02,8.0280856173376147e-01,1.0308526895769360e+07,1.0307875730569664e+07,3.2113069252617902e+03,1.2842463341167146e+05,4.4618472101696578e+04,4.4620352013121905e+04,4.4603608863144706e+04,1.0113161424179373e+03,1.0113336873824709e+03,3.0435545499999961e-01,5.7171879289999969e+00,8.2053999000002875e-02,0,0,0,0,0
exp4_repeat,s1_p2,A_pt,A,2,2,8,abc,0,0.0000000000000000e+00,2.9999999999999999e-01,1,100,0,1,70,A,8.9805277508165862e+04,1.0106644577202314e+04,3.7583496263434821e-10,3.8562575355172157e-09,5.2870367037812500e-12,5.4247680914530322e-11,4.0324971265710788e+09,1.0214434447462693e+08,2.7654938704987778e+06,3.9001848335879892e+08,6.9277916736609768e-14,4.3429332862994506e+03,1.6479559541664053e+03,7.9316022155813737e-01,1.0217097397152722e+08,1.0217097397152722e+08,1.0107961866867661e+04,4.4338559767576912e+05,2.2024242318621741e+05,2.2024242318621741e+05,2.2018376511191478e+05,3.0721045245329337e+03,3.0721045245329337e+03,3.0435545499999961e-01,6.1531708810000003e+00,8.7526312000001383e-02,0,0,0,0,0
exp4_repeat,s1_p2,A_pt,A,2,2,8,abc,0,0.0000000000000000e+00,2.9999999999999999e-01,1,100,0,1,75,B,2.7039487202008575e+05,3.0430114385612091e+04,1.2045407241082431e-09,1.3504177331924438e-08,1.6944807302974229e-11,1.8996923731578991e-10,3.6556701760236313e+10,9.2599207210176909e+08,4.3813573508523427e+07,3.6755419050882411e+09,4.5030645878796349e-13,1.3593236653179152e+04,5.2690672972958855e+03,8.0344132432109860e-01,9.2623347439455438e+08,9.2617496642232740e+08,3.0439973393923559e+04,1.2173368535511645e+06,3.4892890925931726e+06,3.4894361069153235e+06,3.4882039213927793e+06,9.6154181075924444e+03,9.6155849220657801e+03,3.0435545499999961e-01,6.5806342739999968e+00,8.5542702999994447e-02,0,0,0,0,0
exp4_repeat,s1_p2,A_pt,A,2,2,8,abc,0,0.0000000000000000e+00,2.9999999999999999e-01,1,100,0,1,80,A,8.8310908656570385e+05,9.9384689947712701e+04,3.6266814739765619e-09,3.9115548133850098e-08,5.1018132883215652e-11,5.5025572188021698e-10,3.8994085719622632e+11,9.8773172994073658e+09,1.7789290251749966e+08,3.7489701820670174e+10,9.3791641120333225e-13,4.2451947391535767e+04,1.6199996282403086e+04,7.9150202975016559e-01,9.8798922653933849e+09,9.8798922653933849e+09,9.9397643637693080e+04,4.3600761672857525e+06,1.4167293710550640e+07,1.4167293710550640e+07,1.4163583786026113e+07,3.0029662225803462e+04,3.0029662225803462e+04,3.0435545499999961e-01,7.0058357549999917e+00,8.1473774999999193e-02,0,0,0,0,0
exp4_repeat,s1_p2,A_pt,A,2,2,8,abc,0,0.0000000000000000e+00,2.9999999999999999e-01,1,100,0,1,85,B,2.7467684435070055e+06,3.0912005579935317e+05,1.2595424748564025e-08,1.5448313206434250e-07,1.7718541265720704e-10,2.1731825682590795e-09,3.7723685132816113e+12,9.5555210724194717e+10,3.3811224317775731e+09,3.7172978960800031e+11,3.6664005165221170e-12,1.3533349960076067e+05,5.2056369581274368e+04,7.9709150713432508e-01,9.5580121469110886e+10,9.5574083899484039e+10,3.0922020842098875e+05,1.2366145960800856e+07,2.6927074596251500e+08,2.6928209115494311e+08,2.6918707872738504e+08,9.5730561883557515e+04,9.5732222679071972e+04,3.0435545499999961e-01,7.4351877249999836e+00,8.7890357000006247e-02,0,0,0,0,0
exp4_repeat,s1_p2,A_pt,A,2,2,8,abc,0,0.0000000000000000e+00,2.9999999999999999e-01,1,100,0,1,90,A,9.1101995981034245e+06,1.0252576677025532e+06,4.0467052827005857e-08,4.8638321459293365e-07,5.6926793635851433e-10,6.8421678750462695e-09,4.1497868611322812e+13,1.0511532915823608e+12,1.0455135452917511e+10,3.9123761633179253e+12,9.3223206931725144e-12,4.2945010252257943e+05,1.6365090436459021e+05,7.8450430931114634e-01,1.0514273217515175e+12,1.0514273217515175e+12,1.0253912986502666e+06,4.4978774141456760e+07,8.3264128387866592e+08,8.3264128387866592e+08,8.3242330166395557e+08,3.0378445074962638e+05,3.0378445074962638e+05,3.0435545499999961e-01,7.8493852439999827e+00,8.4287230000001045e-02,0,0,0,0,0
exp4_repeat,s1_p2,A_pt,A,2,2,8,abc,0,0.0000000000000000e+00,2.9999999999999999e-01,1,100,0,1,95,B,2.8864566063846413e+07,3.2484049732594658e+06,1.3267216894546383e-07,1.5050172805786133e-06,1.8663581000242761e-09,2.1171743965677001e-08,4.1658158766766031e+14,1.0552134886521910e+13,2.7474295605141843e+11,3.9940221880526180e+13,5.8207660913467407e-11,1.3837111481763788e+06,5.2636612009430944e+05,7.8741703045616507e-01,1.0554885772925988e+13,1.0554219045820205e+13,3.2494574337778417e+06,1.2995031957807383e+08,2.1880379139367023e+10,2.1881301026038555e+10,2.1873580594593216e+10,9.7879273121762020e+05,9.7880971194504527e+05,3.0435545499999961e-01,8.2702419240000040e+00,7.8389965000006612e-02,0,0,0,0,0
exp4_repeat,s1_p2,A_pt,A,2,2,8,abc,0,0.0000000000000000e+00,2.9999999999999999e-01,1,100,0,1,100,A,9.6393849604654372e+07,1.0848119447033070e+07,4.0778336833231284e-07,3.8892030715942383e-06,5.7364690619856906e-09,5.4711140346947287e-08,4.6458871231436860e+15,1.1768169559640245e+14,6.1858226992216797e+11,4.2780087784318138e+14,8.0035533756017685e-11,4.4380515923987813e+06,1.6826928686478250e+06,7.7505793789294142e-01,1.1771237459925817e+14,1.1771237459925817e+14,1.0849533378902383e+07,4.7591462111279184e+08,4.9263554521318649e+10,4.9263554521318649e+10,4.9250657574567703e+10,3.1393893201468801e+06,3.1393893201468801e+06,3.0435545499999961e-01,8.6833000320000124e+00,8.0749760000003334e-02,0,0,0,0,0
exp4_repeat,s1_p2,A_int,A,2,2,8,abc,0,0.0000000000000000e+00,2.9999999999999999e-01,1,100,4,1,0,A,2.0254441727229264e-01,2.2794255452097286e-02,8.3786414868294027e-14,3.8369307731045410e-13,1.1786605684098978e-15,5.3975802796739334e-15,3.9468128469587128e+01,-2.6062682839567288e-04,1.2556590281248958e+01,1.2559878392954451e+01,6.8001160258290838e-16,1.4136671625649608e+00,1.7228396484440912e-15,8.0948539144800970e-11,1.0000000000000000e+00,1.0000000000000000e+00,0.0000000000000000e+00,1.0000000000000000e+00,1.0000000000000000e+00,1.0000000000000000e+00,0.0000000000000000e+00,1.0000000000000000e+00,1.0000000000000000e+00,1.2039885120000022e+00,0.0000000000000000e+00,0.0000000000000000e+00,0,0,0,0,0
exp4_repeat,s1_p2,A_int,A,2,2,8,abc,0,0.0000000000000000e+00,2.9999999999999999e-01,1,100,4,1,1,B,2.6166756228466725e-01,2.9447946966742834e-02,8.6576167252403239e-14,3.9790393202565610e-13,1.2179052494950854e-15,5.5974906604026189e-15,3.9452390086606364e+01,-6.5928472645253723e-04,1.2547041409354462e+01,1.2553197847076111e+01,2.0122792321330962e-16,1.4131970316252733e+00,7.5353119228236190e-04,9.6982536533390398e-04,9.9960123817391311e-01,9.9953809573402297e-01,0.0000000000000000e+00,1.1780458873656385e+00,9.9923953305151991e-01,9.9928163404078152e-01,-7.1811249648264202e-04,9.9965009616068934e-01,9.9966743873513020e-01,1.2039885120000022e+00,3.2047349300000150e-01,3.2047349300000150e-01,0,0,0,0,0
exp4_repeat,s1_p2,A_int,A,2,2,8,abc,0,0.0000000000000000e+00,2.9999999999999999e-01,1,100,4,1,2,A,2.5943049363932852e-01,2.9196188291522481e-02,8.6559163587990178e-14,3.8369307731045410e-13,1.2176660514246817e-15,5.3975802796739334e-15,3.9437438818255323e+01,-1.0380047780229587e-03,1.2542256953592307e+01,1.2548314966924510e+01,6.9388939039072284e-16,1.4129150848222514e+00,5.6047339926915520e-03,6.4258762497634353e-03,9.9922241939200507e-01,9.9922241939200507e-01,1.8117444540532344e-02,1.2808572911222751e+00,9.9885850160468681e-01,9.9885850160468681e-01,-1.1411995568915085e-03,9.9946799518116780e-01,9.9946799518116780e-01,1.2039885120000022e+00,6.4875894500000442e-01,3.2828545200000292e-01,0,0,0,0,0
exp4_repeat,s1_p2,A_int,A,2,2,8,abc,0,0.0000000000000000e+00,2.9999999999999999e-01,1,100,4,1,5,B,3.0570881027194974e-01,3.4404328735101818e-02,8.7352935017856261e-14,4.0745185003743245e-13,1.2288323853248082e-15,5.7318054474546910e-15,3.9429577784724493e+01,-1.2371270835219036e-03,1.2535470726309255e+01,1.2544265647462229e+01,3.6776137690708310e-16,1.4125999328073351e+00,5.0349671997374059e-03,6.4967739360755998e-03,9.9902324517636198e-01,9.9896013924691895e-01,1.4931318563786310e-02,1.3763227032341083e+00,9.9831805016595609e-01,9.9836011233035160e-01,-1.6393090642593494e-03,9.9922772767461698e-01,9.9924506292153714e-01,1.2039885120000022e+00,1.6817486520000031e+00,3.4515042999999679e-01,0,0,0,0,0
exp4_repeat,s1_p2,A_int,A,2,2,8,abc,0,0.0000000000000000e+00,2.9999999999999999e-01,1,100,4,1,10,A,3.0563877042118609e-01,3.4396446482548727e-02,8.7585499775956016e-14,4.5474735088646412e-13,1.2321039766729337e-15,6.3971321833172543e-15,3.9419829370170866e+01,-1.4840573088243253e-03,1.2532335846546546e+01,1.2541534691096839e+01,4.5102810375396984e-16,1.4124670191528190e+00,9.8096233688600067e-03,1.2930965199770062e-02,9.9877625057764063e-01,9.9877625057764063e-01,2.5619448886942810e-02,1.5089962712242890e+00,9.9806839005182546e-01,9.9806839005182546e-01,-1.9311042626031739e-03,9.9915104244908381e-01,9.9915104244908381e-01,1.2039885120000022e+00,3.3775234830000116e+00,3.1221858800000035e-01,0,0,0,0,0
exp4_repeat,s1_p2,A_int,A,2,2,8,abc,0,0.0000000000000000e+00,2.9999999999999999e-01,1,100,4,1,15,B,3.5688993170765360e-01,4.0164228573574642e-02,8.7853505959830457e-14,4.8272497110701806e-13,1.2358741382381442e-15,6.7907057453768383e-15,3.9423858821744233e+01,-1.3819901081135865e-03,1.2528338036982811e+01,1.2541131352254601e+01,8.6042284408449632e-16,1.4123494113092148e+00,8.8150686077056728e-03,1.5088717541882618e-02,9.9887834438673706e-01,9.9881524761033325e-01,2.5364946972959001e-02,1.6067437347584475e+00,9.9775000667909530e-01,9.9779204491009754e-01,-2.2071760519614320e-03,9.9905051682992807e-01,9.9906784900248014e-01,1.2039885120000022e+00,4.7371753240000061e+00,2.7302616400000090e-01,0,0,0,0,0
exp4_repeat,s1_p2,A_int,A,2,2,8,abc,0,0.0000000000000000e+00,2.9999999999999999e-01,1,100,4,1,20,A,3.6809784357663017e-01,4.1425561814285805e-02,8.8745010090865079e-14,4.1211478674085811e-13,1.2484153212864508e-15,5.7974010411312617e-15,3.9423512489055874e+01,-1.3907628175932293e-03,1.2526951923035663e+01,1.2541363388337574e+01,4.0245584642661925e-16,1.4123817464005408e+00,1.3110748923693882e-02,2.0840688894184421e-02,9.9886956939025795e-01,9.9886956939025795e-01,3.4485352216767434e-02,1.8173684988896737e+00,9.9763961732051132e-01,9.9763961732051132e-01,-2.3597647434167503e-03,9.9909072220218531e-01,9.9909072220218531e-01,1.2039885120000022e+00,6.1190512670000103e+00,2.7099557399999696e-01,0,0,0,0,0
exp4_repeat,s1_p2,A_int,A,2,2,8,abc,0,0.0000000000000000e+00,2.9999999999999999e-01,1,100,4,1,25,B,4.2644821133572619e-01,4.7992285332696200e-02,8.8324200308785601e-14,4.3387515802351118e-13,1.2424956038988827e-15,6.1035138116220524e-15,3.9434695513721408e+01,-1.1074934936398770e-03,1.2523355551501263e+01,1.2542814349175217e+01,1.2767564783189300e-15,1.4123448491595962e+00,1.2538159981817629e-02,2.3812972048801416e-02,9.9915291256104322e-01,9.9908979844081891e-01,3.6470569045780124e-02,1.9199000332794491e+00,9.9735320425344087e-01,9.9739522576595463e-01,-2.6038551854807722e-03,9.9904728971212153e-01,9.9906462182868749e-01,1.2039885120000022e+00,7.4743695470000162e+00,2.7209135399999695e-01,0,0,0,0,0
exp4_repeat,s1_p2,A_int,A,2,2,8,abc,0,0.0000000000000000e+00,2.9999999999999999e-01,1,100,4,1,30,A,4.4829974447649051e-01,5.0451446810155752e-02,8.6244696668628627e-14,3.9790393202565610e-13,1.2132423061372932e-15,5.5974906604025976e-15,3.9440500009207760e+01,-9.6046390535893241e-04,1.2522180486308791e+01,1.2544674412822159e+01,3.3306690738754696e-16,1.4124503485815960e+00,1.6629252480338169e-02,2.9047136438825429e-02,9.9929998047916924e-01,9.9929998047916924e-01,4.4930715610480045e-02,2.2133404144820945e+00,9.9725962270254587e-01,9.9725962270254587e-01,-2.7396598807413268e-03,9.9913925001896697e-01,9.9913925001896697e-01,1.2039885120000022e+00,8.8374593360000162e+00,2.7425555599999996e-01,0,0,0,0,0
exp4_repeat,s1_p2,A_int,A,2,2,8,abc,0,0.0000000000000000e+00,2.9999999999999999e-01,1,100,4,1,35,B,5.0946602750958758e-01,5.7335072136828577e-02,8.9512442144544881e-14,4.5119463720766362e-13,1.2592111275281726e-15,6.3471545881351129e-15,3.9457687112144313e+01,-5.2510950213036133e-04,1.2518632020160604e+01,1.2547537269460529e+01,3.4694469519536142e-16,1.4124649644946490e+00,1.6302780646899249e-02,3.2176533394041570e-02,9.9973544837701489e-01,9.9967229745938446e-01,4.8075949454916909e-02,2.2936521180537133e+00,9.9697702479429962e-01,9.9701903045723284e-01,-2.9799177603348236e-03,9.9913225543420325e-01,9.9914958902480933e-01,1.2039885120000022e+00,1.0542742523999998e+01,3.1339922199998682e-01,0,0,0,0,0
exp4_repeat,s1_p2,A_int,A,2,2,8,abc,0,0.0000000000000000e+00,2.9999999999999999e-01,1,100,4,1,40,A,5.3898653377546635e-01,6.0657296318376949e-02,8.6424673122156686e-14,3.5527136788005009e-13,1.2157741145378463e-15,4.9977595182166051e-15,3.9469670135929739e+01,-2.2157596374195081e-04,1.2517520205849484e+01,1.2550873643065840e+01,4.0245584642661925e-16,1.4126260510193556e+00,2.0190186613024127e-02,3.6979920604599793e-02,1.0000390610450101e+00,1.0000390610450101e+00,5.6152325794002901e-02,2.6610782021746582e+00,9.9688848050909029e-01,9.9688848050909029e-01,-3.1107049110754574e-03,9.9926353842462023e-01,9.9926353842462023e-01,1.2039885120000022e+00,1.2200369900999995e+01,3.2933975999999632e-01,0,0,0,0,0
exp4_repeat,s1_p2,A_int,A,2,2,8,abc,0,0.0000000000000000e+00,2.9999999999999999e-01,1,100,4,1,45,B,6.0127942989120198e-01,6.7667710162586756e-02,8.8157773110965583e-14,4.4053649617126212e-13,1.2401543988731065e-15,6.1972218025886138e-15,3.9492946673315622e+01,3.6802561601623549e-04,1.2514003764891019e+01,1.2555080682249331e+01,1.3183898417423734e-15,1.4126830707464002e+00,1.9993199530141448e-02,4.0079099147060475e-02,1.0006288163308179e+00,1.0005656089812522e+00,6.0001320280679234e-02,2.7070025545248568e+00,9.9660843306948266e-01,9.9665042320252972e-01,-3.3483949584810989e-03,9.9928653677690160e-01,9.9930387304407986e-01,1.2039885120000022e+00,1.3587250818999983e+01,2.7249729099999342e-01,0,0,0,0,0
exp4_repeat,s1_p2,A_int,A,2,2,8,abc,0,0.0000000000000000e+00,2.9999999999999999e-01,1,100,4,1,50,A,6.3679450814609040e-01,7.1664560715395564e-02,8.8311238594167531e-14,3.8369307731045410e-13,1.2423132657245651e-15,5.3975802796739334e-15,3.9511822078229791e+01,8.4614520792424311e-04,1.2512980801005853e+01,1.2559957690984328e+01,5.2735593669694936e-16,1.4128942244846425e+00,2.3714159005291877e-02,4.4529765806182640e-02,1.0011070605660042e+00,1.0011070605660042e+00,6.7896939339747914e-02,3.1439746240451014e+00,9.9652696478372571e-01,9.9652696478372571e-01,-3.4721259934784696e-03,9.9945323899374172e-01,9.9945323899374172e-01,1.2039885120000022e+00,1.4992956446000001e+01,2.7206020900000283e-01,0,0,0,0,0
exp4_repeat,s1_p2,A_int,A,2,2,8,abc,0,0.0000000000000000e+00,2.9999999999999999e-01,1,100,4,1,55,B,6.9960690612335374e-01,7.8733439059881338e-02,8.8162999683706917e-14,5.1159076974727213e-13,1.2402279233843034e-15,7.1967737062319386e-15,3.9541583399277400e+01,1.6000082767500751e-03,1.2509544958175281e+01,1.2565542092518054e+01,4.3021142204224816e-16,1.4129903745597099e+00,2.3590787886421528e-02,4.7542887251892589e-02,1.0018611201629910e+00,1.0017978349717145e+00,7.2232009869157190e-02,3.1496798125653980e+00,9.9625333613505485e-01,9.9629531130679205e-01,-3.7033815592607739e-03,9.9950391360380608e-01,9.9952125364217770e-01,1.2039885120000022e+00,1.6575851031999996e+01,3.4658716100000220e-01,0,0,0,0,0
exp4_repeat,s1_p2,A_int,A,2,2,8,abc,0,0.0000000000000000e+00,2.9999999999999999e-01,1,100,4,1,60,A,7.4017382004035659e-01,8.3298820871833351e-02,8.5676854533872389e-14,4.5474735088646412e-13,1.2052542195916288e-15,6.3971321833172543e-15,3.9568268547570703e+01,2.2759509794372801e-03,1.2508669287896593e+01,1.2572092822078956e+01,4.8572257327350599e-16,1.4132502069299211e+00,2.7184103995448003e-02,5.1705471917950760e-02,1.0025372390804073e+00,1.0025372390804073e+00,8.0083349679284169e-02,3.6543777903554675e+00,9.9618359823176461e-01,9.9618359823176461e-01,-3.8154026538383384e-03,9.9970505388674147e-01,9.9970505388674147e-01,1.2039885120000022e+00,1.8291987315000007e+01,3.4610749800000917e-01,0,0,0,0,0
exp4_repeat,s1_p2,A_int,A,2,2,8,abc,0,0.0000000000000000e+00,2.9999999999999999e-01,1,100,4,1,65,B,8.0334981906318159e-01,9.0408618710555527e-02,8.7504762397810735e-14,3.8724579098925460e-13,1.2309682082531268e-15,5.4475578748561205e-15,3.9605003238796328e+01,3.2064515783663170e-03,1.2505364067878341e+01,1.2579122154737844e+01,3.6082248300317588e-16,1.4133844539768026e+00,2.7112478534611770e-02,5.4624845702382331e-02,1.0034679822559782e+00,1.0034045955630335e+00,8.4791134744425872e-02,3.6167377499918931e+00,9.9592037231260833e-01,9.9596233345557084e-01,-4.0362419251306625e-03,9.9978267269993759e-01,9.9980001757440184e-01,1.2039885120000022e+00,1.9717407604000023e+01,2.7247881799999618e-01,0,0,0,0,0
exp4_repeat,s1_p2,A_int,A,2,2,8,abc,0,0.0000000000000000e+00,2.9999999999999999e-01,1,100,4,1,70,A,8.4844277409534874e-01,9.5483359105455037e-02,8.8511428347233373e-14,4.4764192352886312e-13,1.2451294235528876e-15,6.2971769929529226e-15,3.9640504542013510e+01,4.1057100940688988e-03,1.2504691109851825e+01,1.2587512689580624e+01,6.3837823915946501e-16,1.4136937461457426e+00,3.0613156681068017e-02,5.8558270461426143e-02,1.0043674752036751e+00,1.0043674752036751e+00,9.2694416884980507e-02,4.1889220424907396e+00,9.9586677830249537e-01,9.9586677830249537e-01,-4.1321396412760418e-03,1.0000188046956779e+00,1.0000188046956779e+00,1.2039885120000022e+00,2.1102712029000024e+01,2.7335218899999347e-01,0,0,0,0,0
exp4_repeat,s1_p2,A_int,A,2,2,8,abc,0,0.0000000000000000e+00,2.9999999999999999e-01,1,100,4,1,75,B,9.1205873531891291e-01,1.0264267008765450e-01,8.9017836677959501e-14,4.4053649617126212e-13,1.2522532935964957e-15,6.1972218025886138e-15,3.9684764064330331e+01,5.2268168912150952e-03,1.2501549133319454e+01,1.2596076277474728e+01,2.9143354396410359e-16,1.4138664292626177e+00,3.0596126393548990e-02,6.1401593820502656e-02,1.0054888742675026e+00,1.0054253599196017e+00,9.7717736728424251e-02,4.1061529858617458e+00,9.9561655300550034e-01,9.9565850134763489e-01,-4.3399668312757295e-03,1.0001236065046584e+00,1.0001409572938622e+00,1.2039885120000022e+00,2.2755630049000025e+01,3.4610824099999604e-01,0,0,0,0,0
exp4_repeat,s1_p2,A_int,A,2,2,8,abc,0,0.0000000000000000e+00,2.9999999999999999e-01,1,100,4,1,80,A,9.6148042296034353e-01,1.0820456405710412e-01,8.5850556818215716e-14,3.6237679523765109e-13,1.2076977664783171e-15,5.0977147085809375e-15,3.9730229019185359e+01,6.3784576512543141e-03,1.2501119643561397e+01,1.2606511664918907e+01,1.1102230246251565e-15,1.4142278907009822e+00,3.4037828145338657e-02,6.5166552157512367e-02,1.0066408152542676e+00,1.0066408152542676e+00,1.0575458835026712e-01,4.7470102405625312e+00,9.9558234867546835e-01,9.9558234867546835e-01,-4.4164948060864779e-03,1.0003966479174660e+00,1.0003966479174660e+00,1.2039885120000022e+00,2.4460693048000032e+01,3.2851982199998986e-01,0,0,0,0,0
exp4_repeat,s1_p2,A_int,A,2,2,8,abc,0,0.0000000000000000e+00,2.9999999999999999e-01,1,100,4,1,85,B,1.0258198025876464e+00,1.1544528821334041e-01,8.8619784930655340e-14,4.6540549192286562e-13,1.2466537235531709e-15,6.5470649688637778e-15,3.9782716217297590e+01,7.7079739109546120e-03,1.2498149470273363e+01,1.2616736942372860e+01,4.4408920985006262e-16,1.4144409928076691e+00,3.4102374798087295e-02,6.7972186711848903e-02,1.0079706781119067e+00,1.0079070069943419e+00,1.1107871304851982e-01,4.6183133632052016e+00,9.9534580569512843e-01,9.9538774262985830e-01,-4.6106300166227267e-03,1.0005300342639925e+00,1.0005473921041670e+00,1.2039885120000022e+00,2.6159319673000049e+01,3.3727394100000652e-01,0,0,0,0,0
exp4_repeat,s1_p2,A_int,A,2,2,8,abc,0,0.0000000000000000e+00,2.9999999999999999e-01,1,100,4,1,90,A,1.0797407264113614e+00,1.2151352415093436e-01,8.5411362898504247e-14,4.1211478674085811e-13,1.2015194312927980e-15,5.7974010411312617e-15,3.9839623703545257e+01,9.1494573771355274e-03,1.2497984827992504e+01,1.2629496821362249e+01,4.9960036108132044e-16,1.4148598943417823e+00,3.7522094023115224e-02,7.1638705567502001e-02,1.0094125373652918e+00,1.0094125373652918e+00,1.1934016850036401e-01,5.3308836696288742e+00,9.9533269367369803e-01,9.9533269367369803e-01,-4.6660844494585026e-03,1.0008437147076807e+00,1.0008437147076807e+00,1.2039885120000022e+00,2.7866134921000047e+01,3.4486601300000075e-01,0,0,0,0,0
exp4_repeat,s1_p2,A_int,A,2,2,8,abc,0,0.0000000000000000e+00,2.9999999999999999e-01,1,100,4,1,95,B,1.1453519451398029e+00,1.2889738049395591e-01,8.7031527856982205e-14,4.2632564145606011e-13,1.2243110085894230e-15,5.9973114218599488e-15,3.9901387224018514e+01,1.0713945627202556e-02,1.2495168012424443e+01,1.2641589677913942e+01,7.0776717819853729e-16,1.4151181286892627e+00,3.7723534981126232e-02,7.4468567864729052e-02,1.0109774334692672e+00,1.0109135724220963e+00,1.2499341686566620e-01,5.1564555299762578e+00,9.9510836401851555e-01,9.9515029094910823e-01,-4.8479979167428116e-03,1.0010090183928868e+00,1.0010263845427867e+00,1.2039885120000022e+00,2.9467010057000046e+01,3.0520155399999283e-01,0,0,0,0,0
exp4_repeat,s1_p2,A_int,A,2,2,8,abc,0,0.0000000000000000e+00,2.9999999999999999e-01,1,100,4,1,100,A,1.2044180829133631e+00,1.3554465644019539e-01,8.7450962769456517e-14,5.6843418860808015e-13,1.2302113850779583e-15,7.9964152291465684e-15,3.9971886416298439e+01,1.2499711029110251e-02,1.2495268052563571e+01,1.2657094533388378e+01,9.1593399531575415e-16,1.4156037473366989e+00,4.1167507636416585e-02,7.8124720658404923e-02,1.0127636644108799e+00,1.0127636644108799e+00,1.3360302864858686e-01,5.9464393002458875e+00,9.9511633116062082e-01,9.9511633116062082e-01,-4.8823903199402578e-03,1.0013699015037063e+00,1.0013699015037063e+00,1.2039885120000022e+00,3.1095612747000054e+01,3.1925898000000075e-01,0,0,0,0,0
exp4_repeat,s1_p2,A_l2,A,2,2,8,abc,0,0.0000000000000000e+00,2.9999999999999999e-01,1,100,0,1,0,A,2.0254441727229264e-01,2.2794255452097286e-02,8.3786414868294027e-14,3.8369307731045410e-13,1.1786605684098978e-15,5.3975802796739334e-15,3.9468128469587128e+01,-2.6062682839567288e-04,1.2556590281248958e+01,1.2559878392954451e+01,6.8001160258290838e-16,1.4136671625649608e+00,1.7228396484440912e-15,8.0948539144800970e-11,1.0000000000000000e+00,1.0000000000000000e+00,0.0000000000000000e+00,1.0000000000000000e+00,1.0000000000000000e+00,1.0000000000000000e+00,0.0000000000000000e+00,1.0000000000000000e+00,1.0000000000000000e+00,9.8899844700000017e-01,0.0000000000000000e+00,0.0000000000000000e+00,0,0,0,0,0
exp4_repeat,s1_p2,A_l2,A,2,2,8,abc,0,0.0000000000000000e+00,2.9999999999999999e-01,1,100,0,1,1,B,2.9664189512412897e-01,3.3383942279502435e-02,8.6625804762052437e-14,4.4853010194856324e-13,1.2186035223049382e-15,6.3096713917484877e-15,3.9485732044793934e+01,1.8527694067695081e-04,1.2554975417840158e+01,1.2562209777478650e+01,7.7715611723760958e-16,1.4136143547002538e+00,1.8025113041662244e-05,2.1375704001218833e-05,1.0004460200138543e+00,1.0003828242110986e+00,0.0000000000000000e+00,1.3355028094432100e+00,9.9987139315907980e-01,9.9991352077052231e-01,-8.6448716809559039e-05,9.9994529707230917e-01,9.9996264476808583e-01,9.8899844700000017e-01,7.0336765500000809e-01,7.0336765500000809e-01,36,0,36,0,0
exp4_repeat,s1_p2,A_l2,A,2,2,8,abc,0,0.0000000000000000e+00,2.9999999999999999e-01,1,100,0,1,2,A,2.4995479497196840e-01,2.8129797526870923e-02,8.7782791723201136e-14,4.6096459982436500e-13,1.2348793697846711e-15,6.4845929748860453e-15,3.9472601561562819e+01,-1.4732208501618124e-04,1.2554484955785075e+01,1.2559748612902601e+01,8.0491169285323849e-16,1.4135724544343971e+00,3.8770100222064088e-03,4.5055413191165536e-03,1.0001133342813338e+00,1.0001133342813338e+00,1.6462168643580955e-02,1.2340739791210298e+00,9.9983233302857488e-01,9.9983233302857488e-01,-1.6762307707251701e-04,9.9993300535439200e-01,9.9993300535439200e-01,9.8899844700000017e-01,1.2864337680000091e+00,5.8306611300000100e-01,18,0,54,0,0
exp4_repeat,s1_p2,A_l2,A,2,2,8,abc,0,0.0000000000000000e+00,2.9999999999999999e-01,1,100,0,1,5,B,3.4862531044866146e-01,3.9234131902783451e-02,8.8902617678891052e-14,5.2580162446247414e-13,1.2506324569591111e-15,7.3966840869606035e-15,3.9494106286095430e+01,3.9739895087048227e-04,1.2551896715830170e+01,1.2562317911615127e+01,5.4123372450476381e-16,1.4134766439023199e+00,2.5153799419557125e-03,3.1714967832449713e-03,1.0006581973231470e+00,1.0005949881176537e+00,1.8445794232089082e-02,1.5695358248448816e+00,9.9962620701052918e-01,9.9966832429153629e-01,-3.3155868255037004e-04,9.9984788488609855e-01,9.9986523089190582e-01,9.8899844700000017e-01,3.1183538530000021e+00,5.9315425500000174e-01,36,0,144,0,0
exp4_repeat,s1_p2,A_l2,A,2,2,8,abc,0,0.0000000000000000e+00,2.9999999999999999e-01,1,100,0,1,10,A,3.6990997503248879e-01,4.1629498253877184e-02,8.6272219325560920e-14,4.1566750041965861e-13,1.2136294795294828e-15,5.8473786363134284e-15,3.9494960772687541e+01,4.1904334910027974e-04,1.2549438410185999e+01,1.2561242449302224e+01,3.4000580129145419e-16,1.4133403466187229e+00,5.4794564609236297e-03,6.7327277122014844e-03,1.0006798473639582e+00,1.0006798473639582e+00,3.4815184109070460e-02,1.8263153337630460e+00,9.9943042889010725e-01,9.9943042889010725e-01,-5.6942199909920253e-04,9.9976881690761987e-01,9.9976881690761987e-01,9.8899844700000017e-01,6.3029477519999944e+00,5.9172676800000090e-01,18,0,271,0,0
exp4_repeat,s1_p2,A_l2,A,2,2,8,abc,0,0.0000000000000000e+00,2.9999999999999999e-01,1,100,0,1,15,B,4.4522423306693942e-01,5.0105330172337668e-02,8.7841615370632426e-14,3.8369307731045410e-13,1.2357068680590236e-15,5.3975802796739539e-15,3.9515890723981478e+01,9.4920520876981638e-04,1.2546320367932809e+01,1.2563433849084843e+01,9.2981178312356860e-16,1.4132125049119557e+00,3.3475079715489676e-03,4.8886398236371769e-03,1.0012101474340531e+00,1.0011469033631801e+00,3.5897251411209953e-02,2.0044310121612732e+00,9.9918210970604937e-01,9.9922420827589142e-01,-7.7551799970624702e-04,9.9966104146567780e-01,9.9967838423000488e-01,9.8899844700000017e-01,9.6174940669999387e+00,7.0419838499998377e-01,36,0,416,0,0
exp4_repeat,s1_p2,A_l2,A,2,2,8,abc,0,0.0000000000000000e+00,2.9999999999999999e-01,1,100,0,1,20,A,4.6507592251562729e-01,5.2339430161579673e-02,8.5806245933155357e-14,3.7014835641002719e-13,1.2070744256532671e-15,5.2070406980419251e-15,3.9518387741564140e+01,1.0124554030325876e-03,1.2544132179375229e+01,1.2562711780472441e+01,6.3837823915946501e-16,1.4130866362641559e+00,5.8232686294236290e-03,7.7473694672690928e-03,1.0012734141173110e+00,1.0012734141173110e+00,4.7111213272040063e-02,2.2961675704465248e+00,9.9900784356304650e-01,9.9900784356304650e-01,-9.9189669549014023e-04,9.9958934725501325e-01,9.9958934725501325e-01,9.8899844700000017e-01,1.2801399603999926e+01,5.9334386099999392e-01,18,0,543,0,0
exp4_repeat,s1_p2,A_l2,A,2,2,8,abc,0,0.0000000000000000e+00,2.9999999999999999e-01,1,100,0,1,25,B,5.2685791669814830e-01,5.9292347337485785e-02,8.9733787555308316e-14,4.1389114358025836e-13,1.2623248913534353e-15,5.8223898387223668e-15,3.9539688451342279e+01,1.5520086848183172e-03,1.2541150556270837e+01,1.2565080096602284e+01,7.7715611723760958e-16,1.4129722805775016e+00,3.9399358165481107e-03,6.3400862296804231e-03,1.0018131080578165e+00,1.0017498258993509e+00,4.7777840854443636e-02,2.3719516342536373e+00,9.9877038872557800e-01,9.9881246994836770e-01,-1.1871110526361041e-03,9.9949111450315009e-01,9.9950845431947466e-01,9.8899844700000017e-01,1.6036956795999913e+01,7.0562882300001206e-01,36,0,688,0,0
exp4_repeat,s1_p2,A_l2,A,2,2,8,abc,0,0.0000000000000000e+00,2.9999999999999999e-01,1,100,0,1,30,A,5.4843729817412057e-01,6.1720880991910088e-02,8.6262261809492944e-14,3.6948222259525210e-13,1.2134894027453517e-15,5.1976698989452692e-15,3.9544871064506012e+01,1.6832858098457567e-03,1.2539041960634680e+01,1.2564848398217109e+01,6.8001160258290838e-16,1.4128536346178899e+00,6.2005288148923214e-03,8.8373754858052465e-03,1.0019444194061042e+00,1.0019444194061042e+00,5.7362078680822423e-02,2.7077384089872165e+00,9.9860246131941699e-01,9.9860246131941699e-01,-1.3971728121286399e-03,9.9942452653027969e-01,9.9942452653027969e-01,9.8899844700000017e-01,1.9218813094999945e+01,5.9000997200001848e-01,19,0,817,0,0
exp4_repeat,s1_p2,A_l2,A,2,2,8,abc,0,0.0000000000000000e+00,2.9999999999999999e-01,1,100,0,1,35,B,6.0293045264630440e-01,6.7853515503182429e-02,8.7620177367663742e-14,3.6948222259525210e-13,1.2325918016982432e-15,5.1976698989452890e-15,3.9567212271545472e+01,2.2491951951549155e-03,1.2536153281194473e+01,1.2567472877015884e+01,6.9388939039072284e-16,1.4127497279178949e+00,4.5569801514786061e-03,7.7069872611372258e-03,1.0025104763210320e+00,1.0024471501114667e+00,5.8036458981305654e-02,2.7144355758348486e+00,9.9837240846466058e-01,9.9841447291933594e-01,-1.5849676554483482e-03,9.9933368791464339e-01,9.9935102499982997e-01,9.8899844700000017e-01,2.2363835000999956e+01,7.1522619099999929e-01,36,0,963,0,0
exp4_repeat,s1_p2,A_l2,A,2,2,8,abc,0,0.0000000000000000e+00,2.9999999999999999e-01,1,100,0,1,40,A,6.2604392896281624e-01,7.0454695484540475e-02,8.6459196602233743e-14,3.8369307731045410e-13,1.2162597716066572e-15,5.3975802796739334e-15,3.9575140185911224e+01,2.4500116119931764e-03,1.2534118784176977e+01,1.2567732731075548e+01,5.4123372450476381e-16,1.4126374239481527e+00,6.6169371261707560e-03,9.9226646633323035e-03,1.0027113450896603e+00,1.0027113450896603e+00,6.6675556352689555e-02,3.0908969864184783e+00,9.9821038223206671e-01,9.9821038223206671e-01,-1.7891492551860057e-03,9.9927158340797861e-01,9.9927158340797861e-01,9.8899844700000017e-01,2.5471012119999983e+01,5.5892962000001489e-01,19,0,1092,0,0
exp4_repeat,s1_p2,A_l2,A,2,2,8,abc,0,0.0000000000000000e+00,2.9999999999999999e-01,1,100,0,1,45,B,6.7577172192601553e-01,7.6051038405947124e-02,8.9191981302327900e-14,4.2632564145606011e-13,1.2547030630760257e-15,5.9973114218599488e-15,3.9598752689133484e+01,3.0481233058026577e-03,1.2531313076515668e+01,1.2570637505635357e+01,8.8817841970012523e-16,1.4125425923604042e+00,5.1684162629911587e-03,8.9600063095899418e-03,1.0033096127080616e+00,1.0032462360189458e+00,6.7456579135330028e-02,3.0423721261517116e+00,9.9798693720451814e-01,9.9802898541812135e-01,-1.9703191442093444e-03,9.9918716688797116e-01,9.9920450143121653e-01,9.8899844700000017e-01,2.8684045608999980e+01,6.9716358399998057e-01,36,0,1238,0,0
exp4_repeat,s1_p2,A_l2,A,2,2,8,abc,0,0.0000000000000000e+00,2.9999999999999999e-01,1,100,0,1,50,A,7.0032051952490770e-01,7.8813748783486959e-02,8.8556998954555750e-14,4.2632564145606011e-13,1.2457704854483489e-15,5.9973114218599259e-15,3.9609523196969612e+01,3.3209434563990425e-03,1.2529351010363886e+01,1.2571399562139529e+01,3.7470027081099033e-16,1.4124361514773609e+00,7.0531189090709103e-03,1.0962891721053318e-02,1.0035825039814452e+00,1.0035825039814452e+00,7.5459713304805345e-02,3.4576145270073013e+00,9.9783067932655656e-01,9.9783067932655656e-01,-2.1687527564241737e-03,9.9912920727014243e-01,9.9912920727014243e-01,9.8899844700000017e-01,3.1671556392999946e+01,5.5862363299999629e-01,19,0,1367,0,0
exp4_repeat,s1_p2,A_l2,A,2,2,8,abc,0,0.0000000000000000e+00,2.9999999999999999e-01,1,100,0,1,55,B,7.4688247404095121e-01,8.4053809703857160e-02,9.1003119004913307e-14,5.0803805606847163e-13,1.2801811384579779e-15,7.1467961110497727e-15,3.9634714068787936e+01,3.9590356938028039e-03,1.2526622587404781e+01,1.2574627492313862e+01,3.0531133177191805e-16,1.4123497777007534e+00,5.7651220141804660e-03,1.0109725233737810e-02,1.0042207625661594e+00,1.0041573283218677e+00,7.6406185417521130e-02,3.3625177656992777e+00,9.9761338921053044e-01,9.9765542168542476e-01,-2.3437510715434012e-03,9.9905077600351011e-01,9.9906810818055847e-01,9.8899844700000017e-01,3.4836764034999959e+01,6.6941021700000647e-01,36,0,1513,0,0
exp4_repeat,s1_p2,A_l2,A,2,2,8,abc,0,0.0000000000000000e+00,2.9999999999999999e-01,1,100,0,1,60,A,7.7283428749828664e-01,8.6974414840044922e-02,8.7251677268052501e-14,5.2491344604277401e-13,1.2274079477578397e-15,7.3841896881650344e-15,3.9648475339839344e+01,4.3076127616407198e-03,1.2524731222770754e+01,1.2575913269235455e+01,1.9428902930940239e-16,1.4122490459443593e+00,7.5001914954160526e-03,1.1951533512022022e-02,1.0045694305062167e+00,1.0045694305062167e+00,8.3951746855176104e-02,3.8156286799024381e+00,9.9746276196287298e-01,9.9746276196287298e-01,-2.5365738012301073e-03,9.9899685254198833e-01,9.9899685254198833e-01,9.8899844700000017e-01,3.7951769535999972e+01,5.8711812100000316e-01,19,0,1642,0,0
exp4_repeat,s1_p2,A_l2,A,2,2,8,abc,0,0.0000000000000000e+00,2.9999999999999999e-01,1,100,0,1,65,B,8.1733735289587384e-01,9.1982769327102087e-02,8.7143022684311838e-14,4.7073456244106637e-13,1.2258794556552354e-15,6.6220313616370266e-15,3.9675599612595505e+01,4.9946786169136909e-03,1.2522075913216037e+01,1.2579518063168141e+01,5.4123372450476381e-16,1.4121708930090189e+00,6.3484809671086164e-03,1.1176307637634462e-02,1.0052566754759666e+00,1.0051931757955126e+00,8.5102698367909915e-02,3.6797106174047234e+00,9.9725129455848682e-01,9.9729331177723624e-01,-2.7057332156489224e-03,9.9892423873001435e-01,9.9894156871181250e-01,9.8899844700000017e-01,4.1188982152999984e+01,6.8157797500001038e-01,36,0,1788,0,0
exp4_repeat,s1_p2,A_l2,A,2,2,8,abc,0,0.0000000000000000e+00,2.9999999999999999e-01,1,100,0,1,70,A,8.4467880364490366e-01,9.5059763604196421e-02,8.7156166168035855e-14,4.1033842990145786e-13,1.2260643508559788e-15,5.7724122435401788e-15,3.9692529429163336e+01,5.4235158802887736e-03,1.2520253496688646e+01,1.2581355374388624e+01,3.8857805861880479e-16,1.4120759102159419e+00,7.9556365701483108e-03,1.2894970572453025e-02,1.0056856245349743e+00,1.0056856245349743e+00,9.2306515942285478e-02,4.1703386102681419e+00,9.9710615830042848e-01,9.9710615830042848e-01,-2.8930841066658387e-03,9.9887437977541205e-01,9.9887437977541205e-01,9.8899844700000017e-01,4.4208378387999971e+01,5.8096831499997847e-01,19,0,1917,0,0
exp4_repeat,s1_p2,A_l2,A,2,2,8,abc,0,0.0000000000000000e+00,2.9999999999999999e-01,1,100,0,1,75,B,8.8792535651284243e-01,9.9926710749766320e-02,8.8677563650898092e-14,5.3956838996782608e-13,1.2474665223744401e-15,7.5903472682914973e-15,3.9721967481278163e+01,6.1691904513885469e-03,1.2517667895475856e+01,1.2585396407120585e+01,5.6898930012039273e-16,1.4120059463138677e+00,6.9233834252756775e-03,1.2180076567918419e-02,1.0064314934995369e+00,1.0063679196086142e+00,9.3688340269824630e-02,3.9975028062120455e+00,9.9690024243036535e-01,9.9694224485822502e-01,-3.0566762669007952e-03,9.9880756074670463e-01,9.9882488870429798e-01,9.8899844700000017e-01,4.7466566992999986e+01,7.3051201900000251e-01,36,0,2063,0,0
exp4_repeat,s1_p2,A_l2,A,2,2,8,abc,0,0.0000000000000000e+00,2.9999999999999999e-01,1,100,0,1,80,A,9.1665088285863183e-01,1.0315946825718032e-01,8.6280728672786101e-14,3.6948222259525210e-13,1.2137491842817747e-15,5.1976698989452692e-15,3.9742267057302719e+01,6.6833847189499479e-03,1.2515912721195235e+01,1.2587817690008054e+01,6.7307270867900115e-16,1.4119168717067707e+00,8.4200871256936063e-03,1.3803740760661706e-02,1.0069458218148559e+00,1.0069458218148559e+00,1.0063204172301279e-01,4.5256783435621575e+00,9.9676046130815721e-01,9.9676046130815721e-01,-3.2386905972386949e-03,9.9876187910100822e-01,9.9876187910100822e-01,9.8899844700000017e-01,5.0577864643999931e+01,5.8897635599998921e-01,19,0,2192,0,0
exp4_repeat,s1_p2,A_l2,A,2,2,8,abc,0,0.0000000000000000e+00,2.9999999999999999e-01,1,100,0,1,85,B,9.5924760677754017e-01,1.0795328395205984e-01,8.8075446735771577e-14,4.4542147747961280e-13,1.2389962773287747e-15,6.2659409959640922e-15,3.9774419860471234e+01,7.4978247375632034e-03,1.2513393888531422e+01,1.2592358490757395e+01,6.9388939039072284e-16,1.4118551889635453e+00,7.4954958231965947e-03,1.3139135514572381e-02,1.0077604741537245e+00,1.0076968163142452e+00,1.0226329458413611e-01,4.3186006254005926e+00,9.9655986284891029e-01,9.9660185093554676e-01,-3.3969500875978558e-03,9.9870091984924014e-01,9.9871824595675840e-01,9.8899844700000017e-01,5.3775106579999971e+01,6.9510058000000186e-01,36,0,2338,0,0
exp4_repeat,s1_p2,A_l2,A,2,2,8,abc,0,0.0000000000000000e+00,2.9999999999999999e-01,1,100,0,1,90,A,9.8936060722682229e-01,1.1134218715617630e-01,8.5075260107618547e-14,3.9790393202565610e-13,1.1967913246281052e-15,5.5974906604025976e-15,3.9798316377012171e+01,8.1031305727773100e-03,1.2511704324273879e+01,1.2595400847652561e+01,6.2450045135165055e-16,1.4117722644996871e+00,8.8956133462927047e-03,1.4689127454479077e-02,1.0083659377890055e+00,1.0083659377890055e+00,1.0900839649129214e-01,4.8846599701475126e+00,9.9642530687314779e-01,9.9642530687314779e-01,-3.5737572905370288e-03,9.9865958684232603e-01,9.9865958684232603e-01,9.8899844700000017e-01,5.6902670767000018e+01,5.6794481500000416e-01,19,0,2467,0,0
exp4_repeat,s1_p2,A_l2,A,2,2,8,abc,0,0.0000000000000000e+00,2.9999999999999999e-01,1,100,0,1,95,B,1.0317865399894535e+00,1.1611678209297439e-01,8.7608302671825446e-14,4.5474735088646412e-13,1.2324247550980459e-15,6.3971321833172787e-15,3.9833609927310988e+01,8.9971266455814505e-03,1.2509249649643129e+01,1.2600509432603769e+01,8.6042284408449632e-16,1.4117190423810995e+00,8.0702701079007049e-03,1.4069032752438197e-02,1.0092601669219123e+00,1.0091964143503971e+00,1.1090316225797747e-01,4.6451760373395778e+00,9.9622981792465393e-01,9.9627179210549777e-01,-3.7268924622205156e-03,9.9860461413872126e-01,9.9862193857546588e-01,9.8899844700000017e-01,6.0020560216000064e+01,5.7701802100001487e-01,36,0,2613,0,0
exp4_repeat,s1_p2,A_l2,A,2,2,8,abc,0,0.0000000000000000e+00,2.9999999999999999e-01,1,100,0,1,100,A,1.0633032198573285e+00,1.1966365473249245e-01,8.6177663379755522e-14,4.1211478674085811e-13,1.2122993192045100e-15,5.7974010411312617e-15,3.9861363149910893e+01,9.7001239865093722e-03,1.2507624134738089e+01,1.2604215490226345e+01,4.9960036108132044e-16,1.4116425763333313e+00,9.3848553363208714e-03,1.5561885320123611e-02,1.0099633475305720e+00,1.0099633475305720e+00,1.1749885042987059e-01,5.2497285986799920e+00,9.9610036280438397e-01,9.9610036280438397e-01,-3.8986162906113147e-03,9.9856784801596721e-01,9.9856784801596721e-01,9.8899844700000017e-01,6.2829557883000092e+01,5.6144919899998058e-01,19,0,2742,0,0
exp4_repeat,s1_p2,B_pt,B,2,2,8,abc,0,0.0000000000000000e+00,2.9999999999999999e-01,1,100,0,1,0,A,2.0254441727229264e-01,2.2794255452097286e-02,8.3786414868294027e-14,3.8369307731045410e-13,1.1786605684098978e-15,5.3975802796739334e-15,3.9468128469587128e+01,-2.6062682839567288e-04,nan,nan,6.8001160258290838e-16,nan,nan,nan,1.0000000000000000e+00,1.0000000000000000e+00,0.0000000000000000e+00,1.0000000000000000e+00,nan,nan,nan,nan,nan,2.0368865499997924e-01,0.0000000000000000e+00,0.0000000000000000e+00,0,0,0,0,0
exp4_repeat,s1_p2,B_pt,B,2,2,8,abc,0,0.0000000000000000e+00,2.9999999999999999e-01,1,100,0,1,1,B,3.0257762035293229e-01,3.4051946063467065e-02,1.6276238554614078e+00,7.6023911956038717e+00,2.2896504900600724e-02,1.0694620055017690e-01,3.9716325436257371e+01,6.0262757814710374e-03,nan,nan,4.1772141301521515e-15,nan,nan,nan,1.0062885415725120e+00,1.0062249767115237e+00,0.0000000000000000e+00,1.3622258645795475e+00,nan,nan,nan,nan,nan,2.0368865499997924e-01,5.4770773000001327e-02,5.4770773000001327e-02,0,0,0,0,0
exp4_repeat,s1_p2,B_pt,B,2,2,8,abc,0,0.0000000000000000e+00,2.9999999999999999e-01,1,100,0,1,2,A,3.7035744736227583e-01,4.1679856583819196e-02,4.6461569043577962e+00,5.1875588192004145e+01,6.5359544819051790e-02,7.2975685092981635e-01,4.0153821430935004e+01,1.7108178786350955e-02,nan,nan,1.4973331170129445e-03,nan,nan,nan,1.0173733335715740e+00,1.0173733335715740e+00,3.4815837901036727e-02,1.8285245890751065e+00,nan,nan,nan,nan,nan,2.0368865499997924e-01,1.0585940400000027e-01,5.1088630999998941e-02,0,0,0,0,0
exp4_repeat,s1_p2,B_pt,B,2,2,8,abc,0,0.0000000000000000e+00,2.9999999999999999e-01,1,100,0,1,5,B,9.4151414072032069e-01,1.0595756784789322e-01,1.5157760206748215e+01,8.7372454387655409e+01,2.1323091922706844e-01,1.2291069729359219e+00,4.3472769565446370e+01,1.0117811714540609e-01,nan,nan,3.8002675459611751e-03,nan,nan,nan,1.1014651885240794e+00,1.1013956115799926e+00,9.4848595341641487e-02,4.2387633059596812e+00,nan,nan,nan,nan,nan,2.0368865499997924e-01,2.6136380299999473e-01,5.6577992999990556e-02,0,0,0,0,0
exp4_repeat,s1_p2,B_pt,B,2,2,8,abc,0,0.0000000000000000e+00,2.9999999999999999e-01,1,100,0,1,10,A,4.6669206357993041e+00,5.2521309932755122e-01,6.5373775731186200e+01,5.2820348278549000e+02,9.1964182718097476e-01,7.4304720906685278e+00,6.3604463661909314e+01,6.1111988579017840e-01,nan,nan,3.5851788014949516e-02,nan,nan,nan,1.6115398963221899e+00,1.6115398963221899e+00,5.2474624825591276e-01,2.3041467637813398e+01,nan,nan,nan,nan,nan,2.0368865499997924e-01,5.4273990400000116e-01,5.4858974000012495e-02,0,0,0,0,0
exp4_repeat,s1_p2,B_pt,B,2,2,8,abc,0,0.0000000000000000e+00,2.9999999999999999e-01,1,100,0,1,15,B,3.5214323351506167e+01,3.9630037344741647e+00,4.4687417591618424e+02,4.9852612119106898e+03,6.2863767476031738e+00,7.0129875146693124e+01,6.9876525587041783e+02,1.6699930703232937e+01,nan,nan,1.8648247709435808e-03,nan,nan,nan,1.7704544982639952e+01,1.7703426628515672e+01,3.9493708116588997e+00,1.5853737635036020e+02,nan,nan,nan,nan,nan,2.0368865499997924e-01,8.2177590000000578e-01,5.7044614000005822e-02,0,0,0,0,0
exp4_repeat,s1_p2,B_pt,B,2,2,8,abc,0,0.0000000000000000e+00,2.9999999999999999e-01,1,100,0,1,20,A,3.8037838429530541e+02,4.2807608211817680e+01,5.0525892820590152e+03,4.9974994588832211e+04,7.1077008898097660e+01,7.0302035981544884e+02,7.2621040857584449e+04,1.8385124542572571e+03,nan,nan,4.8677887977322087e-01,nan,nan,nan,1.8399920055379339e+03,1.8399920055379339e+03,4.2813178800841612e+01,1.8779998452583359e+03,nan,nan,nan,nan,nan,2.0368865499997924e-01,1.0905932819999862e+00,5.4516816999978346e-02,0,0,0,0,0
exp4_repeat,s1_p2,B_pt,B,2,2,8,abc,0,0.0000000000000000e+00,2.9999999999999999e-01,1,100,0,1,25,B,4.1036096442571688e+03,4.6181833973305021e+02,5.8621463276520670e+04,6.4796262673498911e+05,8.2465406038838080e+02,9.1151769548364009e+03,8.4211468803066425e+06,2.1330914238466229e+05,nan,nan,7.4397586773017697e+00,nan,nan,nan,2.1336575122369200e+05,2.1335227341513519e+05,4.6043247449827157e+02,1.8474741089657782e+04,nan,nan,nan,nan,nan,2.0368865499997924e-01,1.3560668209999847e+00,5.0461374000008163e-02,0,0,0,0,0
exp4_repeat,s1_p2,B_pt,B,2,2,8,abc,0,0.0000000000000000e+00,2.9999999999999999e-01,1,100,0,1,30,A,4.9146202519864899e+04,5.5308910007244822e+03,7.3433488497175148e+05,6.6466126750188209e+06,1.0330213725990930e+04,9.3500841226501143e+04,1.2076930252441459e+09,3.0591220698583145e+07,nan,nan,7.0968405356511937e+01,nan,nan,nan,3.0599196670162745e+07,3.0599196670162745e+07,5.5316118909642155e+03,2.4264407373813071e+05,nan,nan,nan,nan,nan,2.0368865499997924e-01,1.6202951889999895e+00,5.0458085999991908e-02,0,0,0,0,0
exp4_repeat,s1_p2,B_pt,B,2,2,8,abc,0,0.0000000000000000e+00,2.9999999999999999e-01,1,100,0,1,35,B,5.5036229090539250e+05,6.1937518787466317e+04,8.5912367230470311e+06,9.0213194586549729e+07,1.2085672808949032e+05,1.2690689221707336e+06,1.5144944965945547e+11,3.8362593743691697e+09,nan,nan,1.2491424799891208e+03,nan,nan,nan,3.8372594681340809e+09,3.8370170775526605e+09,6.1751731355204858e+04,2.4777699906757600e+06,nan,nan,nan,nan,nan,2.0368865499997924e-01,1.8924210839999773e+00,5.4434659999998303e-02,0,0,0,0,0
exp4_repeat,s1_p2,B_pt,B,2,2,8,abc,0,0.0000000000000000e+00,2.9999999999999999e-01,1,100,0,1,40,A,6.7038103343318477e+06,7.5444372805269854e+05,1.0643815196243159e+08,9.0959371905435526e+08,1.4973125761466667e+06,1.2795657286541544e+07,2.2470538551862016e+13,5.6918539078786060e+11,nan,nan,1.7059280455107120e+04,nan,nan,nan,5.6933377444479260e+11,5.6933377444479260e+11,7.5454206141270441e+05,3.3097976358042553e+07,nan,nan,nan,nan,nan,2.0368865499997924e-01,2.1534258169999987e+00,5.0772192000010818e-02,0,0,0,0,0
exp4_repeat,s1_p2,B_pt,B,2,2,8,abc,0,0.0000000000000000e+00,2.9999999999999999e-01,1,100,0,1,45,B,7.5617894485100284e+07,8.5100030247978140e+06,1.2317566064808366e+09,1.2582696888885593e+10,1.7327665161703270e+07,1.7700636422379687e+08,2.8590329976165415e+15,7.2420151847751266e+13,nan,nan,1.8929190872647474e+05,nan,nan,nan,7.2439031402758828e+13,7.2434455600917672e+13,8.4844765263920594e+06,3.4043711353304809e+08,nan,nan,nan,nan,nan,2.0368865499997924e-01,2.4204256540000131e+00,5.4198065000008455e-02,0,0,0,0,0
exp4_repeat,s1_p2,B_pt,B,2,2,8,abc,0,0.0000000000000000e+00,2.9999999999999999e-01,1,100,0,1,50,A,9.2379259901671648e+08,1.0396319370499113e+08,1.5116705822328606e+10,1.2499033430023746e+11,2.1265338903733701e+08,1.7582943333192964e+09,4.2669638324877459e+17,1.0808345651667606e+16,nan,nan,2.8986075702965092e+06,nan,nan,nan,1.0811163330877802e+16,1.0811163330877802e+16,1.0397674415247874e+08,4.5609383435871572e+09,nan,nan,nan,nan,nan,2.0368865499997924e-01,2.6822139050000260e+00,4.8246859000016684e-02,0,0,0,0,0
exp4_repeat,s1_p2,B_pt,B,2,2,8,abc,0,0.0000000000000000e+00,2.9999999999999999e-01,1,100,0,1,55,B,1.0423560501207018e+10,1.1730626989609323e+09,1.7342973368930011e+11,1.7469972687937839e+12,2.4397127960509253e+09,2.4575783521514862e+10,5.4325306762955694e+19,1.3760760957389422e+18,nan,nan,2.7434357079407319e+07,nan,nan,nan,1.3764348315835912e+18,1.3763478854591798e+18,1.1695439948425987e+09,4.6927607201060287e+10,nan,nan,nan,nan,nan,2.0368865499997924e-01,2.9434603849999803e+00,5.1199544999974478e-02,0,0,0,0,0
exp4_repeat,s1_p2,B_pt,B,2,2,8,abc,0,0.0000000000000000e+00,2.9999999999999999e-01,1,100,0,1,60,A,1.2729026704042601e+11,1.4325188038061333e+10,2.1156709303025767e+12,1.7189113037323846e+13,2.9762079033917084e+10,2.4180685824642953e+11,8.1014060416431859e+21,2.0521101232661850e+20,nan,nan,4.4465393306352305e+08,nan,nan,nan,2.0526450976478069e+20,2.0526450976478069e+20,1.4327055167199499e+10,6.2845606289558716e+11,nan,nan,nan,nan,nan,2.0368865499997924e-01,3.1521782229999928e+00,4.0625734000002467e-02,0,0,0,0,0
exp4_repeat,s1_p2,B_pt,B,2,2,8,abc,0,0.0000000000000000e+00,2.9999999999999999e-01,1,100,0,1,65,B,1.4347436107213284e+12,1.6146538527932208e+11,2.4135830584717285e+13,2.4167793887591666e+14,3.3952940749101190e+11,3.3997904941438809e+12,1.0292446142530613e+24,2.6071070643405382e+22,nan,nan,3.8780594146458111e+09,nan,nan,nan,2.6077867235234225e+22,2.6076219958198664e+22,1.6098105574041452e+11,6.4593172928161104e+12,nan,nan,nan,nan,nan,2.0368865499997924e-01,3.4010905280000259e+00,4.9028145000022505e-02,0,0,0,0,0
exp4_repeat,s1_p2,B_pt,B,2,2,8,abc,0,0.0000000000000000e+00,2.9999999999999999e-01,1,100,0,1,70,A,1.7504687218271924e+13,1.9699694389796204e+12,2.9334196313025069e+14,2.3643886348487855e+15,4.1265711815581396e+12,3.3260901026418559e+13,1.5320703730477031e+26,3.8807795905137821e+24,nan,nan,6.5142999197672760e+10,nan,nan,nan,3.8817912894660496e+24,3.8817912894660496e+24,1.9702262026137876e+12,8.6423943221991250e+13,nan,nan,nan,nan,nan,2.0368865499997924e-01,3.6564647799999932e+00,4.9430717999996432e-02,0,0,0,0,0
exp4_repeat,s1_p2,B_pt,B,2,2,8,abc,0,0.0000000000000000e+00,2.9999999999999999e-01,1,100,0,1,75,B,1.9709927124763444e+14,2.2181461225865145e+13,3.3350001237738745e+15,3.3356678590334848e+16,4.6914922278431234e+13,4.6924315605760931e+14,1.9424061363174348e+28,4.9201722211455653e+26,nan,nan,5.4035559612209863e+11,nan,nan,nan,4.9214548843231590e+26,4.9211440076882187e+26,2.2114925993751930e+13,8.8735487069443988e+14,nan,nan,nan,nan,nan,2.0368865499997924e-01,3.9050290319999874e+00,4.9263491000004933e-02,0,0,0,0,0
exp4_repeat,s1_p2,B_pt,B,2,2,8,abc,0,0.0000000000000000e+00,2.9999999999999999e-01,1,100,0,1,80,A,2.4028856021996440e+15,2.7041963918991669e+14,4.0438928679702872e+16,3.2524564085881235e+17,5.6887230153515688e+14,4.5753743316275480e+15,2.8869296086291726e+30,7.3126781259604684e+28,nan,nan,9.3193659618900098e+12,nan,nan,nan,7.3145845029204962e+28,7.3145845029204962e+28,2.7045488538609344e+14,1.1863499545234566e+16,nan,nan,nan,nan,nan,2.0368865499997924e-01,4.1691826439999602e+00,4.9074047999994264e-02,0,0,0,0,0
exp4_repeat,s1_p2,B_pt,B,2,2,8,abc,0,0.0000000000000000e+00,2.9999999999999999e-01,1,100,0,1,85,B,2.7036213353214672e+16,3.0426430011254865e+15,4.5883916637895661e+17,4.5975244156952607e+18,6.4546935622328320e+15,6.4675410084080072e+16,3.6547841624027165e+32,9.2576764322978322e+30,nan,nan,7.4659754623203062e+13,nan,nan,nan,9.2600898601487416e+30,9.2595049222304578e+30,3.0335163274471330e+15,1.2171894625610915e+17,nan,nan,nan,nan,nan,2.0368865499997924e-01,4.3874532639999586e+00,4.7414328999991540e-02,0,0,0,0,0
exp4_repeat,s1_p2,B_pt,B,2,2,8,abc,0,0.0000000000000000e+00,2.9999999999999999e-01,1,100,0,1,90,A,3.2943493045671085e+17,3.7074455375282304e+16,5.5554338605371679e+18,4.4741542627952288e+19,7.8150746062082400e+16,6.2939907559350208e+17,5.4263686702508967e+34,1.3745152413737984e+33,nan,nan,1.3158978688726252e+15,nan,nan,nan,1.3748735703118739e+33,1.3748735703118739e+33,3.7079287618721504e+16,1.6264824026911178e+18,nan,nan,nan,nan,nan,2.0368865499997924e-01,4.6531103669999254e+00,5.4786347999993268e-02,0,0,0,0,0
exp4_repeat,s1_p2,B_pt,B,2,2,8,abc,0,0.0000000000000000e+00,2.9999999999999999e-01,1,100,0,1,95,B,3.7049636204481772e+18,4.1695489978225133e+17,6.2967706452076421e+19,6.3314267768982077e+20,8.8579458609055782e+17,8.9066981746804306e+18,6.8633777144222322e+36,1.7385138845242588e+35,nan,nan,1.0264400458473002e+16,nan,nan,nan,1.7389671060057815e+35,1.7388572595772570e+35,4.1570420710897498e+17,1.6680008472582588e+19,nan,nan,nan,nan,nan,2.0368865499997924e-01,4.9227999639999780e+00,5.4366737000009380e-02,0,0,0,0,0
exp4_repeat,s1_p2,B_pt,B,2,2,8,abc,0,0.0000000000000000e+00,2.9999999999999999e-01,1,100,0,1,100,A,4.5130579740456886e+19,5.0789746622453350e+18,7.6163279349425963e+20,6.1547055054350954e+21,1.0714225482862465e+19,8.6580965432581014e+19,1.0183846138548687e+39,2.5795983619730098e+37,nan,nan,1.8442156371661962e+17,nan,nan,nan,2.5802708497809905e+37,2.5802708497809905e+37,5.0796366501758669e+18,2.2281818649084330e+20,nan,nan,nan,nan,nan,2.0368865499997924e-01,5.1877759739999760e+00,4.9778871999990315e-02,0,0,0,0,0
exp4_repeat,s1_p2,B_int,B,2,2,8,abc,0,0.0000000000000000e+00,2.9999999999999999e-01,1,100,4,1,0,A,2.0254441727229264e-01,2.2794255452097286e-02,8.3786414868294027e-14,3.8369307731045410e-13,1.1786605684098978e-15,5.3975802796739334e-15,3.9468128469587128e+01,-2.6062682839567288e-04,nan,nan,6.8001160258290838e-16,nan,nan,nan,1.0000000000000000e+00,1.0000000000000000e+00,0.0000000000000000e+00,1.0000000000000000e+00,nan,nan,nan,nan,nan,2.9682866100000069e+00,0.0000000000000000e+00,0.0000000000000000e+00,0,0,0,0,0
exp4_repeat,s1_p2,B_int,B,2,2,8,abc,0,0.0000000000000000e+00,2.9999999999999999e-01,1,100,4,1,1,B,2.6227696499365455e-01,2.9516528866994286e-02,3.4497714244248845e-01,2.2140570229415406e+00,4.8529460944098067e-03,3.1146119729007885e-02,3.9456681461682955e+01,-5.5058292589919291e-04,nan,nan,1.8075818619678330e-15,nan,nan,nan,9.9970996831245762e-01,9.9964681900434249e-01,0.0000000000000000e+00,1.1807894614976548e+00,nan,nan,nan,nan,nan,2.9682866100000069e+00,8.3711091499998247e-01,8.3711091499998247e-01,0,0,0,0,0
exp4_repeat,s1_p2,B_int,B,2,2,8,abc,0,0.0000000000000000e+00,2.9999999999999999e-01,1,100,4,1,2,A,2.5190131469668531e-01,2.8348857960356456e-02,8.7093451056430937e-01,3.8009947847975383e+00,1.2251821096333613e-02,5.3470275349707684e-02,3.9442506012107927e+01,-9.0965125830021307e-04,nan,nan,2.0657584983602706e-03,nan,nan,nan,9.9935080637281937e-01,9.9935080637281937e-01,1.6715104052059549e-02,1.2436843142313778e+00,nan,nan,nan,nan,nan,2.9682866100000069e+00,1.7144369429999813e+00,8.7732602799999881e-01,0,0,0,0,0
exp4_repeat,s1_p2,B_int,B,2,2,8,abc,0,0.0000000000000000e+00,2.9999999999999999e-01,1,100,4,1,5,B,2.9501771552866513e-01,3.3201157855731737e-02,1.3393191357680183e+00,6.2584926217861616e+00,1.8840794851146654e-02,8.8040984717858858e-02,3.9455580358841267e+01,-5.7847418670712040e-04,nan,nan,3.0436327305228966e-03,nan,nan,nan,9.9968206978054386e-01,9.9961892223471271e-01,1.3273316321141827e-02,1.3281906379379858e+00,nan,nan,nan,nan,nan,2.9682866100000069e+00,4.2410820589999787e+00,8.4016174799998566e-01,0,0,0,0,0
exp4_repeat,s1_p2,B_int,B,2,2,8,abc,0,0.0000000000000000e+00,2.9999999999999999e-01,1,100,4,1,10,A,3.2992640030588499e-01,3.7129765165796143e-02,2.5146525193084717e+00,1.3226238264102204e+01,3.5374729571859206e-02,1.8605934547738520e-01,3.9535673373088756e+01,1.4503055645524133e-03,nan,nan,5.7955025345688416e-03,nan,nan,nan,1.0017113784240790e+00,1.0017113784240790e+00,2.9178359740392890e-02,1.6289088820569420e+00,nan,nan,nan,nan,nan,2.9682866100000069e+00,8.2717790020000450e+00,8.2447390100003304e-01,0,0,0,0,0
exp4_repeat,s1_p2,B_int,B,2,2,8,abc,0,0.0000000000000000e+00,2.9999999999999999e-01,1,100,4,1,15,B,4.0819889779470375e-01,4.5938515990240028e-02,3.6027044585072487e+00,2.0194659110496552e+01,5.0680837598219376e-02,2.8408720463141979e-01,3.9663887988665927e+01,4.6980197171839922e-03,nan,nan,3.6404005261197955e-03,nan,nan,nan,1.0049599392388124e+00,1.0048964583024831e+00,3.4071059788292363e-02,1.8377403319525443e+00,nan,nan,nan,nan,nan,2.9682866100000069e+00,1.2258641627999936e+01,7.6830671900000880e-01,0,0,0,0,0
exp4_repeat,s1_p2,B_int,B,2,2,8,abc,0,0.0000000000000000e+00,2.9999999999999999e-01,1,100,4,1,20,A,5.0963138755942439e-01,5.7353681680691937e-02,5.0035557350049933e+00,2.8008810975567901e+01,7.0387232297288396e-02,3.9401233621037524e-01,3.9850177939863300e+01,9.4167993061818021e-03,nan,nan,1.1072069525673217e-02,nan,nan,nan,1.0096799489889816e+00,1.0096799489889816e+00,5.2550039768858928e-02,2.5161463071791124e+00,nan,nan,nan,nan,nan,2.9682866100000069e+00,1.6524595908999942e+01,8.8333465400000932e-01,0,0,0,0,0
exp4_repeat,s1_p2,B_int,B,2,2,8,abc,0,0.0000000000000000e+00,2.9999999999999999e-01,1,100,4,1,25,B,6.6513213250128100e-01,7.4853663911409490e-02,6.6606902297556800e+00,3.6473147344795812e+01,9.3698876417457583e-02,5.1308390087690670e-01,4.0108920377956110e+01,1.5970821827698753e-02,nan,nan,5.3173848308324181e-03,nan,nan,nan,1.0162356801099084e+00,1.0161714869117660e+00,6.8069242835975069e-02,2.9944719414454708e+00,nan,nan,nan,nan,nan,2.9682866100000069e+00,2.0731581403999911e+01,8.3978177199998072e-01,0,0,0,0,0
exp4_repeat,s1_p2,B_int,B,2,2,8,abc,0,0.0000000000000000e+00,2.9999999999999999e-01,1,100,4,1,30,A,8.5623646658635721e-01,9.6360457669550800e-02,8.7200525647988556e+00,4.7031138233390386e+01,1.2266883752868797e-01,6.6160782998377599e-01,4.0475585859549462e+01,2.5258566976655291e-02,nan,nan,1.3854130017915377e-02,nan,nan,nan,1.0255258465254731e+00,1.0255258465254731e+00,9.3582137098250404e-02,4.2274009726729078e+00,nan,nan,nan,nan,nan,2.9682866100000069e+00,2.4921033305999885e+01,8.4160282499999539e-01,0,0,0,0,0
exp4_repeat,s1_p2,B_int,B,2,2,8,abc,0,0.0000000000000000e+00,2.9999999999999999e-01,1,100,4,1,35,B,1.1282937101487696e+00,1.2697765458304724e-01,1.1402720147323816e+01,6.8076071032729345e+01,1.6040710933139110e-01,9.5765621079119689e-01,4.1007807725850640e+01,3.8739904340147645e-02,nan,nan,9.7799359406037858e-03,nan,nan,nan,1.0390106984031415e+00,1.0389450665610993e+00,1.2299364536503449e-01,5.0796581485910881e+00,nan,nan,nan,nan,nan,2.9682866100000069e+00,2.8986390895999904e+01,8.0972308999997722e-01,0,0,0,0,0
exp4_repeat,s1_p2,B_int,B,2,2,8,abc,0,0.0000000000000000e+00,2.9999999999999999e-01,1,100,4,1,40,A,1.4661295911755348e+00,1.6499754906701022e-01,1.4849806447989923e+01,8.1508060341394739e+01,2.0889879745156764e-01,1.1466099472449316e+00,4.1789564707334172e+01,5.8542040011290805e-02,nan,nan,1.4391690376777268e-02,nan,nan,nan,1.0588179963875375e+00,1.0588179963875375e+00,1.6339872376900605e-01,7.2385583908961983e+00,nan,nan,nan,nan,nan,2.9682866100000069e+00,3.3205403344999837e+01,8.4788729199999580e-01,0,0,0,0,0
exp4_repeat,s1_p2,B_int,B,2,2,8,abc,0,0.0000000000000000e+00,2.9999999999999999e-01,1,100,4,1,45,B,1.9586611110642544e+00,2.2042681951419513e-01,1.9755230817699214e+01,1.3632945444266932e+02,2.7790557241600561e-01,1.9178067532426957e+00,4.3042466295289294e+01,9.0278407981035202e-02,nan,nan,1.7708001312594361e-02,nan,nan,nan,1.0905626378625082e+00,1.0904937496066938e+00,2.1808023298824528e-01,8.8180309645031691e+00,nan,nan,nan,nan,nan,2.9682866100000069e+00,3.7244922283999898e+01,7.2509380600001805e-01,0,0,0,0,0
exp4_repeat,s1_p2,B_int,B,2,2,8,abc,0,0.0000000000000000e+00,2.9999999999999999e-01,1,100,4,1,50,A,2.5827134116064046e+00,2.9065737805337877e-01,2.6262642869317020e+01,1.6147504336811650e+02,3.6944821688520607e-01,2.2715408780701813e+00,4.4998791454724000e+01,1.3983270316683757e-01,nan,nan,1.3680638215941260e-02,nan,nan,nan,1.1401298515940177e+00,1.1401298515940177e+00,2.8977304402033249e-01,1.2751343366498753e+01,nan,nan,nan,nan,nan,2.9682866100000069e+00,4.1237482675999871e+01,8.5528214300001082e-01,0,0,0,0,0
exp4_repeat,s1_p2,B_int,B,2,2,8,abc,0,0.0000000000000000e+00,2.9999999999999999e-01,1,100,4,1,55,B,3.5333901706157005e+00,3.9764610274430862e-01,3.6216701985490467e+01,2.7164755419631609e+02,5.0947637054588513e-01,3.8213863326111883e+00,4.8557263060103963e+01,2.2996984192052453e-01,nan,nan,3.0808318645277832e-02,nan,nan,nan,1.2302904886285813e+00,1.2302127740957665e+00,3.9631691702877453e-01,1.5907572656727062e+01,nan,nan,nan,nan,nan,2.9682866100000069e+00,4.5394875264999854e+01,8.2008978499999330e-01,0,0,0,0,0
exp4_repeat,s1_p2,B_int,B,2,2,8,abc,0,0.0000000000000000e+00,2.9999999999999999e-01,1,100,4,1,60,A,4.7544185724607688e+00,5.3506007682835088e-01,4.9483062659390697e+01,3.2309789707120586e+02,6.9610013571365448e-01,4.5451610695196232e+00,5.4486189928578462e+01,3.8015131393119833e-01,nan,nan,1.3663273365028566e-02,nan,nan,nan,1.3805111121639266e+00,1.3805111121639266e+00,5.3462449902473141e-01,2.3473461458427252e+01,nan,nan,nan,nan,nan,2.9682866100000069e+00,4.9530440266999761e+01,8.2416429699998162e-01,0,0,0,0,0
exp4_repeat,s1_p2,B_int,B,2,2,8,abc,0,0.0000000000000000e+00,2.9999999999999999e-01,1,100,4,1,65,B,6.6867801173720123e+00,7.5252715527812197e-01,7.0742395582754284e+01,5.4518213241867295e+02,9.9516457792491120e-01,7.6693182670915174e+00,6.6607876958915838e+01,6.8719723334513771e-01,nan,nan,5.2682973936235139e-02,nan,nan,nan,1.6876370768439586e+00,1.6875304728116589e+00,7.5187166147840312e-01,3.0104357407582285e+01,nan,nan,nan,nan,nan,2.9682866100000069e+00,5.3760442516999746e+01,8.4698944399997345e-01,0,0,0,0,0
exp4_repeat,s1_p2,B_int,B,2,2,8,abc,0,0.0000000000000000e+00,2.9999999999999999e-01,1,100,4,1,70,A,9.1822287164325314e+00,1.0333637915113163e+00,9.8748889155478466e+01,6.5291594503357089e+02,1.3891443142041684e+00,9.1848574748884388e+00,8.7857406710711487e+01,1.2254541099188896e+00,nan,nan,1.8784574114921265e-02,nan,nan,nan,2.2260342741716670e+00,2.2260342741716670e+00,1.0332325339255284e+00,4.5334395487624363e+01,nan,nan,nan,nan,nan,2.9682866100000069e+00,5.7922740670999787e+01,8.0931628199999750e-01,0,0,0,0,0
exp4_repeat,s1_p2,B_int,B,2,2,8,abc,0,0.0000000000000000e+00,2.9999999999999999e-01,1,100,4,1,75,B,1.3232170789982087e+01,1.4891424075497981e+00,1.4481124249147109e+02,1.1070024971097450e+03,2.0371238184071117e+00,1.5572693908977609e+01,1.3506009254659472e+02,2.4211121099161650e+00,nan,nan,9.0558657213448135e-02,nan,nan,nan,3.4220039759591763e+00,3.4217878160825133e+00,1.4890185778302816e+00,5.9572169526690843e+01,nan,nan,nan,nan,nan,2.9682866100000069e+00,6.2041589714999787e+01,8.1652143399998067e-01,0,0,0,0,0
exp4_repeat,s1_p2,B_int,B,2,2,8,abc,0,0.0000000000000000e+00,2.9999999999999999e-01,1,100,4,1,80,A,1.8465336183931697e+01,2.0780804312149881e+00,2.0470243289093023e+02,1.3735387424728626e+03,2.8796396920118679e+00,1.9322177198784871e+01,2.2050936823890837e+02,4.5855675485475800e+00,nan,nan,3.9377909800335800e-02,nan,nan,nan,5.5870236768086379e+00,5.5870236768086379e+00,2.0782151057141016e+00,9.1166848400998560e+01,nan,nan,nan,nan,nan,2.9682866100000069e+00,6.6074049286999838e+01,7.6037460100002363e-01,0,0,0,0,0
exp4_repeat,s1_p2,B_int,B,2,2,8,abc,0,0.0000000000000000e+00,2.9999999999999999e-01,1,100,4,1,85,B,2.7081043963323548e+01,3.0476882173435240e+00,3.0458983207639290e+02,2.3228904903407006e+03,4.2847999305301663e+00,3.2677128267186269e+01,4.1992016999240360e+02,9.6367021647305044e+00,nan,nan,1.5893449502820306e-01,nan,nan,nan,1.0639475097380931e+01,1.0638803026968107e+01,3.0481734944381982e+00,1.2192077683612351e+02,nan,nan,nan,nan,nan,2.9682866100000069e+00,6.9450610854999837e+01,6.7498319600002787e-01,0,0,0,0,0
exp4_repeat,s1_p2,B_int,B,2,2,8,abc,0,0.0000000000000000e+00,2.9999999999999999e-01,1,100,4,1,90,A,3.8202897207818317e+01,4.2993364600839490e+00,4.3326841306763350e+02,3.0237173970851577e+03,6.0949784618794869e+00,4.2535970438185359e+01,7.8747393107542439e+02,1.8946947696011680e+01,nan,nan,9.9053749453437145e-02,nan,nan,nan,1.9952147761002312e+01,1.9952147761002312e+01,4.2998274153063338e+00,1.8861491085414548e+02,nan,nan,nan,nan,nan,2.9682866100000069e+00,7.3786768620999823e+01,8.2240673799998376e-01,0,0,0,0,0
exp4_repeat,s1_p2,B_int,B,2,2,8,abc,0,0.0000000000000000e+00,2.9999999999999999e-01,1,100,4,1,95,B,5.6653572022137872e+01,6.3757669075140830e+00,6.4947873947154483e+02,4.9769389049054535e+03,9.1365047834903805e+00,7.0012801571929316e+01,1.6684275736865511e+03,4.1261764146858773e+01,nan,nan,2.8722276477903402e-01,nan,nan,nan,4.2272781567846266e+01,4.2270111296474838e+01,6.3772646784541376e+00,2.5505839142815017e+02,nan,nan,nan,nan,nan,2.9682866100000069e+00,7.7971728941999828e+01,8.3849172700001873e-01,0,0,0,0,0
exp4_repeat,s1_p2,B_int,B,2,2,8,abc,0,0.0000000000000000e+00,2.9999999999999999e-01,1,100,4,1,100,A,8.0447443621972369e+01,9.0535182607488327e+00,9.2647514068851297e+02,6.6867675061388600e+03,1.3033135713684665e+01,9.4065717001968409e+01,3.3079201916893057e+03,8.2790597304087342e+01,nan,nan,2.5085172225378882e-01,nan,nan,nan,8.3812441074784758e+01,8.3812441074784758e+01,9.0546619917027300e+00,3.9718420633545298e+02,nan,nan,nan,nan,nan,2.9682866100000069e+00,8.2139267607999869e+01,8.3286788200001638e-01,0,0,0,0,0
exp4_repeat,s1_p2,B_l2,B,2,2,8,abc,0,0.0000000000000000e+00,2.9999999999999999e-01,1,100,0,1,0,A,2.0254441727229264e-01,2.2794255452097286e-02,8.3786414868294027e-14,3.8369307731045410e-13,1.1786605684098978e-15,5.3975802796739334e-15,3.9468128469587128e+01,-2.6062682839567288e-04,nan,nan,6.8001160258290838e-16,nan,nan,nan,1.0000000000000000e+00,1.0000000000000000e+00,0.0000000000000000e+00,1.0000000000000000e+00,nan,nan,nan,nan,nan,9.9914554499997621e-01,0.0000000000000000e+00,0.0000000000000000e+00,0,0,0,0,0
exp4_repeat,s1_p2,B_l2,B,2,2,8,abc,0,0.0000000000000000e+00,2.9999999999999999e-01,1,100,0,1,1,B,2.4362939834201550e-01,2.7417940302857054e-02,2.0375476373343688e+00,6.9014030428498812e+00,2.8663084106867204e-02,9.7085090060219870e-02,3.9448645057627942e+01,-7.5414741866967449e-04,nan,nan,1.2927533246787082e-03,nan,nan,nan,9.9950635075148797e-01,9.9944321430541139e-01,0.0000000000000000e+00,1.0968367964766790e+00,nan,nan,nan,nan,nan,9.9914554499997621e-01,5.2974864599997318e-01,5.2974864599997318e-01,24,0,24,0,0
exp4_repeat,s1_p2,B_l2,B,2,2,8,abc,0,0.0000000000000000e+00,2.9999999999999999e-01,1,100,0,1,2,A,2.3515248652126602e-01,2.6463952550001228e-02,1.3675712156735484e+00,6.2952415685502974e+00,1.9238229359026630e-02,8.8557948411191967e-02,3.9418502069619421e+01,-1.5176782245547070e-03,nan,nan,2.2962462992667312e-03,nan,nan,nan,9.9874262089711330e-01,9.9874262089711330e-01,1.3287191863010498e-02,1.1609921897039324e+00,nan,nan,nan,nan,nan,9.9914554499997621e-01,9.9199215099997673e-01,4.6224350500000355e-01,6,0,30,0,0
exp4_repeat,s1_p2,B_l2,B,2,2,8,abc,0,0.0000000000000000e+00,2.9999999999999999e-01,1,100,0,1,5,B,2.6410918184615501e-01,2.9722725707874809e-02,2.6726483881179059e+00,1.0335037099636502e+01,3.7597327362086715e-02,1.4538753951393427e-01,3.9347540542745598e+01,-3.3151546985355413e-03,nan,nan,1.0367475435475726e-04,nan,nan,nan,9.9694467583041213e-01,9.9688170119926578e-01,8.9744291845973781e-03,1.1890382314598331e+00,nan,nan,nan,nan,nan,9.9914554499997621e-01,2.4726490309999463e+00,5.3494769799999631e-01,24,0,84,0,0
exp4_repeat,s1_p2,B_l2,B,2,2,8,abc,0,0.0000000000000000e+00,2.9999999999999999e-01,1,100,0,1,10,A,2.7585620581918263e-01,3.1044730376525376e-02,3.2346486081255637e+00,1.4030660216709533e+01,4.5503233108286224e-02,1.9737550499312487e-01,3.9218403422647469e+01,-6.5862361636618259e-03,nan,nan,2.6401752415323165e-03,nan,nan,nan,9.9367274161144759e-01,9.9367274161144759e-01,2.0943470794608638e-02,1.3619541310207159e+00,nan,nan,nan,nan,nan,9.9914554499997621e-01,4.4308366339999452e+00,3.5870154600002024e-01,6,0,150,0,0
exp4_repeat,s1_p2,B_l2,B,2,2,8,abc,0,0.0000000000000000e+00,2.9999999999999999e-01,1,100,0,1,15,B,3.1282911163031729e-01,3.5205644171213565e-02,4.4523614320708456e+00,1.8406175359402560e+01,6.2633338167531499e-02,2.5892781240811052e-01,3.9111322534523595e+01,-9.2986267462077613e-03,nan,nan,1.7476719776564342e-04,nan,nan,nan,9.9095964392285596e-01,9.9089704735198314e-01,2.0729470547240014e-02,1.4083788039551584e+00,nan,nan,nan,nan,nan,9.9914554499997621e-01,6.8032869549999759e+00,5.5738442500000929e-01,24,0,234,0,0
exp4_repeat,s1_p2,B_l2,B,2,2,8,abc,0,0.0000000000000000e+00,2.9999999999999999e-01,1,100,0,1,20,A,3.3660262494772270e-01,3.7881104412718219e-02,4.9292628673517802e+00,1.8951891186234270e+01,6.9342121657877634e-02,2.6660463839063697e-01,3.8998786840032295e+01,-1.2149189188175502e-02,nan,nan,5.0477327900251556e-04,nan,nan,nan,9.8810833835416101e-01,9.8810833835416101e-01,3.0174435264691053e-02,1.6618706626468380e+00,nan,nan,nan,nan,nan,9.9914554499997621e-01,9.1419895369999153e+00,4.3877239799996914e-01,6,0,300,0,0
exp4_repeat,s1_p2,B_l2,B,2,2,8,abc,0,0.0000000000000000e+00,2.9999999999999999e-01,1,100,0,1,25,B,3.7892704404052874e-01,4.2644275047858962e-02,5.8905065415164737e+00,2.3512759866499010e+01,8.2864361714960422e-02,3.3076439602645497e-01,3.8906958126993246e+01,-1.4475237662542773e-02,nan,nan,1.2789155233042804e-03,nan,nan,nan,9.8578168349111606e-01,9.8571941399972529e-01,3.1746285464804964e-02,1.7059563743630293e+00,nan,nan,nan,nan,nan,9.9914554499997621e-01,1.1702280087999952e+01,5.4553983900001413e-01,24,0,384,0,0
exp4_repeat,s1_p2,B_l2,B,2,2,8,abc,0,0.0000000000000000e+00,2.9999999999999999e-01,1,100,0,1,30,A,4.0824797596635914e-01,4.5944039225078413e-02,6.3191176214909675e+00,2.3927774125549945e+01,8.8893823411628159e-02,3.3660258522741326e-01,3.8807667139594741e+01,-1.6990307754600996e-02,nan,nan,4.8775479349115330e-03,nan,nan,nan,9.8326595773343251e-01,9.8326595773343251e-01,3.9839799944612675e-02,2.0155972772013104e+00,nan,nan,nan,nan,nan,9.9914554499997621e-01,1.3963167454999905e+01,3.6813136600000007e-01,6,0,450,0,0
exp4_repeat,s1_p2,B_l2,B,2,2,8,abc,0,0.0000000000000000e+00,2.9999999999999999e-01,1,100,0,1,35,B,4.5167970295162635e-01,5.0831825780543231e-02,7.1593283341671361e+00,2.8397622101261781e+01,1.0071343924963393e-01,3.9948191434108943e-01,3.8728368869302372e+01,-1.8998956406304220e-02,nan,nan,2.7132160903644981e-03,nan,nan,nan,9.8125678543752615e-01,9.8119480177321561e-01,4.2110527322873195e-02,2.0334939945281700e+00,nan,nan,nan,nan,nan,9.9914554499997621e-01,1.6269585685999857e+01,5.4261560299994471e-01,24,0,534,0,0
exp4_repeat,s1_p2,B_l2,B,2,2,8,abc,0,0.0000000000000000e+00,2.9999999999999999e-01,1,100,0,1,40,A,4.8311252192420773e-01,5.4369260753521491e-02,7.5656392926619471e+00,2.8350592569773269e+01,1.0642919527098216e-01,3.9882032911389520e-01,3.8640552908597726e+01,-2.1223360676625148e-02,nan,nan,9.8157715529013922e-03,nan,nan,nan,9.7903180127664013e-01,9.7903180127664013e-01,4.9327810759766548e-02,2.3852176645023517e+00,nan,nan,nan,nan,nan,9.9914554499997621e-01,1.8699801182999806e+01,4.4041118500001630e-01,6,0,600,0,0
exp4_repeat,s1_p2,B_l2,B,2,2,8,abc,0,0.0000000000000000e+00,2.9999999999999999e-01,1,100,0,1,45,B,5.2605395481724315e-01,5.9201869837617375e-02,8.3366780709678867e+00,3.2656210947237732e+01,1.1727573890377446e-01,4.5938936780728978e-01,3.8572202254062972e+01,-2.2954702981672601e-02,nan,nan,4.3573922185693309e-03,nan,nan,nan,9.7730000761970437e-01,9.7723827389566609e-01,5.1911627771961864e-02,2.3683321409579081e+00,nan,nan,nan,nan,nan,9.9914554499997621e-01,2.1275870196999904e+01,5.6003639499999736e-01,24,0,684,0,0
exp4_repeat,s1_p2,B_l2,B,2,2,8,abc,0,0.0000000000000000e+00,2.9999999999999999e-01,1,100,0,1,50,A,5.5807694876125014e-01,6.2805722830115859e-02,8.7304175059639029e+00,3.2115332010805929e+01,1.2281464574192079e-01,4.5178058450204972e-01,3.8494687133261714e+01,-2.4918183929113186e-02,nan,nan,1.5057622118104970e-02,nan,nan,nan,9.7533601480304499e-01,9.7533601480304499e-01,5.8503303652202791e-02,2.7553311825474491e+00,nan,nan,nan,nan,nan,9.9914554499997621e-01,2.3636934950999944e+01,3.7426835399998026e-01,6,0,750,0,0
exp4_repeat,s1_p2,B_l2,B,2,2,8,abc,0,0.0000000000000000e+00,2.9999999999999999e-01,1,100,0,1,55,B,6.0000500286937986e-01,6.7524286732399519e-02,9.4559537442256385e+00,3.6472036670370265e+01,1.3302108501176960e-01,5.1306827652835574e-01,3.8436217803459861e+01,-2.6399229354687654e-02,nan,nan,6.0785073059696493e-03,nan,nan,nan,9.7385458327667029e-01,9.7379306719191772e-01,6.1238767740252588e-02,2.7012649938631657e+00,nan,nan,nan,nan,nan,9.9914554499997621e-01,2.6185539324999866e+01,5.4769218299998101e-01,24,0,834,0,0
exp4_repeat,s1_p2,B_l2,B,2,2,8,abc,0,0.0000000000000000e+00,2.9999999999999999e-01,1,100,0,1,60,A,6.3194443506966624e-01,7.1118735724738188e-02,9.8413793444060573e+00,3.5425960499318876e+01,1.3844303745719214e-01,4.9835266020428010e-01,3.8368141295016777e+01,-2.8123627458110385e-02,nan,nan,2.0484299368628917e-02,nan,nan,nan,9.7212973563167637e-01,9.7212973563167637e-01,6.7355811653347530e-02,3.1200288982544766e+00,nan,nan,nan,nan,nan,9.9914554499997621e-01,2.8641261460999772e+01,4.6165822099999332e-01,6,0,900,0,0
exp4_repeat,s1_p2,B_l2,B,2,2,8,abc,0,0.0000000000000000e+00,2.9999999999999999e-01,1,100,0,1,65,B,6.7274697546237550e-01,7.5710634831765419e-02,1.0534423091771071e+01,3.9938148434731971e+01,1.4819239048162061e-01,5.6182760426396439e-01,3.8318773512749559e+01,-2.9374127991388329e-02,nan,nan,7.7657653739095639e-03,nan,nan,nan,9.7087890909944652e-01,9.7081758098097559e-01,7.0167865813283312e-02,3.0287545034677872e+00,nan,nan,nan,nan,nan,9.9914554499997621e-01,3.1242748677999884e+01,5.6004528800002618e-01,24,0,984,0,0
exp4_repeat,s1_p2,B_l2,B,2,2,8,abc,0,0.0000000000000000e+00,2.9999999999999999e-01,1,100,0,1,70,A,7.0431290453744300e-01,7.9263049954382797e-02,1.0914115259624966e+01,3.8402531737855597e+01,1.5353368819780636e-01,5.4022540477082037e-01,3.8259469417886855e+01,-3.0876318262969979e-02,nan,nan,2.6034689478956707e-02,nan,nan,nan,9.6937632721471378e-01,9.6937632721471378e-01,7.5910495776061696e-02,3.4773256850155136e+00,nan,nan,nan,nan,nan,9.9914554499997621e-01,3.3706615875999887e+01,4.4809659800000645e-01,6,0,1050,0,0
exp4_repeat,s1_p2,B_l2,B,2,2,8,abc,0,0.0000000000000000e+00,2.9999999999999999e-01,1,100,0,1,75,B,7.4403764720241317e-01,8.3733654201434984e-02,1.1582969873331914e+01,4.3108996761546742e+01,1.6294276197682767e-01,6.0643333058725823e-01,3.8218609076939480e+01,-3.1911322790174369e-02,nan,nan,9.3407759591090864e-03,nan,nan,nan,9.6834105286723970e-01,9.6827988505912910e-01,7.8762635740003417e-02,3.3497101539030507e+00,nan,nan,nan,nan,nan,9.9914554499997621e-01,3.6310735128999852e+01,5.5043109700000059e-01,24,0,1134,0,0
exp4_repeat,s1_p2,B_l2,B,2,2,8,abc,0,0.0000000000000000e+00,2.9999999999999999e-01,1,100,0,1,80,A,7.7512243682094539e-01,8.7231922111169119e-02,1.1958966908638336e+01,4.1417102568184191e+01,1.6823207862859380e-01,5.8263270640763454e-01,3.8167551013857548e+01,-3.3204638636660996e-02,nan,nan,3.1674365713794700e-02,nan,nan,nan,9.6704739986007282e-01,9.6704739986007282e-01,8.4202191144382488e-02,3.8269257047894918e+00,nan,nan,nan,nan,nan,9.9914554499997621e-01,3.8782746134999854e+01,4.7844504900001539e-01,6,0,1200,0,0
exp4_repeat,s1_p2,B_l2,B,2,2,8,abc,0,0.0000000000000000e+00,2.9999999999999999e-01,1,100,0,1,85,B,8.1387820750755635e-01,9.1593478697969355e-02,1.2609526834206404e+01,4.6020483491014154e+01,1.7738379293526452e-01,6.4739050256873343e-01,3.8134737939551748e+01,-3.4035803518562897e-02,nan,nan,1.0753992952598018e-02,nan,nan,nan,9.6621601829783121e-01,9.6615498472311523e-01,8.7076980650222638e-02,3.6641373000132691e+00,nan,nan,nan,nan,nan,9.9914554499997621e-01,4.1299323233999928e+01,5.6078461800001378e-01,24,0,1284,0,0
exp4_repeat,s1_p2,B_l2,B,2,2,8,abc,0,0.0000000000000000e+00,2.9999999999999999e-01,1,100,0,1,90,A,8.4446461935405870e-01,9.5035659402732384e-02,1.2983668612883694e+01,4.4316956654945614e+01,1.8264701087118893e-01,6.2342623685741849e-01,3.8091507073975968e+01,-3.5130854136068090e-02,nan,nan,3.7382232444047162e-02,nan,nan,nan,9.6512068220635439e-01,9.6512068220635439e-01,9.2266962354448007e-02,4.1692811420163416e+00,nan,nan,nan,nan,nan,9.9914554499997621e-01,4.3609106621999899e+01,4.1461221200000864e-01,6,0,1350,0,0
exp4_repeat,s1_p2,B_l2,B,2,2,8,abc,0,0.0000000000000000e+00,2.9999999999999999e-01,1,100,0,1,95,B,8.8238098027956169e-01,9.9302749201549287e-02,1.3620440458119548e+01,4.9541263348880925e+01,1.9160476215142883e-01,6.9691887056302659e-01,3.8066384585595408e+01,-3.5767214200757902e-02,nan,nan,1.1977915553879386e-02,nan,nan,nan,9.6448415624592232e-01,9.6442323206882552e-01,9.5157136320831823e-02,3.9725416319549227e+00,nan,nan,nan,nan,nan,9.9914554499997621e-01,4.5827257125999893e+01,4.5219785699998738e-01,24,0,1434,0,0
exp4_repeat,s1_p2,B_l2,B,2,2,8,abc,0,0.0000000000000000e+00,2.9999999999999999e-01,1,100,0,1,100,A,9.1249802069424923e-01,1.0269210706151218e-01,1.3994479718220877e+01,4.7088181573062514e+01,1.9686653791318681e-01,6.6241028388119638e-01,3.8030648698608175e+01,-3.6672414792771717e-02,nan,nan,4.3144037576902973e-02,nan,nan,nan,9.6357871967284614e-01,9.6357871967284614e-01,1.0013933476430574e-01,4.5051748795797382e+00,nan,nan,nan,nan,nan,9.9914554499997621e-01,4.8214004327999987e+01,4.4900042500000836e-01,6,0,1500,0,0
exp4_repeat,s1_p2,B_l2c,B,2,2,8,abc,0,0.0000000000000000e+00,2.9999999999999999e-01,1,100,0,1,0,A,2.0254441727229264e-01,2.2794255452097286e-02,8.3786414868294027e-14,3.8369307731045410e-13,1.1786605684098978e-15,5.3975802796739334e-15,3.9468128469587128e+01,-2.6062682839567288e-04,nan,nan,6.8001160258290838e-16,nan,nan,nan,1.0000000000000000e+00,1.0000000000000000e+00,0.0000000000000000e+00,1.0000000000000000e+00,nan,nan,nan,nan,nan,9.5047405299999355e-01,0.0000000000000000e+00,0.0000000000000000e+00,0,0,0,0,0
exp4_repeat,s1_p2,B_l2c,B,2,2,8,abc,0,0.0000000000000000e+00,2.9999999999999999e-01,1,100,0,1,1,B,2.4606659326268179e-01,2.7692221096948442e-02,9.4825526982046333e-13,3.9621639302822587e-12,1.3339526426583210e-14,5.5737513026910902e-14,3.9447982209945366e+01,-7.7093754661298846e-04,nan,nan,1.3364309658925322e-14,nan,nan,nan,9.9948955624644609e-01,9.9942642086123856e-01,0.0000000000000000e+00,1.1078092205247001e+00,nan,nan,nan,nan,nan,9.5047405299999355e-01,5.0093164770000271e+00,5.0093164770000271e+00,30,918,30,918,0
exp4_repeat,s1_p2,B_l2c,B,2,2,8,abc,0,0.0000000000000000e+00,2.9999999999999999e-01,1,100,0,1,2,A,2.3542492550388139e-01,2.6494612707651959e-02,6.8519873278455537e-13,2.5579538487363607e-12,9.6389937333766909e-15,3.5983868531159554e-14,3.9415373183870486e+01,-1.5969338264456609e-03,nan,nan,9.6173069508154185e-15,nan,nan,nan,9.9866334463370121e-01,9.9866334463370121e-01,1.3351066323799050e-02,1.1623372723593042e+00,nan,nan,nan,nan,nan,9.5047405299999355e-01,6.5097864329999879e+00,1.5004699559999608e+00,29,180,59,1098,0
exp4_repeat,s1_p2,B_l2c,B,2,2,8,abc,0,0.0000000000000000e+00,2.9999999999999999e-01,1,100,0,1,5,B,2.6320287032278999e-01,2.9620729826373968e-02,1.3770938417286553e-12,5.1185722327318217e-12,1.9372188352934133e-14,7.2005220258706015e-14,3.9330401130064978e+01,-3.7493010934692840e-03,nan,nan,2.4598378889351125e-14,nan,nan,nan,9.9651041625578274e-01,9.9644746905578396e-01,7.9811390405491473e-03,1.1849579528290004e+00,nan,nan,nan,nan,nan,9.5047405299999355e-01,1.7872641176999991e+01,4.9251254779999840e+00,30,917,148,3112,0
exp4_repeat,s1_p2,B_l2c,B,2,2,8,abc,0,0.0000000000000000e+00,2.9999999999999999e-01,1,100,0,1,10,A,2.6554365683307923e-01,2.9884160862355586e-02,6.3424149519945821e-13,2.3412383143295301e-12,8.9221557267492365e-15,3.2935235225047428e-14,3.9173684187846654e+01,-7.7189876140613973e-03,nan,nan,2.2495894036467234e-14,nan,nan,nan,9.9253969485866644e-01,9.9253969485866644e-01,1.9188496120757285e-02,1.3110391311160796e+00,nan,nan,nan,nan,nan,9.5047405299999355e-01,3.2648021975999939e+01,1.4885691000000065e+00,29,180,295,5488,0
exp4_repeat,s1_p2,B_l2c,B,2,2,8,abc,0,0.0000000000000000e+00,2.9999999999999999e-01,1,100,0,1,15,B,2.9472039984599779e-01,3.3167698085712391e-02,6.3098749526437543e-13,2.5295321393059567e-12,8.8763802699628755e-15,3.5584047769702366e-14,3.9032427697356511e+01,-1.1297056317467377e-02,nan,nan,3.6290415117434804e-14,nan,nan,nan,9.8896069337145398e-01,9.8889822306954744e-01,1.6853989148088083e-02,1.3268521016893295e+00,nan,nan,nan,nan,nan,9.5047405299999355e-01,4.9743764647000035e+01,4.4530695070000093e+00,31,948,445,8662,0
exp4_repeat,s1_p2,B_l2c,B,2,2,8,abc,0,0.0000000000000000e+00,2.9999999999999999e-01,1,100,0,1,20,A,3.0743250415600004e-01,3.4598312451085529e-02,6.2960954161231349e-13,2.3021584638627246e-12,8.8569959862775351e-15,3.2385481678043600e-14,3.8885611228120133e+01,-1.5015960927772028e-02,nan,nan,4.1792957983233237e-14,nan,nan,nan,9.8524081926215823e-01,9.8524081926215823e-01,2.5943637741993753e-02,1.5178522730779591e+00,nan,nan,nan,nan,nan,9.5047405299999355e-01,6.3772792435000042e+01,1.4685586269999931e+00,29,180,594,11098,0
exp4_repeat,s1_p2,B_l2c,B,2,2,8,abc,0,0.0000000000000000e+00,2.9999999999999999e-01,1,100,0,1,25,B,3.4230366191909195e-01,3.8522696488260698e-02,6.2221892146055710e-13,2.5011104298755527e-12,8.7530288626971655e-15,3.5184227008245033e-14,3.8753637827390975e+01,-1.8358886220567756e-02,nan,nan,5.5309923308044517e-14,nan,nan,nan,9.8189702248621402e-01,9.8183499837964738e-01,2.5851165446444502e-02,1.5410753156911767e+00,nan,nan,nan,nan,nan,9.5047405299999355e-01,8.2788289557000041e+01,5.4841942580000023e+00,31,948,745,14302,0
exp4_repeat,s1_p2,B_l2c,B,2,2,8,abc,0,0.0000000000000000e+00,2.9999999999999999e-01,1,100,0,1,30,A,3.6156351473998904e-01,4.0690191455940314e-02,6.2839310239848287e-13,2.3883117705736367e-12,8.8398837976552692e-15,3.3597438361211126e-14,3.8615724298640387e+01,-2.1852276713893035e-02,nan,nan,6.0902671794593743e-14,nan,nan,nan,9.7840272128424899e-01,9.7840272128424899e-01,3.3656567362458298e-02,1.7851072846600231e+00,nan,nan,nan,nan,nan,9.5047405299999355e-01,9.8065147020000097e+01,1.5127872300000718e+00,29,180,894,16738,0
exp4_repeat,s1_p2,B_l2c,B,2,2,8,abc,0,0.0000000000000000e+00,2.9999999999999999e-01,1,100,0,1,35,B,3.9852704939971922e-01,4.4850050625564714e-02,6.1293816447651451e-13,2.4158453015843406e-12,8.6224723480249387e-15,3.3984764723873046e-14,3.8492080607538426e+01,-2.4984207996982602e-02,nan,nan,7.4454331588924560e-14,nan,nan,nan,9.7526997352304623e-01,9.7520836803144806e-01,3.4588341269199747e-02,1.7941969858631268e+00,nan,nan,nan,nan,nan,9.5047405299999355e-01,1.1480937285400006e+02,4.7735281760000134e+00,31,948,1045,19942,0
exp4_repeat,s1_p2,B_l2c,B,2,2,8,abc,0,0.0000000000000000e+00,2.9999999999999999e-01,1,100,0,1,40,A,4.2104937562290357e-01,4.7384702847632777e-02,6.2674347578522553e-13,2.3323565301325289e-12,8.8166777702258547e-15,3.2810291237092012e-14,3.8362145027114103e+01,-2.8275514698444255e-02,nan,nan,8.0067896757185508e-14,nan,nan,nan,9.7197780879513296e-01,9.7197780879513296e-01,4.1514434181359611e-02,2.0788002024112151e+00,nan,nan,nan,nan,nan,9.5047405299999355e-01,1.2938802397999979e+02,1.2536561659999279e+00,29,180,1194,22378,0
exp4_repeat,s1_p2,B_l2c,B,2,2,8,abc,0,0.0000000000000000e+00,2.9999999999999999e-01,1,100,0,1,45,B,4.5821811846702154e-01,5.1567656051833867e-02,6.0381078416849391e-13,2.5011104298755527e-12,8.4940734509142809e-15,3.5184227008245033e-14,3.8246033978850981e+01,-3.1216641909437279e-02,nan,nan,9.3869356732056985e-14,nan,nan,nan,9.6903591484765095e-01,9.6897470314675671e-01,4.2949703122775053e-02,2.0629304039957654e+00,nan,nan,nan,nan,nan,9.5047405299999355e-01,1.4792519940799974e+02,4.6266264729999875e+00,31,948,1345,25582,0
exp4_repeat,s1_p2,B_l2c,B,2,2,8,abc,0,0.0000000000000000e+00,2.9999999999999999e-01,1,100,0,1,50,A,4.8220555685594363e-01,5.4267191322378651e-02,6.2497837495458059e-13,2.2701840407535201e-12,8.7918473158900410e-15,3.1935683321404105e-14,3.8123338060126358e+01,-3.4324565837753014e-02,nan,nan,9.9118629970362804e-14,nan,nan,nan,9.6592718069981398e-01,9.6592718069981398e-01,4.9235500337219178e-02,2.3807398068527639e+00,nan,nan,nan,nan,nan,9.5047405299999355e-01,1.6246578014599976e+02,1.4752771519999897e+00,29,180,1494,28018,0
exp4_repeat,s1_p2,B_l2c,B,2,2,8,abc,0,0.0000000000000000e+00,2.9999999999999999e-01,1,100,0,1,55,B,5.1875986886868175e-01,5.8380996763749603e-02,5.9554795932203111e-13,2.3590018827235326e-12,8.3778366379952373e-15,3.3185123200958386e-14,3.8014101584075028e+01,-3.7091558100362652e-02,nan,nan,1.1296519275560968e-13,nan,nan,nan,9.6315946709678602e-01,9.6309862659716150e-01,5.0936084730327881e-02,2.3354936497105818e+00,nan,nan,nan,nan,nan,9.5047405299999355e-01,1.8066417784699973e+02,5.2371416349999436e+00,31,948,1645,31222,0
exp4_repeat,s1_p2,B_l2c,B,2,2,8,abc,0,0.0000000000000000e+00,2.9999999999999999e-01,1,100,0,1,60,A,5.4326815041358312e-01,6.1139147483230231e-02,6.2401981482965564e-13,2.2239987629291136e-12,8.7783628265074221e-15,3.1285974584035946e-14,3.7898042549563975e+01,-4.0031367787624374e-02,nan,nan,1.1831161050857020e-13,nan,nan,nan,9.6021889101650693e-01,9.6021889101650693e-01,5.6729766020148863e-02,2.6822173512846570e+00,nan,nan,nan,nan,nan,9.5047405299999355e-01,1.9481341935199981e+02,1.2385299300000270e+00,29,180,1794,33658,0
exp4_repeat,s1_p2,B_l2c,B,2,2,8,abc,0,0.0000000000000000e+00,2.9999999999999999e-01,1,100,0,1,65,B,5.7888139011027728e-01,6.5147045079498950e-02,5.8656713645426898e-13,2.3874235921539366e-12,8.2514994292395627e-15,3.3584943962415713e-14,3.7795129890020220e+01,-4.2638175906812910e-02,nan,nan,1.3186673974985297e-13,nan,nan,nan,9.5761140331606887e-01,9.5755091327447750e-01,5.8574930853212394e-02,2.6061649940011526e+00,nan,nan,nan,nan,nan,9.5047405299999355e-01,2.1142069262699994e+02,5.1272045140000273e+00,31,948,1945,36862,0
exp4_repeat,s1_p2,B_l2c,B,2,2,8,abc,0,0.0000000000000000e+00,2.9999999999999999e-01,1,100,0,1,70,A,6.0341014711590668e-01,6.7907500097901335e-02,6.2091512088015219e-13,2.2488677586807171e-12,8.7346877230791067e-15,3.1635817750311110e-14,3.7685204557243715e+01,-4.5422617114111261e-02,nan,nan,1.3757051053886471e-13,nan,nan,nan,9.5482623621950358e-01,9.5482623621950358e-01,6.3974658236193735e-02,2.9791497353625211e+00,nan,nan,nan,nan,nan,9.5047405299999355e-01,2.2608372713099999e+02,1.5452342920000319e+00,29,180,2094,39298,0
exp4_repeat,s1_p2,B_l2c,B,2,2,8,abc,0,0.0000000000000000e+00,2.9999999999999999e-01,1,100,0,1,75,B,6.3797710190388235e-01,7.1797649272336547e-02,5.8068794702991153e-13,2.3021584638627246e-12,8.1687942704188228e-15,3.2385481678043727e-14,3.7588150212677625e+01,-4.7881032381378127e-02,nan,nan,1.5146217613448698e-13,nan,nan,nan,9.5236718005622811e-01,9.5230702127978450e-01,6.5898189737845767e-02,2.8722180715456478e+00,nan,nan,nan,nan,nan,9.5047405299999355e-01,2.4511640488199993e+02,5.4379624929999864e+00,31,948,2245,42502,0
exp4_repeat,s1_p2,B_l2c,B,2,2,8,abc,0,0.0000000000000000e+00,2.9999999999999999e-01,1,100,0,1,80,A,6.6225915463343399e-01,7.4530340305111589e-02,6.1993170418504128e-13,2.2613022565565188e-12,8.7208535653261433e-15,3.1810739333448695e-14,3.7483932786622056e+01,-5.0520890622405161e-02,nan,nan,1.5677389941792796e-13,nan,nan,nan,9.4972663361795762e-01,9.4972663361795762e-01,7.0972867250678986e-02,3.2696983879003643e+00,nan,nan,nan,nan,nan,9.5047405299999355e-01,2.6053786684299990e+02,1.5792340630000581e+00,29,180,2394,44938,0
exp4_repeat,s1_p2,B_l2c,B,2,2,8,abc,0,0.0000000000000000e+00,2.9999999999999999e-01,1,100,0,1,85,B,6.9577458508285017e-01,7.8302151414691643e-02,5.7229760948336533e-13,2.2737367544323206e-12,8.0507636799309928e-15,3.1985660916586394e-14,3.7392340207183167e+01,-5.2840957762805917e-02,nan,nan,1.7000983953963100e-13,nan,nan,nan,9.4740596164818158e-01,9.4734611626014043e-01,7.2936386358430347e-02,3.1324264319728177e+00,nan,nan,nan,nan,nan,9.5047405299999355e-01,2.7814148778499981e+02,4.4582027229999994e+00,31,948,2545,48142,0
exp4_repeat,s1_p2,B_l2c,B,2,2,8,abc,0,0.0000000000000000e+00,2.9999999999999999e-01,1,100,0,1,90,A,7.1966914666693893e-01,8.0991234372388338e-02,6.1905157128961510e-13,2.1955770534987096e-12,8.7084723464802246e-15,3.0886153822578619e-14,3.7293466916177657e+01,-5.5345447481628826e-02,nan,nan,1.7608831059945373e-13,nan,nan,nan,9.4490081902198131e-01,9.4490081902198131e-01,7.7736693018345099e-02,3.5531423495096606e+00,nan,nan,nan,nan,nan,9.5047405299999355e-01,2.9312925082299984e+02,1.5441308150000168e+00,29,180,2694,50578,0
exp4_repeat,s1_p2,B_l2c,B,2,2,8,abc,0,0.0000000000000000e+00,2.9999999999999999e-01,1,100,0,1,95,B,7.5217246170838303e-01,8.4649142480014511e-02,5.6602588065905943e-13,2.1884716261411086e-12,7.9625364956960641e-15,3.0786198632214407e-14,3.7206995885961867e+01,-5.7535784264687882e-02,nan,nan,1.8947343694009078e-13,nan,nan,nan,9.4270991122957304e-01,9.4265036247990119e-01,7.9717120375816339e-02,3.3863336646262279e+00,nan,nan,nan,nan,nan,9.5047405299999355e-01,3.1194580949099992e+02,5.2628838709999854e+00,31,948,2845,53782,0
exp4_repeat,s1_p2,B_l2c,B,2,2,8,abc,0,0.0000000000000000e+00,2.9999999999999999e-01,1,100,0,1,100,A,7.7560947295470062e-01,8.7286732933391356e-02,6.1958708375179869e-13,2.1955770534987096e-12,8.7160056372178716e-15,3.0886153822578619e-14,3.7113153561442161e+01,-5.9912838113709121e-02,nan,nan,1.9527088279680527e-13,nan,nan,nan,9.4033223769503960e-01,9.4033223769503960e-01,8.4281745146921924e-02,3.8293302940658305e+00,nan,nan,nan,nan,nan,9.5047405299999355e-01,3.2664845829299981e+02,1.3792033369999217e+00,29,180,2994,56218,0
exp4_repeat,s1_p3,A_pt,A,3,3,8,abc,0,0.0000000000000000e+00,2.9999999999999999e-01,1,100,0,1,0,A,1.3464715461453933e-02,1.5153128777949955e-03,2.2709910013873703e-13,1.7674750552032492e-12,3.1947035193672450e-15,2.4863853603127879e-14,3.9478387313157270e+01,-7.6728506357789540e-07,1.2566332157433365e+01,1.2566346644016324e+01,7.4940054162198066e-16,1.4142114073134975e+00,2.7932756189736299e-15,0.0000000000000000e+00,1.0000000000000000e+00,1.0000000000000000e+00,0.0000000000000000e+00,1.0000000000000000e+00,1.0000000000000000e+00,1.0000000000000000e+00,0.0000000000000000e+00,1.0000000000000000e+00,1.0000000000000000e+00,8.9397513799999828e-01,0.0000000000000000e+00,0.0000000000000000e+00,0,0,0,0,0
exp4_repeat,s1_p3,A_pt,A,3,3,8,abc,0,0.0000000000000000e+00,2.9999999999999999e-01,1,100,0,1,1,B,1.9366356643817233e-02,2.1794808588682974e-03,2.3079215748693011e-13,1.7337242752546445e-12,3.2466553910403942e-15,2.4389066448897223e-14,3.9478297671435634e+01,-3.0379363985703550e-06,1.2566273163950376e+01,1.2566311798819175e+01,8.4654505627668186e-16,1.4142090914395755e+00,9.1871573497462683e-05,1.2872852459412209e-04,9.9999772934692277e-01,9.9999628612090619e-01,0.0000000000000000e+00,1.0973852097194083e+00,9.9999530543341919e-01,9.9999551037604562e-01,-4.4896118769291812e-06,9.9999775171257965e-01,9.9999836242734996e-01,8.9397513799999828e-01,3.4316399699999778e-01,3.4316399699999778e-01,0,0,0,0,0
exp4_repeat,s1_p3,A_pt,A,3,3,8,abc,0,0.0000000000000000e+00,2.9999999999999999e-01,1,100,0,1,2,A,4.0142104094505617e-02,4.5175739101450969e-03,2.2460202405278808e-13,1.4210854715202004e-12,3.1595760452599702e-15,1.9991038072866635e-14,3.9478813133128568e+01,1.0018860814033711e-05,1.2566240547653091e+01,1.2566375780025947e+01,2.9837243786801082e-16,1.4142070593607545e+00,6.8775555205791920e-04,1.0022557509003580e-03,1.0000107861541536e+00,1.0000107861541536e+00,4.2578413265590030e-03,2.9812812761934917e+00,9.9999270990300704e-01,9.9999270990300704e-01,-7.2900885888973175e-06,9.9999692552844610e-01,9.9999692552844610e-01,8.9397513799999828e-01,6.7881000099999866e-01,3.3564600400000089e-01,0,0,0,0,0
exp4_repeat,s1_p3,A_pt,A,3,3,8,abc,0,0.0000000000000000e+00,2.9999999999999999e-01,1,100,0,1,5,B,8.5868123072270902e-02,9.6635590299690762e-03,2.3090658933140587e-13,1.7053025658242404e-12,3.2482651544258543e-15,2.3989245687439893e-14,3.9482418664379516e+01,1.0134803431539449e-04,1.2566471074878658e+01,1.2567083504425543e+01,4.0245584642661925e-16,1.4142221281921712e+00,9.1365016012437135e-04,1.3198642291093131e-03,1.0001021153977305e+00,1.0001006720210610e+00,9.3284274896549887e-03,4.8656755619523979e+00,1.0000110547328809e+00,1.0000112596787349e+00,1.1259648445573995e-05,1.0000069700971623e+00,1.0000075808175626e+00,8.9397513799999828e-01,1.6674579349999910e+00,3.2373020999999369e-01,0,0,0,0,0
exp4_repeat,s1_p3,A_pt,A,3,3,8,abc,0,0.0000000000000000e+00,2.9999999999999999e-01,1,100,0,1,10,A,1.9799085681049400e-01,2.2281799854551872e-02,2.2586772592846965e-13,1.3695711231775931e-12,3.1773812335422637e-15,1.9266362942725222e-14,3.9500919597912031e+01,5.6998215531604889e-04,1.2567290033984198e+01,1.2570519142942828e+01,7.0776717819853729e-16,1.4142774368361362e+00,2.1964490476855860e-03,3.2973596531671208e-03,1.0005707498783074e+00,1.0005707498783074e+00,2.2230267623341581e-02,1.4704421892708513e+01,1.0000762256272422e+00,1.0000762256272422e+00,7.6225539368632368e-05,1.0000466899943652e+00,1.0000466899943652e+00,8.9397513799999828e-01,2.9811944589999975e+00,2.6622053800000600e-01,0,0,0,0,0
exp4_repeat,s1_p3,A_pt,A,3,3,8,abc,0,0.0000000000000000e+00,2.9999999999999999e-01,1,100,0,1,15,B,5.0958257820633679e-01,5.7348188698571688e-02,2.2948760299709113e-13,1.4304113449270517e-12,3.2283036458447996e-15,2.0122229260219764e-14,3.9612021521949202e+01,3.3842267674128851e-03,1.2567563659001705e+01,1.2588679018518636e+01,4.0245584642661925e-16,1.4143329495654779e+00,3.9339272093613297e-03,6.1201120474751944e-03,1.0033849966497339e+00,1.0033835485351139e+00,5.7293278393101478e-02,2.8875249730198821e+01,1.0000980000809234e+00,1.0000982050445966e+00,9.8204780417090920e-05,1.0000853327132841e+00,1.0000859434815417e+00,8.9397513799999828e-01,4.6811035510000032e+00,3.3794625500000564e-01,0,0,0,0,0
exp4_repeat,s1_p3,A_pt,A,3,3,8,abc,0,0.0000000000000000e+00,2.9999999999999999e-01,1,100,0,1,20,A,1.3080381970925492e+00,1.4720601637489492e-01,2.2419043951346293e-13,1.8616219676914625e-12,3.1537861034438380e-15,2.6188259875455294e-14,4.0336130358077369e+01,2.1726117858008251e-02,1.2567033011482508e+01,1.2705227067333988e+01,5.6898930012039273e-16,1.4145565609483122e+00,8.7919834726385218e-03,1.4496531166085239e-02,1.0217269018137991e+00,1.0217269018137991e+00,1.4719770212577080e-01,9.7145624862042652e+01,1.0000557723638339e+00,1.0000557723638339e+00,5.5772299539133461e-05,1.0002440608476426e+00,1.0002440608476426e+00,8.9397513799999828e-01,6.3571595850000016e+00,3.3843313799999919e-01,0,0,0,0,0
exp4_repeat,s1_p3,A_pt,A,3,3,8,abc,0,0.0000000000000000e+00,2.9999999999999999e-01,1,100,0,1,25,B,3.8796316464771317e+00,4.3661195900035615e-01,2.3233315237000769e-13,1.6888157539085569e-12,3.2683332478583529e-15,2.3757318409797650e-14,4.6971144983249111e+01,1.8979300168466401e-01,1.2555649062828978e+01,1.3723671216736587e+01,2.9143354396410359e-16,1.4159233172142693e+00,2.3493237096068761e-02,3.8660339659363212e-02,1.1897939145957634e+00,1.1897921974503325e+00,4.3661579559067876e-01,2.1983744626341806e+02,9.9914986374142056e-01,9.9915006851077914e-01,-8.4992920283753022e-04,1.0012098934892080e+00,1.0012105049442530e+00,8.9397513799999828e-01,8.0387322059999953e+00,3.3873724400000071e-01,0,0,0,0,0
exp4_repeat,s1_p3,A_pt,A,3,3,8,abc,0,0.0000000000000000e+00,2.9999999999999999e-01,1,100,0,1,30,A,1.1782449584377884e+01,1.3259914506392547e+00,2.4170954725891281e-13,2.5263124925345437e-12,3.4002351432523231e-15,3.5538755574068775e-14,1.0877736885773241e+02,1.7553629415411551e+00,1.2526416881277095e+01,2.1115421214636438e+01,4.3021142204224816e-16,1.4315795191231402e+00,6.5367386370610958e-02,1.0936234302140194e-01,2.7553650556916072e+00,2.7553650556916072e+00,1.3259905671427563e+00,8.7506116398137431e+02,9.9682363352677583e-01,9.9682363352677583e-01,-3.1763628114839823e-03,1.0122811283516910e+00,1.0122811283516910e+00,8.9397513799999828e-01,9.7250392890000121e+00,3.4043996500000162e-01,0,0,0,0,0
exp4_repeat,s1_p3,A_pt,A,3,3,8,abc,0,0.0000000000000000e+00,2.9999999999999999e-01,1,100,0,1,35,B,3.6407252860397861e+01,4.0972554720842433e+00,3.5110292778785606e-13,5.6159521477638918e-12,4.9391202271553041e-15,7.9002083584209600e-14,7.0164055992881367e+02,1.6772763005865009e+01,1.2349486262001440e+01,5.9090611279450357e+01,1.1796119636642288e-15,1.5774156367312524e+00,2.0512076376361693e-01,3.0254349134875558e-01,1.7772776642651063e+01,1.7772750992459184e+01,4.0972723742968657e+00,2.0629993317958583e+03,9.8274389911748006e-01,9.8274410052454131e-01,-1.7255853055715881e-02,1.1154023120031098e+00,1.1154029931973080e+00,8.9397513799999828e-01,1.1498051999000001e+01,3.4481752599999993e-01,0,0,0,0,0
exp4_repeat,s1_p3,A_pt,A,3,3,8,abc,0,0.0000000000000000e+00,2.9999999999999999e-01,1,100,0,1,40,A,1.1551777768994876e+02,1.3000317507558917e+01,8.9844337770960245e-13,2.8606450541701633e-11,1.2638800501488522e-14,4.0241959640680541e-13,6.7100487341403286e+03,1.6896752001021710e+02,1.1636682780353226e+01,3.0255700184231790e+02,6.8001160258290838e-16,2.6117365864005775e+00,6.1084994354577227e-01,5.5475034343431184e-01,1.6996765042385655e+02,1.6996765042385655e+02,1.3000321914538235e+01,8.5792958656012361e+03,9.2602062674825736e-01,9.2602062674825736e-01,-7.3979287967740975e-02,1.8467794651451406e+00,1.8467794651451406e+00,8.9397513799999828e-01,1.3184796702000003e+01,3.3868429700000036e-01,0,0,0,0,0
exp4_repeat,s1_p3,A_pt,A,3,3,8,abc,0,0.0000000000000000e+00,2.9999999999999999e-01,1,100,0,1,45,B,3.6223109989080302e+02,4.0765321181403415e+01,2.7156681031182322e-12,9.5454311122011859e-11,3.8202504726637218e-14,1.3427980273544480e-12,6.5638327627715684e+04,1.6616382618859284e+03,6.1481810555453258e+00,2.5887243802529106e+03,8.0144224590128488e-16,7.1448326729257827e+00,1.9894714910559386e+00,6.4600203328550720e-01,1.6626395376044118e+03,1.6626371380343264e+03,4.0765394137968862e+01,2.0525649652717006e+04,4.8925820028626976e-01,4.8925830055660108e-01,-5.1074032550758253e-01,5.0521642468126071e+00,5.0521673322508711e+00,8.9397513799999828e-01,1.4196492169000013e+01,1.7982792499999789e-01,0,0,0,0,0
exp4_repeat,s1_p3,A_pt,A,3,3,8,abc,0,0.0000000000000000e+00,2.9999999999999999e-01,1,100,0,1,50,A,1.1667905811606995e+03,1.3131007471967766e+02,8.4432022213399615e-12,2.5301005734945647e-10,1.1877426125759955e-13,3.5592044184931761e-12,6.8072126392206224e+05,1.7241871047772889e+04,-3.8168196419673713e+01,2.5756213446618687e+04,1.6653345369377348e-15,2.2074067140795503e+01,6.0839891667173136e+00,6.4919958763298824e-01,1.7242884277980447e+04,1.7242884277980447e+04,1.3131012459571934e+02,8.6655420569482158e+04,-3.0373378597267200e+00,-3.0373378597267200e+00,-4.0373332054519739e+00,1.5608746349125015e+01,1.5608746349125015e+01,8.9397513799999828e-01,1.5296367792000016e+01,2.0260564800000225e-01,0,0,0,0,0
exp4_repeat,s1_p3,A_pt,A,3,3,8,abc,0,0.0000000000000000e+00,2.9999999999999999e-01,1,100,0,1,55,B,3.6849853019252932e+03,4.1470654901531123e+02,2.6355491590502802e-11,7.0895112003199756e-10,3.7075436092611340e-13,9.9731290737916780e-12,6.7895229410899021e+06,1.7197962518950881e+05,-5.0979786404128748e+02,2.6233113786816853e+05,6.6613381477509392e-15,7.1189380742168680e+01,2.0088839916851519e+01,6.5522056636450465e-01,1.7198075714777500e+05,1.7198050894010832e+05,4.1470718975220888e+02,2.0880790552089908e+05,-4.0568549172061047e+01,-4.0568557486325098e+01,-4.1568445663597423e+01,5.0338539837495574e+01,5.0338570580054487e+01,8.9397513799999828e-01,1.6182987698000023e+01,1.7741342099999713e-01,0,0,0,0,0
exp4_repeat,s1_p3,A_pt,A,3,3,8,abc,0,0.0000000000000000e+00,2.9999999999999999e-01,1,100,0,1,60,A,1.1962018736334707e+04,1.3462000803124076e+03,8.4280101906121243e-11,2.7939677238464355e-09,1.1856054823978967e-12,3.9303980134301638e-11,7.1544785378648430e+07,1.8122495845004201e+06,-4.8382257265328608e+03,2.6936092898049280e+06,1.7652546091539989e-14,2.2518041270060075e+02,6.2225317078570562e+01,6.4906564521781129e-01,1.8122519750142919e+06,1.8122519750142919e+06,1.3462005962695284e+03,8.8839743926107720e+05,-3.8501494834918111e+02,-3.8501494834918111e+02,-3.8601450334812142e+02,1.5922683944995470e+02,1.5922683944995470e+02,8.9397513799999828e-01,1.7347690640000028e+01,2.2880035299999690e-01,0,0,0,0,0
exp4_repeat,s1_p3,A_pt,A,3,3,8,abc,0,0.0000000000000000e+00,2.9999999999999999e-01,1,100,0,1,65,B,3.7950830205973565e+04,4.2709689557682805e+03,2.8010579075487607e-10,1.0244548320770264e-08,3.9403720885422687e-12,1.4411459382577222e-10,7.2013198993017471e+08,1.8241155399609342e+07,-5.7814829779098000e+04,2.7897679685661685e+07,1.2434497875801753e-13,7.3510103430423612e+02,2.0710903479921640e+02,6.5585700025758864e-01,1.8241170395786930e+07,1.8241144069595464e+07,4.2709754538797506e+03,2.1504653937013904e+06,-4.6007720514453204e+03,-4.6007729943440545e+03,-4.6017606152084891e+03,5.1979540086080431e+02,5.1979571830824693e+02,8.9397513799999828e-01,1.8245548845000034e+01,1.8022857700000827e-01,0,0,0,0,0
exp4_repeat,s1_p3,A_pt,A,3,3,8,abc,0,0.0000000000000000e+00,2.9999999999999999e-01,1,100,0,1,70,A,1.2388427498090242e+05,1.3941879260075153e+04,8.9558504042587904e-10,3.0559021979570389e-08,1.2598591006275767e-11,4.2988728271892415e-10,7.6736546767232428e+09,1.9437594267703995e+08,-5.3783998492656578e+05,2.8930172985260642e+08,3.0730973321624333e-13,2.3352582061302910e+03,6.4670292959845256e+02,6.4979383670627966e-01,1.9437609281891268e+08,1.9437609281891268e+08,1.3941884608260740e+04,9.2006604473411795e+06,-4.2800077078053138e+04,-4.2800077078053138e+04,-4.2801027736635828e+04,1.6512794296904005e+03,1.6512794296904005e+03,8.9397513799999828e-01,1.9151073937000010e+01,1.7910000499999512e-01,0,0,0,0,0
exp4_repeat,s1_p3,A_pt,A,3,3,8,abc,0,0.0000000000000000e+00,2.9999999999999999e-01,1,100,0,1,75,B,3.9448715738490119e+05,4.4395403038508230e+04,2.7564467519051584e-09,7.4505805969238281e-08,3.8776156021226442e-11,1.0481061369147071e-09,7.7810050076065140e+10,1.9709515922441235e+09,-6.7969777057811273e+06,3.0316472762057295e+09,6.5547567373869242e-13,7.6850345743515227e+03,2.1643639568479093e+03,6.5758200124187005e-01,1.9709531055270026e+09,1.9709502609897442e+09,4.4395470484392514e+04,2.2353423511729505e+07,-5.4088795526230859e+05,-5.4088806611382705e+05,-5.4088761107919517e+05,5.4341450233233209e+03,5.4341483420434115e+03,8.9397513799999828e-01,2.0165900446000013e+01,2.3398440799999776e-01,0,0,0,0,0
exp4_repeat,s1_p3,A_pt,A,3,3,8,abc,0,0.0000000000000000e+00,2.9999999999999999e-01,1,100,0,1,80,A,1.2940529467602819e+06,1.4563212274243467e+05,8.8315465483979657e-09,2.2980384528636932e-07,1.2423727272537107e-10,3.2327523660463096e-09,8.3728649144359143e+11,2.1208714589201202e+10,-6.4133141680565536e+07,3.1689460847168945e+10,2.2737367544323206e-12,2.4488535313026932e+04,6.8009039958542280e+03,6.5131868576920293e-01,2.1208730863343609e+10,2.1208730863343609e+10,1.4563217861261289e+05,9.6106965681141019e+07,-5.1035688757143700e+06,-5.1035688757143700e+06,-5.1035639922789941e+06,1.7316035768334317e+04,1.7316035768334317e+04,8.9397513799999828e-01,2.1307563662000010e+01,2.2594551800000318e-01,0,0,0,0,0
exp4_repeat,s1_p3,A_pt,A,3,3,8,abc,0,0.0000000000000000e+00,2.9999999999999999e-01,1,100,0,1,85,B,4.1345935240413290e+06,4.6530525129649357e+05,2.7352730144736189e-08,5.8487057685852051e-07,3.8478295688669539e-10,8.2276331747804508e-09,8.5474317122531094e+12,2.1650897454588474e+11,-8.2147543765043437e+08,3.3536598128191290e+11,9.0949470177292824e-12,8.1112201511949854e+04,2.2849622432919219e+04,6.5966392254858541e-01,2.1650914067111450e+11,2.1650882819878033e+11,4.6530595809246163e+05,2.3428473744095430e+08,-6.5371138320938528e+07,-6.5371151718334198e+07,-6.5370976864731140e+07,5.7355040099367943e+04,5.7355075127016833e+04,8.9397513799999828e-01,2.2452381545999973e+01,2.2812021900000445e-01,0,0,0,0,0
exp4_repeat,s1_p3,A_pt,A,3,3,8,abc,0,0.0000000000000000e+00,2.9999999999999999e-01,1,100,0,1,90,A,1.3624197182362890e+07,1.5332608772278894e+06,9.9551513473168563e-08,3.1739473342895508e-06,1.4004351855941968e-09,4.4649321432566661e-08,9.2809374184967047e+13,2.3508889113803721e+12,-8.0073310148727064e+09,3.5302436665302461e+12,5.1443294069031253e-11,2.5911572065307907e+05,7.2191995800514676e+04,6.5310621016465931e-01,2.3508907151847041e+12,2.3508907151847041e+12,1.5332614654517386e+06,1.0118444182029330e+09,-6.3720510603693759e+08,-6.3720510603693759e+08,-6.3720437246189308e+08,1.8322276239116717e+05,1.8322276239116717e+05,8.9397513799999828e-01,2.3597213107999981e+01,2.3194671799998900e-01,0,0,0,0,0
exp4_repeat,s1_p3,A_pt,A,3,3,8,abc,0,0.0000000000000000e+00,2.9999999999999999e-01,1,100,0,1,95,B,4.3667156470924154e+07,4.9142816813698383e+06,3.4576721618777843e-07,1.3351440429687500e-05,4.8640604113450129e-09,1.8782061973511554e-07,9.5341027614139600e+14,2.4150164418852590e+13,-1.0090621840417857e+11,3.7676292940520000e+13,2.0122570276726037e-10,8.6280619130999618e+05,2.4318529816151856e+05,6.6172466984863387e-01,2.4150182948928250e+13,2.4150148094676770e+13,4.9142891460349122e+06,2.4743782500253510e+09,-8.0298862977682390e+09,-8.0298879434419527e+09,-8.0298663434043617e+09,6.1009666582995153e+05,6.1009703842583438e+05,8.9397513799999828e-01,2.4742411295999947e+01,2.3146760199998084e-01,0,0,0,0,0
exp4_repeat,s1_p3,A_pt,A,3,3,8,abc,0,0.0000000000000000e+00,2.9999999999999999e-01,1,100,0,1,100,A,1.4448051875802970e+08,1.6259771050587296e+07,1.0117665968432829e-06,3.5047531127929688e-05,1.4232968363761972e-08,4.9302912680467968e-07,1.0437310147654832e+16,2.6438015455064169e+14,-1.0234090114950200e+12,3.9908013945499125e+14,3.1013769330456853e-10,2.7621726647716681e+06,7.7211148210897436e+05,6.5487403381083253e-01,2.6438035740574206e+14,2.6438035740574206e+14,1.6259777288529838e+07,1.0730306122817137e+10,-8.1440550725029388e+10,-8.1440550725029388e+10,-8.1440456840723846e+10,1.9531539983960539e+06,1.9531539983960539e+06,8.9397513799999828e-01,2.5885987604999944e+01,2.2790197300000159e-01,0,0,0,0,0
exp4_repeat,s1_p3,A_int,A,3,3,8,abc,0,0.0000000000000000e+00,2.9999999999999999e-01,1,100,5,1,0,A,1.3464715461453933e-02,1.5153128777949955e-03,2.2709910013873703e-13,1.7674750552032492e-12,3.1947035193672450e-15,2.4863853603127879e-14,3.9478387313157270e+01,-7.6728506357789540e-07,1.2566332157433365e+01,1.2566346644016324e+01,7.4940054162198066e-16,1.4142114073134975e+00,2.7932756189736299e-15,0.0000000000000000e+00,1.0000000000000000e+00,1.0000000000000000e+00,0.0000000000000000e+00,1.0000000000000000e+00,1.0000000000000000e+00,1.0000000000000000e+00,0.0000000000000000e+00,1.0000000000000000e+00,1.0000000000000000e+00,3.0451935020000178e+00,0.0000000000000000e+00,0.0000000000000000e+00,0,0,0,0,0
exp4_repeat,s1_p3,A_int,A,3,3,8,abc,0,0.0000000000000000e+00,2.9999999999999999e-01,1,100,5,1,1,B,1.9360987416905204e-02,2.1788766085440413e-03,2.3080741182122270e-13,2.0179413695586845e-12,3.2468699805100146e-15,2.8387274063470538e-14,3.9478284089699386e+01,-3.3819657967030602e-06,1.2566268876394716e+01,1.2566307443783272e+01,4.7184478546569153e-16,1.4142088445905647e+00,6.5924745127722762e-05,9.2536784658275363e-05,9.9999738531726068e-01,9.9999594209174059e-01,0.0000000000000000e+00,1.0970809650796316e+00,9.9999496423953649e-01,9.9999516918209297e-01,-4.8308049116959503e-06,9.9999757716381088e-01,9.9999818787847450e-01,3.0451935020000178e+00,1.1519003269999928e+00,1.1519003269999928e+00,0,0,0,0,0
exp4_repeat,s1_p3,A_int,A,3,3,8,abc,0,0.0000000000000000e+00,2.9999999999999999e-01,1,100,5,1,2,A,2.2900478331377695e-02,2.5772092861927275e-03,2.2568692588346950e-13,1.5512036100062687e-12,3.1748378393160826e-15,2.1821467496413488e-14,3.9478110962093602e+01,-7.7673392815007183e-06,1.2566190252225228e+01,1.2566235423816922e+01,8.0491169285323849e-16,1.4142038404029087e+00,5.6649110829645093e-04,7.6983251404188276e-04,9.9999299994041102e-01,9.9999299994041102e-01,2.0887194186865600e-03,1.7007769972515170e+00,9.9998870750777880e-01,9.9998870750777880e-01,-1.1292479203144647e-05,9.9999464937805649e-01,9.9999464937805649e-01,3.0451935020000178e+00,2.6595478529999923e+00,1.5076475259999995e+00,0,0,0,0,0
exp4_repeat,s1_p3,A_int,A,3,3,8,abc,0,0.0000000000000000e+00,2.9999999999999999e-01,1,100,5,1,5,B,3.3770282061490728e-02,3.8004919926484994e-03,2.2909169953380992e-13,1.7337242752546445e-12,3.2227342966633123e-15,2.4389066448897223e-14,3.9478716575156014e+01,7.5730187967026801e-06,1.2566284910852161e+01,1.2566389261324781e+01,6.9388939039072284e-16,1.4142103059835416e+00,5.5515494223019369e-04,8.3204937674993774e-04,1.0000083403102598e+00,1.0000068970689291e+00,2.8526345704945493e-03,1.9135766599735615e+00,9.9999624022502254e-01,9.9999644516784059e-01,-3.5548225966768069e-06,9.9999861052563832e-01,9.9999922124093310e-01,3.0451935020000178e+00,7.6909850269999822e+00,1.6768131460000006e+00,0,0,0,0,0
exp4_repeat,s1_p3,A_int,A,3,3,8,abc,0,0.0000000000000000e+00,2.9999999999999999e-01,1,100,5,1,10,A,4.8182055500781321e-02,5.4223863391676423e-03,2.2341257689982988e-13,1.4797052472204086e-12,3.1428435659003622e-15,2.0815668393372385e-14,3.9481100149421202e+01,6.7949660258776576e-05,1.2566854438719272e+01,1.2567063751199136e+01,4.0245584642661925e-16,1.4142435198067369e+00,1.2346811038706790e-03,1.8555451659625537e-03,1.0000687169980478e+00,1.0000687169980478e+00,5.2086896054226667e-03,3.5783938872465844e+00,1.0000415619513605e+00,1.0000415619513605e+00,4.1561903447522154e-05,1.0000227069963326e+00,1.0000227069963326e+00,3.0451935020000178e+00,1.5868541522999976e+01,1.6375930739999944e+00,0,0,0,0,0
exp4_repeat,s1_p3,A_int,A,3,3,8,abc,0,0.0000000000000000e+00,2.9999999999999999e-01,1,100,5,1,15,B,6.0995336894572046e-02,6.8643871269603992e-03,2.2518784129126519e-13,1.8196555373606316e-12,3.1678169955425707e-15,2.5597899532365873e-14,3.9485110711804992e+01,1.6953839220804312e-04,1.2567907121852713e+01,1.2568248542024374e+01,3.8857805861880479e-16,1.4143050190693134e+00,1.3806814089832697e-03,2.1987153024305896e-03,1.0001703058079447e+00,1.0001688623328606e+00,6.3342671821846738e-03,3.4562711924096070e+00,1.0001253320698209e+00,1.0001255370390953e+00,1.2553670139077926e-04,1.0000655828520100e+00,1.0000661936082058e+00,3.0451935020000178e+00,2.4144769731999986e+01,1.6309560750000003e+00,0,0,0,0,0
exp4_repeat,s1_p3,A_int,A,3,3,8,abc,0,0.0000000000000000e+00,2.9999999999999999e-01,1,100,5,1,20,A,7.1581921234972853e-02,8.0557964537149480e-03,2.2329792090101283e-13,1.3073986337985843e-12,3.1412306492366081e-15,1.8391755027037306e-14,3.9489652078014032e+01,2.8457254212134697e-04,1.2569128997287571e+01,1.2569605318044484e+01,5.4817261840867104e-16,1.4143763624130969e+00,1.9566326914187294e-03,3.0914422774772159e-03,1.0002853400461220e+00,1.0002853400461220e+00,7.9131582975747652e-03,5.3162594813008672e+00,1.0002225661250368e+00,1.0002225661250368e+00,2.2256586846086402e-04,1.0001166410472624e+00,1.0001166410472624e+00,3.0451935020000178e+00,2.9557590744999970e+01,1.0102075700000057e+00,0,0,0,0,0
exp4_repeat,s1_p3,A_int,A,3,3,8,abc,0,0.0000000000000000e+00,2.9999999999999999e-01,1,100,5,1,25,B,8.3855718980631558e-02,9.4370840001685458e-03,2.2881327749806473e-13,1.6679990721968352e-12,3.2188176107014517e-15,2.3464480938027144e-14,3.9495429829999821e+01,4.3092470961935775e-04,1.2570664458171347e+01,1.2571322856534847e+01,5.1347814888913490e-16,1.4144661540443209e+00,2.1788178403195661e-03,3.5276981866526613e-03,1.0004316923259140e+00,1.0004302484735892e+00,9.0453976696167893e-03,4.7516436597851479e+00,1.0003447545937594e+00,1.0003449596080032e+00,3.4495868003439509e-04,1.0001795225895673e+00,1.0001801334153479e+00,3.0451935020000178e+00,3.5219955867000010e+01,1.1386794820000148e+00,0,0,0,0,0
exp4_repeat,s1_p3,A_int,A,3,3,8,abc,0,0.0000000000000000e+00,2.9999999999999999e-01,1,100,5,1,30,A,9.6018954281709229e-02,1.0805928900020871e-02,2.2603349034951724e-13,1.4994117059075052e-12,3.1797131149939431e-15,2.1092887866648465e-14,3.9501389010078640e+01,5.8187250440028650e-04,1.2572214805922256e+01,1.2573082769059811e+01,6.8001160258290838e-16,1.4145574589760741e+00,2.7125350621682955e-03,4.3828527971802580e-03,1.0005826402365150e+00,1.0005826402365150e+00,1.0699706844959253e-02,7.1311536108272877e+00,1.0004681277253531e+00,1.0004681277253531e+00,4.6812718569178360e-04,1.0002446958501303e+00,1.0002446958501303e+00,3.0451935020000178e+00,4.1030719830999999e+01,1.1445961029999978e+00,0,0,0,0,0
exp4_repeat,s1_p3,A_int,A,3,3,8,abc,0,0.0000000000000000e+00,2.9999999999999999e-01,1,100,5,1,35,B,1.1240544328428266e-01,1.2650056826714095e-02,2.2823138233443330e-13,1.8332002582610585e-12,3.2106318339809782e-15,2.5788439113997882e-14,3.9508930292265624e+01,7.7289541374182802e-04,1.2574073541604877e+01,1.2575257180039388e+01,4.7184478546569153e-16,1.4146670631338052e+00,3.0173954777517721e-03,4.9142539152418974e-03,1.0007736632924258e+00,1.0007722189465584e+00,1.2353892783039033e-02,6.3693999455238837e+00,1.0006160416639100e+00,1.0006162467337523e+00,6.1624507599962258e-04,1.0003215868988684e+00,1.0003221978114101e+00,3.0451935020000178e+00,4.6577925730000032e+01,1.1416118010000105e+00,0,0,0,0,0
exp4_repeat,s1_p3,A_int,A,3,3,8,abc,0,0.0000000000000000e+00,2.9999999999999999e-01,1,100,5,1,40,A,1.3181300195800008e-01,1.4834174543054666e-02,2.2437825870904423e-13,1.3358203432289883e-12,3.1564282391667966e-15,1.8791575788494639e-14,3.9516937394963406e+01,9.7571769446308336e-04,1.2575872514486809e+01,1.2577484857262101e+01,3.0531133177191805e-16,1.4147743122669054e+00,3.5388788682150455e-03,5.7789376150196485e-03,1.0009764857287695e+00,1.0009764857287695e+00,1.4756724388769434e-02,9.7895126217369608e+00,1.0007591998153416e+00,1.0007591998153416e+00,7.5919894013005181e-04,1.0003980345162660e+00,1.0003980345162660e+00,3.0451935020000178e+00,5.2212171811000019e+01,1.1376893389999907e+00,0,0,0,0,0
exp4_repeat,s1_p3,A_int,A,3,3,8,abc,0,0.0000000000000000e+00,2.9999999999999999e-01,1,100,5,1,45,B,1.5611023158092729e-01,1.7568573576421800e-02,2.3063376720253774e-13,2.3416824035393802e-12,3.2444272448316561e-15,3.2941482424445456e-14,3.9527138408128629e+01,1.2341123765259282e-03,1.2578010421831221e+01,1.2580244300935165e+01,6.6613381477509392e-16,1.4149020957796092e+00,3.9446386525869362e-03,6.4225061907550807e-03,1.0012348806090949e+00,1.0012334355975854e+00,1.7352290774018845e-02,8.8459105847084309e+00,1.0009293295968584e+00,1.0009295347309071e+00,9.2953223038467895e-04,1.0004877802282748e+00,1.0004883912423135e+00,3.0451935020000178e+00,5.8044509403000006e+01,1.1602316130000077e+00,0,0,0,0,0
exp4_repeat,s1_p3,A_int,A,3,3,8,abc,0,0.0000000000000000e+00,2.9999999999999999e-01,1,100,5,1,50,A,1.8828866825196941e-01,2.1189920021842799e-02,2.2544996233369847e-13,1.4939161019356106e-12,3.1715043682193113e-15,2.1015578774101052e-14,3.9539093594929405e+01,1.5369407958559006e-03,1.2580061131956318e+01,1.2583252510365394e+01,9.9920072216264089e-16,1.4150264547319720e+00,4.4817257264216691e-03,7.3378444083418252e-03,1.0015377092607809e+00,1.0015377092607809e+00,2.1135532067204817e-02,1.3983857942709012e+01,1.0010925204229011e+00,1.0010925204229011e+00,1.0925191634348786e-03,1.0005763264348311e+00,1.0005763264348311e+00,3.0451935020000178e+00,6.3434633206000115e+01,1.1431134520000228e+00,0,0,0,0,0
exp4_repeat,s1_p3,A_int,A,3,3,8,abc,0,0.0000000000000000e+00,2.9999999999999999e-01,1,100,5,1,55,B,2.2360959348779855e-01,2.5164920683290567e-02,2.3053953151897590e-13,1.6897594434794883e-12,3.2431015897773601e-15,2.3770593708517915e-14,3.9553991455629571e+01,1.9143080158257881e-03,1.2582495383143465e+01,1.2586942523923506e+01,4.8572257327350599e-16,1.4151748229808723e+00,5.0188120575844503e-03,8.1241934878420533e-03,1.0019150767702991e+00,1.0019136307771106e+00,2.5011209201551629e-02,1.2670729201055977e+01,1.0012862325703000e+00,1.0012864377774937e+00,1.2864343168737351e-03,1.0006806276577991e+00,1.0006812387896127e+00,3.0451935020000178e+00,6.8259846060000086e+01,1.1484723369999870e+00,0,0,0,0,0
exp4_repeat,s1_p3,A_int,A,3,3,8,abc,0,0.0000000000000000e+00,2.9999999999999999e-01,1,100,5,1,60,A,2.7438078928994220e-01,3.0878687679725323e-02,2.2633174979003843e-13,1.4495071809506044e-12,3.1839088625056482e-15,2.0390858834323968e-14,3.9573986855760715e+01,2.4207974179982039e-03,1.2584852787317072e+01,1.2591426848640833e+01,4.9960036108132044e-16,1.4153213118684200e+00,5.6047921580239229e-03,9.1405316795000989e-03,1.0024215665610936e+00,1.0024215665610936e+00,3.0841134938404940e-02,2.0377763650143581e+01,1.0014738294079510e+00,1.0014738294079510e+00,1.4738277089089793e-03,1.0007848222332125e+00,1.0007848222332125e+00,3.0451935020000178e+00,7.3750721372000100e+01,1.1033298319999858e+00,0,0,0,0,0
exp4_repeat,s1_p3,A_int,A,3,3,8,abc,0,0.0000000000000000e+00,2.9999999999999999e-01,1,100,5,1,65,B,3.2428622442985522e-01,3.6495022369898288e-02,2.2993601043848537e-13,1.9546586571550506e-12,3.2346115917162604e-15,2.7497048149288198e-14,3.9597690569325266e+01,3.0212194967680103e-03,1.2587656291054234e+01,1.2596759918899687e+01,4.7184478546569153e-16,1.4154969098872159e+00,6.3201700896859652e-03,1.0120034742711998e-02,1.0030219891005587e+00,1.0030205415098419e+00,3.6386454331618467e-02,1.8375521681755426e+01,1.0016969258295672e+00,1.0016971311209297e+00,1.6971265555119739e-03,1.0009083777013741e+00,1.0009089889722784e+00,3.0451935020000178e+00,7.8429744185000061e+01,1.0775665310000022e+00,0,0,0,0,0
exp4_repeat,s1_p3,A_int,A,3,3,8,abc,0,0.0000000000000000e+00,2.9999999999999999e-01,1,100,5,1,70,A,4.0110467200219380e-01,4.5140135086302921e-02,2.2408573085116593e-13,1.5347723092418164e-12,3.1523131203640104e-15,2.1590321118695967e-14,3.9634147653073782e+01,3.9446882161548822e-03,1.2590422955555415e+01,1.2604143580672710e+01,5.3429483060085659e-16,1.4156750644064113e+00,7.0004531884485313e-03,1.1308905828501220e-02,1.0039454585285099e+00,1.0039454585285099e+00,4.5114175908234105e-02,2.9789316614261537e+01,1.0019170906689585e+00,1.0019170906689585e+00,1.9170884589214115e-03,1.0010349634328677e+00,1.0010349634328677e+00,3.0451935020000178e+00,8.4067693928000153e+01,1.1318587480000133e+00,0,0,0,0,0
exp4_repeat,s1_p3,A_int,A,3,3,8,abc,0,0.0000000000000000e+00,2.9999999999999999e-01,1,100,5,1,75,B,4.7067668833133619e-01,5.2969737767437325e-02,2.2627882745250751e-13,2.2168933355715126e-12,3.1831643805686344e-15,3.1186019393671860e-14,3.9674786777026576e+01,4.9740892514260606e-03,1.2593730949735159e+01,1.2612519785154761e+01,3.8857805861880479e-16,1.4158901548636564e+00,7.9629716457551292e-03,1.2561035503606148e-02,1.0049748603536257e+00,1.0049734099444678e+00,5.2892440600056712e-02,2.6670666343399105e+01,1.0021803332872741e+00,1.0021805386777078e+00,2.1805328118852958e-03,1.0011864441447971e+00,1.0011870555855209e+00,3.0451935020000178e+00,8.9806153053000173e+01,1.1483553639999968e+00,0,0,0,0,0
exp4_repeat,s1_p3,A_int,A,3,3,8,abc,0,0.0000000000000000e+00,2.9999999999999999e-01,1,100,5,1,80,A,5.8402189756351652e-01,6.5725555421184204e-02,2.2540252258336677e-13,1.6058265828178264e-12,3.1708370122621543e-15,2.2589873022339300e-14,3.9744858421577050e+01,6.7490247428308560e-03,1.2597066505987089e+01,1.2625669595477696e+01,4.7184478546569153e-16,1.4161163759728608e+00,8.8031759106126737e-03,1.4028619013664503e-02,1.0067497972069130e+00,1.0067497972069130e+00,6.5707428215123515e-02,4.3374247249072823e+01,1.0024457692323168e+00,1.0024457692323168e+00,2.4457664128148299e-03,1.0013470183096473e+00,1.0013470183096473e+00,3.0451935020000178e+00,9.5173622604000172e+01,1.1315441940000142e+00,0,0,0,0,0
exp4_repeat,s1_p3,A_int,A,3,3,8,abc,0,0.0000000000000000e+00,2.9999999999999999e-01,1,100,5,1,85,B,6.8069192187326621e-01,7.6604755442355621e-02,2.3029549646675291e-13,1.6449064332846319e-12,3.2396686407268820e-15,2.3139626569343061e-14,3.9818474549565529e+01,8.6137430485705054e-03,1.2601091183879081e+01,1.2639813487368226e+01,4.9960036108132044e-16,1.4163916527570835e+00,1.0110182992456140e-02,1.5674972444186329e-02,1.0086145169434242e+00,1.0086130612814073e+00,7.6548879756407326e-02,3.8571077729154460e+01,1.0027660439028865e+00,1.0027662494133580e+00,2.7662419719270072e-03,1.0015410570298020e+00,1.0015416686870937e+00,3.0451935020000178e+00,1.0070692789500015e+02,1.0817233070000043e+00,0,0,0,0,0
exp4_repeat,s1_p3,A_int,A,3,3,8,abc,0,0.0000000000000000e+00,2.9999999999999999e-01,1,100,5,1,90,A,8.4550567525577169e-01,9.5152819354526380e-02,2.2532954431386187e-13,1.3873346915715956e-12,3.1698103946565265e-15,1.9516250918636055e-14,3.9956924882070318e+01,1.2120730939835612e-02,1.2605235717116191e+01,1.2664473571580947e+01,5.2735593669694936e-16,1.4166941991086199e+00,1.1207938038766914e-02,1.7579472230383399e-02,1.0121215075255510e+00,1.0121215075255510e+00,9.5139982054044961e-02,6.2794173235687019e+01,1.0030958563879606e+00,1.0030958563879606e+00,3.0958528190331556e-03,1.0017556015898916e+00,1.0017556015898916e+00,3.0451935020000178e+00,1.0630994318500012e+02,1.1255943580000007e+00,0,0,0,0,0
exp4_repeat,s1_p3,A_int,A,3,3,8,abc,0,0.0000000000000000e+00,2.9999999999999999e-01,1,100,5,1,95,B,9.7995875624198492e-01,1.1028410717571137e-01,2.2934745279221098e-13,1.7110757255522913e-12,3.2263320909047001e-15,2.4070459279610913e-14,4.0095204054164704e+01,1.5623383287257032e-02,1.2610291306473206e+01,1.2689681775219164e+01,5.6898930012039273e-16,1.4170641771734129e+00,1.2993231167058552e-02,1.9801381593246375e-02,1.0156241625605071e+00,1.0156226967819644e+00,1.1024295709980379e-01,5.5528887803390901e+01,1.0034981686373647e+00,1.0034983742978805e+00,3.4983648869752106e-03,1.0020166040393441e+00,1.0020172159870600e+00,3.0451935020000178e+00,1.1200115341300017e+02,1.1511521259999995e+00,0,0,0,0,0
exp4_repeat,s1_p3,A_int,A,3,3,8,abc,0,0.0000000000000000e+00,2.9999999999999999e-01,1,100,5,1,100,A,1.2174747155174335e+00,1.3701404386113603e-01,2.2646596595356065e-13,1.4530598946294049e-12,3.1857969406605085e-15,2.0440836429506137e-14,4.0372228408745009e+01,2.2640492163214839e-02,1.2615607837514723e+01,1.2737297596723652e+01,7.2164496600635175e-16,1.4174930467479840e+00,1.4497775651807975e-02,2.2376671648864106e-02,1.0226412768205919e+00,1.0226412768205919e+00,1.3700480401713261e-01,9.0419639316014880e+01,1.0039212460297899e+00,1.0039212460297899e+00,3.9212415093468327e-03,1.0023204730336044e+00,1.0023204730336044e+00,3.0451935020000178e+00,1.1763728953500015e+02,1.1083748209999840e+00,0,0,0,0,0
exp4_repeat,s1_p3,A_l2,A,3,3,8,abc,0,0.0000000000000000e+00,2.9999999999999999e-01,1,100,0,1,0,A,1.3464715461453933e-02,1.5153128777949955e-03,2.2709910013873703e-13,1.7674750552032492e-12,3.1947035193672450e-15,2.4863853603127879e-14,3.9478387313157270e+01,-7.6728506357789540e-07,1.2566332157433365e+01,1.2566346644016324e+01,7.4940054162198066e-16,1.4142114073134975e+00,2.7932756189736299e-15,0.0000000000000000e+00,1.0000000000000000e+00,1.0000000000000000e+00,0.0000000000000000e+00,1.0000000000000000e+00,1.0000000000000000e+00,1.0000000000000000e+00,0.0000000000000000e+00,1.0000000000000000e+00,1.0000000000000000e+00,1.7394019889999868e+00,0.0000000000000000e+00,0.0000000000000000e+00,0,0,0,0,0
exp4_repeat,s1_p3,A_l2,A,3,3,8,abc,0,0.0000000000000000e+00,2.9999999999999999e-01,1,100,0,1,1,B,3.8915610017970975e-02,4.3795448315483128e-03,2.3089342986233440e-13,1.7905676941154525e-12,3.2480800343521512e-15,2.5188707971811886e-14,3.9478980420138278e+01,1.4256290271974248e-05,1.2566309552787187e+01,1.2566437744581503e+01,6.2450045135165055e-16,1.4142110365118108e+00,2.4193758657611630e-06,3.0851837580902250e-06,1.0000150235868630e+00,1.0000135803358867e+00,0.0000000000000000e+00,2.2051341739884571e+00,9.9999820117390703e-01,9.9999840611712687e-01,-1.5938785854462250e-06,9.9999912708760308e-01,9.9999973780321327e-01,1.7394019889999868e+00,1.3112545669999918e+00,1.3112545669999918e+00,34,0,34,0,0
exp4_repeat,s1_p3,A_l2,A,3,3,8,abc,0,0.0000000000000000e+00,2.9999999999999999e-01,1,100,0,1,2,A,3.2137813437779522e-02,3.6167747254557893e-03,2.2248935995814338e-13,1.5383250229206169e-12,3.1298562647135964e-15,2.1640298713878133e-14,3.9478755795455605e+01,8.5664805910479324e-06,1.2566315039400072e+01,1.2566398768126264e+01,3.7470027081099033e-16,1.4142106733939093e+00,4.2747112668858027e-04,5.8456909082510292e-04,1.0000093337728162e+00,1.0000093337728162e+00,3.2865069887631679e-03,2.3868171243411669e+00,9.9999863778602394e-01,9.9999863778602394e-01,-1.3622124057212914e-06,9.9999948103969150e-01,9.9999948103969150e-01,1.7394019889999868e+00,2.5576658250000150e+00,1.2464112580000233e+00,15,0,49,0,0
exp4_repeat,s1_p3,A_l2,A,3,3,8,abc,0,0.0000000000000000e+00,2.9999999999999999e-01,1,100,0,1,5,B,5.6553420940189836e-02,6.3644959508692865e-03,2.3138694281784862e-13,1.7053025658242404e-12,3.2550224994472197e-15,2.3989245687439893e-14,3.9479720793377048e+01,3.3010163494298053e-05,1.2566280669570062e+01,1.2566541779361991e+01,6.6613381477509392e-16,1.4142094837531818e+00,3.2463178163752231e-04,5.1154696375048847e-04,1.0000337774744747e+00,1.0000323341964326e+00,3.6081072996368025e-03,3.2045721784542951e+00,9.9999590271348415e-01,9.9999610765623292e-01,-3.8923332963431556e-06,9.9999802912044433e-01,9.9999863983538406e-01,1.7394019889999868e+00,6.3815165390000175e+00,1.3397214609999537e+00,34,0,132,0,0
exp4_repeat,s1_p3,A_l2,A,3,3,8,abc,0,0.0000000000000000e+00,2.9999999999999999e-01,1,100,0,1,10,A,6.4789065343845306e-02,7.2913315797041829e-03,2.2527685650231455e-13,1.5631940186722204e-12,3.1690692119002975e-15,2.1990141880153300e-14,3.9480045361243739e+01,4.1231563600659319e-05,1.2566228119656941e+01,1.2566565189428365e+01,5.6898930012039273e-16,1.4142063050936977e+00,7.0519202344095479e-04,1.0915925676055270e-03,1.0000419988808893e+00,1.0000419988808893e+00,7.1368874110465273e-03,4.8117663926371099e+00,9.9999172091147037e-01,9.9999172091147037e-01,-8.2790789854290929e-06,9.9999639218028269e-01,9.9999639218028269e-01,1.7394019889999868e+00,1.2295257777000018e+01,1.0721783999999843e+00,16,0,248,0,0
exp4_repeat,s1_p3,A_l2,A,3,3,8,abc,0,0.0000000000000000e+00,2.9999999999999999e-01,1,100,0,1,15,B,7.9519279741642149e-02,8.9490631250577837e-03,2.2902652072457725e-13,1.5631940186722204e-12,3.2218173975161267e-15,2.1990141880153234e-14,3.9480943027119174e+01,6.3969705854260156e-05,1.2566179733761004e+01,1.2566689536854513e+01,8.3266726846886741e-16,1.4142042213731976e+00,5.7534286947423226e-04,1.0020692253618661e-03,1.0000647370405895e+00,1.0000632937178655e+00,7.2192734914272730e-03,4.5059214327686838e+00,9.9998787047242965e-01,9.9998807541353241e-01,-1.1924554389550654e-05,9.9999430805247447e-01,9.9999491876514168e-01,1.7394019889999868e+00,1.8795206622000137e+01,1.3552971400000047e+00,34,0,382,0,0
exp4_repeat,s1_p3,A_l2,A,3,3,8,abc,0,0.0000000000000000e+00,2.9999999999999999e-01,1,100,0,1,20,A,8.4679103917602055e-02,9.5297473618226342e-03,2.2540047176747104e-13,1.7292833831561438e-12,3.1708081625275860e-15,2.4326594454919587e-14,3.9481201539401390e+01,7.0517898459296913e-05,1.2566128833749874e+01,1.2566704268679764e+01,4.9960036108132044e-16,1.4142012493056755e+00,8.4951616578254950e-04,1.3907003939279778e-03,1.0000712852382190e+00,1.0000712852382190e+00,9.4150063234711995e-03,6.2889634883126098e+00,9.9998381996584651e-01,9.9998381996584651e-01,-1.6180015501031449e-05,9.9999281719284017e-01,9.9999281719284017e-01,1.7394019889999868e+00,2.4700768687999982e+01,1.1147417230000087e+00,16,0,498,0,0
exp4_repeat,s1_p3,A_l2,A,3,3,8,abc,0,0.0000000000000000e+00,2.9999999999999999e-01,1,100,0,1,25,B,9.4358632712166948e-02,1.0619077075130035e-02,2.2901178288497945e-13,1.4495071809506044e-12,3.2216100738058952e-15,2.0390858834323908e-14,3.9481933157845447e+01,8.9050010140899347e-05,1.2566089074490284e+01,1.2566805563978813e+01,2.7755575615628914e-16,1.4141995455628127e+00,7.0204281332438478e-04,1.2452227562344620e-03,1.0000898173641199e+00,1.0000883740051993e+00,9.2420930947505753e-03,5.3467861741943024e+00,9.9998065601481512e-01,9.9998086095443928e-01,-1.9138994075170868e-05,9.9999100175222466e-01,9.9999161246287260e-01,1.7394019889999868e+00,3.1029491872000108e+01,1.2964926060000153e+00,34,0,632,0,0
exp4_repeat,s1_p3,A_l2,A,3,3,8,abc,0,0.0000000000000000e+00,2.9999999999999999e-01,1,100,0,1,30,A,9.8550968352746612e-02,1.1090880597632666e-02,2.2499621755206611e-13,1.5631940186722204e-12,3.1651213396212681e-15,2.1990141880153300e-14,3.9482197052650690e+01,9.5734543646985301e-05,1.2566045259421109e+01,1.2566824788188828e+01,4.1633363423443370e-16,1.4141969827554410e+00,9.2765018533855984e-04,1.5537338748641779e-03,1.0000965019027550e+00,1.0000965019027550e+00,1.0994498865235128e-02,7.3192017042523512e+00,9.9997716931172431e-01,9.9997716931172431e-01,-2.2830661956336181e-05,9.9998980028163975e-01,9.9998980028163975e-01,1.7394019889999868e+00,3.7151913986000181e+01,1.1617985700000304e+00,16,0,748,0,0
exp4_repeat,s1_p3,A_l2,A,3,3,8,abc,0,0.0000000000000000e+00,2.9999999999999999e-01,1,100,0,1,35,B,1.0644064531542198e-01,1.1978781209970835e-02,2.3074886507451797e-13,1.8900436771218665e-12,3.2460463775206991e-15,2.6588080636912545e-14,3.9482893431808741e+01,1.1337403378636356e-04,1.2566012187222283e+01,1.2566923248162640e+01,5.5511151231257827e-16,1.4141955912695594e+00,7.7352262404093472e-04,1.3818870487945095e-03,1.0001141414064290e+00,1.0001126980124031e+00,1.0784324214900304e-02,6.0314075605658282e+00,9.9997453750170906e-01,9.9997474244007922e-01,-2.5257491975961860e-05,9.9998820564209723e-01,9.9998881635103753e-01,1.7394019889999868e+00,4.3172159927000223e+01,1.2433043720000114e+00,34,0,882,0,0
exp4_repeat,s1_p3,A_l2,A,3,3,8,abc,0,0.0000000000000000e+00,2.9999999999999999e-01,1,100,0,1,40,A,1.1025392115549305e-01,1.2407925517073825e-02,2.2804595403220257e-13,1.5247803020201900e-12,3.2080233320126187e-15,2.1449759132246124e-14,3.9483188072478924e+01,1.2083736914941238e-04,1.2565974997794243e+01,1.2566950751604169e+01,7.9103390504542404e-16,1.4141934096270035e+00,9.7302692478907539e-04,1.6522621726805123e-03,1.0001216047475185e+00,1.0001216047475185e+00,1.2323378257608552e-02,8.1883587864238265e+00,9.9997157805200054e-01,9.9997157805200054e-01,-2.8421915234416677e-05,9.9998727369444129e-01,9.9998727369444129e-01,1.7394019889999868e+00,4.9250463401000161e+01,1.2049549129999946e+00,16,0,998,0,0
exp4_repeat,s1_p3,A_l2,A,3,3,8,abc,0,0.0000000000000000e+00,2.9999999999999999e-01,1,100,0,1,45,B,1.1721889560197329e-01,1.3191760534046739e-02,2.2964435511791246e-13,1.5556445021047693e-12,3.2305087472817943e-15,2.1883939490391130e-14,3.9483887631020707e+01,1.3855739401954278e-04,1.2565947897333713e+01,1.2567052449025942e+01,4.4408920985006262e-16,1.4141923257243740e+00,8.1927547810236364e-04,1.4704584498722729e-03,1.0001393247859849e+00,1.0001378813556137e+00,1.2112487449955861e-02,6.6421518873719485e+00,9.9996942145927403e-01,9.9996962639659570e-01,-3.0373521696927082e-05,9.9998589655084380e-01,9.9998650725837401e-01,1.7394019889999868e+00,5.5616492637000249e+01,1.3284902590000343e+00,34,0,1132,0,0
exp4_repeat,s1_p3,A_l2,A,3,3,8,abc,0,0.0000000000000000e+00,2.9999999999999999e-01,1,100,0,1,50,A,1.2085266467354025e-01,1.3600703232081620e-02,2.2591373662556534e-13,1.4495071809506044e-12,3.1780284863752792e-15,2.0390858834323968e-14,3.9484221242009411e+01,1.4700785908244878e-04,1.2565916716625146e+01,1.2567089310073124e+01,2.4980018054066022e-16,1.4141904993190109e+00,1.0025972769296056e-03,1.7206642853998216e-03,1.0001477752575318e+00,1.0001477752575318e+00,1.3524804152949101e-02,8.9755082474271948e+00,9.9996694016973176e-01,9.9996694016973176e-01,-3.3059792156574552e-05,9.9998521579278843e-01,9.9998521579278843e-01,1.7394019889999868e+00,6.1921581512000273e+01,1.1534395269999891e+00,16,0,1248,0,0
exp4_repeat,s1_p3,A_l2,A,3,3,8,abc,0,0.0000000000000000e+00,2.9999999999999999e-01,1,100,0,1,55,B,1.2720199013660516e-01,1.4315253395955236e-02,2.2800317210043403e-13,1.3964385203735219e-12,3.2074214996499849e-15,1.9644318506290296e-14,3.9484933948620920e+01,1.6506092844939933e-04,1.2565895080048927e+01,1.2567195765800474e+01,1.1518563880485999e-15,1.4141897156184231e+00,8.5261130205501021e-04,1.5368952121680316e-03,1.0001658283407506e+00,1.0001643848721287e+00,1.3317911509476033e-02,7.2078390990155059e+00,9.9996521838043417e-01,9.9996542331689442e-01,-3.4576590091580440e-05,9.9998405092554099e-01,9.9998466163194399e-01,1.7394019889999868e+00,6.8267612184000257e+01,1.2899327169999992e+00,34,0,1382,0,0
exp4_repeat,s1_p3,A_l2,A,3,3,8,abc,0,0.0000000000000000e+00,2.9999999999999999e-01,1,100,0,1,60,A,1.3073426589177400e-01,1.4712774082898356e-02,2.2444110494440419e-13,1.7248424910576432e-12,3.1573123249652909e-15,2.4264122460941879e-14,3.9485308461569332e+01,1.7454745225501113e-04,1.2565869426548927e+01,1.2567242104997474e+01,4.8572257327350599e-16,1.4141882234377761e+00,1.0245152637666200e-03,1.7751078798172268e-03,1.0001753148718351e+00,1.0001753148718351e+00,1.4643601031489499e-02,9.7093968503109540e+00,9.9996317693352044e-01,9.9996317693352044e-01,-3.6823024029691407e-05,9.9998360649928186e-01,9.9998360649928186e-01,1.7394019889999868e+00,7.4191805478000219e+01,1.1582869759999994e+00,16,0,1498,0,0
exp4_repeat,s1_p3,A_l2,A,3,3,8,abc,0,0.0000000000000000e+00,2.9999999999999999e-01,1,100,0,1,65,B,1.3661673440234134e-01,1.5374784380316350e-02,2.2669239202343007e-13,1.3917755836700962e-12,3.1889821763652922e-15,1.9578722912613703e-14,3.9486036061271506e+01,1.9297776801552205e-04,1.2565852713522846e+01,1.2567353427823175e+01,5.6898930012039273e-16,1.4141877209352798e+00,8.7977285450966801e-04,1.5932283376144194e-03,1.0001937452017369e+00,1.0001923016928245e+00,1.4440470798626580e-02,7.7413210182286329e+00,9.9996184694909285e-01,9.9996205188486209e-01,-3.7948013054443617e-05,9.9998264047027607e-01,9.9998325117581766e-01,1.7394019889999868e+00,8.0728906304000247e+01,1.3637046529999566e+00,34,0,1632,0,0
exp4_repeat,s1_p3,A_l2,A,3,3,8,abc,0,0.0000000000000000e+00,2.9999999999999999e-01,1,100,0,1,70,A,1.4008282791430893e-01,1.5764856948085226e-02,2.2100028175793111e-13,1.4033219031261979e-12,3.1089087428435183e-15,1.9741150096955802e-14,3.9486450914268552e+01,2.0348611719010187e-04,1.2565832122082302e+01,1.2567408949251583e+01,5.5511151231257827e-16,1.4141865397586124e+00,1.0427596307217069e-03,1.8233549536480450e-03,1.0002042535589744e+00,1.0002042535589744e+00,1.5701119864415143e-02,1.0403697598759555e+01,9.9996020832930421e-01,9.9996020832930421e-01,-3.9791624823689945e-05,9.9998241595651371e-01,9.9998241595651371e-01,1.7394019889999868e+00,8.7154224803000147e+01,1.2220303069999545e+00,16,0,1748,0,0
exp4_repeat,s1_p3,A_l2,A,3,3,8,abc,0,0.0000000000000000e+00,2.9999999999999999e-01,1,100,0,1,75,B,1.4558887422245251e-01,1.6384504864177481e-02,2.2751447508288014e-13,1.5063505998114124e-12,3.2005467824849680e-15,2.1190500357238571e-14,3.9487192896932207e+01,2.2228075762100651e-04,1.2565819780855028e+01,1.2567524834084043e+01,3.8857805861880479e-16,1.4141862932622686e+00,9.0381110596498367e-04,1.6452238000466447e-03,1.0002230482138261e+00,1.0002216046626227e+00,1.5501296252644662e-02,8.2497229711208870e+00,9.9995922624263645e-01,9.9995943117786867e-01,-4.0568712997984318e-05,9.9998163095208670e-01,9.9998224165701188e-01,1.7394019889999868e+00,9.3560709343000099e+01,1.2832506779999449e+00,34,0,1882,0,0
exp4_repeat,s1_p3,A_l2,A,3,3,8,abc,0,0.0000000000000000e+00,2.9999999999999999e-01,1,100,0,1,80,A,1.4900676809118668e-01,1.6769153066291859e-02,2.2805704512920543e-13,1.6200374375330284e-12,3.2081793553813023e-15,2.2789783403067966e-14,3.9487646501676785e+01,2.3377070002761813e-04,1.2565803783727182e+01,1.2567589059866597e+01,2.4980018054066022e-16,1.4141853977735297e+00,1.0593211213254777e-03,1.8692147041552290e-03,1.0002345381650488e+00,1.0002345381650488e+00,1.6709929794468132e-02,1.1066462452753294e+01,9.9995795322775460e-01,9.9995795322775460e-01,-4.2046723773532850e-05,9.9998160844988715e-01,9.9998160844988715e-01,1.7394019889999868e+00,9.9797693784999979e+01,1.2191520159999527e+00,16,0,1998,0,0
exp4_repeat,s1_p3,A_l2,A,3,3,8,abc,0,0.0000000000000000e+00,2.9999999999999999e-01,1,100,0,1,85,B,1.5419963738177511e-01,1.7353556185040319e-02,2.3170218095430137e-13,1.4748202659120579e-12,3.2594570937866472e-15,2.0746949199996845e-14,3.9488401903581675e+01,2.5290525380989220e-04,1.2565795301586750e+01,1.2567709122587289e+01,4.3021142204224816e-16,1.4141853813215033e+00,9.2627345076588602e-04,1.6957084501321368e-03,1.0002536727335127e+00,1.0002522291381111e+00,1.6513298682419547e-02,8.7376476907378873e+00,9.9995727823840008e-01,9.9995748317323307e-01,-4.2516712393288766e-05,9.9998098611199870e-01,9.9998159681652998e-01,1.7394019889999868e+00,1.0575589181999999e+02,1.0544519399999217e+00,34,0,2132,0,0
exp4_repeat,s1_p3,A_l2,A,3,3,8,abc,0,0.0000000000000000e+00,2.9999999999999999e-01,1,100,0,1,90,A,1.5757939654962075e-01,1.7733912725476985e-02,2.2686303921586546e-13,1.6768808563938364e-12,3.1913827459224262e-15,2.3589424925982629e-14,3.9488892320584071e+01,2.6532766160017150e-04,1.2565783451576779e+01,1.2567781520086140e+01,4.7184478546569153e-16,1.4141847463309636e+00,1.0752196982054066e-03,1.9145829182931700e-03,1.0002660951508346e+00,1.0002660951508346e+00,1.7678515202483452e-02,1.1703136022497514e+01,9.9995633524168293e-01,9.9995633524168293e-01,-4.3664707979953424e-05,9.9998114780972913e-01,9.9998114780972913e-01,1.7394019889999868e+00,1.1186176657099998e+02,1.2209210859999757e+00,16,0,2248,0,0
exp4_repeat,s1_p3,A_l2,A,3,3,8,abc,0,0.0000000000000000e+00,2.9999999999999999e-01,1,100,0,1,95,B,1.6250677920611298e-01,1.8288438100675639e-02,2.2988950789966402e-13,1.8189894035458565e-12,3.2339574199280790e-15,2.5588528733269219e-14,3.9489660256894069e+01,2.8477971557290728e-04,1.2565778381614967e+01,1.2567905408204760e+01,5.5511151231257827e-16,1.4141849361079668e+00,9.4797059225937741e-04,1.7460804748425330e-03,1.0002855472197325e+00,1.0002841035783288e+00,1.7485199394401473e-02,9.2083678546144654e+00,9.9995593178570641e-01,9.9995613672026351e-01,-4.3863161740827352e-05,9.9998067129820056e-01,9.9998128200253955e-01,1.7394019889999868e+00,1.1814927121099993e+02,1.3271315099999583e+00,34,0,2382,0,0
exp4_repeat,s1_p3,A_l2,A,3,3,8,abc,0,0.0000000000000000e+00,2.9999999999999999e-01,1,100,0,1,100,A,1.6585458755508750e-01,1.8665198910669277e-02,2.2475817163369742e-13,1.4210854715202004e-12,3.1617726423665504e-15,1.9991038072866635e-14,3.9490185532931058e+01,2.9808511302456477e-04,1.2565770272987271e+01,1.2567985458981381e+01,3.4000580129145419e-16,1.4141845382690938e+00,1.0909873546698754e-03,1.9604023999427057e-03,1.0002988526273933e+00,1.0002988526273933e+00,1.8613097045909605e-02,1.2317719451991923e+01,9.9995528651964194e-01,9.9995528651964194e-01,-4.4713428812020462e-05,9.9998100068754592e-01,9.9998100068754592e-01,1.7394019889999868e+00,1.2398575795600004e+02,1.0311175520000688e+00,16,0,2498,0,0
exp4_repeat,s1_p3,B_pt,B,3,3,8,abc,0,0.0000000000000000e+00,2.9999999999999999e-01,1,100,0,1,0,A,1.3464715461453933e-02,1.5153128777949955e-03,2.2709910013873703e-13,1.7674750552032492e-12,3.1947035193672450e-15,2.4863853603127879e-14,3.9478387313157270e+01,-7.6728506357789540e-07,nan,nan,7.4940054162198066e-16,nan,nan,nan,1.0000000000000000e+00,1.0000000000000000e+00,0.0000000000000000e+00,1.0000000000000000e+00,nan,nan,nan,nan,nan,4.4318036200002098e-01,0.0000000000000000e+00,0.0000000000000000e+00,0,0,0,0,0
exp4_repeat,s1_p3,B_pt,B,3,3,8,abc,0,0.0000000000000000e+00,2.9999999999999999e-01,1,100,0,1,1,B,2.1608012488815595e-02,2.4317557754259208e-03,2.8665278847854858e-01,3.1658154070231217e+00,4.0324716021745474e-03,4.4534926013820135e-02,3.9476497431669266e+01,-4.8638542390670535e-05,nan,nan,6.9111383282915995e-15,nan,nan,nan,9.9995212870594197e-01,9.9995068554573752e-01,0.0000000000000000e+00,1.2244075513412960e+00,nan,nan,nan,nan,nan,4.4318036200002098e-01,1.5449070399995435e-01,1.5449070399995435e-01,0,0,0,0,0
exp4_repeat,s1_p3,B_pt,B,3,3,8,abc,0,0.0000000000000000e+00,2.9999999999999999e-01,1,100,0,1,2,A,2.2681352058128570e-02,2.5525489163046164e-03,3.7973475366005627e-01,3.1690677696417207e+00,5.3418967895633076e-03,4.4580678437751271e-02,3.9477311045222571e+01,-2.8029470328592721e-05,nan,nan,2.9624995615832456e-04,nan,nan,nan,9.9997273779381712e-01,9.9997273779381712e-01,2.0578407215514610e-03,1.6845028863075147e+00,nan,nan,nan,nan,nan,4.4318036200002098e-01,3.1142587399995136e-01,1.5693516999999702e-01,0,0,0,0,0
exp4_repeat,s1_p3,B_pt,B,3,3,8,abc,0,0.0000000000000000e+00,2.9999999999999999e-01,1,100,0,1,5,B,3.9052877603612306e-02,4.3949928624273608e-03,7.8101616769370596e-01,7.9154094663790033e+00,1.0986899983705367e-02,1.1134956705696070e-01,3.9503168491974520e+01,6.2694730739046756e-04,nan,nan,7.7161296960240322e-05,nan,nan,nan,1.0006277150740905e+00,1.0006262709388600e+00,3.3778763666896835e-03,2.2129123751765873e+00,nan,nan,nan,nan,nan,4.4318036200002098e-01,6.9415278799999669e-01,1.2473455400004241e-01,0,0,0,0,0
exp4_repeat,s1_p3,B_pt,B,3,3,8,abc,0,0.0000000000000000e+00,2.9999999999999999e-01,1,100,0,1,10,A,1.5376848972875434e-01,1.7305035026704427e-02,4.2502921646890721e+00,8.2344803062466241e+01,5.9790740379754979e-02,1.1583807773106687e+00,3.9665133690877603e+01,4.7295737228222222e-03,nan,nan,2.6795925653172875e-03,nan,nan,nan,1.0047303446374085e+00,1.0047303446374085e+00,1.7244105459983880e-02,1.1420106883725435e+01,nan,nan,nan,nan,nan,4.4318036200002098e-01,1.4760902360000046e+00,1.5846319499996753e-01,0,0,0,0,0
exp4_repeat,s1_p3,B_pt,B,3,3,8,abc,0,0.0000000000000000e+00,2.9999999999999999e-01,1,100,0,1,15,B,9.3800219350704495e-01,1.0556233492569436e-01,2.6295020614413790e+01,5.2149364718840559e+02,3.6990368895069331e-01,7.3360818646250401e+00,4.0842718245410211e+01,3.4558138948866945e-02,nan,nan,1.4990956035728087e-03,nan,nan,nan,1.0345589327504834e+00,1.0345574396447257e+00,1.0541708608558165e-01,5.3151439518058055e+01,nan,nan,nan,nan,nan,4.4318036200002098e-01,2.2704978529999380e+00,1.5842241099994681e-01,0,0,0,0,0
exp4_repeat,s1_p3,B_pt,B,3,3,8,abc,0,0.0000000000000000e+00,2.9999999999999999e-01,1,100,0,1,20,A,6.1007159166553606e+00,6.8657176000052955e-01,1.9278774101351107e+02,4.8296538437143872e+03,2.7120304498365062e+00,6.7940877451359242e+01,6.2607542823047766e+01,5.8586758594238730e-01,nan,nan,1.1278329966241658e-01,nan,nan,nan,1.5858688027558325e+00,1.5858688027558325e+00,6.8657344094037143e-01,4.5308910790726799e+02,nan,nan,nan,nan,nan,4.4318036200002098e-01,2.9649198789999218e+00,1.5139223699998183e-01,0,0,0,0,0
exp4_repeat,s1_p3,B_pt,B,3,3,8,abc,0,0.0000000000000000e+00,2.9999999999999999e-01,1,100,0,1,25,B,4.7440117058290120e+01,5.3388889284977523e+00,1.3659499184804336e+03,3.4238613795371413e+04,1.9215421854084578e+01,4.8164972879023287e+02,1.1904084117533962e+03,2.9153397324162373e+01,nan,nan,1.0452739121591811e-01,nan,nan,nan,3.0153420460431509e+01,3.0153376942131796e+01,5.3389241098911713e+00,2.6881712324421806e+03,nan,nan,nan,nan,nan,4.4318036200002098e-01,3.6131226940000261e+00,1.2397028899999896e-01,0,0,0,0,0
exp4_repeat,s1_p3,B_pt,B,3,3,8,abc,0,0.0000000000000000e+00,2.9999999999999999e-01,1,100,0,1,30,A,3.5662903097615447e+02,4.0134866925391670e+01,1.1289879869787859e+04,3.1599207316300547e+05,1.5881973522224663e+02,4.4452003007026078e+03,6.3769883128291971e+04,1.6143100098230223e+03,nan,nan,8.6440691488206909e+00,nan,nan,nan,1.6153112492272166e+03,1.6153112492272166e+03,4.0134883885668202e+01,2.6486191408729952e+04,nan,nan,nan,nan,nan,4.4318036200002098e-01,4.4054378230000566e+00,1.5844272699996509e-01,0,0,0,0,0
exp4_repeat,s1_p3,B_pt,B,3,3,8,abc,0,0.0000000000000000e+00,2.9999999999999999e-01,1,100,0,1,35,B,3.0381319448780446e+03,3.4190997007648110e+02,8.5344301322706495e+04,2.3257392837276054e+06,1.2005760464353398e+03,3.2717203504180008e+04,4.6160375543802101e+06,1.1692459718682127e+05,nan,nan,1.2451015428611521e+01,nan,nan,nan,1.1692568690215437e+05,1.1692551815157784e+05,3.4191820800505593e+02,1.7215427366146419e+05,nan,nan,nan,nan,nan,4.4318036200002098e-01,5.1977302510001664e+00,1.7277714900001229e-01,0,0,0,0,0
exp4_repeat,s1_p3,B_pt,B,3,3,8,abc,0,0.0000000000000000e+00,2.9999999999999999e-01,1,100,0,1,40,A,2.3872727676362581e+04,2.6866257797755979e+03,7.4632885042627435e+05,2.1430114446188040e+07,1.0498938144649350e+04,3.0146690145339700e+05,2.8495866334999728e+08,7.2180862649400467e+06,nan,nan,6.3888003415916182e+02,nan,nan,nan,7.2180928032748410e+06,7.2180928032748410e+06,2.6866268113348674e+03,1.7729841929971823e+06,nan,nan,nan,nan,nan,4.4318036200002098e-01,6.0077535920000855e+00,1.6036506299997200e-01,0,0,0,0,0
exp4_repeat,s1_p3,B_pt,B,3,3,8,abc,0,0.0000000000000000e+00,2.9999999999999999e-01,1,100,0,1,45,B,2.0858878638614205e+05,2.3474485968856818e+04,5.7735477683149483e+06,1.6047161662905359e+08,8.1219050905100565e+04,2.2574252301757196e+06,2.1754676036516418e+10,5.5105238044386125e+08,nan,nan,1.0571426785836989e+03,nan,nan,nan,5.5105280425844717e+08,5.5105200896289766e+08,2.3475056804440501e+04,1.1819582449265234e+07,nan,nan,nan,nan,nan,4.4318036200002098e-01,6.8206873799999812e+00,1.6262068499997895e-01,0,0,0,0,0
exp4_repeat,s1_p3,B_pt,B,3,3,8,abc,0,0.0000000000000000e+00,2.9999999999999999e-01,1,100,0,1,50,A,1.6578319181011147e+06,1.8657164066406011e+05,5.1484900449774504e+07,1.4773347523582525e+09,7.2426087360401277e+05,2.0782321593344796e+07,1.3742035496117666e+12,3.4808982552041557e+10,nan,nan,4.5998998405400729e+04,nan,nan,nan,3.4809009261474442e+10,3.4809009261474442e+10,1.8657171224142524e+05,1.2312417019483756e+08,nan,nan,nan,nan,nan,4.4318036200002098e-01,7.5085536480000883e+00,1.2452501999996457e-01,0,0,0,0,0
exp4_repeat,s1_p3,B_pt,B,3,3,8,abc,0,0.0000000000000000e+00,2.9999999999999999e-01,1,100,0,1,55,B,1.4580421534015656e+07,1.6408739254403538e+06,4.0101157119266409e+08,1.1164364043175152e+10,5.6412071955086756e+06,1.5705404855606854e+08,1.0629434768090136e+14,2.6924672803787769e+12,nan,nan,8.2263141367649936e+04,nan,nan,nan,2.6924693462712905e+12,2.6924654604206572e+12,1.6409138316916563e+06,8.2619251711505091e+08,nan,nan,nan,nan,nan,4.4318036200002098e-01,8.3908045280001033e+00,1.8700283199996193e-01,0,0,0,0,0
exp4_repeat,s1_p3,B_pt,B,3,3,8,abc,0,0.0000000000000000e+00,2.9999999999999999e-01,1,100,0,1,60,A,1.1620327415015186e+08,1.3077462963532517e+07,3.5976724554939265e+09,1.0273608106586038e+11,5.0610050185472146e+07,1.4452339069005349e+09,6.7516004721507580e+15,1.7102003782961938e+14,nan,nan,3.2748829475845355e+06,nan,nan,nan,1.7102016905084162e+14,1.7102016905084162e+14,1.3077467980606636e+07,8.6302064446005116e+09,nan,nan,nan,nan,nan,4.4318036200002098e-01,1.0024820578000117e+01,3.2003959499991197e-01,0,0,0,0,0
exp4_repeat,s1_p3,B_pt,B,3,3,8,abc,0,0.0000000000000000e+00,2.9999999999999999e-01,1,100,0,1,65,B,1.0237509627101777e+09,1.1521246192619075e+08,2.8076794061844326e+10,7.8032635279565820e+11,3.9496868436346239e+08,1.0977196052332857e+10,5.2403301691088736e+17,1.3273911385269078e+16,nan,nan,6.1470111554641770e+06,nan,nan,nan,1.3273921570150836e+16,1.3273902412838382e+16,1.1521526391145048e+08,5.8010351950882767e+10,nan,nan,nan,nan,nan,4.4318036200002098e-01,1.1412514972000167e+01,2.7606052399994496e-01,0,0,0,0,0
exp4_repeat,s1_p3,B_pt,B,3,3,8,abc,0,0.0000000000000000e+00,2.9999999999999999e-01,1,100,0,1,70,A,8.1639753493435431e+09,9.1877002646481013e+08,2.5237486478161337e+11,7.1790519083759590e+12,3.5502688836067557e+09,1.0099089949452744e+11,3.3325246752929436e+19,8.4413836154494605e+17,nan,nan,2.3188166599151674e+08,nan,nan,nan,8.4413900924019942e+17,8.4413900924019942e+17,9.1877037894426227e+08,6.0632364439597217e+11,nan,nan,nan,nan,nan,4.4318036200002098e-01,1.2997017917000107e+01,3.1691894999994474e-01,0,0,0,0,0
exp4_repeat,s1_p3,B_pt,B,3,3,8,abc,0,0.0000000000000000e+00,2.9999999999999999e-01,1,100,0,1,75,B,7.1958687564790970e+10,8.0981975629791651e+09,1.9707604211329014e+12,5.4682566751315391e+13,2.7723558787228352e+10,7.6924386024312048e+11,2.5890263580286596e+21,6.5580803769168691e+19,nan,nan,4.4885917767684227e+08,nan,nan,nan,6.5580854088378491e+19,6.5580759440168763e+19,8.0983945124262886e+09,4.0775041427129648e+12,nan,nan,nan,nan,nan,4.4318036200002098e-01,1.4561987079000232e+01,3.0978022500005409e-01,0,0,0,0,0
exp4_repeat,s1_p3,B_pt,B,3,3,8,abc,0,0.0000000000000000e+00,2.9999999999999999e-01,1,100,0,1,80,A,5.7388532562568811e+11,6.4584790282993294e+10,1.7726441858125277e+13,5.0302177769904650e+14,2.4936570050438513e+11,7.0762299038251436e+12,1.6467218348428493e+23,4.1711951358989938e+21,nan,nan,1.6371869724005545e+10,nan,nan,nan,4.1711983363971744e+21,4.1711983363971744e+21,6.4584815060479309e+10,4.2621422433216383e+13,nan,nan,nan,nan,nan,4.4318036200002098e-01,1.6163310260000230e+01,3.5644623899997896e-01,0,0,0,0,0
exp4_repeat,s1_p3,B_pt,B,3,3,8,abc,0,0.0000000000000000e+00,2.9999999999999999e-01,1,100,0,1,85,B,5.0590301744160098e+12,5.6934092624473792e+11,1.3845327407652036e+14,3.8376005716894720e+15,1.9476834636947490e+12,5.3985225149779633e+13,1.2796893152826103e+25,3.2414909029721708e+23,nan,nan,3.2320458488187321e+10,nan,nan,nan,3.2414933901216330e+23,3.2414887119034168e+23,5.6935477270622681e+11,2.8666749203447756e+14,nan,nan,nan,nan,nan,4.4318036200002098e-01,1.7744202035000399e+01,3.1858273700004247e-01,0,0,0,0,0
exp4_repeat,s1_p3,B_pt,B,3,3,8,abc,0,0.0000000000000000e+00,2.9999999999999999e-01,1,100,0,1,90,A,4.0345722692072555e+13,4.5404890533529141e+12,1.2456694804539595e+15,3.5299427287099200e+16,1.7523383715494645e+13,4.9657266152464256e+14,8.1388866977281236e+26,2.0616040843617281e+25,nan,nan,1.1541489127085630e+12,nan,nan,nan,2.0616056662009629e+25,2.0616056662009629e+25,4.5404907952785830e+12,2.9964036601866655e+15,nan,nan,nan,nan,nan,4.4318036200002098e-01,1.9157247784000333e+01,3.1970393899996452e-01,0,0,0,0,0
exp4_repeat,s1_p3,B_pt,B,3,3,8,abc,0,0.0000000000000000e+00,2.9999999999999999e-01,1,100,0,1,95,B,3.5567981524045412e+14,4.0028042623591070e+13,9.7302719324255760e+15,2.6954531273196154e+17,1.3688004033450545e+14,3.7918131718165095e+15,6.3254065484741786e+28,1.6022441962759956e+27,nan,nan,2.3072172410177930e+12,nan,nan,nan,1.6022454256549789e+27,1.6022431132474449e+27,4.0029016111926641e+13,2.0154424284302144e+16,nan,nan,nan,nan,nan,4.4318036200002098e-01,2.0784975696000288e+01,3.1474735999995573e-01,0,0,0,0,0
exp4_repeat,s1_p3,B_pt,B,3,3,8,abc,0,0.0000000000000000e+00,2.9999999999999999e-01,1,100,0,1,100,A,2.8364410329841790e+15,3.1921176772665006e+14,8.7553249621084176e+16,2.4792594794433731e+18,1.2316502994756078e+15,3.4876840020782284e+16,4.0226988667981782e+30,1.0189615265517058e+29,nan,nan,8.1293597579559844e+13,nan,nan,nan,1.0189623083862654e+29,1.0189623083862654e+29,3.1921189018992781e+14,2.1065733183179331e+17,nan,nan,nan,nan,nan,4.4318036200002098e-01,2.2432335592000300e+01,3.2984142400005112e-01,0,0,0,0,0
exp4_repeat,s1_p3,B_int,B,3,3,8,abc,0,0.0000000000000000e+00,2.9999999999999999e-01,1,100,5,1,0,A,1.3464715461453933e-02,1.5153128777949955e-03,2.2709910013873703e-13,1.7674750552032492e-12,3.1947035193672450e-15,2.4863853603127879e-14,3.9478387313157270e+01,-7.6728506357789540e-07,nan,nan,7.4940054162198066e-16,nan,nan,nan,1.0000000000000000e+00,1.0000000000000000e+00,0.0000000000000000e+00,1.0000000000000000e+00,nan,nan,nan,nan,nan,2.3044492558999991e+01,0.0000000000000000e+00,0.0000000000000000e+00,0,0,0,0,0
exp4_repeat,s1_p3,B_int,B,3,3,8,abc,0,0.0000000000000000e+00,2.9999999999999999e-01,1,100,5,1,1,B,1.9394299352602628e-02,2.1826255184479370e-03,7.5115553999742929e-02,5.2961351611404694e-01,1.0566837322367071e-03,7.4503076533564781e-03,3.9478284494371934e+01,-3.3717153213174665e-06,nan,nan,1.1584483372573118e-14,nan,nan,nan,9.9999739556774392e-01,9.9999595234220906e-01,0.0000000000000000e+00,1.0989685697651079e+00,nan,nan,nan,nan,nan,2.3044492558999991e+01,7.1722885740000493e+00,7.1722885740000493e+00,0,0,0,0,0
exp4_repeat,s1_p3,B_int,B,3,3,8,abc,0,0.0000000000000000e+00,2.9999999999999999e-01,1,100,5,1,2,A,1.8635243416441443e-02,2.0972017129227130e-03,8.2697183811380734e-02,6.2074080525569375e-01,1.1633378732129715e-03,8.7322355480657469e-03,3.9477884485427083e+01,-1.3504060261274913e-05,nan,nan,1.6503987067158915e-04,nan,nan,nan,9.9998726321502951e-01,9.9998726321502951e-01,1.4561097878962213e-03,1.3840057348251746e+00,nan,nan,nan,nan,nan,2.3044492558999991e+01,1.4761105086000043e+01,7.5888165119999940e+00,0,0,0,0,0
exp4_repeat,s1_p3,B_int,B,3,3,8,abc,0,0.0000000000000000e+00,2.9999999999999999e-01,1,100,5,1,5,B,2.5630125843530915e-02,2.8844025602613741e-03,1.1876309099780102e-01,9.5487907512605874e-01,1.6706929466026909e-03,1.3432706426453195e-02,3.9478200458997669e+01,-5.5003562183965377e-06,nan,nan,1.3337757914907988e-04,nan,nan,nan,9.9999526692521357e-01,9.9999382370275081e-01,1.4470502316211561e-03,1.4523186545218016e+00,nan,nan,nan,nan,nan,2.3044492558999991e+01,3.7923730283000168e+01,7.9285427470000513e+00,0,0,0,0,0
exp4_repeat,s1_p3,B_int,B,3,3,8,abc,0,0.0000000000000000e+00,2.9999999999999999e-01,1,100,5,1,10,A,2.9590331501875958e-02,3.3300822814546025e-03,1.5816215263137251e-01,1.8057083595018089e+00,2.2249369783211995e-03,2.5401698410637150e-02,3.9479916978041928e+01,3.7979579108819577e-05,nan,nan,3.1166894875266082e-04,nan,nan,nan,1.0000387468939023e+00,1.0000387468939023e+00,2.9701672500755342e-03,2.1976202606423865e+00,nan,nan,nan,nan,nan,2.3044492558999991e+01,7.5787672517000260e+01,7.5490277170000581e+00,0,0,0,0,0
exp4_repeat,s1_p3,B_int,B,3,3,8,abc,0,0.0000000000000000e+00,2.9999999999999999e-01,1,100,5,1,15,B,3.5359803559866003e-02,3.9793760101322203e-03,1.9160816544889986e-01,2.2902622120980709e+00,2.6954368384777523e-03,3.2218131841093373e-02,3.9482896835288280e+01,1.1346024493021428e-04,nan,nan,2.2191640085872377e-04,nan,nan,nan,1.0001142276176389e+00,1.0001127842234885e+00,3.0105992048784893e-03,2.0036461250221125e+00,nan,nan,nan,nan,nan,2.3044492558999991e+01,1.0923256333200015e+02,6.5074406139999610e+00,0,0,0,0,0
exp4_repeat,s1_p3,B_int,B,3,3,8,abc,0,0.0000000000000000e+00,2.9999999999999999e-01,1,100,5,1,20,A,4.0212532421357687e-02,4.5254998816181670e-03,2.2591359725090271e-01,3.0398064363865132e+00,3.1780265257302354e-03,4.2762302072471808e-02,3.9486701250275303e+01,2.0982720231817190e-04,nan,nan,3.8089354712198681e-04,nan,nan,nan,1.0002105946489679e+00,1.0002105946489679e+00,4.2674913186750828e-03,2.9865118603119369e+00,nan,nan,nan,nan,nan,2.3044492558999991e+01,1.4711790744400014e+02,7.8064764360000254e+00,0,0,0,0,0
exp4_repeat,s1_p3,B_int,B,3,3,8,abc,0,0.0000000000000000e+00,2.9999999999999999e-01,1,100,5,1,25,B,4.6439173526761392e-02,5.2262432043743475e-03,2.5997416123774275e-01,3.4213474370096435e+00,3.6571715490874984e-03,4.8129608137220357e-02,3.9491066084515516e+01,3.2038974522343366e-04,nan,nan,1.5487915444366285e-04,nan,nan,nan,1.0003211572767061e+00,1.0003197135839088e+00,4.5115141680030111e-03,2.6314532525213363e+00,nan,nan,nan,nan,nan,2.3044492558999991e+01,1.8504134462500042e+02,7.5961241070000369e+00,0,0,0,0,0
exp4_repeat,s1_p3,B_int,B,3,3,8,abc,0,0.0000000000000000e+00,2.9999999999999999e-01,1,100,5,1,30,A,5.2423550603810910e-02,5.8997222449373981e-03,2.9928071054917949e-01,4.0091481309675157e+00,4.2101141690393962e-03,5.6398460565638436e-02,3.9496090879995258e+01,4.4766930161544864e-04,nan,nan,3.2121301179682121e-04,nan,nan,nan,1.0004484369307580e+00,1.0004484369307580e+00,5.7041607918662798e-03,3.8934020368931113e+00,nan,nan,nan,nan,nan,2.3044492558999991e+01,2.2276799795200043e+02,7.7842702330000293e+00,0,0,0,0,0
exp4_repeat,s1_p3,B_int,B,3,3,8,abc,0,0.0000000000000000e+00,2.9999999999999999e-01,1,100,5,1,35,B,5.9154980157072823e-02,6.6572742271703714e-03,3.4039798356154999e-01,4.3232320146435370e+00,4.7885290404288162e-03,6.0816817520568181e-02,3.9501517832851391e+01,5.8513562335410117e-04,nan,nan,3.3047270056207889e-05,nan,nan,nan,1.0005859033579725e+00,1.0005844592830859e+00,6.1004041140755288e-03,3.3519882701499952e+00,nan,nan,nan,nan,nan,2.3044492558999991e+01,2.6050665348200027e+02,7.5396983509999700e+00,0,0,0,0,0
exp4_repeat,s1_p3,B_int,B,3,3,8,abc,0,0.0000000000000000e+00,2.9999999999999999e-01,1,100,5,1,40,A,6.5975424008215489e-02,7.4248438374975379e-03,3.8915506227445512e-01,4.8129824835029318e+00,5.4744164387629758e-03,6.7706354051188841e-02,3.9507498197899650e+01,7.3662003967982519e-04,nan,nan,1.0851978655959660e-04,nan,nan,nan,1.0007373878905301e+00,1.0007373878905301e+00,7.2704494813952119e-03,4.8998750992612061e+00,nan,nan,nan,nan,nan,2.3044492558999991e+01,2.9858822721799993e+02,7.6660939470000358e+00,0,0,0,0,0
exp4_repeat,s1_p3,B_int,B,3,3,8,abc,0,0.0000000000000000e+00,2.9999999999999999e-01,1,100,5,1,45,B,7.3187976824113959e-02,8.2365412101598132e-03,4.4089382741682559e-01,5.0870956964876086e+00,6.2022485393176006e-03,7.1562425896881679e-02,3.9513877710333745e+01,8.9821497740068365e-04,nan,nan,1.6408980857852973e-04,nan,nan,nan,1.0008989829522406e+00,1.0008975384255083e+00,7.7849994817312078e-03,4.1471612225890935e+00,nan,nan,nan,nan,nan,2.3044492558999991e+01,3.3561933617500017e+02,7.7328263229999266e+00,0,0,0,0,0
exp4_repeat,s1_p3,B_int,B,3,3,8,abc,0,0.0000000000000000e+00,2.9999999999999999e-01,1,100,5,1,50,A,8.0732509174880118e-02,9.0855994068060782e-03,5.0238783383036700e-01,5.5392280347435268e+00,7.0673119349423325e-03,7.7922771540539254e-02,3.9520702725622989e+01,1.0710946342715128e-03,nan,nan,2.5779125679162296e-04,nan,nan,nan,1.0010718627417594e+00,1.0010718627417594e+00,8.9599344107392682e-03,5.9958570536449010e+00,nan,nan,nan,nan,nan,2.3044492558999991e+01,3.7167877453900064e+02,7.4330577590001212e+00,0,0,0,0,0
exp4_repeat,s1_p3,B_int,B,3,3,8,abc,0,0.0000000000000000e+00,2.9999999999999999e-01,1,100,5,1,55,B,8.8472192979672959e-02,9.9566198582250534e-03,5.6738276327261672e-01,5.7978676142095651e+00,7.9816243637600877e-03,8.1561168937371656e-02,3.9527997675595323e+01,1.2558778757236328e-03,nan,nan,4.7153375016584231e-04,nan,nan,nan,1.0012566461249930e+00,1.0012552010820708e+00,9.5799443574605160e-03,5.0132339207090890e+00,nan,nan,nan,nan,nan,2.3044492558999991e+01,4.0913106687200047e+02,7.5615341239999907e+00,0,0,0,0,0
exp4_repeat,s1_p3,B_int,B,3,3,8,abc,0,0.0000000000000000e+00,2.9999999999999999e-01,1,100,5,1,60,A,9.6743020384432526e-02,1.0887414965803132e-02,6.4439272942166681e-01,6.2597318486534412e+00,9.0649576298647526e-03,8.8058417470484984e-02,3.9535628227924178e+01,1.4491620241747379e-03,nan,nan,7.7370927092879072e-04,nan,nan,nan,1.0014499304217483e+00,1.0014499304217483e+00,1.0782851335013095e-02,7.1849286872331817e+00,nan,nan,nan,nan,nan,2.3044492558999991e+01,4.4611386956100046e+02,6.4771740060000411e+00,0,0,0,0,0
exp4_repeat,s1_p3,B_int,B,3,3,8,abc,0,0.0000000000000000e+00,2.9999999999999999e-01,1,100,5,1,65,B,1.0510596530817970e-01,1.1828576936549718e-02,7.2497265004324396e-01,6.5211610259939334e+00,1.0198511025024896e-02,9.1736057374846844e-02,3.9543845819557028e+01,1.6573160519071590e-03,nan,nan,9.2168071406768109e-04,nan,nan,nan,1.0016580846091943e+00,1.0016566389869044e+00,1.1507922140657994e-02,5.9557785650560566e+00,nan,nan,nan,nan,nan,2.3044492558999991e+01,4.8313351514800047e+02,7.8330792660001407e+00,0,0,0,0,0
exp4_repeat,s1_p3,B_int,B,3,3,8,abc,0,0.0000000000000000e+00,2.9999999999999999e-01,1,100,5,1,70,A,1.1417193440856155e-01,1.2848856924405998e-02,8.2011707935078548e-01,7.6733182306539334e+00,1.1536949807791129e-02,1.0794396253318105e-01,3.9552292903527068e+01,1.8712831884498298e-03,nan,nan,1.4370297609463747e-03,nan,nan,nan,1.0018720519099109e+00,1.0018720519099109e+00,1.2760464617046297e-02,8.4793425256855119e+00,nan,nan,nan,nan,nan,2.3044492558999991e+01,5.1849200593400064e+02,7.7107687699999587e+00,0,0,0,0,0
exp4_repeat,s1_p3,B_int,B,3,3,8,abc,0,0.0000000000000000e+00,2.9999999999999999e-01,1,100,5,1,75,B,1.2329444679490455e-01,1.3875500267627216e-02,9.1870069738433102e-01,8.5378834856739765e+00,1.2923769180000495e-02,1.2010618449376011e-01,3.9561480901066076e+01,2.1040178849386386e-03,nan,nan,1.5419011630553522e-03,nan,nan,nan,1.0021047867849737e+00,1.0021033405179900e+00,1.3598503862590410e-02,6.9864200500748375e+00,nan,nan,nan,nan,nan,2.3044492558999991e+01,5.5478930650800089e+02,7.1840338530000736e+00,0,0,0,0,0
exp4_repeat,s1_p3,B_int,B,3,3,8,abc,0,0.0000000000000000e+00,2.9999999999999999e-01,1,100,5,1,80,A,1.3327100342666617e-01,1.4998257356957307e-02,1.0347039655162866e+00,1.0248675896185546e+01,1.4555638477293478e-02,1.4417265825534373e-01,3.9570800945068925e+01,2.3400973574304526e-03,nan,nan,2.2491891028691771e-03,nan,nan,nan,1.0023408664386060e+00,1.0023408664386060e+00,1.4922692376477191e-02,9.8977957468308393e+00,nan,nan,nan,nan,nan,2.3044492558999991e+01,5.8999447380400056e+02,6.1478011079998396e+00,0,0,0,0,0
exp4_repeat,s1_p3,B_int,B,3,3,8,abc,0,0.0000000000000000e+00,2.9999999999999999e-01,1,100,5,1,85,B,1.4332927553720212e-01,1.6130210668640219e-02,1.1540566558451220e+00,1.0678858685694749e+01,1.6234625578548087e-02,1.5022422988542322e-01,3.9581051595294404e+01,2.5997493609177542e-03,nan,nan,2.3552234052649640e-03,nan,nan,nan,1.0026005186413205e+00,1.0025990716588820e+00,1.5888346323063764e-02,8.1216839071554485e+00,nan,nan,nan,nan,nan,2.3044492558999991e+01,6.2730424900100024e+02,7.6987626259999615e+00,0,0,0,0,0
exp4_repeat,s1_p3,B_int,B,3,3,8,abc,0,0.0000000000000000e+00,2.9999999999999999e-01,1,100,5,1,90,A,1.5437221434963982e-01,1.7372977917535549e-02,1.2939672584490329e+00,1.2972256287574425e+01,1.8202809927418063e-02,1.8248646864179671e-01,3.9591348152393159e+01,2.8605641990894471e-03,nan,nan,3.2154829355039924e-03,nan,nan,nan,1.0028613336796117e+00,1.0028613336796117e+00,1.7307874102320542e-02,1.1464944416506116e+01,nan,nan,nan,nan,nan,2.3044492558999991e+01,6.6382147956400013e+02,6.1799086999999417e+00,0,0,0,0,0
exp4_repeat,s1_p3,B_int,B,3,3,8,abc,0,0.0000000000000000e+00,2.9999999999999999e-01,1,100,5,1,95,B,1.6558754990333815e-01,1.8635146616306959e-02,1.4373946082869660e+00,1.2861866415391166e+01,2.0220465915578405e-02,1.8093356546890418e-01,3.9602805642428379e+01,3.1507858120741312e-03,nan,nan,3.3817139404947530e-03,nan,nan,nan,1.0031515555152792e+00,1.0031501077375682e+00,1.8422277002172957e-02,9.3829382325048876e+00,nan,nan,nan,nan,nan,2.3044492558999991e+01,7.0194146582400003e+02,7.3533462640000380e+00,0,0,0,0,0
exp4_repeat,s1_p3,B_int,B,3,3,8,abc,0,0.0000000000000000e+00,2.9999999999999999e-01,1,100,5,1,100,A,1.7789391690117931e-01,2.0020099491403730e-02,1.6047910536994887e+00,1.5773806862302592e+01,2.2575305776072186e-02,2.2189712009440787e-01,3.9614235038518885e+01,3.4402957971259216e-03,nan,nan,4.3447259648291131e-03,nan,nan,nan,1.0034410657224679e+00,1.0034410657224679e+00,1.9963719474114815e-02,1.3211858610042261e+01,nan,nan,nan,nan,nan,2.3044492558999991e+01,7.3895999485799985e+02,7.8830126709999604e+00,0,0,0,0,0
exp4_repeat,s1_p3,B_l2,B,3,3,8,abc,0,0.0000000000000000e+00,2.9999999999999999e-01,1,100,0,1,0,A,1.3464715461453933e-02,1.5153128777949955e-03,2.2709910013873703e-13,1.7674750552032492e-12,3.1947035193672450e-15,2.4863853603127879e-14,3.9478387313157270e+01,-7.6728506357789540e-07,nan,nan,7.4940054162198066e-16,nan,nan,nan,1.0000000000000000e+00,1.0000000000000000e+00,0.0000000000000000e+00,1.0000000000000000e+00,nan,nan,nan,nan,nan,3.3423734020002485e+00,0.0000000000000000e+00,0.0000000000000000e+00,0,0,0,0,0
exp4_repeat,s1_p3,B_l2,B,3,3,8,abc,0,0.0000000000000000e+00,2.9999999999999999e-01,1,100,0,1,1,B,1.8859576074521940e-02,2.1224480069623043e-03,2.0197497753755869e-01,1.9112519917430262e+00,2.8412713708207893e-03,2.6886427382094163e-02,3.9478025496441617e+01,-9.9322095364682960e-06,nan,nan,4.2090615625670069e-05,nan,nan,nan,9.9999083506849495e-01,9.9998939185242841e-01,0.0000000000000000e+00,1.0686687344656396e+00,nan,nan,nan,nan,nan,3.3423734020002485e+00,2.3175483370000620e+00,2.3175483370000620e+00,24,0,24,0,0
exp4_repeat,s1_p3,B_l2,B,3,3,8,abc,0,0.0000000000000000e+00,2.9999999999999999e-01,1,100,0,1,2,A,1.7836064274100425e-02,2.0072624602499546e-03,1.9011747714673868e-01,1.2517193243939415e+00,2.6744666665911940e-03,1.7608489546891051e-02,3.9477951116417081e+01,-1.1816277567800931e-05,nan,nan,4.4890765088184681e-04,nan,nan,nan,9.9998895099901808e-01,9.9998895099901808e-01,1.3230671775566521e-03,1.3246521491791310e+00,nan,nan,nan,nan,nan,3.3423734020002485e+00,4.1664037099999405e+00,1.8488553729998785e+00,6,0,30,0,0
exp4_repeat,s1_p3,B_l2,B,3,3,8,abc,0,0.0000000000000000e+00,2.9999999999999999e-01,1,100,0,1,5,B,2.4320104987487743e-02,2.7369734163611519e-03,3.0308107462239936e-01,1.8616748877028129e+00,4.2635755718902768e-03,2.6189004324668808e-02,3.9478350873096254e+01,-1.6903225921297127e-06,nan,nan,6.3935069593526461e-05,nan,nan,nan,9.9999907696176327e-01,9.9999763373380168e-01,1.2718083494092588e-03,1.3780869578590900e+00,nan,nan,nan,nan,nan,3.3423734020002485e+00,1.0776365820000137e+01,2.3126410970000961e+00,24,0,84,0,0
exp4_repeat,s1_p3,B_l2,B,3,3,8,abc,0,0.0000000000000000e+00,2.9999999999999999e-01,1,100,0,1,10,A,2.5899254341704345e-02,2.9146901575174307e-03,3.2647083101351515e-01,2.0452216299935992e+00,4.5926096236068789e-03,2.8771037556885766e-02,3.9478735332049069e+01,8.0481364481651800e-06,nan,nan,1.1802848659705142e-03,nan,nan,nan,1.0000088154282758e+00,1.0000088154282758e+00,2.4937201859140932e-03,1.9234906534673790e+00,nan,nan,nan,nan,nan,3.3423734020002485e+00,2.1085618066000279e+01,2.0497233030000643e+00,6,0,150,0,0
exp4_repeat,s1_p3,B_l2,B,3,3,8,abc,0,0.0000000000000000e+00,2.9999999999999999e-01,1,100,0,1,15,B,2.8836786837804985e-02,3.2452787119525667e-03,3.8741053947322263e-01,2.4763888764807334e+00,5.4498754646714323e-03,3.4836457978837283e-02,3.9478634361942795e+01,5.4905337781167954e-06,nan,nan,2.2811636102944288e-04,nan,nan,nan,1.0000062578236433e+00,1.0000048145853180e+00,2.0326476874167041e-03,1.6340225450583798e+00,nan,nan,nan,nan,nan,3.3423734020002485e+00,3.1808331384000667e+01,2.2549405450001814e+00,24,0,234,0,0
exp4_repeat,s1_p3,B_l2,B,3,3,8,abc,0,0.0000000000000000e+00,2.9999999999999999e-01,1,100,0,1,20,A,2.8663851328455014e-02,3.2258166293637337e-03,3.9669179717416414e-01,2.4357492923449087e+00,5.5804390231498314e-03,3.4264762968222964e-02,3.9478322323044935e+01,-2.4135038402930351e-06,nan,nan,1.4477147796506801e-03,nan,nan,nan,9.9999835377996016e-01,9.9999835377996016e-01,2.8501273176628414e-03,2.1288122582695754e+00,nan,nan,nan,nan,nan,3.3423734020002485e+00,4.2005689313000858e+01,1.6361131220000971e+00,6,0,300,0,0
exp4_repeat,s1_p3,B_l2,B,3,3,8,abc,0,0.0000000000000000e+00,2.9999999999999999e-01,1,100,0,1,25,B,3.0575127499775288e-02,3.4409107695789693e-03,4.4451324583262841e-01,2.9000750194573399e+00,6.2531644995480196e-03,4.0796638407767191e-02,3.9477868364704285e+01,-1.3912402940029419e-05,nan,nan,2.7386129363426992e-04,nan,nan,nan,9.9998685487203753e-01,9.9998541166171517e-01,2.3145209893457555e-03,1.7325247758591884e+00,nan,nan,nan,nan,nan,3.3423734020002485e+00,5.3099328672001093e+01,2.3600805180001316e+00,24,0,384,0,0
exp4_repeat,s1_p3,B_l2,B,3,3,8,abc,0,0.0000000000000000e+00,2.9999999999999999e-01,1,100,0,1,30,A,3.0119329072857866e-02,3.3896154244999139e-03,4.5378500231766516e-01,3.0566965124369503e+00,6.3835944002185712e-03,4.2999902245117794e-02,3.9477440153908283e+01,-2.4759109114874692e-05,nan,nan,1.5733255687147701e-03,nan,nan,nan,9.9997600815754017e-01,9.9997600815754017e-01,3.0337892570056961e-03,2.2369079509390204e+00,nan,nan,nan,nan,nan,3.3423734020002485e+00,6.2333609207001018e+01,2.1110869819999607e+00,6,0,450,0,0
exp4_repeat,s1_p3,B_l2,B,3,3,8,abc,0,0.0000000000000000e+00,2.9999999999999999e-01,1,100,0,1,35,B,3.1729083914949767e-02,3.5707764931684387e-03,4.9673874548608193e-01,3.2417681095056436e+00,6.9878437098208606e-03,4.5603386284152031e-02,3.9476918452410338e+01,-3.7973962434818213e-05,nan,nan,2.9646385169579403e-04,nan,nan,nan,9.9996279329408067e-01,9.9996135011848475e-01,2.4983111401010449e-03,1.7979131566456994e+00,nan,nan,nan,nan,nan,3.3423734020002485e+00,7.2449756975000810e+01,2.0716542760001175e+00,24,0,534,0,0
exp4_repeat,s1_p3,B_l2,B,3,3,8,abc,0,0.0000000000000000e+00,2.9999999999999999e-01,1,100,0,1,40,A,3.1222255903294159e-02,3.5137383021210701e-03,5.0624715353170024e-01,3.6192206613916329e+00,7.1216026926982220e-03,5.0913178331622427e-02,3.9476478572838559e+01,-4.9116242153002594e-05,nan,nan,1.6920546216517077e-03,nan,nan,nan,9.9995165100581307e-01,9.9995165100581307e-01,3.1716103506969043e-03,2.3188203265546581e+00,nan,nan,nan,nan,nan,3.3423734020002485e+00,8.3325773628000888e+01,2.0525492530000520e+00,6,0,600,0,0
exp4_repeat,s1_p3,B_l2,B,3,3,8,abc,0,0.0000000000000000e+00,2.9999999999999999e-01,1,100,0,1,45,B,3.2705570831833647e-02,3.6806698811415028e-03,5.4564176690951671e-01,3.7401031613263420e+00,7.6757841488349103e-03,5.2613685941451646e-02,3.9475934378672754e+01,-6.2900841405653550e-05,nan,nan,3.2257015917648568e-04,nan,nan,nan,9.9993786639598370e-01,9.9993642325636312e-01,2.6506671485009474e-03,1.8532453143551353e+00,nan,nan,nan,nan,nan,3.3423734020002485e+00,9.2824842822000619e+01,1.9362827760000982e+00,24,0,684,0,0
exp4_repeat,s1_p3,B_l2,B,3,3,8,abc,0,0.0000000000000000e+00,2.9999999999999999e-01,1,100,0,1,50,A,3.2207459909580606e-02,3.6246127073214507e-03,5.5498994089442522e-01,4.0943101057784936e+00,7.8072890482863179e-03,5.7596471744364761e-02,3.9475497101666463e+01,-7.3977197369911254e-05,nan,nan,1.8197420056251870e-03,nan,nan,nan,9.9992679003152074e-01,9.9992679003152074e-01,3.2938804489600544e-03,2.3919896415028155e+00,nan,nan,nan,nan,nan,3.3423734020002485e+00,1.0155924944500066e+02,1.6323753950000537e+00,6,0,750,0,0
exp4_repeat,s1_p3,B_l2,B,3,3,8,abc,0,0.0000000000000000e+00,2.9999999999999999e-01,1,100,0,1,55,B,3.3623402436162984e-02,3.7839622272492980e-03,5.9144578996928188e-01,4.1659438824667099e+00,8.3201296067465236e-03,5.8604175774682653e-02,3.9474938400326458e+01,-8.8129267637867187e-05,nan,nan,3.5747627779809943e-04,nan,nan,nan,9.9991263795039409e-01,9.9991119484718383e-01,2.7909434636242138e-03,1.9052537972168617e+00,nan,nan,nan,nan,nan,3.3423734020002485e+00,1.1247425395900063e+02,2.2222870069999772e+00,24,0,834,0,0
exp4_repeat,s1_p3,B_l2,B,3,3,8,abc,0,0.0000000000000000e+00,2.9999999999999999e-01,1,100,0,1,60,A,3.3152723363102592e-02,3.7309922211055590e-03,6.0045103014787660e-01,4.5055062273774436e+00,8.4468103046168985e-03,6.3380949516490703e-02,3.9474505325583387e+01,-9.9099179031266464e-05,nan,nan,1.9527517567004410e-03,nan,nan,nan,9.9990166803058367e-01,9.9990166803058367e-01,3.4105250650051443e-03,2.4621926440265622e+00,nan,nan,nan,nan,nan,3.3423734020002485e+00,1.2319643308500054e+02,2.0333466130000488e+00,6,0,900,0,0
exp4_repeat,s1_p3,B_l2,B,3,3,8,abc,0,0.0000000000000000e+00,2.9999999999999999e-01,1,100,0,1,65,B,3.4525239071785542e-02,3.8854545069442015e-03,6.3446585892051699e-01,4.5393612996075294e+00,8.9253119504809145e-03,6.3857203796387749e-02,3.9473935079125340e+01,-1.1354369055554945e-04,nan,nan,4.0171270599836939e-04,nan,nan,nan,9.9988722350797632e-01,9.9988578044144494e-01,2.9261332158418327e-03,1.9563559329317515e+00,nan,nan,nan,nan,nan,3.3423734020002485e+00,1.3416194833800046e+02,2.3601950209999814e+00,24,0,984,0,0
exp4_repeat,s1_p3,B_l2,B,3,3,8,abc,0,0.0000000000000000e+00,2.9999999999999999e-01,1,100,0,1,70,A,3.4088054735323732e-02,3.8362539830335989e-03,6.4309144015331443e-01,4.8709992168015699e+00,9.0466518179844746e-03,6.8522501107421654e-02,3.9473506125508614e+01,-1.2440921259914323e-04,nan,nan,2.0871934593388111e-03,nan,nan,nan,9.9987635797759578e-01,9.9987635797759578e-01,3.5253544001808334e-03,2.5316580088832321e+00,nan,nan,nan,nan,nan,3.3423734020002485e+00,1.4480716682600041e+02,1.9998940949999451e+00,6,0,1050,0,0
exp4_repeat,s1_p3,B_l2,B,3,3,8,abc,0,0.0000000000000000e+00,2.9999999999999999e-01,1,100,0,1,75,B,3.5428118996068424e-02,3.9870641978645236e-03,6.7508280791615527e-01,4.8758460783395901e+00,9.4966885425636395e-03,6.8590684053121978e-02,3.9472926460444896e+01,-1.3909230019214751e-04,nan,nan,4.5459883321510852e-04,nan,nan,nan,9.9986167487873667e-01,9.9986023184907780e-01,3.0590849530435045e-03,2.0075171860927550e+00,nan,nan,nan,nan,nan,3.3423734020002485e+00,1.5570159662100036e+02,2.2168570609999279e+00,24,0,1134,0,0
exp4_repeat,s1_p3,B_l2,B,3,3,8,abc,0,0.0000000000000000e+00,2.9999999999999999e-01,1,100,0,1,80,A,3.5025979217103188e-02,3.9418075723172555e-03,6.8335451855403406e-01,5.2137753961627249e+00,9.6130503558419910e-03,7.3344485280372365e-02,3.9472501257310675e+01,-1.4986282140405955e-04,nan,nan,2.2210807049713038e-03,nan,nan,nan,9.9985090434926061e-01,9.9985090434926061e-01,3.6399595762828417e-03,2.6013159592843746e+00,nan,nan,nan,nan,nan,3.3423734020002485e+00,1.6638783328500017e+02,2.0703560019999259e+00,6,0,1200,0,0
exp4_repeat,s1_p3,B_l2,B,3,3,8,abc,0,0.0000000000000000e+00,2.9999999999999999e-01,1,100,0,1,85,B,3.6339222768435854e-02,4.0895993968613608e-03,7.1366599213943571e-01,5.1870491160169543e+00,1.0039455265774813e-02,7.2968514872787410e-02,3.9471913851756661e+01,-1.6474197790677291e-04,nan,nan,5.1514273710986935e-04,nan,nan,nan,9.9983602518134140e-01,9.9983458218870092e-01,3.1910610415946178e-03,2.0591444396182537e+00,nan,nan,nan,nan,nan,3.3423734020002485e+00,1.7749686875100019e+02,2.2167024220000258e+00,24,0,1284,0,0
exp4_repeat,s1_p3,B_l2,B,3,3,8,abc,0,0.0000000000000000e+00,2.9999999999999999e-01,1,100,0,1,90,A,3.5971966105426724e-02,4.0482685011208027e-03,7.2163052234101122e-01,5.5380497245899871e+00,1.0151495835946789e-02,7.7906195730277919e-02,3.9471491906760967e+01,-1.7542996950567900e-04,nan,nan,2.3537339774550650e-03,nan,nan,nan,9.9982533718154176e-01,9.9982533718154176e-01,3.7550422236489888e-03,2.6715726899989343e+00,nan,nan,nan,nan,nan,3.3423734020002485e+00,1.8763184138000042e+02,1.8797178360000544e+00,6,0,1350,0,0
exp4_repeat,s1_p3,B_l2,B,3,3,8,abc,0,0.0000000000000000e+00,2.9999999999999999e-01,1,100,0,1,95,B,3.7261666032369412e-02,4.1934107370174365e-03,7.5054173850819017e-01,5.4816085454048800e+00,1.0558202705247642e-02,7.7112212690848017e-02,3.9470898029717851e+01,-1.9047305074230397e-04,nan,nan,5.8233102077523413e-04,nan,nan,nan,9.9981029408876276e-01,9.9980885113325824e-01,3.3226715428431464e-03,2.1114142399355558e+00,nan,nan,nan,nan,nan,3.3423734020002485e+00,1.9880910156100049e+02,2.3764899740001511e+00,24,0,1434,0,0
exp4_repeat,s1_p3,B_l2,B,3,3,8,abc,0,0.0000000000000000e+00,2.9999999999999999e-01,1,100,0,1,100,A,3.6928490307087086e-02,4.1559152943150502e-03,7.5824941707062898e-01,5.8483157339758201e+00,1.0666630029770455e-02,8.2270844958387643e-02,3.9470478777132705e+01,-2.0109284278534292e-04,nan,nan,2.4851305783262154e-03,nan,nan,nan,9.9979967428857131e-01,9.9979967428857131e-01,3.8709284735754948e-03,2.7426120078663372e+00,nan,nan,nan,nan,nan,3.3423734020002485e+00,2.0806467254900053e+02,2.0569510529999206e+00,6,0,1500,0,0
exp4_repeat,s1_p3,B_l2c,B,3,3,8,abc,0,0.0000000000000000e+00,2.9999999999999999e-01,1,100,0,1,0,A,1.3464715461453933e-02,1.5153128777949955e-03,2.2709910013873703e-13,1.7674750552032492e-12,3.1947035193672450e-15,2.4863853603127879e-14,3.9478387313157270e+01,-7.6728506357789540e-07,nan,nan,7.4940054162198066e-16,nan,nan,nan,1.0000000000000000e+00,1.0000000000000000e+00,0.0000000000000000e+00,1.0000000000000000e+00,nan,nan,nan,nan,nan,3.5543424020002021e+00,0.0000000000000000e+00,0.0000000000000000e+00,0,0,0,0,0
exp4_repeat,s1_p3,B_l2c,B,3,3,8,abc,0,0.0000000000000000e+00,2.9999999999999999e-01,1,100,0,1,1,B,1.8922796310510932e-02,2.1295627832088283e-03,1.9130026610918112e-13,9.9475983006414026e-13,2.6911054822389589e-15,1.3993726651006604e-14,3.9478022017142308e+01,-1.0020341217529442e-05,nan,nan,2.1926904736346842e-15,nan,nan,nan,9.9999074693674628e-01,9.9998930372080685e-01,0.0000000000000000e+00,1.0722510784865238e+00,nan,nan,nan,nan,nan,3.5543424020002021e+00,1.9563421928000025e+01,1.9563421928000025e+01,39,1160,39,1160,0
exp4_repeat,s1_p3,B_l2c,B,3,3,8,abc,0,0.0000000000000000e+00,2.9999999999999999e-01,1,100,0,1,2,A,1.7789138696502223e-02,2.0019814773553600e-03,1.0005666520998824e-13,5.6843418860808015e-13,1.4075413785753511e-15,7.9964152291466552e-15,3.9477944051371459e+01,-1.1995237264035875e-05,nan,nan,2.6124935548210715e-15,nan,nan,nan,9.9998877203918446e-01,9.9998877203918446e-01,1.3150491741529835e-03,1.3211670716271740e+00,nan,nan,nan,nan,nan,3.5543424020002021e+00,2.5802431024000043e+01,6.2390090960000180e+00,38,234,77,1394,0
exp4_repeat,s1_p3,B_l2c,B,3,3,8,abc,0,0.0000000000000000e+00,2.9999999999999999e-01,1,100,0,1,5,B,2.4406453707037382e-02,2.7466910614973787e-03,1.2185707950936749e-13,6.3948846218409017e-13,1.7142174518990339e-15,8.9959671327899595e-15,3.9478298020825441e+01,-3.0290862513518487e-06,nan,nan,7.8131945357995392e-15,nan,nan,nan,9.9999773819707682e-01,9.9999629497104736e-01,1.2747874408710780e-03,1.3829798661874220e+00,nan,nan,nan,nan,nan,3.5543424020002021e+00,6.9234241372000042e+01,1.8796383750000132e+01,40,1189,197,4018,0
exp4_repeat,s1_p3,B_l2c,B,3,3,8,abc,0,0.0000000000000000e+00,2.9999999999999999e-01,1,100,0,1,10,A,2.5964029002693824e-02,2.9219798680377271e-03,6.2819626044006368e-14,3.9790393202565610e-13,8.8371147347355350e-16,5.5974906604026583e-15,3.9478533158061850e+01,2.9270095264823562e-06,nan,nan,1.2888995426507677e-14,nan,nan,nan,1.0000036942974246e+00,1.0000036942974246e+00,2.5021063397938086e-03,1.9283013500747386e+00,nan,nan,nan,nan,nan,3.5543424020002021e+00,1.2518536919600069e+02,5.8154113800001141e+00,40,246,398,7163,0
exp4_repeat,s1_p3,B_l2c,B,3,3,8,abc,0,0.0000000000000000e+00,2.9999999999999999e-01,1,100,0,1,15,B,2.8941859751518282e-02,3.2571035692778479e-03,8.0157120163890773e-14,3.9790393202565610e-13,1.1276056740580811e-15,5.5974906604026418e-15,3.9478267642557981e+01,-3.7985767553813033e-06,nan,nan,2.0455859228718509e-14,nan,nan,nan,9.9999696870598231e-01,9.9999552548106352e-01,2.0366010713453969e-03,1.6399764507708365e+00,nan,nan,nan,nan,nan,3.5543424020002021e+00,1.9645224822400110e+02,1.9258911109000110e+01,41,1218,601,11309,0
exp4_repeat,s1_p3,B_l2c,B,3,3,8,abc,0,0.0000000000000000e+00,2.9999999999999999e-01,1,100,0,1,20,A,2.8686411447714260e-02,3.2283555347966775e-03,6.3202637734585719e-14,3.2941704919409176e-13,8.8909946838460839e-16,4.6340553782776889e-15,3.9477672005111799e+01,-1.8886249522589604e-05,nan,nan,2.6069424396979457e-14,nan,nan,nan,9.9998188102163854e-01,9.9998188102163854e-01,2.8527950912757998e-03,2.1304877574157572e+00,nan,nan,nan,nan,nan,3.5543424020002021e+00,2.5179977314400116e+02,6.5709353359998204e+00,40,246,803,14483,0
exp4_repeat,s1_p3,B_l2c,B,3,3,8,abc,0,0.0000000000000000e+00,2.9999999999999999e-01,1,100,0,1,25,B,3.0573474763779494e-02,3.4407247714310549e-03,7.9922059148507827e-14,4.6140868903421506e-13,1.1242989667543041e-15,6.4908401742838669e-15,3.9476988980801273e+01,-3.6187457422325506e-05,nan,nan,3.3136687838108969e-14,nan,nan,nan,9.9996457980046383e-01,9.9996313662228964e-01,2.3007782671884496e-03,1.7324311243752921e+00,nan,nan,nan,nan,nan,3.5543424020002021e+00,3.2559759070400082e+02,1.8839345680999941e+01,41,1218,1006,18629,0
exp4_repeat,s1_p3,B_l2c,B,3,3,8,abc,0,0.0000000000000000e+00,2.9999999999999999e-01,1,100,0,1,30,A,2.9989457724287672e-02,3.3749997627350297e-03,6.4245809682626567e-14,4.2632564145606011e-13,9.0377422971864873e-16,5.9973114218599906e-15,3.9476213973326580e+01,-5.5818626089232298e-05,nan,nan,3.9114544936325046e-14,nan,nan,nan,9.9994494861673422e-01,9.9994494861673422e-01,3.0172236181952136e-03,2.2272626413933430e+00,nan,nan,nan,nan,nan,3.5543424020002021e+00,3.8527222817000052e+02,6.5211878639997849e+00,40,246,1208,21803,0
exp4_repeat,s1_p3,B_l2c,B,3,3,8,abc,0,0.0000000000000000e+00,2.9999999999999999e-01,1,100,0,1,35,B,3.1547867573801770e-02,3.5503824895822093e-03,8.0308797819660152e-14,4.1744385725905886e-13,1.1297393907500442e-15,5.8723674339045571e-15,3.9475450073102365e+01,-7.5168444814743669e-05,nan,nan,4.6226911187829955e-14,nan,nan,nan,9.9992559878316190e-01,9.9992415566124615e-01,2.4567036265206385e-03,1.7876446205347132e+00,nan,nan,nan,nan,nan,3.5543424020002021e+00,4.5588023578800062e+02,1.9303583020000133e+01,41,1218,1411,25949,0
exp4_repeat,s1_p3,B_l2c,B,3,3,8,abc,0,0.0000000000000000e+00,2.9999999999999999e-01,1,100,0,1,40,A,3.0886764762476246e-02,3.4759822836205037e-03,6.4349123720744178e-14,3.4283687000424834e-13,9.0522759400310736e-16,4.8228379350790759e-15,3.9474642693895390e+01,-9.5619599039477386e-05,nan,nan,5.2270687778133151e-14,nan,nan,nan,9.9990514761324523e-01,9.9990514761324523e-01,3.1294944058130789e-03,2.2939040079158914e+00,nan,nan,nan,nan,nan,3.5543424020002021e+00,5.1231479371000046e+02,6.1286897709996992e+00,40,246,1613,29123,0
exp4_repeat,s1_p3,B_l2c,B,3,3,8,abc,0,0.0000000000000000e+00,2.9999999999999999e-01,1,100,0,1,45,B,3.2309293244228134e-02,3.6360729839104247e-03,7.9576952599408745e-14,4.5474735088646412e-13,1.1194442002392013e-15,6.3971321833173047e-15,3.9473859926134104e+01,-1.1544733806213286e-04,nan,nan,5.9407340158301736e-14,nan,nan,nan,9.9988531985900908e-01,9.9988387679522517e-01,2.5768954618709842e-03,1.8307904369830192e+00,nan,nan,nan,nan,nan,3.5543424020002021e+00,5.8687452552900072e+02,2.0244274265000058e+01,41,1218,1816,33269,0
exp4_repeat,s1_p3,B_l2c,B,3,3,8,abc,0,0.0000000000000000e+00,2.9999999999999999e-01,1,100,0,1,50,A,3.1639751109729275e-02,3.5607230204049347e-03,6.3939985345740443e-14,3.9790393202565610e-13,8.9947206346276571e-16,5.5974906604026583e-15,3.9473049419973719e+01,-1.3597769894201753e-04,nan,nan,6.5371319468709999e-14,nan,nan,nan,9.9986478948237656e-01,9.9986478948237656e-01,3.2232011863708842e-03,2.3498269384381616e+00,nan,nan,nan,nan,nan,3.5543424020002021e+00,6.4396207511300122e+02,5.8717781330001344e+00,40,246,2018,36443,0
exp4_repeat,s1_p3,B_l2c,B,3,3,8,abc,0,0.0000000000000000e+00,2.9999999999999999e-01,1,100,0,1,55,B,3.2992126731517836e-02,3.7129187501385975e-03,7.9096252512979187e-14,3.9790393202565610e-13,1.1126819794424722e-15,5.5974906604026418e-15,3.9472259386496866e+01,-1.5598948068998658e-04,nan,nan,7.2723077559899707e-14,nan,nan,nan,9.9984477768527380e-01,9.9984333468000153e-01,2.6830899046315321e-03,1.8694828654781888e+00,nan,nan,nan,nan,nan,3.5543424020002021e+00,7.1610661825300144e+02,2.0028044325999872e+01,41,1218,2221,40589,0
exp4_repeat,s1_p3,B_l2c,B,3,3,8,abc,0,0.0000000000000000e+00,2.9999999999999999e-01,1,100,0,1,60,A,3.2336933504846684e-02,3.6391836061126473e-03,6.4198547365210322e-14,3.4106051316484809e-13,9.0310936978881672e-16,4.7978491374879930e-15,3.9471451746839243e+01,-1.7644723220669703e-04,nan,nan,7.8499706734902475e-14,nan,nan,nan,9.9982431991806020e-01,9.9982431991806020e-01,3.3095928236644076e-03,2.4016054106318938e+00,nan,nan,nan,nan,nan,3.5543424020002021e+00,7.7643983965900065e+02,6.2956360139996832e+00,40,246,2423,43763,0
exp4_repeat,s1_p3,B_l2c,B,3,3,8,abc,0,0.0000000000000000e+00,2.9999999999999999e-01,1,100,0,1,65,B,3.3645673141904184e-02,3.7864685622181903e-03,7.9061156520915489e-14,4.8316906031686813e-13,1.1121882685942431e-15,6.7969529447746362e-15,3.9470657140521027e+01,-1.9657484537952935e-04,nan,nan,8.5865342613899998e-14,nan,nan,nan,9.9980419228944373e-01,9.9980274934274549e-01,2.7832611353564517e-03,1.9065157559600521e+00,nan,nan,nan,nan,nan,3.5543424020002021e+00,8.4886007690400106e+02,2.0203054495999822e+01,41,1218,2626,47909,0
exp4_repeat,s1_p3,B_l2c,B,3,3,8,abc,0,0.0000000000000000e+00,2.9999999999999999e-01,1,100,0,1,70,A,3.3013178762455311e-02,3.7152879360062624e-03,6.4377108821570842e-14,3.9790393202565610e-13,9.0562127279816288e-16,5.5974906604026583e-15,3.9469853294242704e+01,-2.1693650947608069e-04,nan,nan,9.1766871879173095e-14,nan,nan,nan,9.9978383060972398e-01,9.9978383060972398e-01,3.3930715935217293e-03,2.4518289195908873e+00,nan,nan,nan,nan,nan,3.5543424020002021e+00,9.0592145252800105e+02,6.5366307690001122e+00,40,246,2828,51083,0
exp4_repeat,s1_p3,B_l2c,B,3,3,8,abc,0,0.0000000000000000e+00,2.9999999999999999e-01,1,100,0,1,75,B,3.4290279120051594e-02,3.8590122221705062e-03,7.9537623586719539e-14,4.0678571622265736e-13,1.1188909416169757e-15,5.7224346483580572e-15,3.9469055122191087e+01,-2.3715444373109836e-04,nan,nan,9.9174141121594062e-14,nan,nan,nan,9.9976361265995606e-01,9.9976216977182342e-01,2.8807026323907380e-03,1.9430420411837372e+00,nan,nan,nan,nan,nan,3.5543424020002021e+00,9.7850550506100149e+02,2.0139472861999820e+01,41,1218,3031,55229,0
exp4_repeat,s1_p3,B_l2c,B,3,3,8,abc,0,0.0000000000000000e+00,2.9999999999999999e-01,1,100,0,1,80,A,3.3683563546193285e-02,3.7907327308691068e-03,6.5032389156673437e-14,5.1159076974727213e-13,9.1483939119425298e-16,7.1967737062319890e-15,3.9468254742285183e+01,-2.5742830358853189e-04,nan,nan,1.0513118153809842e-13,nan,nan,nan,9.9974333878454269e-01,9.9974333878454269e-01,3.4755325968168597e-03,2.5016171817830677e+00,nan,nan,nan,nan,nan,3.5543424020002021e+00,1.0364969667790012e+03,6.4284251809999660e+00,40,246,3233,58403,0
exp4_repeat,s1_p3,B_l2c,B,3,3,8,abc,0,0.0000000000000000e+00,2.9999999999999999e-01,1,100,0,1,85,B,3.4935018775191978e-02,3.9315709260700563e-03,7.9016944724021532e-14,4.5474735088646412e-13,1.1115663216862704e-15,6.3971321833173047e-15,3.9467453574242128e+01,-2.7772212719319841e-04,nan,nan,1.1231987562254631e-13,nan,nan,nan,9.9972304494536690e-01,9.9972160211578287e-01,2.9768916612844189e-03,1.9795759011494181e+00,nan,nan,nan,nan,nan,3.5543424020002021e+00,1.1058345144130010e+03,1.9061762337999880e+01,41,1218,3436,62549,0
exp4_repeat,s1_p3,B_l2c,B,3,3,8,abc,0,0.0000000000000000e+00,2.9999999999999999e-01,1,100,0,1,90,A,3.4355056414988677e-02,3.8663022291140618e-03,6.4883694691721294e-14,4.1922021409845911e-13,9.1274764036739887e-16,5.8973562314956573e-15,3.9466655997498023e+01,-2.9792498213278615e-04,nan,nan,1.1820405765305964e-13,nan,nan,nan,9.9970284207492599e-01,9.9970284207492599e-01,3.5578495282960420e-03,2.5514877394430275e+00,nan,nan,nan,nan,nan,3.5543424020002021e+00,1.1647654518770003e+03,6.5598853749997943e+00,40,246,3638,65723,0
exp4_repeat,s1_p3,B_l2c,B,3,3,8,abc,0,0.0000000000000000e+00,2.9999999999999999e-01,1,100,0,1,95,B,3.5584191295610405e-02,4.0046285025867497e-03,7.9371054243664246e-14,4.2277292777725961e-13,1.1165477369712843e-15,5.9473338266778066e-15,3.9465852200341132e+01,-3.1828540196892290e-04,nan,nan,1.2516029879172663e-13,nan,nan,nan,9.9968248163946760e-01,9.9968103886842563e-01,3.0725413438911493e-03,2.0163609472768673e+00,nan,nan,nan,nan,nan,3.5543424020002021e+00,1.2371370162340002e+03,1.9358960254999602e+01,41,1218,3841,69869,0
exp4_repeat,s1_p3,B_l2c,B,3,3,8,abc,0,0.0000000000000000e+00,2.9999999999999999e-01,1,100,0,1,100,A,3.5031068980535256e-02,3.9423803719501639e-03,6.4239276211547722e-14,3.5749181392930041e-13,9.0368232049031383e-16,5.0289955152055135e-15,3.9465056695069869e+01,-3.3843578588844833e-04,nan,nan,1.3124223929850132e-13,nan,nan,nan,9.9966233124008697e-01,9.9966233124008697e-01,3.6404502806516147e-03,2.6016939667845431e+00,nan,nan,nan,nan,nan,3.5543424020002021e+00,1.2945859681180011e+03,6.5205381320001834e+00,40,246,4043,73043,0
exp4_repeat,s2,A_pt,A,2,2,8,abc,1,0.0000000000000000e+00,2.9999999999999999e-01,1,100,0,1,0,A,2.0254441727229264e-01,2.2739601054497086e-02,8.4790861886317085e-14,4.4053649617126212e-13,1.1899305830839918e-15,6.1823625576736998e-15,3.9658128469587318e+01,-2.5937850288692903e-04,1.2556590281248958e+01,1.2559878392954451e+01,8.8817841970012523e-16,1.4136671625649608e+00,1.7228396484440912e-15,8.0948539144800970e-11,1.0000000000000000e+00,1.0000000000000000e+00,0.0000000000000000e+00,1.0000000000000000e+00,1.0000000000000000e+00,1.0000000000000000e+00,0.0000000000000000e+00,1.0000000000000000e+00,1.0000000000000000e+00,1.4443176299999982e-01,0.0000000000000000e+00,0.0000000000000000e+00,0,0,0,0,0
exp4_repeat,s2,A_pt,A,2,2,8,abc,1,0.0000000000000000e+00,2.9999999999999999e-01,1,100,0,1,1,B,2.6175126603533871e-01,2.9386736229571477e-02,8.7669754688275486e-14,4.2277292777725961e-13,1.2303321371460728e-15,5.9330737448642655e-15,3.9642853623194945e+01,-6.4444166685581345e-04,1.2547181669076290e+01,1.2553345113063028e+01,9.4368957093138306e-16,1.4132053988849356e+00,1.0328829293018067e-03,1.2641083481807979e-03,9.9961483693301145e-01,9.9955186866234691e-01,0.0000000000000000e+00,1.1783019412847169e+00,9.9925070325925036e-01,9.9929280471914661e-01,-7.0694575949395053e-04,9.9965601489087252e-01,9.9967335756799536e-01,1.4443176299999982e-01,4.3305001000000232e-02,4.3305001000000232e-02,0,0,0,0,0
exp4_repeat,s2,A_pt,A,2,2,8,abc,1,0.0000000000000000e+00,2.9999999999999999e-01,1,100,0,1,2,A,3.0427062915655451e-01,3.4160372390413807e-02,8.7077551170851405e-14,4.4231285301066237e-13,1.2220213232079218e-15,6.2072914389546422e-15,3.9649178863433221e+01,-4.8498886736776301e-04,1.2545158370067346e+01,1.2553461458905005e+01,1.2212453270876722e-15,1.4131051332384290e+00,7.4556018723932914e-03,8.5377464517191366e-03,9.9977433110185820e-01,9.9977433110185820e-01,2.5402641440700209e-02,1.5022414996879683e+00,9.9908956882994870e-01,9.9908956882994870e-01,-9.1019282384331983e-04,9.9960243164627793e-01,9.9960243164627793e-01,1.4443176299999982e-01,8.3855565999999992e-02,4.0550564999999761e-02,0,0,0,0,0
exp4_repeat,s2,A_pt,A,2,2,8,abc,1,0.0000000000000000e+00,2.9999999999999999e-01,1,100,0,1,5,B,6.0457067488556537e-01,6.7874968568814906e-02,9.0143785152526371e-14,4.2632564145606011e-13,1.2650519695360379e-15,5.9829315074261505e-15,3.9815010653059957e+01,3.6954599541783799e-03,1.2554354885598901e+01,1.2586525546426579e+01,4.9960036108132044e-16,1.4138593086360420e+00,1.1752763684771433e-02,1.4330077137640720e-02,1.0039558645232829e+00,1.0038926228002945e+00,6.0059580142958563e-02,2.7215409906185415e+00,9.9982197430990516e-01,9.9986409983918179e-01,-1.3585221084766151e-04,1.0001185696025976e+00,1.0001359203044178e+00,1.4443176299999982e-01,2.0601647199999951e-01,4.0763661999999812e-02,0,0,0,0,0
exp4_repeat,s2,A_pt,A,2,2,8,abc,1,0.0000000000000000e+00,2.9999999999999999e-01,1,100,0,1,10,A,1.2613013384416669e+00,1.4160592344102213e-01,8.6054231311192853e-14,4.2454928461665986e-13,1.2076603464446768e-15,5.9580026261452183e-15,4.0611530700316045e+01,2.3774910947166647e-02,1.2614223080279976e+01,1.2761326309433356e+01,4.9960036108132044e-16,1.4193007693901780e+00,3.1388331826087489e-02,4.7026313920191493e-02,1.0240405250454485e+00,1.0240405250454485e+00,1.3978380889421926e-01,6.2272826643551653e+00,1.0045898446744004e+00,1.0045898446744004e+00,4.5886430766198154e-03,1.0039851012843755e+00,1.0039851012843755e+00,1.4443176299999982e-01,4.2448645300000054e-01,4.2533095999999659e-02,0,0,0,0,0
exp4_repeat,s2,A_pt,A,2,2,8,abc,1,0.0000000000000000e+00,2.9999999999999999e-01,1,100,0,1,15,B,3.2595164596072039e+00,3.6594493652417154e-01,9.0223546388789338e-14,3.5349501104064984e-13,1.2661713157988599e-15,4.9608473749075161e-15,4.5293508475001310e+01,1.4180275418967014e-01,1.2666510860283919e+01,1.3602683441396193e+01,7.2164496600635175e-16,1.4322025908286660e+00,6.0659529610097837e-02,1.0115207190776347e-01,1.1420989901158751e+00,1.1420270464074804e+00,3.6461536387347887e-01,1.4673069705367263e+01,1.0087540149493535e+00,1.0087965168125668e+00,8.7934131170353796e-03,1.0130940170436882e+00,1.0131115928519372e+00,1.4443176299999982e-01,5.9776712700000134e-01,3.4686757000000235e-02,0,0,0,0,0
exp4_repeat,s2,A_pt,A,2,2,8,abc,1,0.0000000000000000e+00,2.9999999999999999e-01,1,100,0,1,20,A,7.0913987080488221e+00,7.9614920870724715e-01,9.5336572306564903e-14,4.2277292777725961e-13,1.3379260518200565e-15,5.9330737448642758e-15,6.5418082459305566e+01,6.4912256172577021e-01,1.2751161211038760e+01,1.6916601769055198e+01,6.6613381477509392e-16,1.4810878599460449e+00,1.2576972255283286e-01,2.1499344822521602e-01,1.6495504196440540e+00,1.6495504196440540e+00,7.9594918988180852e-01,3.5011573281308607e+01,1.0154955227041500e+00,1.0154955227041500e+00,1.5491466055829583e-02,1.0476920587578449e+00,1.0476920587578449e+00,1.4443176299999982e-01,7.7260674100000104e-01,3.4130869000000175e-02,0,0,0,0,0
exp4_repeat,s2,A_pt,A,2,2,8,abc,1,0.0000000000000000e+00,2.9999999999999999e-01,1,100,0,1,25,B,1.6555111056096393e+01,1.8586373591449423e+00,1.1881694382876151e-13,5.4445337127617677e-13,1.6674428364695197e-15,7.6407021126088128e-15,1.7759521522366188e+02,3.4769926795404542e+00,1.2782537800136856e+01,3.1351306567501542e+01,5.5511151231257827e-16,1.6643990597462324e+00,2.7099382902963493e-01,3.9854575085435545e-01,4.4781542164768204e+00,4.4778721261992835e+00,1.8588484248715382e+00,7.4524642386825576e+01,1.0179943371430467e+00,1.0180372283290324e+00,1.8030864211716905e-02,1.1773423258691529e+00,1.1773627511629703e+00,1.4443176299999982e-01,9.4457667700000014e-01,3.4138616999999982e-02,0,0,0,0,0
exp4_repeat,s2,A_pt,A,2,2,8,abc,1,0.0000000000000000e+00,2.9999999999999999e-01,1,100,0,1,30,A,3.8292517419516422e+01,4.2990894600741978e+00,2.0351773638842916e-13,1.8314239014216582e-12,2.8561094125132082e-15,2.5701676600651550e-14,7.7442726639251009e+02,1.8522514714764981e+01,1.2628674437359118e+01,9.2019808848910131e+01,3.3306690738754696e-16,2.3384564874986449e+00,5.7958933785311917e-01,6.1205449629931485e-01,1.9527579749165323e+01,1.9527579749165323e+01,4.2996058487009394e+00,1.8905738274700252e+02,1.0057407428685321e+00,1.0057407428685321e+00,5.7392399715108563e-03,1.6541775528376454e+00,1.6541775528376454e+00,1.4443176299999982e-01,1.1426283250000000e+00,4.3396644999999623e-02,0,0,0,0,0
exp4_repeat,s2,A_pt,A,2,2,8,abc,1,0.0000000000000000e+00,2.9999999999999999e-01,1,100,0,1,35,B,8.8699916530174221e+01,9.9583130585711199e+00,4.0333054715227668e-13,3.0411229090532288e-12,5.6602249637698473e-15,4.2678244752973207e-14,3.9765378820081473e+03,9.9244429250218928e+01,1.2084562083325746e+01,3.8675165408963716e+02,3.3306690738754696e-16,4.3368559364956099e+00,1.3685980712391719e+00,7.2532452729331665e-01,1.0027043724611565e+02,1.0026412095728230e+02,9.9613418187460372e+00,3.9929237180914402e+02,9.6240793182301232e-01,9.6244848098531299e-01,-3.7538269624701560e-02,3.0677523069567707e+00,3.0678055283018733e+00,1.4443176299999982e-01,1.3625712760000019e+00,4.4140957999999841e-02,0,0,0,0,0
exp4_repeat,s2,A_pt,A,2,2,8,abc,1,0.0000000000000000e+00,2.9999999999999999e-01,1,100,0,1,40,A,2.1457557797638108e+02,2.4090335862782215e+01,9.4091667048659228e-13,6.4801497501321137e-12,1.3204554092712152e-14,9.0940558912877642e-14,2.3068183096378591e+04,5.8052516509366978e+02,6.2722574030103493e+00,2.0577830016522230e+03,8.8817841970012523e-16,9.5803124037833456e+00,3.1478492522463517e+00,7.5538931001782128e-01,5.8167603935392253e+02,5.8167603935392253e+02,2.4093463682917836e+01,1.0594001101887407e+03,4.9951915787017864e-01,4.9951915787017864e-01,-5.0034981881383889e-01,6.7769222186648275e+00,6.7769222186648275e+00,1.4443176299999982e-01,1.5709255080000015e+00,4.3461280999999019e-02,0,0,0,0,0
exp4_repeat,s2,A_pt,A,2,2,8,abc,1,0.0000000000000000e+00,2.9999999999999999e-01,1,100,0,1,45,B,5.1237664402759981e+02,5.7524372341332928e+01,2.2940406200252269e-12,2.4442670110147446e-11,3.2193906653111660e-14,3.4302140642576592e-13,1.3132199807190296e+05,3.3094924774583828e+03,4.0811483002405716e+01,1.1877433103043863e+04,1.2767564783189300e-15,2.3176036620276939e+01,8.3090855008444962e+00,7.7144662341954073e-01,3.3113513708194787e+03,3.3111427804087730e+03,5.7542772393221895e+01,2.3065194811518495e+03,3.2502042424168631e+00,3.2503411833698399e+00,2.2495471902446318e+00,1.6393982380106472e+01,1.6394266793483613e+01,1.4443176299999982e-01,1.7530546250000039e+00,3.6281792000000479e-02,0,0,0,0,0
exp4_repeat,s2,A_pt,A,2,2,8,abc,1,0.0000000000000000e+00,2.9999999999999999e-01,1,100,0,1,50,A,1.3391019448077063e+03,1.5034057421238020e+02,5.8237864233684570e-12,4.9112713895738125e-11,8.1729344652808148e-14,6.8923370965549370e-13,8.9668506101578567e+05,2.2603507947836268e+04,2.0109360875871090e+02,8.0159700720764260e+04,3.9412917374193057e-15,5.9857857505747532e+01,2.1263159313146936e+01,7.7028824447768918e-01,2.2610372592429008e+04,2.2610372592429008e+04,1.5036008221758888e+02,6.6113989358071076e+03,1.6014985298915786e+01,1.6014985298915786e+01,1.5011054452822016e+01,4.2342256431238951e+01,4.2342256431238951e+01,1.4443176299999982e-01,1.9277340180000018e+00,3.6187088000000145e-02,0,0,0,0,0
exp4_repeat,s2,A_pt,A,2,2,8,abc,1,0.0000000000000000e+00,2.9999999999999999e-01,1,100,0,1,55,B,3.4595302159053990e+03,3.8840042102917221e+02,1.6541488644161859e-11,1.4551915228366852e-10,2.3213849687970974e-13,2.0421739545347926e-12,5.9843405090759015e+06,1.5085806800624545e+05,6.0733330568364563e+03,5.7261607559934945e+05,4.4408920985006262e-15,1.6551615799758065e+02,6.2781191859889397e+01,7.9085006343140196e-01,1.5089820775746190e+05,1.5088870229712076e+05,3.8852548992295658e+02,1.5573453496817554e+04,4.8367693146011959e+02,4.8369731023480171e+02,4.8252699901767818e+02,1.1708080299895694e+02,1.1708283419222087e+02,1.4443176299999982e-01,2.0993599370000000e+00,3.5014635999999655e-02,0,0,0,0,0
exp4_repeat,s2,A_pt,A,2,2,8,abc,1,0.0000000000000000e+00,2.9999999999999999e-01,1,100,0,1,60,A,1.0064941438704966e+04,1.1299879603461964e+03,4.4115159433452033e-11,4.5065462472848594e-10,6.1909946684905590e-13,6.3243574654499475e-12,5.0651939373010740e+07,1.2768822847884211e+06,3.4688602368384956e+04,4.7797833114537522e+06,1.2823075934420558e-14,4.7489234863367574e+02,1.7664613193228001e+02,7.8579809370079323e-01,1.2772145667906206e+06,1.2772145667906206e+06,1.1301345396212648e+03,4.9692514729616370e+04,2.7625813689394831e+03,2.7625813689394831e+03,2.7608584011096373e+03,3.3592939074288887e+02,3.3592939074288887e+02,1.4443176299999982e-01,2.3261691930000010e+00,4.8096869000000098e-02,0,0,0,0,0
exp4_repeat,s2,A_pt,A,2,2,8,abc,1,0.0000000000000000e+00,2.9999999999999999e-01,1,100,0,1,65,B,2.8525680639895276e+04,3.2025696205053750e+03,1.3306482988413755e-10,1.1477823136374354e-09,1.8673935739006219e-12,1.6107647066393175e-11,4.0685826404441869e+08,1.0256477292184934e+07,5.6025587315634103e+05,4.0782910142317936e+07,8.9539486936018875e-14,1.4296892242483368e+03,5.5374536986688645e+02,8.0280856173376147e-01,1.0259139292375499e+07,1.0258493043204440e+07,3.2036019119117764e+03,1.2841147010887264e+05,4.4618472101696578e+04,4.4620352013121905e+04,4.4603608863144706e+04,1.0113161424179373e+03,1.0113336873824709e+03,1.4443176299999982e-01,2.7673303880000004e+00,8.7714098999999379e-02,0,0,0,0,0
exp4_repeat,s2,A_pt,A,2,2,8,abc,1,0.0000000000000000e+00,2.9999999999999999e-01,1,100,0,1,70,A,8.9805277508165862e+04,1.0082411604456742e+04,3.9448798084159092e-10,4.1909515857696533e-09,5.5361309299087493e-12,5.8814609890602133e-11,4.0324971267610588e+09,1.0165510324388857e+08,2.7654938704987778e+06,3.9001848335879892e+08,1.3072876114961218e-13,4.3429332862994506e+03,1.6479559541664053e+03,7.9316022155813737e-01,1.0168147823348409e+08,1.0168147823348409e+08,1.0083719440100396e+04,4.4338559767576918e+05,2.2024242318621741e+05,2.2024242318621741e+05,2.2018376511191478e+05,3.0721045245329337e+03,3.0721045245329337e+03,1.4443176299999982e-01,3.2246478900000026e+00,8.9008625000001729e-02,0,0,0,0,0
exp4_repeat,s2,A_pt,A,2,2,8,abc,1,0.0000000000000000e+00,2.9999999999999999e-01,1,100,0,1,75,B,2.7039487202008744e+05,3.0357151284266427e+04,1.2608232162795727e-09,1.3969838619232178e-08,1.7694030601138271e-11,1.9604869963534010e-10,3.6556701760426659e+10,9.2155684366755831e+08,4.3813573508523427e+07,3.6755419050882411e+09,3.1025182423150000e-13,1.3593236653179152e+04,5.2690672972958855e+03,8.0344132432109860e-01,9.2179593871811032e+08,9.2173787245696449e+08,3.0366937584257023e+04,1.2172120786292085e+06,3.4892890925931726e+06,3.4894361069153235e+06,3.4882039213927793e+06,9.6154181075924444e+03,9.6155849220657801e+03,1.4443176299999982e-01,3.6739375650000090e+00,8.9435228000002809e-02,0,0,0,0,0
exp4_repeat,s2,A_pt,A,2,2,8,abc,1,0.0000000000000000e+00,2.9999999999999999e-01,1,100,0,1,80,A,8.8310908656570385e+05,9.9146392611298710e+04,3.7920290904361712e-09,3.7252902984619141e-08,5.3216246258988979e-11,5.2279653236090783e-10,3.8994085719641718e+11,9.8300078678690529e+09,1.7789290251749966e+08,3.7489701820670174e+10,1.6598389329658403e-12,4.2451947391535767e+04,1.6199996282403086e+04,7.9150202975016559e-01,9.8325582231005096e+09,9.8325582231005096e+09,9.9159253334240886e+04,4.3600761672857525e+06,1.4167293710550640e+07,1.4167293710550640e+07,1.4163583786026113e+07,3.0029662225803462e+04,3.0029662225803462e+04,1.4443176299999982e-01,4.1150272130000003e+00,8.8111647999998155e-02,0,0,0,0,0
exp4_repeat,s2,A_pt,A,2,2,8,abc,1,0.0000000000000000e+00,2.9999999999999999e-01,1,100,0,1,85,B,2.7467684435070036e+06,3.0837887035149318e+05,1.1696141416972437e-08,1.1920928955078125e-07,1.6414028665955490e-10,1.6729489035549021e-09,3.7723685132818442e+12,9.5097529497314636e+10,3.3811224317775731e+09,3.7172978960800031e+11,3.2116531656356528e-12,1.3533349960076067e+05,5.2056369581274368e+04,7.9709150713432508e-01,9.5122202152700317e+10,9.5116210164236298e+10,3.0847828437279654e+05,1.2364878452228552e+07,2.6927074596251500e+08,2.6928209115494311e+08,2.6918707872738504e+08,9.5730561883557515e+04,9.5732222679071972e+04,1.4443176299999982e-01,4.4604580209999929e+00,7.1861818999998661e-02,0,0,0,0,0
exp4_repeat,s2,A_pt,A,2,2,8,abc,1,0.0000000000000000e+00,2.9999999999999999e-01,1,100,0,1,90,A,9.1101995981034227e+06,1.0227993798970563e+06,4.1748610418224947e-08,4.7683715820312500e-07,5.8588799821978791e-10,6.6917956142196200e-09,4.1497868611323359e+13,1.0461185778866384e+12,1.0455135452917511e+10,3.9123761633179253e+12,2.1782409209691878e-11,4.2945010252257943e+05,1.6365090436459021e+05,7.8450430931114634e-01,1.0463899889564099e+12,1.0463899889564099e+12,1.0229320517919261e+06,4.4978774141456753e+07,8.3264128387866592e+08,8.3264128387866592e+08,8.3242330166395557e+08,3.0378445074962638e+05,3.0378445074962638e+05,1.4443176299999982e-01,4.8040961329999936e+00,7.0188867000002375e-02,0,0,0,0,0
exp4_repeat,s2,A_pt,A,2,2,8,abc,1,0.0000000000000000e+00,2.9999999999999999e-01,1,100,0,1,95,B,2.8864566063846540e+07,3.2406161855384465e+06,1.3291337922052682e-07,1.3262033462524414e-06,1.8652681588211007e-09,1.8611556552048286e-08,4.1658158766765838e+14,1.0501593278121049e+13,2.7474295605141843e+11,3.9940221880526180e+13,7.8216544352471828e-11,1.3837111481763788e+06,5.2636612009430944e+05,7.8741703045616507e-01,1.0504317872365633e+13,1.0503656178774766e+13,3.2416608844319638e+06,1.2993699989508182e+08,2.1880379139367023e+10,2.1881301026038555e+10,2.1873580594593216e+10,9.7879273121762020e+05,9.7880971194504527e+05,1.4443176299999982e-01,5.1472566429999871e+00,6.5992483999998797e-02,0,0,0,0,0
exp4_repeat,s2,A_pt,A,2,2,8,abc,1,0.0000000000000000e+00,2.9999999999999999e-01,1,100,0,1,100,A,9.6393849604654387e+07,1.0822108620107025e+07,4.0451368133557982e-07,5.2303075790405273e-06,5.6768287288134546e-09,7.3400633143471462e-08,4.6458871231437050e+15,1.1711803504441608e+14,6.1858226992216797e+11,4.2780087784318138e+14,8.0035533756017685e-11,4.4380515923987813e+06,1.6826928686478250e+06,7.7505793789294142e-01,1.1714842082642661e+14,1.1714842082642661e+14,1.0823512404361591e+07,4.7591462111279196e+08,4.9263554521318649e+10,4.9263554521318649e+10,4.9250657574567703e+10,3.1393893201468801e+06,3.1393893201468801e+06,1.4443176299999982e-01,5.4978801489999887e+00,7.1141440999998196e-02,0,0,0,0,0
exp4_repeat,s2,A_int,A,2,2,8,abc,1,0.0000000000000000e+00,2.9999999999999999e-01,1,100,4,1,0,A,2.0254441727229264e-01,2.2739601054497086e-02,8.4790861886317085e-14,4.4053649617126212e-13,1.1899305830839918e-15,6.1823625576736998e-15,3.9658128469587318e+01,-2.5937850288692903e-04,1.2556590281248958e+01,1.2559878392954451e+01,8.8817841970012523e-16,1.4136671625649608e+00,1.7228396484440912e-15,8.0948539144800970e-11,1.0000000000000000e+00,1.0000000000000000e+00,0.0000000000000000e+00,1.0000000000000000e+00,1.0000000000000000e+00,1.0000000000000000e+00,0.0000000000000000e+00,1.0000000000000000e+00,1.0000000000000000e+00,9.2852796400000059e-01,0.0000000000000000e+00,0.0000000000000000e+00,0,0,0,0,0
exp4_repeat,s2,A_int,A,2,2,8,abc,1,0.0000000000000000e+00,2.9999999999999999e-01,1,100,4,1,1,B,2.6168689054412209e-01,2.9379508812456417e-02,8.8194300054863114e-14,4.2454928461665986e-13,1.2376934560433200e-15,5.9580026261452080e-15,3.9642395144371292e+01,-6.5599944635247862e-04,1.2547041409354462e+01,1.2553197847076111e+01,4.9960036108132044e-16,1.4131970316252733e+00,7.5353119228236190e-04,9.6982536533390398e-04,9.9960327615489741e-01,9.9954030861247556e-01,0.0000000000000000e+00,1.1780121479728425e+00,9.9923953305151991e-01,9.9928163404078152e-01,-7.1811249648264202e-04,9.9965009616068934e-01,9.9966743873513020e-01,9.2852796400000059e-01,2.6834550600000284e-01,2.6834550600000284e-01,0,0,0,0,0
exp4_repeat,s2,A_int,A,2,2,8,abc,1,0.0000000000000000e+00,2.9999999999999999e-01,1,100,4,1,2,A,2.5943049363932863e-01,2.9126183807864383e-02,8.6835567490858218e-14,3.6948222259525210e-13,1.2186253937996660e-15,5.1852073064360063e-15,3.9627438818256635e+01,-1.0330330417892149e-03,1.2542256953592307e+01,1.2548314966924510e+01,2.7755575615628914e-16,1.4129150848222514e+00,5.6047339926915520e-03,6.4258762497634353e-03,9.9922614473967886e-01,9.9922614473967886e-01,1.8073992573828399e-02,1.2808572911222758e+00,9.9885850160468681e-01,9.9885850160468681e-01,-1.1411995568915085e-03,9.9946799518116780e-01,9.9946799518116780e-01,9.2852796400000059e-01,5.4179428400000518e-01,2.7344877800000233e-01,0,0,0,0,0
exp4_repeat,s2,A_int,A,2,2,8,abc,1,0.0000000000000000e+00,2.9999999999999999e-01,1,100,4,1,5,B,3.0572535421279673e-01,3.4323693936711697e-02,8.8245215228127592e-14,4.0167869030938164e-13,1.2384079849496503e-15,5.6370432796530755e-15,3.9619582842490288e+01,-1.2310741092373919e-03,1.2535470726309255e+01,1.2544265647462229e+01,1.1657341758564144e-15,1.4125999328073351e+00,5.0349671997374059e-03,6.4967739360755998e-03,9.9902805229130798e-01,9.9896512098369439e-01,1.4895492856778643e-02,1.3762561068960062e+00,9.9831805016595609e-01,9.9836011233035160e-01,-1.6393090642593494e-03,9.9922772767461698e-01,9.9924506292153714e-01,9.2852796400000059e-01,1.4219763900000046e+00,3.2902082900000096e-01,0,0,0,0,0
exp4_repeat,s2,A_int,A,2,2,8,abc,1,0.0000000000000000e+00,2.9999999999999999e-01,1,100,4,1,10,A,3.0563877042118598e-01,3.4313973200364001e-02,8.8319661048145633e-14,4.4053649617126212e-13,1.2394527361887778e-15,6.1823625576736998e-15,3.9609829370170161e+01,-1.4769491128084043e-03,1.2532335846546546e+01,1.2541534691096839e+01,8.8817841970012523e-16,1.4124670191528190e+00,9.8096233688600067e-03,1.2930965199770062e-02,9.9878211349650059e-01,9.9878211349650059e-01,2.5558004490768817e-02,1.5089962712242886e+00,9.9806839005182546e-01,9.9806839005182546e-01,-1.9311042626031739e-03,9.9915104244908381e-01,9.9915104244908381e-01,9.2852796400000059e-01,3.1589936500000064e+00,3.5092468799999921e-01,0,0,0,0,0
exp4_repeat,s2,A_int,A,2,2,8,abc,1,0.0000000000000000e+00,2.9999999999999999e-01,1,100,4,1,15,B,3.5690410320553145e-01,4.0069516755409706e-02,8.8912146605834739e-14,5.2580162446247414e-13,1.2477675081989373e-15,7.3789488591589188e-15,3.9613863879510205e+01,-1.3752432827376455e-03,1.2528338036982811e+01,1.2541131352254601e+01,7.2164496600635175e-16,1.4123494113092148e+00,8.8150686077056728e-03,1.5088717541882618e-02,9.9888384571372146e-01,9.9882092349004548e-01,2.5304087166463256e-02,1.6066428408517495e+00,9.9775000667909530e-01,9.9779204491009754e-01,-2.2071760519614320e-03,9.9905051682992807e-01,9.9906784900248014e-01,9.2852796400000059e-01,4.8945893420000104e+00,3.4977546700000062e-01,0,0,0,0,0
exp4_repeat,s2,A_int,A,2,2,8,abc,1,0.0000000000000000e+00,2.9999999999999999e-01,1,100,4,1,20,A,3.6809784357663028e-01,4.1326234633761422e-02,8.9343753388503874e-14,4.3165471197426086e-13,1.2538245537241174e-15,6.0577181512689882e-15,3.9613512489056703e+01,-1.3841014745870736e-03,1.2526951923035663e+01,1.2541363388337574e+01,4.4408920985006262e-16,1.4123817464005408e+00,1.3110748923693882e-02,2.0840688894184421e-02,9.9887498522365148e-01,9.9887498522365148e-01,3.4402644284479068e-02,1.8173684988896743e+00,9.9763961732051132e-01,9.9763961732051132e-01,-2.3597647434167503e-03,9.9909072220218531e-01,9.9909072220218531e-01,9.2852796400000059e-01,6.6280819399999942e+00,3.4913673199999806e-01,0,0,0,0,0
exp4_repeat,s2,A_int,A,2,2,8,abc,1,0.0000000000000000e+00,2.9999999999999999e-01,1,100,4,1,25,B,4.2646007138076603e-01,4.7878544466787139e-02,8.9734728695939901e-14,4.5785597535541456e-13,1.2593113888051472e-15,6.4254191501628757e-15,3.9624700571487622e+01,-1.1020614259391374e-03,1.2523355551501263e+01,1.2542814349175217e+01,5.5511151231257827e-16,1.4123448491595962e+00,1.2538159981817629e-02,2.3812972048801416e-02,9.9915709844640477e-01,9.9909415900984699e-01,3.6383062780646513e-02,1.9197566361361316e+00,9.9735320425344087e-01,9.9739522576595463e-01,-2.6038551854807722e-03,9.9904728971212153e-01,9.9906462182868749e-01,9.2852796400000059e-01,8.3325675859999961e+00,3.2591149900000005e-01,0,0,0,0,0
exp4_repeat,s2,A_int,A,2,2,8,abc,1,0.0000000000000000e+00,2.9999999999999999e-01,1,100,4,1,30,A,4.4829974447649046e-01,5.0330478023118047e-02,8.6696554419231673e-14,4.1211478674085811e-13,1.2166745243109392e-15,5.7835004571786225e-15,3.9630500009207992e+01,-9.5586356702245616e-04,1.2522180486308791e+01,1.2544674412822159e+01,4.4408920985006262e-16,1.4124503485815960e+00,1.6629252480338169e-02,2.9047136438825429e-02,9.9930333423574158e-01,9.9930333423574158e-01,4.4822956044591869e-02,2.2133404144820941e+00,9.9725962270254587e-01,9.9725962270254587e-01,-2.7396598807413268e-03,9.9913925001896697e-01,9.9913925001896697e-01,9.2852796400000059e-01,1.0074617457999992e+01,3.2679342099999786e-01,0,0,0,0,0
exp4_repeat,s2,A_int,A,2,2,8,abc,1,0.0000000000000000e+00,2.9999999999999999e-01,1,100,4,1,35,B,5.0947595499400000e-01,5.7198712852438993e-02,9.1501434062698357e-14,4.4497738826976274e-13,1.2841048240932930e-15,6.2446847608760445e-15,3.9647692169909099e+01,-5.2246688171533450e-04,1.2518632020160604e+01,1.2547537269460529e+01,4.4408920985006262e-16,1.4124649644946490e+00,1.6302780646899249e-02,3.2176533394041570e-02,9.9973684336399737e-01,9.9967386740783870e-01,4.7960597627686813e-02,2.2934617123352030e+00,9.9697702479429962e-01,9.9701903045723284e-01,-2.9799177603348236e-03,9.9913225543420325e-01,9.9914958902480933e-01,9.2852796400000059e-01,1.1894142283999983e+01,3.5087816600000110e-01,0,0,0,0,0
exp4_repeat,s2,A_int,A,2,2,8,abc,1,0.0000000000000000e+00,2.9999999999999999e-01,1,100,4,1,40,A,5.3898653377546646e-01,6.0511856692270084e-02,8.7145782330983079e-14,3.7392311469375272e-13,1.2229788596965690e-15,5.2475295096383621e-15,3.9659670135930568e+01,-2.2051468032091310e-04,1.2517520205849484e+01,1.2550873643065840e+01,5.8286708792820718e-16,1.4126260510193556e+00,2.0190186613024127e-02,3.6979920604599793e-02,1.0000388739056214e+00,1.0000388739056214e+00,5.6017652883301204e-02,2.6610782021746591e+00,9.9688848050909029e-01,9.9688848050909029e-01,-3.1107049110754574e-03,9.9926353842462023e-01,9.9926353842462023e-01,9.2852796400000059e-01,1.3653284076999981e+01,3.6936086200000062e-01,0,0,0,0,0
exp4_repeat,s2,A_int,A,2,2,8,abc,1,0.0000000000000000e+00,2.9999999999999999e-01,1,100,4,1,45,B,6.0128784150433690e-01,6.7506405848484941e-02,9.0015756144447195e-14,4.8672177399566863e-13,1.2632552472378312e-15,6.8305134709781883e-15,3.9682951731080372e+01,3.6639038309776469e-04,1.2514003764891019e+01,1.2555080682249331e+01,4.9960036108132044e-16,1.4126830707464002e+00,1.9993199530141448e-02,4.0079099147060475e-02,1.0006259312390924e+00,1.0005628992770363e+00,5.9857355117035708e-02,2.7067629572412604e+00,9.9660843306948266e-01,9.9665042320252972e-01,-3.3483949584810989e-03,9.9928653677690160e-01,9.9930387304407986e-01,9.2852796400000059e-01,1.5381847439999980e+01,3.4418373999999829e-01,0,0,0,0,0
exp4_repeat,s2,A_int,A,2,2,8,abc,1,0.0000000000000000e+00,2.9999999999999999e-01,1,100,4,1,50,A,6.3679450814609051e-01,7.1492728676248077e-02,8.9380553666855199e-14,3.6948222259525210e-13,1.2543409982524788e-15,5.1852073064360063e-15,3.9701822078230066e+01,8.4209242238507832e-04,1.2512980801005853e+01,1.2559957690984328e+01,7.2164496600635175e-16,1.4128942244846425e+00,2.3714159005291877e-02,4.4529765806182640e-02,1.0011017566972746e+00,1.0011017566972746e+00,6.7734098739303944e-02,3.1439746240451019e+00,9.9652696478372571e-01,9.9652696478372571e-01,-3.4721259934784696e-03,9.9945323899374172e-01,9.9945323899374172e-01,9.2852796400000059e-01,1.6929789745999976e+01,2.7638918300000626e-01,0,0,0,0,0
exp4_repeat,s2,A_int,A,2,2,8,abc,1,0.0000000000000000e+00,2.9999999999999999e-01,1,100,4,1,55,B,6.9961413552482032e-01,7.8545469424288750e-02,8.9850851656744660e-14,4.5474735088646412e-13,1.2609410250582273e-15,6.3817936079212269e-15,3.9731588457042669e+01,1.5924722108980765e-03,1.2509544958175281e+01,1.2565542092518054e+01,1.1657341758564144e-15,1.4129903745597099e+00,2.3590787886421528e-02,4.7542887251892589e-02,1.0018523311686705e+00,1.0017892219525761e+00,7.2058698797459603e-02,3.1493895197734383e+00,9.9625333613505485e-01,9.9629531130679205e-01,-3.7033815592607739e-03,9.9950391360380608e-01,9.9952125364217770e-01,9.2852796400000059e-01,1.8401283816999985e+01,3.5784720899999911e-01,0,0,0,0,0
exp4_repeat,s2,A_int,A,2,2,8,abc,1,0.0000000000000000e+00,2.9999999999999999e-01,1,100,4,1,60,A,7.4017382004035648e-01,8.3099093055097911e-02,8.6252797561669122e-14,4.8316906031686813e-13,1.2104469681271737e-15,6.7806557084163160e-15,3.9758268547570445e+01,2.2650498466857336e-03,1.2508669287896593e+01,1.2572092822078956e+01,5.5511151231257827e-16,1.4132502069299211e+00,2.7184103995448003e-02,5.1705471917950760e-02,1.0025250833018993e+00,1.0025250833018993e+00,7.9891281805913858e-02,3.6543777903554671e+00,9.9618359823176461e-01,9.9618359823176461e-01,-3.8154026538383384e-03,9.9970505388674147e-01,9.9970505388674147e-01,9.2852796400000059e-01,2.0150479491999981e+01,3.4618953499999350e-01,0,0,0,0,0
exp4_repeat,s2,A_int,A,2,2,8,abc,1,0.0000000000000000e+00,2.9999999999999999e-01,1,100,4,1,65,B,8.0335611488274672e-01,9.0192550370645802e-02,8.9058944649184072e-14,3.9079850466805510e-13,1.2498276297430779e-15,5.4843538818073042e-15,3.9795008296560788e+01,3.1912211237146103e-03,1.2505364067878341e+01,1.2579122154737844e+01,9.9920072216264089e-16,1.4133844539768026e+00,2.7112478534611770e-02,5.4624845702382331e-02,1.0034514948701736e+00,1.0033882849187072e+00,8.4587689728017917e-02,3.6163953819481800e+00,9.9592037231260833e-01,9.9596233345557084e-01,-4.0362419251306625e-03,9.9978267269993759e-01,9.9980001757440184e-01,9.2852796400000059e-01,2.1895263376999985e+01,3.4487762399999156e-01,0,0,0,0,0
exp4_repeat,s2,A_int,A,2,2,8,abc,1,0.0000000000000000e+00,2.9999999999999999e-01,1,100,4,1,70,A,8.4844277409534874e-01,9.5254416094628508e-02,8.8340280321431466e-14,4.2099657093785936e-13,1.2397421011431838e-15,5.9081448635833341e-15,3.9830504542012768e+01,4.0860449557618356e-03,1.2504691109851825e+01,1.2587512689580624e+01,4.9960036108132044e-16,1.4136937461457426e+00,3.0613156681068017e-02,5.8558270461426143e-02,1.0043465508605036e+00,1.0043465508605036e+00,9.2472103263039132e-02,4.1889220424907396e+00,9.9586677830249537e-01,9.9586677830249537e-01,-4.1321396412760418e-03,1.0000188046956779e+00,1.0000188046956779e+00,9.2852796400000059e-01,2.3648678034000007e+01,3.4458719300000951e-01,0,0,0,0,0
exp4_repeat,s2,A_int,A,2,2,8,abc,1,0.0000000000000000e+00,2.9999999999999999e-01,1,100,4,1,75,B,9.1206428074023516e-01,1.0239718358767569e-01,9.0312054073424679e-14,4.1033842990145786e-13,1.2674134072040251e-15,5.7585715758976698e-15,3.9874769122095273e+01,5.2019094836587704e-03,1.2501549133319454e+01,1.2596076277474728e+01,2.7755575615628914e-16,1.4138664292626177e+00,3.0596126393548990e-02,6.1401593820502656e-02,1.0054627048947631e+00,1.0053993682520825e+00,9.7483276055006160e-02,4.1057570756031261e+00,9.9561655300550034e-01,9.9565850134763489e-01,-4.3399668312757295e-03,1.0001236065046584e+00,1.0001409572938622e+00,9.2852796400000059e-01,2.5369983494000003e+01,3.6673501300001021e-01,0,0,0,0,0
exp4_repeat,s2,A_int,A,2,2,8,abc,1,0.0000000000000000e+00,2.9999999999999999e-01,1,100,4,1,80,A,9.6148042296034331e-01,1.0794511907200417e-01,8.6068948310052180e-14,3.9346303992715548e-13,1.2078668805763548e-15,5.5217472037287277e-15,3.9920229019184475e+01,6.3479067236446828e-03,1.2501119643561397e+01,1.2606511664918907e+01,1.0547118733938987e-15,1.4142278907009822e+00,3.4037828145338657e-02,6.5166552157512367e-02,1.0066089994589169e+00,1.0066089994589169e+00,1.0550095187071258e-01,4.7470102405625303e+00,9.9558234867546835e-01,9.9558234867546835e-01,-4.4164948060864779e-03,1.0003966479174660e+00,1.0003966479174660e+00,9.2852796400000059e-01,2.7097765282000005e+01,3.4365278900000362e-01,0,0,0,0,0
exp4_repeat,s2,A_int,A,2,2,8,abc,1,0.0000000000000000e+00,2.9999999999999999e-01,1,100,4,1,85,B,1.0258247330375700e+00,1.1516903548988268e-01,9.0121815539090484e-14,5.1159076974727213e-13,1.2647436542961135e-15,7.1795178089113806e-15,3.9972721275063186e+01,7.6711824943662505e-03,1.2498149470273363e+01,1.2616736942372860e+01,7.2164496600635175e-16,1.4144409928076691e+00,3.4102374798087295e-02,6.7972186711848903e-02,1.0079326185479762e+00,1.0078691263191781e+00,1.1081219449481906e-01,4.6178621890327589e+00,9.9534580569512843e-01,9.9538774262985830e-01,-4.6106300166227267e-03,1.0005300342639925e+00,1.0005473921041670e+00,9.2852796400000059e-01,2.8837360765999996e+01,3.5211445899999205e-01,0,0,0,0,0
exp4_repeat,s2,A_int,A,2,2,8,abc,1,0.0000000000000000e+00,2.9999999999999999e-01,1,100,4,1,90,A,1.0797407264113614e+00,1.2122216791529405e-01,8.5962048227397718e-14,4.1211478674085811e-13,1.2063666755441745e-15,5.7835004571786225e-15,4.0029623703545518e+01,9.1056341795799529e-03,1.2497984827992502e+01,1.2629496821362249e+01,7.7715611723760958e-16,1.4148598943417823e+00,3.7522094023115224e-02,7.1638705567502001e-02,1.0093674423956513e+00,1.0093674423956513e+00,1.1905394904946298e-01,5.3308836696288751e+00,9.9533269367369792e-01,9.9533269367369792e-01,-4.6660844494586439e-03,1.0008437147076807e+00,1.0008437147076807e+00,9.2852796400000059e-01,3.0576801403000012e+01,3.5463802099999953e-01,0,0,0,0,0
exp4_repeat,s2,A_int,A,2,2,8,abc,1,0.0000000000000000e+00,2.9999999999999999e-01,1,100,4,1,95,B,1.1453563610362509e+00,1.2858881555931034e-01,8.7767615604280474e-14,4.2632564145606011e-13,1.2317054891117490e-15,5.9829315074261505e-15,4.0091392281784266e+01,1.0662756494233693e-02,1.2495168012424443e+01,1.2641589677913942e+01,3.8857805861880479e-16,1.4151181286892627e+00,3.7723534981126232e-02,7.4468567864729052e-02,1.0109249686991459e+00,1.0108612879746322e+00,1.2469351183642267e-01,5.1559468808437741e+00,9.9510836401851555e-01,9.9515029094910823e-01,-4.8479979167428116e-03,1.0010090183928868e+00,1.0010263845427867e+00,9.2852796400000059e-01,3.2288654191000020e+01,3.3645533199999988e-01,0,0,0,0,0
exp4_repeat,s2,A_int,A,2,2,8,abc,1,0.0000000000000000e+00,2.9999999999999999e-01,1,100,4,1,100,A,1.2044180829133628e+00,1.3521965738237429e-01,8.7910557063683802e-14,5.4001247917767614e-13,1.2337114884653459e-15,7.5783799094064696e-15,4.0161886416298422e+01,1.2439841106411741e-02,1.2495268052563571e+01,1.2657094533388378e+01,1.2767564783189300e-15,1.4156037473366989e+00,4.1167507636416585e-02,7.8124720658404923e-02,1.0127025143684585e+00,1.0127025143684585e+00,1.3328260187209548e-01,5.9464393002458875e+00,9.9511633116062082e-01,9.9511633116062082e-01,-4.8823903199402578e-03,1.0013699015037063e+00,1.0013699015037063e+00,9.2852796400000059e-01,3.3987350031000005e+01,3.5212281000001155e-01,0,0,0,0,0
exp4_repeat,s2,A_l2,A,2,2,8,abc,1,0.0000000000000000e+00,2.9999999999999999e-01,1,100,0,1,0,A,2.0254441727229264e-01,2.2739601054497086e-02,8.4790861886317085e-14,4.4053649617126212e-13,1.1899305830839918e-15,6.1823625576736998e-15,3.9658128469587318e+01,-2.5937850288692903e-04,1.2556590281248958e+01,1.2559878392954451e+01,8.8817841970012523e-16,1.4136671625649608e+00,1.7228396484440912e-15,8.0948539144800970e-11,1.0000000000000000e+00,1.0000000000000000e+00,0.0000000000000000e+00,1.0000000000000000e+00,1.0000000000000000e+00,1.0000000000000000e+00,0.0000000000000000e+00,1.0000000000000000e+00,1.0000000000000000e+00,1.0071172539999935e+00,0.0000000000000000e+00,0.0000000000000000e+00,0,0,0,0,0
exp4_repeat,s2,A_l2,A,2,2,8,abc,1,0.0000000000000000e+00,2.9999999999999999e-01,1,100,0,1,1,B,2.9665894470499893e-01,3.3305810857135833e-02,8.8069086894319148e-14,4.3698378249246161e-13,1.2359362505400238e-15,6.1325047951118038e-15,3.9675737102559673e+01,1.8451701994381668e-04,1.2554975417840158e+01,1.2562209777478650e+01,8.8817841970012523e-16,1.4136143547002538e+00,1.8025113041662244e-05,2.1375704001218833e-05,1.0004440106896586e+00,1.0003809901872389e+00,0.0000000000000000e+00,1.3354426732674634e+00,9.9987139315907980e-01,9.9991352077052231e-01,-8.6448716809559039e-05,9.9994529707230917e-01,9.9996264476808583e-01,1.0071172539999935e+00,7.0535911999999712e-01,7.0535911999999712e-01,36,0,36,0,0
exp4_repeat,s2,A_l2,A,2,2,8,abc,1,0.0000000000000000e+00,2.9999999999999999e-01,1,100,0,1,2,A,2.4995479497196860e-01,2.8062349956948004e-02,8.9205533584138029e-14,4.8760995241536875e-13,1.2518848167201071e-15,6.8429779116186718e-15,3.9662601561561921e+01,-1.4661645577891328e-04,1.2554484955785075e+01,1.2559748612902601e+01,1.0547118733938987e-15,1.4135724544343971e+00,3.8770100222064088e-03,4.5055413191165536e-03,1.0001127913027472e+00,1.0001127913027472e+00,1.6422686607238838e-02,1.2340739791210307e+00,9.9983233302857488e-01,9.9983233302857488e-01,-1.6762307707251701e-04,9.9993300535439200e-01,9.9993300535439200e-01,1.0071172539999935e+00,1.2951808439999866e+00,5.8982172399998944e-01,18,0,54,0,0
exp4_repeat,s2,A_l2,A,2,2,8,abc,1,0.0000000000000000e+00,2.9999999999999999e-01,1,100,0,1,5,B,3.4863981788670584e-01,3.9141687918251532e-02,9.0383250479950609e-14,5.6132876125047915e-13,1.2684125571082266e-15,7.8775264847777636e-15,3.9684111343861325e+01,3.9562302838546521e-04,1.2551896715830170e+01,1.2562317911615127e+01,1.2767564783189300e-15,1.4134766439023199e+00,2.5153799419557125e-03,3.1714967832449713e-03,1.0006551714686671e+00,1.0005921376646949e+00,1.8401573247148955e-02,1.5694402569559822e+00,9.9962620701052918e-01,9.9966832429153629e-01,-3.3155868255037004e-04,9.9984788488609855e-01,9.9986523089190582e-01,1.0071172539999935e+00,3.3654307820000042e+00,7.5054911600000196e-01,36,0,144,0,0
exp4_repeat,s2,A_l2,A,2,2,8,abc,1,0.0000000000000000e+00,2.9999999999999999e-01,1,100,0,1,10,A,3.6990997503248890e-01,4.1529682089482371e-02,8.7128310693986224e-14,3.9079850466805510e-13,1.2227336677650732e-15,5.4843538818073144e-15,3.9684960772688150e+01,4.1703625528292416e-04,1.2549438410185999e+01,1.2561242449302224e+01,4.4408920985006262e-16,1.4133403466187229e+00,5.4794564609236297e-03,6.7327277122014844e-03,1.0006765902511363e+00,1.0006765902511363e+00,3.4731685124579879e-02,1.8263153337630467e+00,9.9943042889010725e-01,9.9943042889010725e-01,-5.6942199909920253e-04,9.9976881690761987e-01,9.9976881690761987e-01,1.0071172539999935e+00,6.5163429689999930e+00,6.0720834500000365e-01,18,0,271,0,0
exp4_repeat,s2,A_l2,A,2,2,8,abc,1,0.0000000000000000e+00,2.9999999999999999e-01,1,100,0,1,15,B,4.4523559296253379e-01,4.9986466650519937e-02,8.9480205269231142e-14,4.2499337382650992e-13,1.2557394801959606e-15,5.9642348464654434e-15,3.9705895781747301e+01,9.4478629734287567e-04,1.2546320367932809e+01,1.2563433849084840e+01,1.2767564783189300e-15,1.4132125049119557e+00,3.3475079715489676e-03,4.8886398236371769e-03,1.0012044772157267e+00,1.0011414088095942e+00,3.5811193213114836e-02,2.0042766992614163e+00,9.9918210970604937e-01,9.9922420827589142e-01,-7.7551799970624702e-04,9.9966104146567780e-01,9.9967838423000488e-01,1.0071172539999935e+00,9.8673202859999947e+00,7.1127116899999976e-01,36,0,416,0,0
exp4_repeat,s2,A_l2,A,2,2,8,abc,1,0.0000000000000000e+00,2.9999999999999999e-01,1,100,0,1,20,A,4.6507592251562724e-01,5.2213934506227799e-02,8.6206098665845697e-14,3.8724579098925460e-13,1.2097916092465075e-15,5.4344961192454295e-15,3.9708387741564728e+01,1.0076060408043016e-03,1.2544132179375229e+01,1.2562711780472441e+01,8.0491169285323849e-16,1.4130866362641559e+00,5.8232686294236290e-03,7.7473694672690928e-03,1.0012673132575067e+00,1.0012673132575067e+00,4.6998224110356722e-02,2.2961675704465243e+00,9.9900784356304650e-01,9.9900784356304650e-01,-9.9189669549014023e-04,9.9958934725501325e-01,9.9958934725501325e-01,1.0071172539999935e+00,1.2444097008999989e+01,4.6228688200000079e-01,18,0,543,0,0
exp4_repeat,s2,A_l2,A,2,2,8,abc,1,0.0000000000000000e+00,2.9999999999999999e-01,1,100,0,1,25,B,5.2686751647654451e-01,5.9151258250400546e-02,9.1666446383481895e-14,4.2454928461665986e-13,1.2864205595713596e-15,5.9580026261452080e-15,3.9729693509107868e+01,1.5447025228379008e-03,1.2541150556270837e+01,1.2565080096602284e+01,4.9960036108132044e-16,1.4129722805775016e+00,3.9399358165481107e-03,6.3400862296804231e-03,1.0018045490869654e+00,1.0017414428807856e+00,4.7663300750921254e-02,2.3717517277656848e+00,9.9877038872557800e-01,9.9881246994836770e-01,-1.1871110526361041e-03,9.9949111450315009e-01,9.9950845431947466e-01,1.0071172539999935e+00,1.5043919570999989e+01,5.5772559199999705e-01,36,0,688,0,0
exp4_repeat,s2,A_l2,A,2,2,8,abc,1,0.0000000000000000e+00,2.9999999999999999e-01,1,100,0,1,30,A,5.4843729817412090e-01,6.1572891180308009e-02,8.6408263565980119e-14,3.9079850466805510e-13,1.2126287333438967e-15,5.4843538818073144e-15,3.9734871064506166e+01,1.6752233681596724e-03,1.2539041960634680e+01,1.2564848398217109e+01,3.3306690738754696e-16,1.4128536346178899e+00,6.2005288148923214e-03,8.8373754858052465e-03,1.0019351037953719e+00,1.0019351037953719e+00,5.7224504359712644e-02,2.7077384089872183e+00,9.9860246131941699e-01,9.9860246131941699e-01,-1.3971728121286399e-03,9.9942452653027969e-01,9.9942452653027969e-01,1.0071172539999935e+00,1.7852000477999937e+01,4.7270845399998507e-01,19,0,817,0,0
exp4_repeat,s2,A_l2,A,2,2,8,abc,1,0.0000000000000000e+00,2.9999999999999999e-01,1,100,0,1,35,B,6.0293884122598529e-01,6.7691763092673510e-02,8.8662945203697004e-14,3.9790393202565610e-13,1.2442702873527961e-15,5.5840694069310733e-15,3.9757217329311231e+01,2.2385497157831526e-03,1.2536153281194473e+01,1.2567472877015884e+01,8.3266726846886741e-16,1.4127497279178949e+00,4.5569801514786061e-03,7.7069872611372258e-03,1.0024985762956491e+00,1.0024354263709374e+00,5.7897325401786166e-02,2.7141951129918125e+00,9.9837240846466058e-01,9.9841447291933594e-01,-1.5849676554483482e-03,9.9933368791464339e-01,9.9935102499982997e-01,1.0071172539999935e+00,2.0502443416999952e+01,5.6650212299999225e-01,36,0,963,0,0
exp4_repeat,s2,A_l2,A,2,2,8,abc,1,0.0000000000000000e+00,2.9999999999999999e-01,1,100,0,1,40,A,6.2604392896281624e-01,7.0285764371703516e-02,8.6102821562750711e-14,4.1211478674085811e-13,1.2083422480680611e-15,5.7835004571786225e-15,3.9765140185911093e+01,2.4382767802424020e-03,1.2534118784176977e+01,1.2567732731075548e+01,6.6613381477509392e-16,1.4126374239481527e+00,6.6169371261707560e-03,9.9226646633323035e-03,1.0026983551784558e+00,1.0026983551784558e+00,6.6515645055700484e-02,3.0908969864184792e+00,9.9821038223206671e-01,9.9821038223206671e-01,-1.7891492551860057e-03,9.9927158340797861e-01,9.9927158340797861e-01,1.0071172539999935e+00,2.3543429442999937e+01,4.9433756599998446e-01,19,0,1092,0,0
exp4_repeat,s2,A_l2,A,2,2,8,abc,1,0.0000000000000000e+00,2.9999999999999999e-01,1,100,0,1,45,B,6.7577920631335375e-01,7.5869529061527288e-02,8.9784953813531257e-14,4.2632564145606011e-13,1.2600162336685132e-15,5.9829315074261505e-15,3.9788757746898654e+01,3.0336511968151940e-03,1.2531313076515668e+01,1.2570637505635357e+01,2.2204460492503131e-16,1.4125425923604042e+00,5.1684162629911587e-03,8.9600063095899418e-03,1.0032938840624188e+00,1.0032306840392564e+00,6.7294862251116583e-02,3.0420939800587870e+00,9.9798693720451814e-01,9.9802898541812135e-01,-1.9703191442093444e-03,9.9918716688797116e-01,9.9920450143121653e-01,1.0071172539999935e+00,2.6646294654999949e+01,6.9964271000000622e-01,36,0,1238,0,0
exp4_repeat,s2,A_l2,A,2,2,8,abc,1,0.0000000000000000e+00,2.9999999999999999e-01,1,100,0,1,50,A,7.0032051952490770e-01,7.8624774944379680e-02,8.9121698461388121e-14,4.2632564145606011e-13,1.2507082987053421e-15,5.9829315074261607e-15,3.9799523196970249e+01,3.3050371184561089e-03,1.2529351010363886e+01,1.2571399562139529e+01,5.5511151231257827e-16,1.4124361514773609e+00,7.0531189090709103e-03,1.0962891721053318e-02,1.0035653403939968e+00,1.0035653403939968e+00,7.5278734528097940e-02,3.4576145270073018e+00,9.9783067932655656e-01,9.9783067932655656e-01,-2.1687527564241737e-03,9.9912920727014243e-01,9.9912920727014243e-01,1.0071172539999935e+00,2.9820554236999911e+01,5.8607886199999371e-01,19,0,1367,0,0
exp4_repeat,s2,A_l2,A,2,2,8,abc,1,0.0000000000000000e+00,2.9999999999999999e-01,1,100,0,1,55,B,7.4688924584584870e-01,8.3853031898658559e-02,9.2412487479053766e-14,5.2047255394427339e-13,1.2968902858615428e-15,7.3041622153160922e-15,3.9824719126553219e+01,3.9402005836154299e-03,1.2526622587404781e+01,1.2574627492313862e+01,8.3266726846886741e-16,1.4123497777007534e+00,5.7651220141804660e-03,1.0109725233737810e-02,1.0042006686496479e+00,1.0041374115058272e+00,7.6223013214027566e-02,3.3622035974642652e+00,9.9761338921053044e-01,9.9765542168542476e-01,-2.3437510715434012e-03,9.9905077600351011e-01,9.9906810818055847e-01,1.0071172539999935e+00,3.2874866055999902e+01,7.0170541300001332e-01,36,0,1513,0,0
exp4_repeat,s2,A_l2,A,2,2,8,abc,1,0.0000000000000000e+00,2.9999999999999999e-01,1,100,0,1,60,A,7.7283428749828642e-01,8.6765873953078790e-02,8.8304636592547617e-14,4.7961634663806763e-13,1.2392418872976056e-15,6.7307979458544310e-15,3.9838475339838929e+01,4.2869805692178501e-03,1.2524731222770754e+01,1.2575913269235455e+01,5.5511151231257827e-16,1.4122490459443593e+00,7.5001914954160526e-03,1.1951533512022022e-02,1.0045475386058602e+00,1.0045475386058602e+00,8.3750401212807621e-02,3.8156286799024373e+00,9.9746276196287298e-01,9.9746276196287298e-01,-2.5365738012301073e-03,9.9899685254198833e-01,9.9899685254198833e-01,1.0071172539999935e+00,3.6050487421999875e+01,5.9126291699999456e-01,19,0,1642,0,0
exp4_repeat,s2,A_l2,A,2,2,8,abc,1,0.0000000000000000e+00,2.9999999999999999e-01,1,100,0,1,65,B,8.1734354097250239e-01,9.1762914507775836e-02,8.9088689408140986e-14,4.6007642140466487e-13,1.2502450591403255e-15,6.4565802517640536e-15,3.9865604670361265e+01,4.9708830831249129e-03,1.2522075913216037e+01,1.2579518063168141e+01,4.4408920985006262e-16,1.4121708930090189e+00,6.3484809671086164e-03,1.1176307637634462e-02,1.0052316185554004e+00,1.0051682964694337e+00,8.4898677597888300e-02,3.6793613097344111e+00,9.9725129455848682e-01,9.9729331177723624e-01,-2.7057332156489224e-03,9.9892423873001435e-01,9.9894156871181250e-01,1.0071172539999935e+00,3.9401881695999847e+01,6.8664235899998971e-01,36,0,1788,0,0
exp4_repeat,s2,A_l2,A,2,2,8,abc,1,0.0000000000000000e+00,2.9999999999999999e-01,1,100,0,1,70,A,8.4467880364490366e-01,9.4831836259663363e-02,8.7602618344213595e-14,3.9790393202565610e-13,1.2293899649914529e-15,5.5840694069310835e-15,3.9882529429163149e+01,5.3975388416350710e-03,1.2520253496688646e+01,1.2581355374388624e+01,6.6613381477509392e-16,1.4120759102159419e+00,7.9556365701483108e-03,1.2894970572453025e-02,1.0056583850079541e+00,1.0056583850079541e+00,9.2085132642432788e-02,4.1703386102681428e+00,9.9710615830042848e-01,9.9710615830042848e-01,-2.8930841066658387e-03,9.9887437977541205e-01,9.9887437977541205e-01,1.0071172539999935e+00,4.2392475425999820e+01,4.7228109400001017e-01,19,0,1917,0,0
exp4_repeat,s2,A_l2,A,2,2,8,abc,1,0.0000000000000000e+00,2.9999999999999999e-01,1,100,0,1,75,B,8.8793105265504768e-01,9.9687753299717713e-02,8.9278939530050000e-14,5.5555560152242833e-13,1.2529149746649313e-15,7.7965076206147023e-15,3.9911972539043511e+01,6.1397693529203802e-03,1.2517667895475856e+01,1.2585396407120585e+01,3.8857805861880479e-16,1.4120059463138677e+00,6.9233834252756775e-03,1.2180076567918419e-02,1.0064008080878264e+00,1.0063374123516495e+00,9.3463736729743410e-02,3.9971187108954487e+00,9.9690024243036535e-01,9.9694224485822502e-01,-3.0566762669007952e-03,9.9880756074670463e-01,9.9882488870429798e-01,1.0071172539999935e+00,4.5451564923999811e+01,6.0332966699999702e-01,36,0,2063,0,0
exp4_repeat,s2,A_l2,A,2,2,8,abc,1,0.0000000000000000e+00,2.9999999999999999e-01,1,100,0,1,80,A,9.1665088285863228e-01,1.0291212003358072e-01,8.7835528227418822e-14,3.5527136788005009e-13,1.2326585553437955e-15,4.9857762561884673e-15,3.9932267057302361e+01,6.6513732807922466e-03,1.2515912721195235e+01,1.2587817690008054e+01,3.3306690738754696e-16,1.4119168717067707e+00,8.4200871256936063e-03,1.3803740760661706e-02,1.0069125447491873e+00,1.0069125447491873e+00,1.0039069090134942e-01,4.5256783435621601e+00,9.9676046130815721e-01,9.9676046130815721e-01,-3.2386905972386949e-03,9.9876187910100822e-01,9.9876187910100822e-01,1.0071172539999935e+00,4.8682733142999794e+01,5.9523297300000877e-01,19,0,2192,0,0
exp4_repeat,s2,A_l2,A,2,2,8,abc,1,0.0000000000000000e+00,2.9999999999999999e-01,1,100,0,1,85,B,9.5925287940098158e-01,1.0769503342386041e-01,8.8837933048102797e-14,3.9612757518625585e-13,1.2467260164619726e-15,5.5591405256501308e-15,3.9964424918236283e+01,7.4620398734114796e-03,1.2513393888531422e+01,1.2592358490757398e+01,8.3266726846886741e-16,1.4118551889635453e+00,7.4954958231965947e-03,1.3139135514572381e-02,1.0077234216658473e+00,1.0076599426148909e+00,1.0201813389586031e-01,4.3181817115968864e+00,9.9655986284891029e-01,9.9660185093554676e-01,-3.3969500875978558e-03,9.9870091984924014e-01,9.9871824595675840e-01,1.0071172539999935e+00,5.2014987723999766e+01,6.8292160299998272e-01,36,0,2338,0,0
exp4_repeat,s2,A_l2,A,2,2,8,abc,1,0.0000000000000000e+00,2.9999999999999999e-01,1,100,0,1,90,A,9.8936060722682229e-01,1.1107521900802608e-01,8.5273369901274965e-14,3.9790393202565610e-13,1.1967019618718537e-15,5.5840694069310835e-15,3.9988316377013220e+01,8.0643189714895650e-03,1.2511704324273879e+01,1.2595400847652561e+01,5.5511151231257827e-16,1.4117722644996871e+00,8.8956133462927047e-03,1.4689127454479077e-02,1.0083258570227063e+00,1.0083258570227063e+00,1.0874695624213375e-01,4.8846599701475126e+00,9.9642530687314779e-01,9.9642530687314779e-01,-3.5737572905370288e-03,9.9865958684232603e-01,9.9865958684232603e-01,1.0071172539999935e+00,5.4758186402999783e+01,5.7634064199999102e-01,19,0,2467,0,0
exp4_repeat,s2,A_l2,A,2,2,8,abc,1,0.0000000000000000e+00,2.9999999999999999e-01,1,100,0,1,95,B,1.0317914419271283e+00,1.1583891610957152e-01,8.9281579916512457e-14,4.4053649617126212e-13,1.2529520290895821e-15,6.1823625576736887e-15,4.0023614985075888e+01,8.9541605682663013e-03,1.2509249649643129e+01,1.2600509432603769e+01,3.3306690738754696e-16,1.4117190423810995e+00,8.0702701079007049e-03,1.4069032752438197e-02,1.0092159294851457e+00,1.0091523564173412e+00,1.1063728880160492e-01,4.6447219814384937e+00,9.9622981792465393e-01,9.9627179210549777e-01,-3.7268924622205156e-03,9.9860461413872126e-01,9.9862193857546588e-01,1.0071172539999935e+00,5.7806406242999785e+01,6.7566321600000379e-01,36,0,2613,0,0
exp4_repeat,s2,A_l2,A,2,2,8,abc,1,0.0000000000000000e+00,2.9999999999999999e-01,1,100,0,1,100,A,1.0633032198573285e+00,1.1937673397836705e-01,8.6932734635360300e-14,4.1922021409845911e-13,1.2199890095754910e-15,5.8832159823023916e-15,4.0051363149910756e+01,9.6536632585833525e-03,1.2507624134738089e+01,1.2604215490226345e+01,3.3306690738754696e-16,1.4116425763333313e+00,9.3848553363208714e-03,1.5561885320123611e-02,1.0099156136584961e+00,1.0099156136584961e+00,1.1721704710351248e-01,5.2497285986799920e+00,9.9610036280438397e-01,9.9610036280438397e-01,-3.8986162906113147e-03,9.9856784801596721e-01,9.9856784801596721e-01,1.0071172539999935e+00,6.0906010762999770e+01,5.8168024799999785e-01,19,0,2742,0,0
exp4_repeat,s2,B_pt,B,2,2,8,abc,1,0.0000000000000000e+00,2.9999999999999999e-01,1,100,0,1,0,A,2.0254441727229264e-01,2.2739601054497086e-02,8.4790861886317085e-14,4.4053649617126212e-13,1.1899305830839918e-15,6.1823625576736998e-15,3.9658128469587318e+01,-2.5937850288692903e-04,nan,nan,8.8817841970012523e-16,nan,nan,nan,1.0000000000000000e+00,1.0000000000000000e+00,0.0000000000000000e+00,1.0000000000000000e+00,nan,nan,nan,nan,nan,1.9656072199998675e-01,0.0000000000000000e+00,0.0000000000000000e+00,0,0,0,0,0
exp4_repeat,s2,B_pt,B,2,2,8,abc,1,0.0000000000000000e+00,2.9999999999999999e-01,1,100,0,1,1,B,3.0259435257890621e-01,3.3972177321173816e-02,1.6276239686849459e+00,7.6028286296990757e+00,2.2841606925702154e-02,1.0669591160135834e-01,3.9906330499194617e+01,5.9975393324248278e-03,nan,nan,3.9412917374193057e-15,nan,nan,nan,1.0062585411663498e+00,1.0061951543919265e+00,0.0000000000000000e+00,1.3621615607291091e+00,nan,nan,nan,nan,nan,1.9656072199998675e-01,5.4809056999999939e-02,5.4809056999999939e-02,0,0,0,0,0
exp4_repeat,s2,B_pt,B,2,2,8,abc,1,0.0000000000000000e+00,2.9999999999999999e-01,1,100,0,1,2,A,3.7036850750719852e-01,4.1581161393063525e-02,4.6462485626880987e+00,5.1978116321301485e+01,6.5204116792269465e-02,7.2944594365297732e-01,4.0343825260848185e+01,1.7026332212872638e-02,nan,nan,1.4973809470572585e-03,nan,nan,nan,1.0172901954207625e+00,1.0172901954207625e+00,3.4733824252308317e-02,1.8285791950971915e+00,nan,nan,nan,nan,nan,1.9656072199998675e-01,1.0530880700000012e-01,5.0499750000000176e-02,0,0,0,0,0
exp4_repeat,s2,B_pt,B,2,2,8,abc,1,0.0000000000000000e+00,2.9999999999999999e-01,1,100,0,1,5,B,9.4154569390016341e-01,1.0570705301191322e-01,1.5158301750874879e+01,8.7465446476288434e+01,2.1272724960816014e-01,1.2274649344262261e+00,4.3662817369811016e+01,1.0069470895695160e-01,nan,nan,3.8021655898323181e-03,nan,nan,nan,1.1009802795735755e+00,1.1009109260369141e+00,9.4625785799259843e-02,4.2384708801410200e+00,nan,nan,nan,nan,nan,1.9656072199998675e-01,2.5977198599997564e-01,5.0248453999984122e-02,0,0,0,0,0
exp4_repeat,s2,B_pt,B,2,2,8,abc,1,0.0000000000000000e+00,2.9999999999999999e-01,1,100,0,1,10,A,4.6672673799279334e+00,5.2399271065343522e-01,6.5377872310158409e+01,5.3553122440460572e+02,9.1749426752049046e-01,7.5154912680312123e+00,6.3796268031221160e+01,6.0823828839125094e-01,nan,nan,3.5871671461747578e-02,nan,nan,nan,1.6086555390566322e+00,1.6086555390566322e+00,5.2352669690064924e-01,2.3043179578993012e+01,nan,nan,nan,nan,nan,1.9656072199998675e-01,4.7575451299994143e-01,4.6342089000006581e-02,0,0,0,0,0
exp4_repeat,s2,B_pt,B,2,2,8,abc,1,0.0000000000000000e+00,2.9999999999999999e-01,1,100,0,1,15,B,3.5218310213788968e+01,3.9539491379732694e+00,4.4692450116969763e+02,5.0724895150096363e+03,6.2720099836277168e+00,7.1185859796724998e+01,6.9909628800829591e+02,1.6623498244394373e+01,nan,nan,2.0369388955300272e-03,nan,nan,nan,1.7628070586951999e+01,1.7626960150132735e+01,3.9404040036583923e+00,1.5853907383994218e+02,nan,nan,nan,nan,nan,1.9656072199998675e-01,7.4677313699993420e-01,5.5176081000013255e-02,0,0,0,0,0
exp4_repeat,s2,B_pt,B,2,2,8,abc,1,0.0000000000000000e+00,2.9999999999999999e-01,1,100,0,1,20,A,3.8042616153284911e+02,4.2710331197729069e+01,5.0532445793609977e+03,5.0860452248291229e+04,7.0915781901674336e+01,7.1376096731823691e+02,7.2639408117451516e+04,1.8301647528252383e+03,nan,nan,4.9585517712477062e-01,nan,nan,nan,1.8316398408249797e+03,1.8316398408249797e+03,4.2715862461654361e+01,1.8782357304937186e+03,nan,nan,nan,nan,nan,1.9656072199998675e-01,9.6538548599991714e-01,4.5290230999995629e-02,0,0,0,0,0
exp4_repeat,s2,B_pt,B,2,2,8,abc,1,0.0000000000000000e+00,2.9999999999999999e-01,1,100,0,1,25,B,4.1041376147810806e+03,4.6077030060726128e+02,5.8629418345480939e+04,6.5998380422897357e+05,8.2278840438313136e+02,9.2620230001330347e+03,8.4233138097787146e+06,2.1234207588950673e+05,nan,nan,7.4458608674112128e+00,nan,nan,nan,2.1239816740818499e+05,2.1238478790960228e+05,4.5939414174811759e+02,1.8475224177686629e+04,nan,nan,nan,nan,nan,1.9656072199998675e-01,1.2434586699999102e+00,5.5735929999997325e-02,0,0,0,0,0
exp4_repeat,s2,B_pt,B,2,2,8,abc,1,0.0000000000000000e+00,2.9999999999999999e-01,1,100,0,1,30,A,4.9152532147267812e+04,5.5183400604155368e+03,7.3443532510441565e+05,6.7715625679644197e+06,1.0306854243452457e+04,9.5030162633456202e+04,1.2080041231594665e+09,3.0452540243459422e+07,nan,nan,7.2930242233343549e+01,nan,nan,nan,3.0460442027309742e+07,3.0460442027309742e+07,5.5190558690933658e+03,2.4267532430276321e+05,nan,nan,nan,nan,nan,1.9656072199998675e-01,1.5149349289999350e+00,5.5485080000011067e-02,0,0,0,0,0
exp4_repeat,s2,B_pt,B,2,2,8,abc,1,0.0000000000000000e+00,2.9999999999999999e-01,1,100,0,1,35,B,5.5043308249242220e+05,6.1796957287881633e+04,8.5924245174050275e+06,9.1896774157555595e+07,1.2058361583597571e+05,1.2896529133463623e+06,1.5148841318595969e+11,3.8188670558326182e+09,nan,nan,1.2498507104263240e+03,nan,nan,nan,3.8198578458419137e+09,3.8196172233202682e+09,6.1612471448434342e+04,2.4778346996059543e+06,nan,nan,nan,nan,nan,1.9656072199998675e-01,1.8066265679999276e+00,5.2477844999998524e-02,0,0,0,0,0
exp4_repeat,s2,B_pt,B,2,2,8,abc,1,0.0000000000000000e+00,2.9999999999999999e-01,1,100,0,1,40,A,6.7046665635224897e+06,7.5273090668781195e+05,1.0645316241152447e+08,9.2691228638966358e+08,1.4939330819553984e+06,1.3008020591772709e+07,2.2476278916592102e+13,5.6660386962558081e+11,nan,nan,1.7374194571012336e+04,nan,nan,nan,5.6675087261943079e+11,5.6675087261943079e+11,7.5282854679070262e+05,3.3102203723092515e+07,nan,nan,nan,nan,nan,1.9656072199998675e-01,2.0694831489999217e+00,4.9409622000013087e-02,0,0,0,0,0
exp4_repeat,s2,B_pt,B,2,2,8,abc,1,0.0000000000000000e+00,2.9999999999999999e-01,1,100,0,1,45,B,7.5627488595711276e+07,8.4906754902459290e+06,1.2319277842673800e+09,1.2815028765281565e+10,1.7288520414099108e+07,1.7984243008821642e+08,2.8597585300837080e+15,7.2091570644590938e+13,nan,nan,1.8943860899616100e+05,nan,nan,nan,7.2110274499634422e+13,7.2105732090783906e+13,8.4653278704698831e+06,3.4044540825557452e+08,nan,nan,nan,nan,nan,1.9656072199998675e-01,2.3389954169999498e+00,5.4169416999997111e-02,0,0,0,0,0
exp4_repeat,s2,B_pt,B,2,2,8,abc,1,0.0000000000000000e+00,2.9999999999999999e-01,1,100,0,1,50,A,9.2390883386651289e+08,1.0372696801909894e+08,1.5118867432537004e+10,1.2736381995823477e+11,2.1217383971976691e+08,1.7873872393218772e+09,4.2680376689804621e+17,1.0759283900731228e+16,nan,nan,2.9450198804518557e+06,nan,nan,nan,1.0762075351723916e+16,1.0762075351723916e+16,1.0374042290942517e+08,4.5615122169694099e+09,nan,nan,nan,nan,nan,1.9656072199998675e-01,2.6027897479999353e+00,5.4469857000015054e-02,0,0,0,0,0
exp4_repeat,s2,B_pt,B,2,2,8,abc,1,0.0000000000000000e+00,2.9999999999999999e-01,1,100,0,1,55,B,1.0424860057743544e+10,1.1703959158911748e+09,1.7345374185808618e+11,1.7787533683569844e+12,2.4341999549906602e+09,2.4962513479453110e+10,5.4338853613562241e+19,1.3698265999799629e+18,nan,nan,2.7460296019094501e+07,nan,nan,nan,1.3701819957346993e+18,1.3700956845000323e+18,1.1669018770158222e+09,4.6928647298318420e+10,nan,nan,nan,nan,nan,1.9656072199998675e-01,2.8687521449999451e+00,5.0748118000001341e-02,0,0,0,0,0
exp4_repeat,s2,B_pt,B,2,2,8,abc,1,0.0000000000000000e+00,2.9999999999999999e-01,1,100,0,1,60,A,1.2730599927311018e+11,1.4292606403576406e+10,2.1159737358240728e+12,1.7512123737613281e+13,2.9694967184498749e+10,2.4576011077792691e+11,8.1034087254944991e+21,2.0427859780835747e+20,nan,nan,4.5124335367801148e+08,nan,nan,nan,2.0433159703208817e+20,2.0433159703208817e+20,1.4294460361667503e+10,6.2853373589638403e+11,nan,nan,nan,nan,nan,1.9656072199998675e-01,3.1301538399999345e+00,5.8822198000001436e-02,0,0,0,0,0
exp4_repeat,s2,B_pt,B,2,2,8,abc,1,0.0000000000000000e+00,2.9999999999999999e-01,1,100,0,1,65,B,1.4349190348418447e+12,1.6109793020827484e+11,2.4139136652209695e+13,2.4599276301249031e+14,3.3876170512595343e+11,3.4521917269616807e+12,1.0294963182759691e+24,2.5952543117396312e+22,nan,nan,3.8821953788426614e+09,nan,nan,nan,2.5959276395643839e+22,2.5957641155067228e+22,1.6061699685641422e+11,6.4594449148233330e+12,nan,nan,nan,nan,nan,1.9656072199998675e-01,3.3969911409999440e+00,5.1011334999998326e-02,0,0,0,0,0
exp4_repeat,s2,B_pt,B,2,2,8,abc,1,0.0000000000000000e+00,2.9999999999999999e-01,1,100,0,1,70,A,1.7506808381671859e+13,1.9654841328040999e+12,2.9338361284202719e+14,2.4081570640428665e+15,4.1172612912516895e+12,3.3795384026362652e+13,1.5324416985629174e+26,3.8631278763047617e+24,nan,nan,6.6060281894813370e+10,nan,nan,nan,3.8641301485976651e+24,3.8641301485976651e+24,1.9657390845678301e+12,8.6434415805874344e+13,nan,nan,nan,nan,nan,1.9656072199998675e-01,3.6628023239999834e+00,5.0148487000001296e-02,0,0,0,0,0
exp4_repeat,s2,B_pt,B,2,2,8,abc,1,0.0000000000000000e+00,2.9999999999999999e-01,1,100,0,1,75,B,1.9712287340052269e+14,2.2130925948049828e+13,3.3354500236941700e+15,3.3940799816441096e+16,4.6808746877266867e+13,4.7631542854303869e+14,1.9428713608839303e+28,4.8977788331806636e+26,nan,nan,5.4097960310273492e+11,nan,nan,nan,4.8990495413162590e+26,4.8987409377760566e+26,2.2064857436913750e+13,8.8737016602662325e+14,nan,nan,nan,nan,nan,1.9656072199998675e-01,3.9256323159999624e+00,5.5381930000010016e-02,0,0,0,0,0
exp4_repeat,s2,B_pt,B,2,2,8,abc,1,0.0000000000000000e+00,2.9999999999999999e-01,1,100,0,1,80,A,2.4031707135690730e+15,2.6980325613688166e+14,4.0444590839786672e+16,3.3116039810397190e+17,5.6758776228865162e+14,4.6474098369057420e+15,2.8876147392780448e+30,7.2793797022063488e+28,nan,nan,9.4456462536155879e+12,nan,nan,nan,7.2812683066788539e+28,7.2812683066788539e+28,2.6983825352753175e+14,1.1864907193854404e+16,nan,nan,nan,nan,nan,1.9656072199998675e-01,4.1837381659999551e+00,4.9847647999996525e-02,0,0,0,0,0
exp4_repeat,s2,B_pt,B,2,2,8,abc,1,0.0000000000000000e+00,2.9999999999999999e-01,1,100,0,1,85,B,2.7039381177057928e+16,3.0357032250371745e+15,4.5889993170283757e+17,4.6764212803419945e+18,6.4400697334635720e+15,6.5627552038856016e+16,3.6556406721911740e+32,9.2154940705011017e+30,nan,nan,7.4751025961938188e+13,nan,nan,nan,9.2178849917100352e+30,9.2173043337849348e+30,3.0266405950866710e+15,1.2172073058001306e+17,nan,nan,nan,nan,nan,1.9656072199998675e-01,4.4407784129999754e+00,5.0207788000022902e-02,0,0,0,0,0
exp4_repeat,s2,B_pt,B,2,2,8,abc,1,0.0000000000000000e+00,2.9999999999999999e-01,1,100,0,1,90,A,3.2947317203224941e+17,3.6989854329586256e+16,5.5561979640309094e+18,4.5539522709947572e+19,7.7974085131174992e+16,6.3908857164664819e+17,5.4276285544496099e+34,1.3682493233240049e+33,nan,nan,1.3331711818752340e+15,nan,nan,nan,1.3686043098609412e+33,1.3686043098609412e+33,3.6994652449522232e+16,1.6266712085641879e+18,nan,nan,nan,nan,nan,1.9656072199998675e-01,4.7144632579999950e+00,5.5029237000013609e-02,0,0,0,0,0
exp4_repeat,s2,B_pt,B,2,2,8,abc,1,0.0000000000000000e+00,2.9999999999999999e-01,1,100,0,1,95,B,3.7053881319713388e+18,4.1600281561857018e+17,6.2975875280954704e+19,6.4378447399136421e+20,8.8378533165239360e+17,9.0346862559794842e+18,6.8649506042770243e+36,1.7305834260257801e+35,nan,nan,1.0277508962892256e+16,nan,nan,nan,1.7310324186229711e+35,1.7309233765061100e+35,4.1476090252732166e+17,1.6680209785597454e+19,nan,nan,nan,nan,nan,1.9656072199998675e-01,4.9289324679999993e+00,4.1387661000015896e-02,0,0,0,0,0
exp4_repeat,s2,B_pt,B,2,2,8,abc,1,0.0000000000000000e+00,2.9999999999999999e-01,1,100,0,1,100,A,4.5135702359669154e+19,5.0673717834127770e+18,7.6173543731576321e+20,6.2622545711589333e+21,1.0689976170971742e+19,8.7882680603840332e+19,1.0186158137503217e+39,2.5678256791327885e+37,nan,nan,1.8677544344218835e+17,nan,nan,nan,2.5684918907140787e+37,2.5684918907140787e+37,5.0680290949382666e+18,2.2284347782832498e+20,nan,nan,nan,nan,nan,1.9656072199998675e-01,5.1946537769999850e+00,5.1624810000021171e-02,0,0,0,0,0
exp4_repeat,s2,B_int,B,2,2,8,abc,1,0.0000000000000000e+00,2.9999999999999999e-01,1,100,4,1,0,A,2.0254441727229264e-01,2.2739601054497086e-02,8.4790861886317085e-14,4.4053649617126212e-13,1.1899305830839918e-15,6.1823625576736998e-15,3.9658128469587318e+01,-2.5937850288692903e-04,nan,nan,8.8817841970012523e-16,nan,nan,nan,1.0000000000000000e+00,1.0000000000000000e+00,0.0000000000000000e+00,1.0000000000000000e+00,nan,nan,nan,nan,nan,3.1443504339999890e+00,0.0000000000000000e+00,0.0000000000000000e+00,0,0,0,0,0
exp4_repeat,s2,B_int,B,2,2,8,abc,1,0.0000000000000000e+00,2.9999999999999999e-01,1,100,4,1,1,B,2.6229624834704279e-01,2.9447921230455743e-02,3.4497714244248723e-01,2.2140570229415948e+00,4.8413100554115336e-03,3.1071439842448898e-02,3.9646686519447947e+01,-5.4781829530542870e-04,nan,nan,2.0816681711721685e-15,nan,nan,nan,9.9971148537308951e-01,9.9964851101429497e-01,0.0000000000000000e+00,1.1807552387436873e+00,nan,nan,nan,nan,nan,3.1443504339999890e+00,8.0588043099999140e-01,8.0588043099999140e-01,0,0,0,0,0
exp4_repeat,s2,B_int,B,2,2,8,abc,1,0.0000000000000000e+00,2.9999999999999999e-01,1,100,4,1,2,A,2.5190815121024124e-01,2.8281652676686354e-02,8.7095681152808613e-01,3.8038359144430416e+00,1.2222757541633539e-02,5.3381939833300113e-02,3.9632507708148189e+01,-9.0525154210577264e-04,nan,nan,2.0657716657956349e-03,nan,nan,nan,9.9935395939173544e-01,9.9935395939173544e-01,1.6676317431979715e-02,1.2437180673885766e+00,nan,nan,nan,nan,nan,3.1443504339999890e+00,1.6224612409999963e+00,8.1658081000000493e-01,0,0,0,0,0
exp4_repeat,s2,B_int,B,2,2,8,abc,1,0.0000000000000000e+00,2.9999999999999999e-01,1,100,4,1,5,B,2.9503787343937737e-01,3.3123813671740263e-02,1.3393744883827532e+00,6.2695007044719420e+00,1.8796396574738670e-02,8.7984370755897046e-02,3.9645585475392956e+01,-5.7557448326262266e-04,nan,nan,3.0438605493893212e-03,nan,nan,nan,9.9968372198390598e-01,9.9962074937399759e-01,1.3242281577298924e-02,1.3281452437337897e+00,nan,nan,nan,nan,nan,3.1443504339999890e+00,4.2458686900000089e+00,9.2732403600001589e-01,0,0,0,0,0
exp4_repeat,s2,B_int,B,2,2,8,abc,1,0.0000000000000000e+00,2.9999999999999999e-01,1,100,4,1,10,A,3.2993798040126004e-01,3.7042038225940620e-02,2.5146841673311053e+00,1.3227524162453125e+01,3.5290354773327995e-02,1.8563127192277565e-01,3.9725675510832389e+01,1.4434129197195256e-03,nan,nan,5.7997487191367159e-03,nan,nan,nan,1.0017032332046851e+00,1.0017032332046851e+00,2.9110034626776211e-02,1.6289660551725036e+00,nan,nan,nan,nan,nan,3.1443504339999890e+00,7.6766417640000100e+00,6.7543398099999763e-01,0,0,0,0,0
exp4_repeat,s2,B_int,B,2,2,8,abc,1,0.0000000000000000e+00,2.9999999999999999e-01,1,100,4,1,15,B,4.0821726598611069e-01,4.5830430169805050e-02,3.6027478885835822e+00,2.0224059693614954e+01,5.0559928279944544e-02,2.8381864045460453e-01,3.9853893487306216e+01,4.6756562058682298e-03,nan,nan,3.6465351732795082e-03,nan,nan,nan,1.0049363150827710e+00,1.0048730115987183e+00,3.3990201669788937e-02,1.8376346531689143e+00,nan,nan,nan,nan,nan,3.1443504339999890e+00,1.1292841979999992e+01,8.6917820599998663e-01,0,0,0,0,0
exp4_repeat,s2,B_int,B,2,2,8,abc,1,0.0000000000000000e+00,2.9999999999999999e-01,1,100,4,1,20,A,5.0964281672116107e-01,5.7217446368563643e-02,5.0035910031775579e+00,2.8061909822150128e+01,7.0218957886140881e-02,3.9381277621509836e-01,4.0040181030391729e+01,9.3717735288100373e-03,nan,nan,1.1082072332466220e-02,nan,nan,nan,1.0096336507936172e+00,1.0096336507936172e+00,5.2425407202996141e-02,2.5162027351068263e+00,nan,nan,nan,nan,nan,3.1443504339999890e+00,1.5381570698999980e+01,8.4033837999999150e-01,0,0,0,0,0
exp4_repeat,s2,B_int,B,2,2,8,abc,1,0.0000000000000000e+00,2.9999999999999999e-01,1,100,4,1,25,B,6.6514740748416301e-01,7.4675900191754740e-02,6.6607335186095131e+00,3.6522631269834321e+01,9.3474819611959872e-02,5.1254810902787462e-01,4.0298927058674806e+01,1.5894494723886276e-02,nan,nan,5.3245515455353776e-03,nan,nan,nan,1.0161580642812960e+00,1.0160940539108358e+00,6.7906870491014612e-02,2.9942337752562143e+00,nan,nan,nan,nan,nan,3.1443504339999890e+00,1.9451714068000001e+01,7.7765690899997253e-01,0,0,0,0,0
exp4_repeat,s2,B_int,B,2,2,8,abc,1,0.0000000000000000e+00,2.9999999999999999e-01,1,100,4,1,30,A,8.5624730637762625e-01,9.6130628596093545e-02,8.7200952306650024e+00,4.7085753598232223e+01,1.2237530992767977e-01,6.6078793147796910e-01,4.0665590618933763e+01,2.5137705882848155e-02,nan,nan,1.3864427266835899e-02,nan,nan,nan,1.0254036735525489e+00,1.0254036735525489e+00,9.3358947848793686e-02,4.2274544907674327e+00,nan,nan,nan,nan,nan,3.1443504339999890e+00,2.3568364568999982e+01,6.7446248300001344e-01,0,0,0,0,0
exp4_repeat,s2,B_int,B,2,2,8,abc,1,0.0000000000000000e+00,2.9999999999999999e-01,1,100,4,1,35,B,1.1283066790255867e+00,1.2667465286724597e-01,1.1402770638971440e+01,6.8153836857567285e+01,1.6002320548877294e-01,9.5645135604433806e-01,4.1197816150342490e+01,3.8554564017120298e-02,nan,nan,9.7862632311112863e-03,nan,nan,nan,1.0388240126342803e+00,1.0387585744783192e+00,1.2269954518648560e-01,5.0791958732335925e+00,nan,nan,nan,nan,nan,3.1443504339999890e+00,2.7785513157999901e+01,8.2545523299995693e-01,0,0,0,0,0
exp4_repeat,s2,B_int,B,2,2,8,abc,1,0.0000000000000000e+00,2.9999999999999999e-01,1,100,4,1,40,A,1.4661398135976780e+00,1.6460307768693377e-01,1.4849860527591801e+01,8.1554901743342029e+01,2.0839867414019964e-01,1.1445180485949629e+00,4.1979571746678580e+01,5.8261818390942792e-02,nan,nan,1.4399450938690495e-02,nan,nan,nan,1.0585363799724314e+00,1.0585363799724314e+00,1.6300799569696198e-01,7.2386088609228754e+00,nan,nan,nan,nan,nan,3.1443504339999890e+00,3.2009838748999869e+01,8.0868660199996611e-01,0,0,0,0,0
exp4_repeat,s2,B_int,B,2,2,8,abc,1,0.0000000000000000e+00,2.9999999999999999e-01,1,100,4,1,45,B,1.9586724818553605e+00,2.1989957281288808e-01,1.9755294031619634e+01,1.3648776757018157e+02,2.7724011789806169e-01,1.9154300974834990e+00,4.3232477417528237e+01,8.9846281460425809e-02,nan,nan,1.7713859467272275e-02,nan,nan,nan,1.0901290374981256e+00,1.0900603675086895e+00,2.1755802698096136e-01,8.8171783184404458e+00,nan,nan,nan,nan,nan,3.1443504339999890e+00,3.6139776732999849e+01,7.9708987499998329e-01,0,0,0,0,0
exp4_repeat,s2,B_int,B,2,2,8,abc,1,0.0000000000000000e+00,2.9999999999999999e-01,1,100,4,1,50,A,2.5827232080340798e+00,2.8996156090509007e-01,2.6262713685696362e+01,1.6162625601331254e+02,3.6856337480432699e-01,2.2682164183855211e+00,4.5188802819832958e+01,1.3916323233597133e-01,nan,nan,1.3683738370647847e-02,nan,nan,nan,1.1394587834493237e+00,1.1394587834493237e+00,2.8907917042813858e-01,1.2751391733310378e+01,nan,nan,nan,nan,nan,3.1443504339999890e+00,3.9470121919999883e+01,6.7301032300002817e-01,0,0,0,0,0
exp4_repeat,s2,B_int,B,2,2,8,abc,1,0.0000000000000000e+00,2.9999999999999999e-01,1,100,4,1,55,B,3.5334008388116640e+00,3.9669385373473731e-01,3.6216785795720916e+01,2.7197957442425195e+02,5.0825596155762831e-01,3.8168831685600733e+00,4.8747281546563855e+01,2.2886882034863790e-01,nan,nan,3.0813737215276915e-02,nan,nan,nan,1.2291876451998169e+00,1.2291102155564375e+00,3.9536714772035403e-01,1.5905990182094223e+01,nan,nan,nan,nan,nan,3.1443504339999890e+00,4.2853085468999893e+01,6.6135206699999571e-01,0,0,0,0,0
exp4_repeat,s2,B_int,B,2,2,8,abc,1,0.0000000000000000e+00,2.9999999999999999e-01,1,100,4,1,60,A,4.7544288219764157e+00,5.3377829964280055e-01,4.9483161090888665e+01,3.2345788930942314e+02,6.9443245910939499e-01,4.5393150425233530e+00,5.4676215475164483e+01,3.7833114545911462e-01,nan,nan,1.3666806087435202e-02,nan,nan,nan,1.3786887476824354e+00,1.3786887476824354e+00,5.3334343449372346e-01,2.3473512062219672e+01,nan,nan,nan,nan,nan,3.1443504339999890e+00,4.6609943721999741e+01,6.7878968499996972e-01,0,0,0,0,0
exp4_repeat,s2,B_int,B,2,2,8,abc,1,0.0000000000000000e+00,2.9999999999999999e-01,1,100,4,1,65,B,6.6867918529523891e+00,7.5072411828651764e-01,7.0742517287818302e+01,5.4588998351433918e+02,9.9278015310169865e-01,7.6608631158135463e+00,6.6797924596122868e+01,6.8390696251986016e-01,nan,nan,5.2685014865903879e-02,nan,nan,nan,1.6843438451047503e+00,1.6842377440194001e+00,7.5006907331661477e-01,3.0101324592015107e+01,nan,nan,nan,nan,nan,3.1443504339999890e+00,5.0233195809999756e+01,8.5495272399998612e-01,0,0,0,0,0
exp4_repeat,s2,B_int,B,2,2,8,abc,1,0.0000000000000000e+00,2.9999999999999999e-01,1,100,4,1,70,A,9.1822416818182973e+00,1.0308875230553471e+00,9.8749041113246037e+01,6.5374041992748539e+02,1.3858156581591718e+00,9.1744051394696235e+00,8.8047490280161114e+01,1.2195866535016366e+00,nan,nan,1.8795740841602571e-02,nan,nan,nan,2.2201625159311846e+00,2.2201625159311846e+00,1.0307559372268398e+00,4.5334459500179939e+01,nan,nan,nan,nan,nan,3.1443504339999890e+00,5.4380309951999720e+01,8.4019248900000321e-01,0,0,0,0,0
exp4_repeat,s2,B_int,B,2,2,8,abc,1,0.0000000000000000e+00,2.9999999999999999e-01,1,100,4,1,75,B,1.3232187195046963e+01,1.4855736926546903e+00,1.4481144281994656e+02,1.1085249682689889e+03,2.0322421633477918e+00,1.5556720765782670e+01,1.3525026466135466e+02,2.4095200370810335e+00,nan,nan,9.0570782057132565e-02,nan,nan,nan,3.4104046227263147e+00,3.4101897927003639e+00,1.4854480622777215e+00,5.9566137331544439e+01,nan,nan,nan,nan,nan,3.1443504339999890e+00,5.8591221480999764e+01,8.3611959700004945e-01,0,0,0,0,0
exp4_repeat,s2,B_int,B,2,2,8,abc,1,0.0000000000000000e+00,2.9999999999999999e-01,1,100,4,1,80,A,1.8465356741198356e+01,2.0731000699926927e+00,2.0470269852999408e+02,1.3747922962239818e+03,2.8727388305976156e+00,1.9293439909344443e+01,2.2069969981829558e+02,4.5636123936048438e+00,nan,nan,3.9393974884046862e-02,nan,nan,nan,5.5650558494595597e+00,5.5650558494595597e+00,2.0732331276593818e+00,9.1166949896102381e+01,nan,nan,nan,nan,nan,3.1443504339999890e+00,6.2776519234999796e+01,8.2915237700001398e-01,0,0,0,0,0
exp4_repeat,s2,B_int,B,2,2,8,abc,1,0.0000000000000000e+00,2.9999999999999999e-01,1,100,4,1,85,B,2.7081072339102850e+01,3.0403838793112712e+00,3.0459020352415536e+02,2.3249130850949805e+03,4.2745313636168776e+00,3.2627161953794250e+01,4.2011088201018742e+02,9.5905631578316299e+00,nan,nan,1.5899003402691053e-01,nan,nan,nan,1.0593310834936611e+01,1.0592643535453607e+01,3.0408637666631737e+00,1.2190840790404678e+02,nan,nan,nan,nan,nan,3.1443504339999890e+00,6.7007571645999803e+01,8.5363036899997269e-01,0,0,0,0,0
exp4_repeat,s2,B_int,B,2,2,8,abc,1,0.0000000000000000e+00,2.9999999999999999e-01,1,100,4,1,90,A,3.8202935529453363e+01,4.2890321281112875e+00,4.3326892704541973e+02,3.0268887041899361e+03,6.0803715815811170e+00,4.2478486013459296e+01,7.8766534363420840e+02,1.8856233023716236e+01,nan,nan,9.9061369244221140e-02,nan,nan,nan,1.9861384639929401e+01,1.9861384639929401e+01,4.2895192287321189e+00,1.8861510005528743e+02,nan,nan,nan,nan,nan,3.1443504339999890e+00,7.1250861376999865e+01,8.5143485499997951e-01,0,0,0,0,0
exp4_repeat,s2,B_int,B,2,2,8,abc,1,0.0000000000000000e+00,2.9999999999999999e-01,1,100,4,1,95,B,5.6653627525654180e+01,6.3604857915759538e+00,6.4947948694937020e+02,4.9808983945458567e+03,9.1146084308345614e+00,6.9900496339458755e+01,1.6686206679926377e+03,4.1064210491959372e+01,nan,nan,2.8739264565798162e-01,nan,nan,nan,4.2075123874598745e+01,4.2072473455967000e+01,6.3619711637688452e+00,2.5503249823932873e+02,nan,nan,nan,nan,nan,3.1443504339999890e+00,7.5487438088999738e+01,8.4585782399994969e-01,0,0,0,0,0
exp4_repeat,s2,B_int,B,2,2,8,abc,1,0.0000000000000000e+00,2.9999999999999999e-01,1,100,4,1,100,A,8.0447521195961002e+01,9.0318191064237219e+00,9.2647619939055062e+02,6.6944906424921192e+03,1.3001900672177770e+01,9.3948557385244186e+01,3.3081164113082627e+03,8.2394211594285494e+01,nan,nan,2.5089257296882717e-01,nan,nan,nan,8.3415847872023576e+01,8.3415847872023576e+01,9.0329544566914262e+00,3.9718458933286996e+02,nan,nan,nan,nan,nan,3.1443504339999890e+00,7.9693989190999787e+01,8.4615106699999387e-01,0,0,0,0,0
exp4_repeat,s2,B_l2,B,2,2,8,abc,1,0.0000000000000000e+00,2.9999999999999999e-01,1,100,0,1,0,A,2.0254441727229264e-01,2.2739601054497086e-02,8.4790861886317085e-14,4.4053649617126212e-13,1.1899305830839918e-15,6.1823625576736998e-15,3.9658128469587318e+01,-2.5937850288692903e-04,nan,nan,8.8817841970012523e-16,nan,nan,nan,1.0000000000000000e+00,1.0000000000000000e+00,0.0000000000000000e+00,1.0000000000000000e+00,nan,nan,nan,nan,nan,1.0130327319999992e+00,0.0000000000000000e+00,0.0000000000000000e+00,0,0,0,0,0
exp4_repeat,s2,B_l2,B,2,2,8,abc,1,0.0000000000000000e+00,2.9999999999999999e-01,1,100,0,1,1,B,2.4364985330968925e-01,2.7354496045184164e-02,2.0376329085846172e+00,6.9354539313207484e+00,2.8595554533624692e-02,9.7330166917201810e-02,3.9638640073986458e+01,-7.5066090782760020e-04,nan,nan,1.3110289343884474e-03,nan,nan,nan,9.9950859013390392e-01,9.9944562855599439e-01,0.0000000000000000e+00,1.0968164528754687e+00,nan,nan,nan,nan,nan,1.0130327319999992e+00,5.5476735999997118e-01,5.5476735999997118e-01,24,0,24,0,0
exp4_repeat,s2,B_l2,B,2,2,8,abc,1,0.0000000000000000e+00,2.9999999999999999e-01,1,100,0,1,2,A,2.3515739225257049e-01,2.6401049986238451e-02,1.3676443011403041e+00,6.3062225517809463e+00,1.9193127000988755e-02,8.8499714605555335e-02,3.9608493179459778e+01,-1.5106331060472989e-03,nan,nan,2.3124506887380325e-03,nan,nan,nan,9.9874842076409120e-01,9.9874842076409120e-01,1.3256421734932423e-02,1.1610164102248954e+00,nan,nan,nan,nan,nan,1.0130327319999992e+00,1.0061726320000162e+00,4.5140527200004499e-01,6,0,30,0,0
exp4_repeat,s2,B_l2,B,2,2,8,abc,1,0.0000000000000000e+00,2.9999999999999999e-01,1,100,0,1,5,B,2.6412976632904628e-01,2.9653769745060590e-02,2.6728092013306504e+00,1.0359295474355683e+01,3.7509436048377663e-02,1.4537937496928083e-01,3.9537520625962671e+01,-3.2997781686250156e-03,nan,nan,1.9707787166323154e-04,nan,nan,nan,9.9695881151534582e-01,9.9689601055445021e-01,8.9535337282593812e-03,1.1890090203979218e+00,nan,nan,nan,nan,nan,1.0130327319999992e+00,2.5656299600000807e+00,5.5311921400004849e-01,24,0,84,0,0
exp4_repeat,s2,B_l2,B,2,2,8,abc,1,0.0000000000000000e+00,2.9999999999999999e-01,1,100,0,1,10,A,2.7586428651758638e-01,3.0971200811524532e-02,3.2347833481753168e+00,1.4052334511468089e+01,4.5396019689072087e-02,1.9720642327402602e-01,3.9408364911825963e+01,-6.5556608565828190e-03,nan,nan,2.7173920302689392e-03,nan,nan,nan,9.9370208410230720e-01,9.9370208410230720e-01,2.0894586133296738e-02,1.3619940269532358e+00,nan,nan,nan,nan,nan,1.0130327319999992e+00,5.0238400300000308e+00,4.4339749899995695e-01,6,0,150,0,0
exp4_repeat,s2,B_l2,B,2,2,8,abc,1,0.0000000000000000e+00,2.9999999999999999e-01,1,100,0,1,15,B,3.1284833112847443e-01,3.5123388421330108e-02,4.4525602668799520e+00,1.8477960165617098e+01,6.2485950923445638e-02,2.5931438158459935e-01,3.9301265447560290e+01,-9.2555281750590756e-03,nan,nan,3.8158136723553948e-04,nan,nan,nan,9.9100151631460132e-01,9.9093909061882057e-01,2.0680358486284141e-02,1.4083209662359266e+00,nan,nan,nan,nan,nan,1.0130327319999992e+00,7.6531396880000671e+00,5.7685999900002116e-01,24,0,234,0,0
exp4_repeat,s2,B_l2,B,2,2,8,abc,1,0.0000000000000000e+00,2.9999999999999999e-01,1,100,0,1,20,A,3.3661105459062057e-01,3.7791222266244838e-02,4.9294316182150055e+00,1.8981853466944230e+01,6.9178226394250239e-02,2.6638587533429442e-01,3.9188711021674685e+01,-1.2092909464330408e-02,nan,nan,7.8408368636395664e-04,nan,nan,nan,9.8816339887867843e-01,9.8816339887867843e-01,3.0103254825054250e-02,1.6619122813841571e+00,nan,nan,nan,nan,nan,1.0130327319999992e+00,1.0038887694000152e+01,4.2307265100004088e-01,6,0,300,0,0
exp4_repeat,s2,B_l2,B,2,2,8,abc,1,0.0000000000000000e+00,2.9999999999999999e-01,1,100,0,1,25,B,3.7894464547437468e-01,4.2544001833635735e-02,5.8907300645774932e+00,2.3531425650877356e+01,8.2668812470984399e-02,3.3023326361616567e-01,3.9096863562726803e+01,-1.4408289418830857e-02,nan,nan,1.4264258494362525e-03,nan,nan,nan,9.8584741820857902e-01,9.8578531718249363e-01,3.1670782876492463e-02,1.7058607515641264e+00,nan,nan,nan,nan,nan,1.0130327319999992e+00,1.2613992048000171e+01,5.5987084700001333e-01,24,0,384,0,0
exp4_repeat,s2,B_l2,B,2,2,8,abc,1,0.0000000000000000e+00,2.9999999999999999e-01,1,100,0,1,30,A,4.0825673213490693e-01,4.5834861022508305e-02,6.3193138094858741e+00,2.3932030267967491e+01,8.8683433553182173e-02,3.3585523366099640e-01,3.8997553547570327e+01,-1.6911792738448204e-02,nan,nan,5.1008793623787407e-03,nan,nan,nan,9.8334326536554628e-01,9.8334326536554628e-01,3.9745384140674564e-02,2.0156405080573654e+00,nan,nan,nan,nan,nan,1.0130327319999992e+00,1.5067862409000099e+01,4.3869275899999138e-01,6,0,450,0,0
exp4_repeat,s2,B_l2,B,2,2,8,abc,1,0.0000000000000000e+00,2.9999999999999999e-01,1,100,0,1,35,B,4.5169623721204610e-01,5.0711801245111293e-02,7.1595717176360045e+00,2.8419496397856371e+01,1.0047537150902637e-01,3.9883104343242615e-01,3.8918236307791261e+01,-1.8911298757825011e-02,nan,nan,2.9130265144669265e-03,nan,nan,nan,9.8134324058273559e-01,9.8128142328620815e-01,4.2010230549898823e-02,2.0333599956918627e+00,nan,nan,nan,nan,nan,1.0130327319999992e+00,1.7607048029000225e+01,5.4320244200005163e-01,24,0,534,0,0
exp4_repeat,s2,B_l2,B,2,2,8,abc,1,0.0000000000000000e+00,2.9999999999999999e-01,1,100,0,1,40,A,4.8312171218180089e-01,5.4239929906389782e-02,7.5658573171177821e+00,2.8351035979034634e+01,1.0617706682777642e-01,3.9787028959322257e-01,3.8830400977968701e+01,-2.1125537064444838e-02,nan,nan,1.0107963069428072e-02,nan,nan,nan,9.7912842780129228e-01,9.7912842780129228e-01,4.9210642954953462e-02,2.3852630385379188e+00,nan,nan,nan,nan,nan,1.0130327319999992e+00,2.0012702094000190e+01,4.4721935799998391e-01,6,0,600,0,0
exp4_repeat,s2,B_l2,B,2,2,8,abc,1,0.0000000000000000e+00,2.9999999999999999e-01,1,100,0,1,45,B,5.2606990589492664e-01,5.9061710749328457e-02,8.3369373613706959e+00,3.2680510160325511e+01,1.1699818252645228e-01,4.5862888577187311e-01,3.8762031119298868e+01,-2.2849070867878494e-02,nan,nan,4.6107647630030391e-03,nan,nan,nan,9.7740444683425642e-01,9.7734287765232453e-01,5.1787897521371633e-02,2.3681611965298863e+00,nan,nan,nan,nan,nan,1.0130327319999992e+00,2.2461688681000282e+01,5.3796276400004217e-01,24,0,684,0,0
exp4_repeat,s2,B_l2,B,2,2,8,abc,1,0.0000000000000000e+00,2.9999999999999999e-01,1,100,0,1,50,A,5.5808666248538175e-01,6.2656222421043170e-02,8.7306530844876242e+00,3.2118389249755054e+01,1.2252347581343420e-01,4.5074024249123817e-01,3.8684496293931183e+01,-2.4803644053554758e-02,nan,nan,1.5417214901501219e-02,nan,nan,nan,9.7544936654278114e-01,9.7544936654278114e-01,5.8364163335569812e-02,2.7553791410360735e+00,nan,nan,nan,nan,nan,1.0130327319999992e+00,2.5043627477000314e+01,4.7166536499997846e-01,6,0,750,0,0
exp4_repeat,s2,B_l2,B,2,2,8,abc,1,0.0000000000000000e+00,2.9999999999999999e-01,1,100,0,1,55,B,6.0002071448883731e-01,6.7364145878025722e-02,9.4562259824408521e+00,3.6498209903573361e+01,1.3270595730169860e-01,5.1220538659354475e-01,3.8626007540444043e+01,-2.6278085360250971e-02,nan,nan,6.3864516163531504e-03,nan,nan,nan,9.7397454269848416e-01,9.7391318957490192e-01,6.1092744798585216e-02,2.7010588464461822e+00,nan,nan,nan,nan,nan,1.0130327319999992e+00,2.7615504215000328e+01,5.5966511900004434e-01,24,0,834,0,0
exp4_repeat,s2,B_l2,B,2,2,8,abc,1,0.0000000000000000e+00,2.9999999999999999e-01,1,100,0,1,60,A,6.3195473597829044e-01,7.0949368904734453e-02,9.8416293345969734e+00,3.5432199603130542e+01,1.3811459716395813e-01,4.9724530445544718e-01,3.8557911013488699e+01,-2.7994728752344933e-02,nan,nan,2.0910298487101742e-02,nan,nan,nan,9.7225745393047625e-01,9.7225745393047625e-01,6.7195490270970645e-02,3.1200797557837183e+00,nan,nan,nan,nan,nan,1.0130327319999992e+00,3.0093416999000340e+01,4.4989503900001182e-01,6,0,900,0,0
exp4_repeat,s2,B_l2,B,2,2,8,abc,1,0.0000000000000000e+00,2.9999999999999999e-01,1,100,0,1,65,B,6.7276268468821809e-01,7.5530865082279547e-02,1.0534706118955942e+01,3.9965761295726935e+01,1.4784103753485511e-01,5.6086800610401877e-01,3.8508523610341378e+01,-2.9239734379740971e-02,nan,nan,8.1291346110709262e-03,nan,nan,nan,9.7101212529160219e-01,9.7095095877819637e-01,7.0000506700961765e-02,3.0285147781673820e+00,nan,nan,nan,nan,nan,1.0130327319999992e+00,3.2638868961000298e+01,5.3682387599997128e-01,24,0,984,0,0
exp4_repeat,s2,B_l2,B,2,2,8,abc,1,0.0000000000000000e+00,2.9999999999999999e-01,1,100,0,1,70,A,7.0432383683464816e-01,7.9074226179541005e-02,1.0914377362241083e+01,3.8411642680936069e+01,1.5316923462887994e-01,5.3905795218619057e-01,3.8449199207782080e+01,-3.0735241539895038e-02,nan,nan,2.6526327662528937e-02,nan,nan,nan,9.6951623012840027e-01,9.6951623012840027e-01,7.5729717769580998e-02,3.4773796598292974e+00,nan,nan,nan,nan,nan,1.0130327319999992e+00,3.4863421913000252e+01,4.5590577299998358e-01,6,0,1050,0,0
exp4_repeat,s2,B_l2,B,2,2,8,abc,1,0.0000000000000000e+00,2.9999999999999999e-01,1,100,0,1,75,B,7.4405351927004226e-01,8.3534665725441423e-02,1.1583262110412022e+01,4.3137674671069099e+01,1.6255617091777086e-01,6.0538172666594980e-01,3.8408319071690229e+01,-3.1765787716442291e-02,nan,nan,9.7603260329137131e-03,nan,nan,nan,9.6848541658097831e-01,9.6842440923135453e-01,7.8574743178855266e-02,3.3494382642537111e+00,nan,nan,nan,nan,nan,1.0130327319999992e+00,3.7459441867000294e+01,5.6301405700003215e-01,24,0,1134,0,0
exp4_repeat,s2,B_l2,B,2,2,8,abc,1,0.0000000000000000e+00,2.9999999999999999e-01,1,100,0,1,80,A,7.7513403096872657e-01,8.7024065463611466e-02,1.1959239424053713e+01,4.1447135683761474e+01,1.6783252846497762e-01,5.8165718845344561e-01,3.8357240436055605e+01,-3.3053427575033816e-02,nan,nan,3.2230979362288914e-02,nan,nan,nan,9.6719744264963670e-01,9.6719744264963670e-01,8.4001593706749297e-02,3.8269829472844332e+00,nan,nan,nan,nan,nan,1.0130327319999992e+00,3.9859462833000237e+01,4.5701888399997870e-01,6,0,1200,0,0
exp4_repeat,s2,B_l2,B,2,2,8,abc,1,0.0000000000000000e+00,2.9999999999999999e-01,1,100,0,1,85,B,8.1389435976509228e-01,9.1375675966830355e-02,1.2609827111556555e+01,4.6049881566570107e+01,1.7696268906383367e-01,6.4625080114087197e-01,3.8324407413954710e+01,-3.3881114286118778e-02,nan,nan,1.1230411620834047e-02,nan,nan,nan,9.6636954119871288e-01,9.6630866713343899e-01,8.6869227539409469e-02,3.6638344434307903e+00,nan,nan,nan,nan,nan,1.0130327319999992e+00,4.2083267459000183e+01,5.4636178900000232e-01,24,0,1284,0,0
exp4_repeat,s2,B_l2,B,2,2,8,abc,1,0.0000000000000000e+00,2.9999999999999999e-01,1,100,0,1,90,A,8.4447689611689714e-01,9.4809168161975960e-02,1.2983950265412197e+01,4.4349493682425539e+01,1.8221302586557023e-01,6.2238804634116496e-01,3.8281155733816007e+01,-3.4971444648425727e-02,nan,nan,3.8003194631173215e-02,nan,nan,nan,9.6527892795477543e-01,9.6527892795477543e-01,9.2047093954532894e-02,4.1693417547106035e+00,nan,nan,nan,nan,nan,1.0130327319999992e+00,4.4026075272000071e+01,3.5396874399998524e-01,6,0,1350,0,0
exp4_repeat,s2,B_l2,B,2,2,8,abc,1,0.0000000000000000e+00,2.9999999999999999e-01,1,100,0,1,95,B,8.8239749755464836e-01,9.9066502726185515e-02,1.3620747894642500e+01,4.9559962608352507e+01,1.9114966075049958e-01,6.9551026952934225e-01,3.8256013164910009e+01,-3.5605262945811927e-02,nan,nan,1.2511836209886551e-02,nan,nan,nan,9.6464494521589561e-01,9.6458417978729127e-01,9.4930084321301109e-02,3.9722088076282529e+00,nan,nan,nan,nan,nan,1.0130327319999992e+00,4.6055802026000094e+01,4.3904580500003476e-01,24,0,1434,0,0
exp4_repeat,s2,B_l2,B,2,2,8,abc,1,0.0000000000000000e+00,2.9999999999999999e-01,1,100,0,1,100,A,9.1251099384644263e-01,1.0244733593429581e-01,1.3994769533172063e+01,4.7123381671975210e+01,1.9639857291532997e-01,6.6131599304891242e-01,3.8220256242485050e+01,-3.6506658176183579e-02,nan,nan,4.3828721400726384e-02,nan,nan,nan,9.6374331612231956e-01,9.6374331612231956e-01,9.9900659635194983e-02,4.5052389304796252e+00,nan,nan,nan,nan,nan,1.0130327319999992e+00,4.8115855274000069e+01,4.4109243399998377e-01,6,0,1500,0,0
exp4_repeat,s2,B_l2c,B,2,2,8,abc,1,0.0000000000000000e+00,2.9999999999999999e-01,1,100,0,1,0,A,2.0254441727229264e-01,2.2739601054497086e-02,8.4790861886317085e-14,4.4053649617126212e-13,1.1899305830839918e-15,6.1823625576736998e-15,3.9658128469587318e+01,-2.5937850288692903e-04,nan,nan,8.8817841970012523e-16,nan,nan,nan,1.0000000000000000e+00,1.0000000000000000e+00,0.0000000000000000e+00,1.0000000000000000e+00,nan,nan,nan,nan,nan,1.0150784969999336e+00,0.0000000000000000e+00,0.0000000000000000e+00,0,0,0,0,0
exp4_repeat,s2,B_l2c,B,2,2,8,abc,1,0.0000000000000000e+00,2.9999999999999999e-01,1,100,0,1,1,B,2.4608708355642059e-01,2.7628123154906557e-02,9.4868737307712978e-13,4.0039083160081645e-12,1.3313605899225521e-14,5.6189698407243929e-14,3.9637977167758841e+01,-7.6737209187908442e-04,nan,nan,1.3268912385233644e-05,nan,nan,nan,9.9949187461420597e-01,9.9942891408924939e-01,0.0000000000000000e+00,1.1077879112931470e+00,nan,nan,nan,nan,nan,1.0150784969999336e+00,5.6692214860000263e+00,5.6692214860000263e+00,30,918,30,918,0
exp4_repeat,s2,B_l2c,B,2,2,8,abc,1,0.0000000000000000e+00,2.9999999999999999e-01,1,100,0,1,2,A,2.3542983620413008e-01,2.6431637187068809e-02,6.9024497262736665e-13,2.5384139235029579e-12,9.6866995390433550e-15,3.5623371350466600e-14,3.9605364150905473e+01,-1.5895126969982969e-03,nan,nan,1.3406681933947340e-05,nan,nan,nan,9.9866952070816184e-01,9.9866952070816184e-01,1.3320140125901837e-02,1.1623615174128823e+00,nan,nan,nan,nan,nan,1.0150784969999336e+00,7.3773736970000527e+00,1.7081522110000265e+00,29,180,59,1098,0
exp4_repeat,s2,B_l2c,B,2,2,8,abc,1,0.0000000000000000e+00,2.9999999999999999e-01,1,100,0,1,5,B,2.6322367077111780e-01,2.9552042668195045e-02,1.3808602895696370e-12,5.1523230126804265e-12,1.9378596383748764e-14,7.2306220155373118e-14,3.9520379124680716e+01,-3.7318977820898140e-03,nan,nan,3.6158339946634754e-05,nan,nan,nan,9.9652657979026327e-01,9.9646380605673890e-01,7.9626738475183367e-03,1.1849301321806154e+00,nan,nan,nan,nan,nan,1.0150784969999336e+00,2.1335639545000106e+01,6.0591952160000346e+00,30,917,148,3112,0
exp4_repeat,s2,B_l2c,B,2,2,8,abc,1,0.0000000000000000e+00,2.9999999999999999e-01,1,100,0,1,10,A,2.6555173080945355e-01,2.9813413271323114e-02,6.3358076244974398e-13,2.3909763058327371e-12,8.8914903012005536e-15,3.3554274204148386e-14,3.9363637860907225e+01,-7.6831837985068879e-03,nan,nan,6.3777585499857903e-05,nan,nan,nan,9.9257426862929432e-01,9.9257426862929432e-01,1.9143887459601851e-02,1.3110789938606719e+00,nan,nan,nan,nan,nan,1.0150784969999336e+00,3.9066711968000106e+01,1.7648130700000024e+00,29,180,295,5488,0
exp4_repeat,s2,B_l2c,B,2,2,8,abc,1,0.0000000000000000e+00,2.9999999999999999e-01,1,100,0,1,15,B,2.9474030281336372e-01,3.3090405506695703e-02,6.3243643804074039e-13,2.5011104298755527e-12,8.8754311813738215e-15,3.5099864843566745e-14,3.9222358037541120e+01,-1.1244702807790130e-02,nan,nan,9.9376084461144654e-05,nan,nan,nan,9.8901182559887113e-01,9.8894952523874868e-01,1.6814165940488193e-02,1.3268056970274376e+00,nan,nan,nan,nan,nan,1.0150784969999336e+00,6.1473102964000077e+01,6.2938039929999832e+00,31,948,446,8692,0
exp4_repeat,s2,B_l2c,B,2,2,8,abc,1,0.0000000000000000e+00,2.9999999999999999e-01,1,100,0,1,20,A,3.0744062853466902e-01,3.4516267271013847e-02,6.2869320002842661e-13,2.3305801732931286e-12,8.8228996550805126e-15,3.2706692240596344e-14,3.9075516846814843e+01,-1.4946418167117892e-02,nan,nan,1.2747241530025599e-04,nan,nan,nan,9.8530914984504969e-01,9.8530914984504969e-01,2.5882632532414344e-02,1.5178923846681891e+00,nan,nan,nan,nan,nan,1.0150784969999336e+00,7.9339404170000023e+01,1.7604016389999515e+00,29,180,595,11128,0
exp4_repeat,s2,B_l2c,B,2,2,8,abc,1,0.0000000000000000e+00,2.9999999999999999e-01,1,100,0,1,25,B,3.4232183073944877e-01,3.8432369393797100e-02,6.2470663422311567e-13,2.5295321393059567e-12,8.7669533364833760e-15,3.5498726944061825e-14,3.8943520152225965e+01,-1.8273919049693520e-02,nan,nan,1.6301919014904964e-04,nan,nan,nan,9.8198078565635372e-01,9.8191892819924731e-01,2.5789711213051372e-02,1.5409991470680178e+00,nan,nan,nan,nan,nan,1.0150784969999336e+00,1.0028611855899999e+02,5.6671413390000680e+00,31,948,746,14332,0
exp4_repeat,s2,B_l2c,B,2,2,8,abc,1,0.0000000000000000e+00,2.9999999999999999e-01,1,100,0,1,30,A,3.6157150521093173e-01,4.0593524580424666e-02,6.2678897982530167e-13,2.2790658249505213e-12,8.7961763761066211e-15,3.1983754683449019e-14,3.8805581733569213e+01,-2.1751204683633202e-02,nan,nan,1.9138706012389317e-04,nan,nan,nan,9.7850259785526950e-01,9.7850259785526950e-01,3.3576931985729218e-02,1.7851467351225456e+00,nan,nan,nan,nan,nan,1.0150784969999336e+00,1.0889178164100008e+02,7.1428496300006827e-01,29,180,895,16768,0
exp4_repeat,s2,B_l2c,B,2,2,8,abc,1,0.0000000000000000e+00,2.9999999999999999e-01,1,100,0,1,35,B,3.9854369048510974e-01,4.4744380746050284e-02,6.1594427189491720e-13,2.4726887204451486e-12,8.6439848622583388e-15,3.4701002743071672e-14,3.8681914799705503e+01,-2.4868720867342171e-02,nan,nan,2.2689459855101957e-04,nan,nan,nan,9.7538427284508789e-01,9.7532283091903271e-01,3.4505927522322351e-02,1.7940879954406004e+00,nan,nan,nan,nan,nan,1.0150784969999336e+00,1.1997644918900005e+02,3.1879517930000247e+00,31,948,1046,19972,0
exp4_repeat,s2,B_l2c,B,2,2,8,abc,1,0.0000000000000000e+00,2.9999999999999999e-01,1,100,0,1,40,A,4.2105729312571571e-01,4.7271976170507837e-02,6.2517649964369232e-13,2.2577495428777183e-12,8.7735472927357464e-15,3.1684608108077712e-14,3.8551954202952651e+01,-2.8144893818051863e-02,nan,nan,2.5547085768928834e-04,nan,nan,nan,9.7210724990507402e-01,9.7210724990507402e-01,4.1415882902050491e-02,2.0788392926163106e+00,nan,nan,nan,nan,nan,1.0150784969999336e+00,1.2850297698200029e+02,8.6474394800006849e-01,29,180,1195,22408,0
exp4_repeat,s2,B_l2c,B,2,2,8,abc,1,0.0000000000000000e+00,2.9999999999999999e-01,1,100,0,1,45,B,4.5823360494341003e-01,5.1445749562027424e-02,6.0505357243622607e-13,2.4726887204451486e-12,8.4911479165218053e-15,3.4701002743071672e-14,3.8435819982708644e+01,-3.1072518040482403e-02,nan,nan,2.9091111242723899e-04,nan,nan,nan,9.6917886612284221e-01,9.6911781509107520e-01,4.2847249758292252e-02,2.0627886712640304e+00,nan,nan,nan,nan,nan,1.0150784969999336e+00,1.3945240423700011e+02,3.0767337229999612e+00,31,948,1346,25612,0
exp4_repeat,s2,B_l2c,B,2,2,8,abc,1,0.0000000000000000e+00,2.9999999999999999e-01,1,100,0,1,50,A,4.8221348877337639e-01,5.4137963936386452e-02,6.2449012962456412e-13,2.3607782395629329e-12,8.7639149731802777e-15,3.3130483222372368e-14,3.8313098961814831e+01,-3.4166188731302519e-02,nan,nan,3.1963573418097857e-04,nan,nan,nan,9.6608439279216229e-01,9.6608439279216229e-01,4.9118398167252428e-02,2.3807789682255609e+00,nan,nan,nan,nan,nan,1.0150784969999336e+00,1.4809878236699990e+02,8.1814098699999249e-01,29,180,1495,28048,0
exp4_repeat,s2,B_l2c,B,2,2,8,abc,1,0.0000000000000000e+00,2.9999999999999999e-01,1,100,0,1,55,B,5.1877452986368877e-01,5.8242661067648673e-02,5.9740370066404011e-13,2.3874235921539366e-12,8.3837918149810588e-15,3.3504416441586440e-14,3.8203839405843588e+01,-3.6920509739540579e-02,nan,nan,3.5497878138007755e-04,nan,nan,nan,9.6332935718691359e-01,9.6326867463053167e-01,5.0814499612021724e-02,2.3353202637229025e+00,nan,nan,nan,nan,nan,1.0150784969999336e+00,1.5813115660299991e+02,2.6182560969999713e+00,31,948,1646,31252,0
exp4_repeat,s2,B_l2c,B,2,2,8,abc,1,0.0000000000000000e+00,2.9999999999999999e-01,1,100,0,1,60,A,5.4327617251961391e-01,6.0993453149104003e-02,6.2275227684653375e-13,2.3376856006507296e-12,8.7395264468288368e-15,3.2806407765720117e-14,3.8087755213625940e+01,-3.9846872806891601e-02,nan,nan,3.8380806003196488e-04,nan,nan,nan,9.6040223488696264e-01,9.6040223488696264e-01,5.6594679099761111e-02,2.6822569579355773e+00,nan,nan,nan,nan,nan,1.0150784969999336e+00,1.6535041038599968e+02,7.0370209399993655e-01,29,180,1795,33688,0
exp4_repeat,s2,B_l2c,B,2,2,8,abc,1,0.0000000000000000e+00,2.9999999999999999e-01,1,100,0,1,65,B,5.7889547999647906e-01,6.4992422129683036e-02,5.8862636988114274e-13,2.4442670110147446e-12,8.2606132777653678e-15,3.4302140642576592e-14,3.7984819580964682e+01,-4.2441774214049065e-02,nan,nan,4.1903358965456050e-04,nan,nan,nan,9.5780666024354000e-01,9.5774632557582784e-01,5.8435052191293885e-02,2.6059612937601146e+00,nan,nan,nan,nan,nan,1.0150784969999336e+00,1.7555126511399976e+02,2.9983897839999827e+00,31,948,1946,36892,0
exp4_repeat,s2,B_l2c,B,2,2,8,abc,1,0.0000000000000000e+00,2.9999999999999999e-01,1,100,0,1,70,A,6.0341831947245894e-01,6.7745593971776374e-02,6.2122224481195959e-13,2.3376856006507296e-12,8.7180544170542259e-15,3.2806407765720117e-14,3.7874869054967164e+01,-4.5213513865832937e-02,nan,nan,4.4793893849348621e-04,nan,nan,nan,9.5503420147555163e-01,9.5503420147555163e-01,6.3822198801517654e-02,2.9791900838286125e+00,nan,nan,nan,nan,nan,1.0150784969999336e+00,1.8408676508499991e+02,8.2513375999997152e-01,29,180,2095,39328,0
exp4_repeat,s2,B_l2c,B,2,2,8,abc,1,0.0000000000000000e+00,2.9999999999999999e-01,1,100,0,1,75,B,6.3799081196650120e-01,7.1627037347809799e-02,5.8033108726716596e-13,2.3305801732931286e-12,8.1441996659904332e-15,3.2706692240596287e-14,3.7777791851849983e+01,-4.7660730290884308e-02,nan,nan,4.8303635126589750e-04,nan,nan,nan,9.5258635013048309e-01,9.5252634430332828e-01,6.5740777429284511e-02,2.8719853915069464e+00,nan,nan,nan,nan,nan,1.0150784969999336e+00,1.9468982270199990e+02,3.0285795330000838e+00,31,948,2246,42532,0
exp4_repeat,s2,B_l2c,B,2,2,8,abc,1,0.0000000000000000e+00,2.9999999999999999e-01,1,100,0,1,80,A,6.6226752422923840e-01,7.4352576561400374e-02,6.1965549598361306e-13,2.2595258997171186e-12,8.6960671143498357e-15,3.1709536989358651e-14,3.7673549209053697e+01,-5.0288580078994734e-02,nan,nan,5.1200058397793402e-04,nan,nan,nan,9.4995781855778849e-01,9.4995781855778849e-01,7.0803636507116102e-02,3.2697397101738543e+00,nan,nan,nan,nan,nan,1.0150784969999336e+00,2.0278297792799981e+02,7.0475135099991348e-01,29,180,2395,44968,0
exp4_repeat,s2,B_l2c,B,2,2,8,abc,1,0.0000000000000000e+00,2.9999999999999999e-01,1,100,0,1,85,B,6.9578805977305802e-01,7.8115917045748509e-02,5.7487317500671930e-13,2.3590018827235326e-12,8.0676048941717184e-15,3.3105554341091366e-14,3.7581933887758218e+01,-5.2598108082083386e-02,nan,nan,5.4696692435984851e-04,nan,nan,nan,9.4764769135736515e-01,9.4758799662883642e-01,7.2762126238793592e-02,3.1321660214725919e+00,nan,nan,nan,nan,nan,1.0150784969999336e+00,2.1289257274299973e+02,2.6700977109999258e+00,31,948,2546,48172,0
exp4_repeat,s2,B_l2c,B,2,2,8,abc,1,0.0000000000000000e+00,2.9999999999999999e-01,1,100,0,1,90,A,7.1967775058803685e-01,8.0798005477332471e-02,6.1866791388725008e-13,2.2009061240169103e-12,8.6822076710840739e-15,3.0886883907087553e-14,3.7483035362512787e+01,-5.5091238164352352e-02,nan,nan,5.7598115523543880e-04,nan,nan,nan,9.4515391444297359e-01,9.4515391444297359e-01,7.7551259910088308e-02,3.5531848286913323e+00,nan,nan,nan,nan,nan,1.0150784969999336e+00,2.2019792185399990e+02,7.0457882899995639e-01,29,180,2695,50608,0
exp4_repeat,s2,B_l2c,B,2,2,8,abc,1,0.0000000000000000e+00,2.9999999999999999e-01,1,100,0,1,95,B,7.5218581170251542e-01,8.4447675760787599e-02,5.6718462590419551e-13,2.2453150450019166e-12,7.9597060060945777e-15,3.1510105939111054e-14,3.7396541705059860e+01,-5.7271654290742671e-02,nan,nan,6.1081906387072671e-04,nan,nan,nan,9.4297293261678239e-01,9.4291353236314812e-01,7.9526631603175441e-02,3.3860466677408008e+00,nan,nan,nan,nan,nan,1.0150784969999336e+00,2.2979128918000015e+02,2.9086403979999886e+00,31,948,2846,53812,0
exp4_repeat,s2,B_l2c,B,2,2,8,abc,1,0.0000000000000000e+00,2.9999999999999999e-01,1,100,0,1,100,A,7.7561834091659609e-01,8.7078438796382579e-02,6.1843370539118441e-13,2.2346569039655151e-12,8.6789208563721258e-15,3.1360532651425461e-14,3.7302674130440487e+01,-5.9637959283182371e-02,nan,nan,6.3988041667667472e-04,nan,nan,nan,9.4060601369645669e-01,9.4060601369645669e-01,8.4080639421742445e-02,3.8293740768667335e+00,nan,nan,nan,nan,nan,1.0150784969999336e+00,2.3885925851800005e+02,8.6921138800005338e-01,29,180,2995,56248,0
exp4_repeat,s3,A_int,A,2,2,8,abc,0,0.0000000000000000e+00,2.9999999999999999e-01,1,400,4,1,0,A,2.0254441727229264e-01,2.2794255452097286e-02,8.3786414868294027e-14,3.8369307731045410e-13,1.1786605684098978e-15,5.3975802796739334e-15,3.9468128469587128e+01,-2.6062682839567288e-04,1.2556590281248958e+01,1.2559878392954451e+01,6.8001160258290838e-16,1.4136671625649608e+00,1.7228396484440912e-15,8.0948539144800970e-11,1.0000000000000000e+00,1.0000000000000000e+00,0.0000000000000000e+00,1.0000000000000000e+00,1.0000000000000000e+00,1.0000000000000000e+00,0.0000000000000000e+00,1.0000000000000000e+00,1.0000000000000000e+00,1.0457661820000008e+00,0.0000000000000000e+00,0.0000000000000000e+00,0,0,0,0,0
exp4_repeat,s3,A_int,A,2,2,8,abc,0,0.0000000000000000e+00,2.9999999999999999e-01,1,400,4,1,1,B,2.6166756228466725e-01,2.9447946966742834e-02,8.6576167252403239e-14,3.9790393202565610e-13,1.2179052494950854e-15,5.5974906604026189e-15,3.9452390086606364e+01,-6.5928472645253723e-04,1.2547041409354462e+01,1.2553197847076111e+01,2.0122792321330962e-16,1.4131970316252733e+00,7.5353119228236190e-04,9.6982536533390398e-04,9.9960123817391311e-01,9.9953809573402297e-01,0.0000000000000000e+00,1.1780458873656385e+00,9.9923953305151991e-01,9.9928163404078152e-01,-7.1811249648264202e-04,9.9965009616068934e-01,9.9966743873513020e-01,1.0457661820000008e+00,2.7148359700000047e-01,2.7148359700000047e-01,0,0,0,0,0
exp4_repeat,s3,A_int,A,2,2,8,abc,0,0.0000000000000000e+00,2.9999999999999999e-01,1,400,4,1,2,A,2.5943049363932852e-01,2.9196188291522481e-02,8.6559163587990178e-14,3.8369307731045410e-13,1.2176660514246817e-15,5.3975802796739334e-15,3.9437438818255323e+01,-1.0380047780229587e-03,1.2542256953592307e+01,1.2548314966924510e+01,6.9388939039072284e-16,1.4129150848222514e+00,5.6047339926915520e-03,6.4258762497634353e-03,9.9922241939200507e-01,9.9922241939200507e-01,1.8117444540532344e-02,1.2808572911222751e+00,9.9885850160468681e-01,9.9885850160468681e-01,-1.1411995568915085e-03,9.9946799518116780e-01,9.9946799518116780e-01,1.0457661820000008e+00,5.6613380400000057e-01,2.9465020700000011e-01,0,0,0,0,0
exp4_repeat,s3,A_int,A,2,2,8,abc,0,0.0000000000000000e+00,2.9999999999999999e-01,1,400,4,1,20,A,3.6809784357663017e-01,4.1425561814285805e-02,8.8745010090865079e-14,4.1211478674085811e-13,1.2484153212864508e-15,5.7974010411312617e-15,3.9423512489055874e+01,-1.3907628175932293e-03,1.2526951923035663e+01,1.2541363388337574e+01,4.0245584642661925e-16,1.4123817464005408e+00,1.3110748923693882e-02,2.0840688894184421e-02,9.9886956939025795e-01,9.9886956939025795e-01,3.4485352216767434e-02,1.8173684988896737e+00,9.9763961732051132e-01,9.9763961732051132e-01,-2.3597647434167503e-03,9.9909072220218531e-01,9.9909072220218531e-01,1.0457661820000008e+00,6.6556323699999975e+00,3.6069598999999997e-01,0,0,0,0,0
exp4_repeat,s3,A_int,A,2,2,8,abc,0,0.0000000000000000e+00,2.9999999999999999e-01,1,400,4,1,40,A,5.3898653377546635e-01,6.0657296318376949e-02,8.6424673122156686e-14,3.5527136788005009e-13,1.2157741145378463e-15,4.9977595182166051e-15,3.9469670135929739e+01,-2.2157596374195081e-04,1.2517520205849484e+01,1.2550873643065840e+01,4.0245584642661925e-16,1.4126260510193556e+00,2.0190186613024127e-02,3.6979920604599793e-02,1.0000390610450101e+00,1.0000390610450101e+00,5.6152325794002901e-02,2.6610782021746582e+00,9.9688848050909029e-01,9.9688848050909029e-01,-3.1107049110754574e-03,9.9926353842462023e-01,9.9926353842462023e-01,1.0457661820000008e+00,1.3626584825000011e+01,3.2578172500000235e-01,0,0,0,0,0
exp4_repeat,s3,A_int,A,2,2,8,abc,0,0.0000000000000000e+00,2.9999999999999999e-01,1,400,4,1,60,A,7.4017382004035659e-01,8.3298820871833351e-02,8.5676854533872389e-14,4.5474735088646412e-13,1.2052542195916288e-15,6.3971321833172543e-15,3.9568268547570703e+01,2.2759509794372801e-03,1.2508669287896593e+01,1.2572092822078956e+01,4.8572257327350599e-16,1.4132502069299211e+00,2.7184103995448003e-02,5.1705471917950760e-02,1.0025372390804073e+00,1.0025372390804073e+00,8.0083349679284169e-02,3.6543777903554675e+00,9.9618359823176461e-01,9.9618359823176461e-01,-3.8154026538383384e-03,9.9970505388674147e-01,9.9970505388674147e-01,1.0457661820000008e+00,2.0717428825999999e+01,3.5678314700000158e-01,0,0,0,0,0
exp4_repeat,s3,A_int,A,2,2,8,abc,0,0.0000000000000000e+00,2.9999999999999999e-01,1,400,4,1,80,A,9.6148042296034353e-01,1.0820456405710412e-01,8.5850556818215716e-14,3.6237679523765109e-13,1.2076977664783171e-15,5.0977147085809375e-15,3.9730229019185359e+01,6.3784576512543141e-03,1.2501119643561397e+01,1.2606511664918907e+01,1.1102230246251565e-15,1.4142278907009822e+00,3.4037828145338657e-02,6.5166552157512367e-02,1.0066408152542676e+00,1.0066408152542676e+00,1.0575458835026712e-01,4.7470102405625312e+00,9.9558234867546835e-01,9.9558234867546835e-01,-4.4164948060864779e-03,1.0003966479174660e+00,1.0003966479174660e+00,1.0457661820000008e+00,2.7480494011999983e+01,3.5804205099999820e-01,0,0,0,0,0
exp4_repeat,s3,A_int,A,2,2,8,abc,0,0.0000000000000000e+00,2.9999999999999999e-01,1,400,4,1,100,A,1.2044180829133631e+00,1.3554465644019539e-01,8.7450962769456517e-14,5.6843418860808015e-13,1.2302113850779583e-15,7.9964152291465684e-15,3.9971886416298439e+01,1.2499711029110251e-02,1.2495268052563571e+01,1.2657094533388378e+01,9.1593399531575415e-16,1.4156037473366989e+00,4.1167507636416585e-02,7.8124720658404923e-02,1.0127636644108799e+00,1.0127636644108799e+00,1.3360302864858686e-01,5.9464393002458875e+00,9.9511633116062082e-01,9.9511633116062082e-01,-4.8823903199402578e-03,1.0013699015037063e+00,1.0013699015037063e+00,1.0457661820000008e+00,3.3769361127000003e+01,3.5130141000000492e-01,0,0,0,0,0
exp4_repeat,s3,A_int,A,2,2,8,abc,0,0.0000000000000000e+00,2.9999999999999999e-01,1,400,4,1,120,A,1.4830667067716068e+00,1.6690364425698304e-01,8.4558569013732649e-14,4.1211478674085811e-13,1.1895228024056281e-15,5.7974010411312617e-15,4.0328326229266651e+01,2.1528436965908431e-02,1.2490756781900926e+01,1.2730850885411545e+01,6.1756155744774333e-16,1.4175465675138099e+00,4.9627464096931424e-02,9.2064080554921740e-02,1.0217947440893318e+00,1.0217947440893318e+00,1.6533787207479883e-01,7.3221801259416139e+00,9.9475705602608189e-01,9.9475705602608189e-01,-5.2415713980927137e-03,1.0027442138090059e+00,1.0027442138090059e+00,1.0457661820000008e+00,4.0385893857999974e+01,2.9886171699999409e-01,0,0,0,0,0
exp4_repeat,s3,A_int,A,2,2,8,abc,0,0.0000000000000000e+00,2.9999999999999999e-01,1,400,4,1,140,A,1.8331541724892149e+00,2.0630232644043980e-01,8.9836223316451253e-14,3.9790393202565610e-13,1.2637659005271018e-15,5.5974906604025976e-15,4.0889863845944397e+01,3.5752350961280092e-02,1.2486388815917339e+01,1.2846422177265437e+01,8.0491169285323849e-16,1.4205592757075240e+00,6.1616362677251443e-02,1.0988361464876878e-01,1.0360223661847259e+00,1.0360223661847259e+00,2.0504691808420045e-01,9.0506279915125738e+00,9.9440919359800628e-01,9.9440919359800628e-01,-5.5893427575699622e-03,1.0048753435922344e+00,1.0048753435922344e+00,1.0457661820000008e+00,4.7220009622999996e+01,3.4511101600000416e-01,0,0,0,0,0
exp4_repeat,s3,A_int,A,2,2,8,abc,0,0.0000000000000000e+00,2.9999999999999999e-01,1,400,4,1,160,A,2.3268694147272542e+00,2.6186481245573545e-01,8.9679139200180712e-14,4.5474735088646412e-13,1.2615561287632348e-15,6.3971321833172543e-15,4.1889222884898963e+01,6.1066411138916532e-02,1.2480086049695467e+01,1.3052438724458176e+01,5.4123372450476381e-16,1.4260196614602223e+00,8.1074470363390203e-02,1.3690110453472829e-01,1.0613430256055201e+00,1.0613430256055201e+00,2.6089006070154913e-01,1.1488193286508134e+01,9.9390724473444547e-01,9.9390724473444547e-01,-6.0911602134943064e-03,1.0087379117393156e+00,1.0087379117393156e+00,1.0457661820000008e+00,5.4205680263999980e+01,3.6595179600000449e-01,0,0,0,0,0
exp4_repeat,s3,A_int,A,2,2,8,abc,0,0.0000000000000000e+00,2.9999999999999999e-01,1,400,4,1,180,A,3.0934369153118739e+00,3.4813396598224861e-01,8.9208971589100582e-14,3.9790393202565610e-13,1.2549420729572339e-15,5.5974906604025976e-15,4.3918873255583641e+01,1.1247805562338682e-01,1.2468818487785782e+01,1.3472750723724914e+01,7.7021722333370235e-16,1.4375259119186639e+00,1.1413471830229377e-01,1.8158538540696453e-01,1.1127680728369502e+00,1.1127680728369502e+00,3.4742138008687812e-01,1.5272881657128968e+01,9.9300990225075292e-01,9.9300990225075292e-01,-6.9882677775297795e-03,1.0168772041860361e+00,1.0168772041860361e+00,1.0457661820000008e+00,6.0735784048000042e+01,3.2989036000000738e-01,0,0,0,0,0
exp4_repeat,s3,A_int,A,2,2,8,abc,0,0.0000000000000000e+00,2.9999999999999999e-01,1,400,4,1,200,A,4.3432533035672218e+00,4.8878772680060290e-01,9.0201780767648314e-14,4.3431924723336124e-13,1.2689083589303129e-15,6.1097610110197999e-15,4.8480947075193001e+01,2.2803673544002215e-01,1.2448436525285711e+01,1.4417283943420497e+01,4.8572257327350599e-16,1.4641410139769111e+00,1.6968646210025895e-01,2.5494520341692534e-01,1.2283568781973246e+00,1.2283568781973246e+00,4.8831220399718583e-01,2.1443460955669416e+01,9.9138669387622247e-01,9.9138669387622247e-01,-8.6110512044381624e-03,1.0357041973871490e+00,1.0357041973871490e+00,1.0457661820000008e+00,6.7125349323000009e+01,2.8057441599999322e-01,0,0,0,0,0
exp4_repeat,s3,A_int,A,2,2,8,abc,0,0.0000000000000000e+00,2.9999999999999999e-01,1,400,4,1,220,A,6.3989959916242585e+00,7.2014006228540517e-01,9.3651000289870417e-14,5.1159076974727213e-13,1.3174300560219407e-15,7.1967737062319117e-15,5.9375293494932187e+01,5.0399375400443192e-01,1.2413296092708991e+01,1.6647381083317565e+01,8.8817841970012523e-16,1.5276646836268730e+00,2.6086274161291922e-01,3.6699993592131031e-01,1.5043858373138945e+00,1.5043858373138945e+00,7.1986834744703343e-01,3.1593050441976402e+01,9.8858812899597825e-01,9.8858812899597825e-01,-1.1408883434759100e-02,1.0806395763307359e+00,1.0806395763307359e+00,1.0457661820000008e+00,7.3872187752999992e+01,3.4266513999999404e-01,0,0,0,0,0
exp4_repeat,s3,A_int,A,2,2,8,abc,0,0.0000000000000000e+00,2.9999999999999999e-01,1,400,4,1,240,A,9.7503796635458571e+00,1.0973032374770963e+00,1.0701867466313422e-13,1.0444978215673473e-12,1.5054790458238878e-15,1.4693412983556819e-14,8.6190498982647782e+01,1.1832308439113959e+00,1.2355443591318320e+01,2.2009920109408228e+01,5.8980598183211441e-16,1.6763850180036886e+00,4.0793906316878598e-01,5.1680113325615384e-01,2.1838000007794496e+00,2.1838000007794496e+00,1.0972066322600513e+00,4.8139463900591416e+01,9.8398078734550931e-01,9.8398078734550931e-01,-1.6015018906828989e-02,1.1858413793541416e+00,1.1858413793541416e+00,1.0457661820000008e+00,8.0671481364999991e+01,3.4172235500000170e-01,0,0,0,0,0
exp4_repeat,s3,A_int,A,2,2,8,abc,0,0.0000000000000000e+00,2.9999999999999999e-01,1,400,4,1,260,A,1.5153464295924879e+01,1.7053638939906657e+00,1.2577928078037420e-13,9.0949470177292824e-13,1.7693927925168249e-15,1.2794264366634509e-14,1.5306886427965549e+02,2.8772796269007626e+00,1.2262771292631971e+01,3.5043102262666821e+01,5.5511151231257827e-16,2.0028301394789274e+00,6.4291047171231863e-01,6.7793669297371728e-01,3.8782904134308125e+00,3.8782904134308125e+00,1.7054321954729390e+00,7.4815512073843863e+01,9.7660041603366210e-01,9.7660041603366210e-01,-2.3393458075343074e-02,1.4167621576814362e+00,1.4167621576814362e+00,1.0457661820000008e+00,8.7620912575999967e+01,3.5959813399999518e-01,0,0,0,0,0
exp4_repeat,s3,A_int,A,2,2,8,abc,0,0.0000000000000000e+00,2.9999999999999999e-01,1,400,4,1,280,A,2.3794259637479126e+01,2.6777950228126164e+00,1.7677978469483994e-13,1.4779288903810084e-12,2.4868394457422602e-15,2.0790679595781077e-14,3.2069903660541075e+02,7.1234014954544067e+00,1.2114523919252420e+01,6.7195406551098230e+01,1.3739009929736312e-15,2.6532352613161061e+00,1.0165184265591740e+00,8.0717035255589997e-01,8.1255192237587632e+00,8.1255192237587632e+00,2.6780461372570654e+00,1.1747674884314917e+02,9.6479407609112755e-01,9.6479407609112755e-01,-3.5196707178671273e-02,1.8768457891474752e+00,1.8768457891474752e+00,1.0457661820000008e+00,9.3359189631999982e+01,3.1991923399999678e-01,0,0,0,0,0
exp4_repeat,s3,A_int,A,2,2,8,abc,0,0.0000000000000000e+00,2.9999999999999999e-01,1,400,4,1,300,A,3.7546722169735766e+01,4.2254908234538568e+00,2.7182867717953489e-13,2.7071678232459817e-12,3.8239342697521571e-15,3.8082927528810532e-14,7.4148392259629293e+02,1.7782007172304990e+01,1.1869620770731505e+01,1.4747993902364800e+02,9.9920072216264089e-16,3.8297205232325009e+00,1.6092295674472452e+00,8.8439681975947715e-01,1.8786903543390881e+01,1.8786903543390881e+01,4.2259796311844280e+00,1.8537525089748311e+02,9.4529012294497494e-01,9.4529012294497494e-01,-5.4695554289985307e-02,2.7090680357064016e+00,2.7090680357064016e+00,1.0457661820000008e+00,1.0043633772599998e+02,3.5553560600001788e-01,0,0,0,0,0
exp4_repeat,s3,A_int,A,2,2,8,abc,0,0.0000000000000000e+00,2.9999999999999999e-01,1,400,4,1,320,A,5.9378144314091756e+01,6.6823890186385144e+00,3.8284466938823783e-13,4.0927261579781771e-12,5.3856453500625546e-15,5.7574189649855294e-14,1.7979025287155680e+03,4.4541403070753383e+01,1.1435179477374206e+01,3.4889131432587243e+02,1.5681900222830336e-15,5.8182461169110153e+00,2.5485596133845103e+00,9.2160730375095223e-01,4.5553275476463845e+01,4.5553275476463845e+01,6.6832209017975588e+00,2.9316110072916075e+02,9.1069145534282658e-01,9.1069145534282658e-01,-8.9285164138517101e-02,4.1157114425395411e+00,4.1157114425395411e+00,1.0457661820000008e+00,1.0730300434599994e+02,3.6586693999998943e-01,0,0,0,0,0
exp4_repeat,s3,A_int,A,2,2,8,abc,0,0.0000000000000000e+00,2.9999999999999999e-01,1,400,4,1,340,A,9.3988626615400833e+01,1.0577436759380429e+01,6.4587151795093850e-13,8.1854523159563541e-12,9.0857604023810491e-15,1.1514837929971059e-13,4.4494697055693050e+03,1.1170638428725154e+02,1.0580662263180622e+01,8.5454526108954758e+02,2.6645352591003757e-15,9.0587014177645830e+00,4.0364843962037380e+00,9.3744047047948842e-01,1.1273576625245667e+02,1.1273576625245667e+02,1.0578790761140498e+01,4.6403958144670196e+02,8.4263817056935952e-01,8.4263817056935952e-01,-1.5732063291128248e-01,6.4079449941586359e+00,6.4079449941586359e+00,1.0457661820000008e+00,1.1288257598199982e+02,2.7490159999999264e-01,0,0,0,0,0
exp4_repeat,s3,A_int,A,2,2,8,abc,0,0.0000000000000000e+00,2.9999999999999999e-01,1,400,4,1,360,A,1.4882212229146975e+02,1.6748373113017301e+01,1.0850182376854243e-12,1.2732925824820995e-11,1.5263431604940885e-14,1.7911970113288312e-13,1.1102667621946788e+04,2.8023385626077703e+02,8.7042340964318239e+00,2.1236621297358365e+03,3.5249581031848720e-15,1.4251374588812716e+01,6.3928329517331095e+00,9.4373802133732698e-01,2.8130717245693944e+02,2.8130717245693944e+02,1.6750540536459798e+01,7.3476289445884458e+02,6.9320045501763761e-01,6.9320045501763761e-01,-3.0671922643599320e-01,1.0081138592025432e+01,1.0081138592025432e+01,1.0457661820000008e+00,1.1976465818099982e+02,3.5690338800000632e-01,0,0,0,0,0
exp4_repeat,s3,A_int,A,2,2,8,abc,0,0.0000000000000000e+00,2.9999999999999999e-01,1,400,4,1,380,A,2.3566633608378027e+02,2.6521780943148947e+01,1.5445943455961022e-12,1.5027978861326119e-11,2.1728492049752794e-14,2.1140522762056240e-13,2.7791887218084350e+04,7.0297672714766611e+02,4.2022629427872253e+00,5.3077699687405102e+03,5.2180482157382357e-15,2.2513243866256371e+01,1.0123983155463959e+01,9.4613159109700395e-01,7.0416025020035818e+02,7.0416025020035818e+02,2.6525227958816664e+01,1.1635291619366621e+03,3.3466592830241187e-01,3.3466592830241187e-01,-6.6515989065213799e-01,1.5925420397689857e+01,1.5925420397689857e+01,1.0457661820000008e+00,1.2600329009099985e+02,2.8533850999997412e-01,0,0,0,0,0
exp4_repeat,s3,A_int,A,2,2,8,abc,0,0.0000000000000000e+00,2.9999999999999999e-01,1,400,4,1,400,A,3.7318514231368010e+02,4.1998084071552242e+01,2.5263258317670226e-12,2.8836488752403966e-11,3.5538943222953480e-14,4.0565564569484629e-13,6.9646623144620156e+04,1.7631695734261878e+03,-7.2148671212384956e+00,1.3294031519186718e+04,3.5527136788005009e-15,3.5619816200482440e+01,1.6031610776989570e+01,9.4699880214284082e-01,1.7646294832116907e+03,1.7646294832116907e+03,4.2003551861106928e+01,1.8424854525216801e+03,-5.7458808160784069e-01,-5.7458808160784069e-01,-1.5741758625289228e+00,2.5196748671627745e+01,2.5196748671627745e+01,1.0457661820000008e+00,1.3297760718899985e+02,3.5300179299997581e-01,0,0,0,0,0
exp4_repeat,s3,A_pt,A,2,2,8,abc,0,0.0000000000000000e+00,2.9999999999999999e-01,1,400,0,1,0,A,2.0254441727229264e-01,2.2794255452097286e-02,8.3786414868294027e-14,3.8369307731045410e-13,1.1786605684098978e-15,5.3975802796739334e-15,3.9468128469587128e+01,-2.6062682839567288e-04,1.2556590281248958e+01,1.2559878392954451e+01,6.8001160258290838e-16,1.4136671625649608e+00,1.7228396484440912e-15,8.0948539144800970e-11,1.0000000000000000e+00,1.0000000000000000e+00,0.0000000000000000e+00,1.0000000000000000e+00,1.0000000000000000e+00,1.0000000000000000e+00,0.0000000000000000e+00,1.0000000000000000e+00,1.0000000000000000e+00,3.0172393499998407e-01,0.0000000000000000e+00,0.0000000000000000e+00,0,0,0,0,0
exp4_repeat,s3,A_pt,A,2,2,8,abc,0,0.0000000000000000e+00,2.9999999999999999e-01,1,400,0,1,1,B,2.6173194252985915e-01,2.9455192289890891e-02,8.6862978113821258e-14,3.9879211044535623e-13,1.2219399447792372e-15,5.6099850591981603e-15,3.9452848565429242e+01,-6.4767132220029330e-04,1.2547181669076290e+01,1.2553345113063028e+01,8.4654505627668186e-16,1.4132053988849356e+00,1.0328829293018067e-03,1.2641083481807979e-03,9.9961285460571914e-01,9.9954971143204652e-01,0.0000000000000000e+00,1.1783357317866043e+00,9.9925070325925036e-01,9.9929280471914661e-01,-7.0694575949395053e-04,9.9965601489087252e-01,9.9967335756799536e-01,3.0172393499998407e-01,8.3551368000001958e-02,8.3551368000001958e-02,0,0,0,0,0
exp4_repeat,s3,A_pt,A,2,2,8,abc,0,0.0000000000000000e+00,2.9999999999999999e-01,1,400,0,1,2,A,3.0427062915655462e-01,3.4242476494629283e-02,8.6526750905377065e-14,4.3876013933186186e-13,1.2172100878776972e-15,6.1722330049975072e-15,3.9459178863432555e+01,-4.8732300057419662e-04,1.2545158370067346e+01,1.2553461458905005e+01,2.9837243786801082e-16,1.4131051332384290e+00,7.4556018723932914e-03,8.5377464517191366e-03,9.9977324472931450e-01,9.9977324472931450e-01,2.5463712326148726e-02,1.5022414996879687e+00,9.9908956882994870e-01,9.9908956882994870e-01,-9.1019282384331983e-04,9.9960243164627793e-01,9.9960243164627793e-01,3.0172393499998407e-01,1.7183782000000747e-01,8.8286452000005511e-02,0,0,0,0,0
exp4_repeat,s3,A_pt,A,2,2,8,abc,0,0.0000000000000000e+00,2.9999999999999999e-01,1,400,0,1,20,A,7.0913987080488221e+00,7.9806274515397224e-01,9.3934771636119236e-14,4.4764192352886312e-13,1.3214219931014046e-15,6.2971769929529226e-15,6.5228082459305696e+01,6.5224663037421604e-01,1.2751161211038760e+01,1.6916601769055198e+01,3.0531133177191805e-16,1.4810878599460449e+00,1.2576972255283286e-01,2.1499344822521602e-01,1.6526773624335485e+00,1.6526773624335485e+00,7.9786274371090860e-01,3.5011573281308600e+01,1.0154955227041500e+00,1.0154955227041500e+00,1.5491466055829583e-02,1.0476920587578449e+00,1.0476920587578449e+00,3.0172393499998407e-01,1.7545684949999725e+00,8.8384793000017225e-02,0,0,0,0,0
exp4_repeat,s3,A_pt,A,2,2,8,abc,0,0.0000000000000000e+00,2.9999999999999999e-01,1,400,0,1,40,A,2.1457557797638108e+02,2.4148236737622167e+01,8.9947717029095135e-13,6.0254023992456496e-12,1.2653343319121364e-14,8.4762001428953627e-14,2.3067993096378879e+04,5.8331909119459613e+02,6.2722574030103493e+00,2.0577830016522230e+03,4.9960036108132044e-16,9.5803124037833456e+00,3.1478492522463517e+00,7.5538931001782128e-01,5.8447142012711174e+02,5.8447142012711174e+02,2.4151387153753426e+01,1.0594001101887407e+03,4.9951915787017864e-01,4.9951915787017864e-01,-5.0034981881383889e-01,6.7769222186648275e+00,6.7769222186648275e+00,3.0172393499998407e-01,3.5403904290000696e+00,9.2774196000021902e-02,0,0,0,0,0
exp4_repeat,s3,A_pt,A,2,2,8,abc,0,0.0000000000000000e+00,2.9999999999999999e-01,1,400,0,1,60,A,1.0064941438704966e+04,1.1327038748039824e+03,4.3894666336469423e-11,4.6247805585153401e-10,6.1748569210930449e-13,6.5058834304336482e-12,5.0651939183011137e+07,1.2830276079505989e+06,3.4688602368384956e+04,4.7797833114537522e+06,9.1038288019262836e-15,4.7489234863367574e+02,1.7664613193228001e+02,7.8579809370079323e-01,1.2833630868015923e+06,1.2833630868015923e+06,1.1328515136482270e+03,4.9692514729616363e+04,2.7625813689394831e+03,2.7625813689394831e+03,2.7608584011096373e+03,3.3592939074288887e+02,3.3592939074288887e+02,3.0172393499998407e-01,5.3142068060000724e+00,9.2692343999999594e-02,0,0,0,0,0
exp4_repeat,s3,A_pt,A,2,2,8,abc,0,0.0000000000000000e+00,2.9999999999999999e-01,1,400,0,1,80,A,8.8310908656570385e+05,9.9384689947712701e+04,3.6266814739765619e-09,3.9115548133850098e-08,5.1018132883215652e-11,5.5025572188021698e-10,3.8994085719622632e+11,9.8773172994073658e+09,1.7789290251749966e+08,3.7489701820670174e+10,9.3791641120333225e-13,4.2451947391535767e+04,1.6199996282403086e+04,7.9150202975016559e-01,9.8798922653933849e+09,9.8798922653933849e+09,9.9397643637693080e+04,4.3600761672857525e+06,1.4167293710550640e+07,1.4167293710550640e+07,1.4163583786026113e+07,3.0029662225803462e+04,3.0029662225803462e+04,3.0172393499998407e-01,7.0739552720001484e+00,8.5298276000003170e-02,0,0,0,0,0
exp4_repeat,s3,A_pt,A,2,2,8,abc,0,0.0000000000000000e+00,2.9999999999999999e-01,1,400,0,1,100,A,9.6393849604654372e+07,1.0848119447033070e+07,4.0778336833231284e-07,3.8892030715942383e-06,5.7364690619856906e-09,5.4711140346947287e-08,4.6458871231436860e+15,1.1768169559640245e+14,6.1858226992216797e+11,4.2780087784318138e+14,8.0035533756017685e-11,4.4380515923987813e+06,1.6826928686478250e+06,7.7505793789294142e-01,1.1771237459925817e+14,1.1771237459925817e+14,1.0849533378902383e+07,4.7591462111279184e+08,4.9263554521318649e+10,4.9263554521318649e+10,4.9250657574567703e+10,3.1393893201468801e+06,3.1393893201468801e+06,3.0172393499998407e-01,8.4676922060002084e+00,7.1918245999995634e-02,0,0,0,0,0
exp4_repeat,s3,A_pt,A,2,2,8,abc,0,0.0000000000000000e+00,2.9999999999999999e-01,1,400,0,1,120,A,1.1192352615600620e+10,1.2595822095011129e+09,4.5123894728170135e-05,4.8828125000000000e-04,6.3477779175511246e-07,6.8688683788841710e-06,6.2634378536178344e+19,1.5865473424969564e+18,4.8263973979349500e+15,5.5194593846907064e+18,4.0454324334859848e-09,4.9314559451854604e+08,1.8440433421270123e+08,7.5552009188334968e-01,1.5869609470953856e+18,1.5869609470953856e+18,1.2597463820508261e+09,5.5258756406769127e+10,3.8437165582620938e+14,3.8437165582620938e+14,3.8427102929932325e+14,3.4884137339922476e+08,3.4884137339922476e+08,3.0172393499998407e-01,9.8854929390002440e+00,7.5161925999992718e-02,0,0,0,0,0
exp4_repeat,s3,A_pt,A,2,2,8,abc,0,0.0000000000000000e+00,2.9999999999999999e-01,1,400,0,1,140,A,1.3248330177137683e+12,1.4909609775392029e+11,5.2852241778336686e-03,6.2500000000000000e-02,7.4349586903932479e-05,8.7921515249717388e-04,8.7759126241229315e+23,2.2229646365446749e+22,1.0522957624347430e+20,7.4863706489262101e+22,7.3295086622238159e-07,5.6508031946888077e+10,2.0857142385773479e+10,7.3980786878315907e-01,2.2235441518047576e+22,2.2235441518047576e+22,1.4911553077411923e+11,6.5409505507758115e+12,8.3804260461230479e+18,8.3804260461230479e+18,8.3782320935928443e+18,3.9972656537030807e+10,3.9972656537030807e+10,3.0172393499998407e-01,1.1640373131000274e+01,8.5696983999980603e-02,0,0,0,0,0
exp4_repeat,s3,A_pt,A,2,2,8,abc,0,0.0000000000000000e+00,2.9999999999999999e-01,1,400,0,1,160,A,1.5767996257832688e+14,1.7745230380038703e+13,6.2869546416740130e-01,8.0000000000000000e+00,8.8441372544355717e-03,1.1253953951963826e-01,1.2431485299351256e+28,3.1489320124064778e+26,2.2255838373409259e+24,1.0377490133099218e+27,1.2207031250000000e-04,6.5813626306159561e+12,2.4051573998327983e+12,7.2880391535964939e-01,3.1497529225209040e+26,3.1497529225209040e+26,1.7747543273706680e+13,7.7849572307069912e+14,1.7724428268273121e+23,1.7724428268273121e+23,1.7719788103914940e+23,4.6555248681554697e+12,4.6555248681554697e+12,3.0172393499998407e-01,1.3288854070000269e+01,8.1786550999993324e-02,0,0,0,0,0
exp4_repeat,s3,A_pt,A,2,2,8,abc,0,0.0000000000000000e+00,2.9999999999999999e-01,1,400,0,1,180,A,1.8789275198955564e+16,2.1145363787982192e+15,7.2938023502182006e+01,7.6800000000000000e+02,1.0260514473010145e+00,1.0803795793885273e+01,1.7651843125104333e+32,4.4712640972610844e+30,4.0525657615008181e+28,1.4531195087160247e+31,1.2207031250000000e-02,7.7337709588542250e+14,2.8065911909466219e+14,7.2151362790378237e-01,4.4724297324374717e+30,4.4724297324374717e+30,2.1148119851271585e+15,9.2766196432341120e+16,3.2274412644908918e+27,3.2274412644908918e+27,3.2265963369312017e+27,5.4707155712820362e+14,5.4707155712820362e+14,3.0172393499998407e-01,1.4764901165000310e+01,7.3149951999994300e-02,0,0,0,0,0
exp4_repeat,s3,A_pt,A,2,2,8,abc,0,0.0000000000000000e+00,2.9999999999999999e-01,1,400,0,1,200,A,2.2389416508369106e+18,2.5196946239652467e+17,9.2503078467501946e+03,1.3107200000000000e+05,1.3012817318602043e+02,1.8438478154897532e+03,2.5064298579261555e+36,6.3488609980393646e+34,6.6985932666385526e+32,2.0450252691336305e+35,1.7636718750000000e+00,9.1338926513301744e+16,3.2989052509435884e+16,7.1677082746927445e-01,6.3505161129125484e+34,6.3505161129125484e+34,2.5200230381709901e+17,1.1054077327774314e+19,5.3347231347045816e+31,5.3347231347045816e+31,5.3333265315659217e+31,6.4611337754762720e+16,6.4611337754762720e+16,3.0172393499998407e-01,1.6156869792000265e+01,7.1250703000004023e-02,0,0,0,0,0
exp4_repeat,s3,A_pt,A,2,2,8,abc,0,0.0000000000000000e+00,2.9999999999999999e-01,1,400,0,1,220,A,2.6673039767211862e+20,3.0017716129910227e+19,1.0646934011175504e+06,1.3107200000000000e+07,1.4977513136420830e+04,1.8438478154897533e+05,3.5572552521163272e+40,9.0106328165587245e+38,1.0448038446270704e+37,2.8858674660584398e+39,2.0800000000000000e+02,1.0819417251444754e+19,3.8950531945142943e+18,7.1368188333169469e-01,9.0129818414304440e+38,9.0129818414304440e+38,3.0021628605774275e+19,1.3168982945283399e+21,8.3207608214094536e+35,8.3207608214094536e+35,8.3185824889288756e+35,7.6534403132162877e+18,7.6534403132162877e+18,3.0172393499998407e-01,1.7576949867000309e+01,6.6847279999990405e-02,0,0,0,0,0
exp4_repeat,s3,A_pt,A,2,2,8,abc,0,0.0000000000000000e+00,2.9999999999999999e-01,1,400,0,1,240,A,3.1769853483670101e+22,3.5753646816586094e+21,1.2206404792798147e+08,1.6441671680000000e+09,1.7171289682147612e+06,2.3129226997503467e+07,5.0466179518693259e+44,1.2783232606851763e+43,1.5732245448678717e+41,4.0789581324522824e+43,2.0992000000000000e+04,1.2839083864673445e+21,4.6119707044648721e+20,7.1164417774815492e-01,1.2786565128767349e+43,1.2786565128767349e+43,3.5758306907301059e+21,1.5685376033327039e+23,1.2529074451184440e+40,1.2529074451184440e+40,1.2525794403792816e+40,9.0821122571583134e+20,9.0821122571583134e+20,3.0172393499998407e-01,1.8958979573000249e+01,6.7045530999990888e-02,0,0,0,0,0
exp4_repeat,s3,A_pt,A,2,2,8,abc,0,0.0000000000000000e+00,2.9999999999999999e-01,1,400,0,1,260,A,3.7836451249737384e+24,4.2580968007026879e+23,1.4698748941255499e+10,2.0615843020800000e+11,2.0677380467045805e+08,2.9001218504624753e+09,7.1579852158687679e+48,1.8131388364154456e+47,2.3179553220671850e+45,5.7712723828882688e+47,2.9491200000000000e+06,1.5253207402552918e+23,5.4708041468537964e+22,7.1027046760696488e-01,1.8136115122318205e+47,1.8136115122318205e+47,4.2586517963221886e+23,1.8680569802559192e+25,1.8460069733489994e+44,1.8460069733489994e+44,1.8455236981971559e+44,1.0789815174653604e+23,1.0789815174653604e+23,3.0172393499998407e-01,2.0670955636000173e+01,8.9730414999991126e-02,0,0,0,0,0
exp4_repeat,s3,A_pt,A,2,2,8,abc,0,0.0000000000000000e+00,2.9999999999999999e-01,1,400,0,1,280,A,4.5060279633639098e+26,5.0710631205958798e+25,1.8379361914308374e+12,2.1990232555520000e+13,2.5855061581263020e+10,3.0934633071599738e+11,1.0152144003308752e+53,2.5715681173067607e+51,3.3691543207685454e+49,8.1716997378195841e+51,1.1324620800000000e+08,1.8135040004765351e+25,6.4973903596416120e+24,7.0931623308782132e-01,2.5722385116719350e+51,2.5722385116719350e+51,5.0717240773448376e+25,2.2247110160070152e+27,2.6831761213072153e+48,2.6831761213072153e+48,2.6824736795688209e+48,1.2828366170620454e+25,1.2828366170620454e+25,3.0172393499998407e-01,2.2400488989000195e+01,8.2338085000003503e-02,0,0,0,0,0
exp4_repeat,s3,A_pt,A,2,2,8,abc,0,0.0000000000000000e+00,2.9999999999999999e-01,1,400,0,1,300,A,5.3665157878742161e+28,6.0394521559223311e+27,2.1809969115636653e+14,2.7757171043205120e+15,3.0681048515141016e+12,3.9047240594626766e+13,1.4399745850751607e+57,3.6474982343674878e+55,4.8553975964921994e+53,1.1577075552094578e+56,3.8654705664000000e+10,2.1572796968665003e+27,7.7229656608331704e+26,7.0862793726581819e-01,3.6484491180896982e+55,3.6484491180896982e+55,6.0402393314252861e+27,2.6495500888872616e+29,3.8668121581882581e+52,3.8668121581882581e+52,3.8657998466098746e+52,1.5260166989748331e+27,1.5260166989748331e+27,3.0172393499998407e-01,2.4105192287000165e+01,8.1252554000002419e-02,0,0,0,0,0
exp4_repeat,s3,A_pt,A,2,2,8,abc,0,0.0000000000000000e+00,2.9999999999999999e-01,1,400,0,1,320,A,6.3918219186121130e+30,7.1933269541213814e+29,2.6772077083417244e+16,3.6028797018963968e+17,3.7661465336900462e+14,5.0683302824509010e+15,2.0427693719625115e+61,5.1743952668889160e+59,6.9595601656703154e+57,1.6409279861706593e+60,6.8719476736000000e+12,2.5672304501984028e+29,9.1851016163950558e+28,7.0810946522266927e-01,5.1757442046855702e+59,5.1757442046855702e+59,7.1942645243871661e+29,3.1557630690058479e+31,5.5425557494403439e+56,5.5425557494403439e+56,5.5411047367897510e+56,1.8160076984036428e+29,1.8160076984036428e+29,3.0172393499998407e-01,2.5816980643000136e+01,8.8469801000002235e-02,0,0,0,0,0
exp4_repeat,s3,A_pt,A,2,2,8,abc,0,0.0000000000000000e+00,2.9999999999999999e-01,1,400,0,1,340,A,7.6138365429107126e+32,8.5685765851696625e+31,3.2339733382398607e+18,4.4675708303515320e+19,4.5493733788037664e+16,6.2847295502391168e+17,2.8985253451081277e+65,7.3420504695917769e+63,9.9414125115214595e+61,2.3268112702338319e+64,5.8054213946572800e+14,3.0560299753221515e+31,1.0928882976173526e+31,7.0770106093738905e-01,7.3439645037682446e+63,7.3439645037682446e+63,8.5696934039487332e+31,3.7590947434877819e+33,7.9172866907724122e+60,7.9172866907724122e+60,7.9152139857485902e+60,2.1617747488576335e+31,2.1617747488576335e+31,3.0172393499998407e-01,2.7305419091000147e+01,8.8468285999994123e-02,0,0,0,0,0
exp4_repeat,s3,A_pt,A,2,2,8,abc,0,0.0000000000000000e+00,2.9999999999999999e-01,1,400,0,1,360,A,9.0706454948427251e+34,1.0208062671354819e+34,3.6771257584572308e+20,4.9437274117541598e+21,5.1727754951572173e+18,6.9545600803678282e+19,4.1138304846555307e+69,1.0420454350230761e+68,1.4169691574646328e+66,3.3006687321027683e+68,7.4309393851613184e+16,3.6388465782059517e+33,1.3008360610318464e+33,7.0736624365218004e-01,1.0423170908206393e+68,1.0423170908206393e+68,1.0209393178933993e+34,4.4783488071401696e+35,1.1284665070107648e+65,1.1284665070107648e+65,1.1281710802705633e+65,2.5740476079274704e+33,2.5740476079274704e+33,3.0172393499998407e-01,2.9031322418000173e+01,8.8363955000005490e-02,0,0,0,0,0
exp4_repeat,s3,A_pt,A,2,2,8,abc,0,0.0000000000000000e+00,2.9999999999999999e-01,1,400,0,1,380,A,1.0807753857354650e+37,1.2162996423482868e+36,4.3112569558863983e+22,7.5557863725914323e+23,6.0648359070786585e+20,1.0629058988502472e+22,5.8403771720582158e+73,1.4793848199765696e+72,2.0167562031560124e+70,4.6838998701808905e+72,6.7013562455272980e+18,4.3338328500084297e+35,1.5488329717618534e+35,7.0708370799137465e-01,1.4797704878655755e+72,1.4797704878655755e+72,1.2164581734961442e+36,5.3359919779102753e+37,1.6061336381801677e+69,1.6061336381801677e+69,1.6057131606364322e+69,3.0656670571205134e+35,3.0656670571205134e+35,3.0172393499998407e-01,3.0760470851000093e+01,8.7539885000012418e-02,0,0,0,0,0
exp4_repeat,s3,A_pt,A,2,2,8,abc,0,0.0000000000000000e+00,2.9999999999999999e-01,1,400,0,1,400,A,1.2879554815836011e+39,1.4494591681921242e+38,5.2621760140907448e+24,6.2864142619960717e+25,7.4025358187132243e+22,8.8433770784340562e+23,8.2941466127062295e+77,2.1009318802562043e+76,2.8677006444362866e+74,6.6493517830839543e+76,1.0053475520171706e+21,5.1627186484025582e+37,1.8446502394174800e+37,7.0684233505986982e-01,2.1014795822146551e+76,2.1014795822146551e+76,1.4496480890942652e+38,6.3588791976039748e+39,2.2838211490572318e+73,2.2838211490572318e+73,2.2832232564010674e+73,3.6520043650411389e+37,3.6520043650411389e+37,3.0172393499998407e-01,3.2514373068000140e+01,8.8470973999989155e-02,0,0,0,0,0
exp4_repeat,s3,B_int,B,2,2,8,abc,0,0.0000000000000000e+00,2.9999999999999999e-01,1,400,4,1,0,A,2.0254441727229264e-01,2.2794255452097286e-02,8.3786414868294027e-14,3.8369307731045410e-13,1.1786605684098978e-15,5.3975802796739334e-15,3.9468128469587128e+01,-2.6062682839567288e-04,nan,nan,6.8001160258290838e-16,nan,nan,nan,1.0000000000000000e+00,1.0000000000000000e+00,0.0000000000000000e+00,1.0000000000000000e+00,nan,nan,nan,nan,nan,3.0377943689999825e+00,0.0000000000000000e+00,0.0000000000000000e+00,0,0,0,0,0
exp4_repeat,s3,B_int,B,2,2,8,abc,0,0.0000000000000000e+00,2.9999999999999999e-01,1,400,4,1,1,B,2.6227696499365455e-01,2.9516528866994286e-02,3.4497714244248845e-01,2.2140570229415406e+00,4.8529460944098067e-03,3.1146119729007885e-02,3.9456681461682955e+01,-5.5058292589919291e-04,nan,nan,1.8075818619678330e-15,nan,nan,nan,9.9970996831245762e-01,9.9964681900434249e-01,0.0000000000000000e+00,1.1807894614976548e+00,nan,nan,nan,nan,nan,3.0377943689999825e+00,8.7134178599998791e-01,8.7134178599998791e-01,0,0,0,0,0
exp4_repeat,s3,B_int,B,2,2,8,abc,0,0.0000000000000000e+00,2.9999999999999999e-01,1,400,4,1,2,A,2.5190131469668531e-01,2.8348857960356456e-02,8.7093451056430937e-01,3.8009947847975383e+00,1.2251821096333613e-02,5.3470275349707684e-02,3.9442506012107927e+01,-9.0965125830021307e-04,nan,nan,2.0657584983602706e-03,nan,nan,nan,9.9935080637281937e-01,9.9935080637281937e-01,1.6715104052059549e-02,1.2436843142313778e+00,nan,nan,nan,nan,nan,3.0377943689999825e+00,1.7098819119999860e+00,8.3854012599999805e-01,0,0,0,0,0
exp4_repeat,s3,B_int,B,2,2,8,abc,0,0.0000000000000000e+00,2.9999999999999999e-01,1,400,4,1,20,A,5.0963138755942439e-01,5.7353681680691937e-02,5.0035557350049933e+00,2.8008810975567901e+01,7.0387232297288396e-02,3.9401233621037524e-01,3.9850177939863300e+01,9.4167993061818021e-03,nan,nan,1.1072069525673217e-02,nan,nan,nan,1.0096799489889816e+00,1.0096799489889816e+00,5.2550039768858928e-02,2.5161463071791124e+00,nan,nan,nan,nan,nan,3.0377943689999825e+00,1.6750991055999862e+01,8.4855096399996910e-01,0,0,0,0,0
exp4_repeat,s3,B_int,B,2,2,8,abc,0,0.0000000000000000e+00,2.9999999999999999e-01,1,400,4,1,40,A,1.4661295911755348e+00,1.6499754906701022e-01,1.4849806447989923e+01,8.1508060341394739e+01,2.0889879745156764e-01,1.1466099472449316e+00,4.1789564707334172e+01,5.8542040011290805e-02,nan,nan,1.4391690376777268e-02,nan,nan,nan,1.0588179963875375e+00,1.0588179963875375e+00,1.6339872376900605e-01,7.2385583908961983e+00,nan,nan,nan,nan,nan,3.0377943689999825e+00,3.2801482356999941e+01,6.6949001500000804e-01,0,0,0,0,0
exp4_repeat,s3,B_int,B,2,2,8,abc,0,0.0000000000000000e+00,2.9999999999999999e-01,1,400,4,1,60,A,4.7544185724607688e+00,5.3506007682835088e-01,4.9483062659390697e+01,3.2309789707120586e+02,6.9610013571365448e-01,4.5451610695196232e+00,5.4486189928578462e+01,3.8015131393119833e-01,nan,nan,1.3663273365028566e-02,nan,nan,nan,1.3805111121639266e+00,1.3805111121639266e+00,5.3462449902473141e-01,2.3473461458427252e+01,nan,nan,nan,nan,nan,3.0377943689999825e+00,4.9428047896999828e+01,8.2866824600000655e-01,0,0,0,0,0
exp4_repeat,s3,B_int,B,2,2,8,abc,0,0.0000000000000000e+00,2.9999999999999999e-01,1,400,4,1,80,A,1.8465336183931697e+01,2.0780804312149881e+00,2.0470243289093023e+02,1.3735387424728626e+03,2.8796396920118679e+00,1.9322177198784871e+01,2.2050936823890837e+02,4.5855675485475800e+00,nan,nan,3.9377909800335800e-02,nan,nan,nan,5.5870236768086379e+00,5.5870236768086379e+00,2.0782151057141016e+00,9.1166848400998560e+01,nan,nan,nan,nan,nan,3.0377943689999825e+00,6.5960852287999785e+01,8.6064912099999447e-01,0,0,0,0,0
exp4_repeat,s3,B_int,B,2,2,8,abc,0,0.0000000000000000e+00,2.9999999999999999e-01,1,400,4,1,100,A,8.0447443621972369e+01,9.0535182607488327e+00,9.2647514068851297e+02,6.6867675061388600e+03,1.3033135713684665e+01,9.4065717001968409e+01,3.3079201916893057e+03,8.2790597304087342e+01,nan,nan,2.5085172225378882e-01,nan,nan,nan,8.3812441074784758e+01,8.3812441074784758e+01,9.0546619917027300e+00,3.9718420633545298e+02,nan,nan,nan,nan,nan,3.0377943689999825e+00,8.2769312647999641e+01,8.6320124100001294e-01,0,0,0,0,0
exp4_repeat,s3,B_int,B,2,2,8,abc,0,0.0000000000000000e+00,2.9999999999999999e-01,1,400,4,1,120,A,3.6621362726846678e+02,4.1213512978609700e+01,4.2853550818387785e+03,3.2459267481870302e+04,6.0283985948534735e+01,4.5661887694430652e+02,6.7209106528841512e+04,1.7014265562615483e+03,nan,nan,1.4424633958718356e+00,nan,nan,nan,1.7028703699652415e+03,1.7028703699652415e+03,4.1218872253485628e+01,1.8080657675009809e+03,nan,nan,nan,nan,nan,3.0377943689999825e+00,9.8739536361999683e+01,8.6381331600000522e-01,0,0,0,0,0
exp4_repeat,s3,B_int,B,2,2,8,abc,0,0.0000000000000000e+00,2.9999999999999999e-01,1,400,4,1,140,A,1.6901970600071056e+03,1.9021399883064609e+02,1.9906792605083592e+04,1.5591703569068649e+05,2.8003765913613097e+02,2.1933539249871078e+03,1.4288634023096331e+06,3.6192532796307474e+04,nan,nan,7.4320065247963818e+00,nan,nan,nan,3.6202968261103873e+04,3.6202968261103873e+04,1.9023878420414636e+02,8.3448217569723074e+03,nan,nan,nan,nan,nan,3.0377943689999825e+00,1.1377098427799967e+02,6.6327136699999301e-01,0,0,0,0,0
exp4_repeat,s3,B_int,B,2,2,8,abc,0,0.0000000000000000e+00,2.9999999999999999e-01,1,400,4,1,160,A,7.8338578022425108e+03,8.8161874972669773e+02,9.2561115099238043e+04,7.4355280649568967e+05,1.3020981588365607e+03,1.0459886306444951e+04,3.0686553345561825e+07,7.7729847671901609e+05,nan,nan,3.6221577767253130e+01,nan,nan,nan,7.7750211462922278e+05,7.7750211462922278e+05,8.8173365335325502e+02,3.8677233901297732e+04,nan,nan,nan,nan,nan,3.0377943689999825e+00,1.3027683927699979e+02,7.9805460199997924e-01,0,0,0,0,0
exp4_repeat,s3,B_int,B,2,2,8,abc,0,0.0000000000000000e+00,2.9999999999999999e-01,1,400,4,1,180,A,3.6360479266070026e+04,4.0919915933168763e+03,4.3059958189770702e+05,3.5311979040070535e+06,6.0574348330145885e+03,4.9674923258708201e+04,6.6105039431727505e+08,1.6744601099865105e+07,nan,nan,1.7186238512976092e+02,nan,nan,nan,1.6748967330099253e+07,1.6748967330099253e+07,4.0925249337169175e+03,1.7951854588610283e+05,nan,nan,nan,nan,nan,3.0377943689999825e+00,1.4741601064299994e+02,8.7238578699998470e-01,0,0,0,0,0
exp4_repeat,s3,B_int,B,2,2,8,abc,0,0.0000000000000000e+00,2.9999999999999999e-01,1,400,4,1,200,A,1.6886397832564771e+05,1.9003874362222574e+04,2.0041205738302197e+06,1.6732054739871074e+07,2.8192850815085763e+04,2.3537721695530892e+05,1.4257558279931545e+10,3.6114816919306940e+08,nan,nan,8.0476584114471348e+02,nan,nan,nan,3.6124231963311768e+08,3.6124231963311768e+08,1.9006351300988037e+04,8.3371331878594169e+05,nan,nan,nan,nan,nan,3.0377943689999825e+00,1.6407740742900006e+02,7.8207713500000864e-01,0,0,0,0,0
exp4_repeat,s3,B_int,B,2,2,8,abc,0,0.0000000000000000e+00,2.9999999999999999e-01,1,400,4,1,220,A,7.8448370192787820e+05,8.8285434575624589e+04,9.3318059364457112e+06,7.9184520908911571e+07,1.3127464287177837e+05,1.1139236900215095e+06,3.0770750690536609e+11,7.7943222028211298e+09,nan,nan,3.7435094764911028e+03,nan,nan,nan,7.7963541428744364e+09,7.7963541428744364e+09,8.8296941596208970e+04,3.8731440367139298e+06,nan,nan,nan,nan,nan,3.0377943689999825e+00,1.7935877879100002e+02,6.5953399699998272e-01,0,0,0,0,0
exp4_repeat,s3,B_int,B,2,2,8,abc,0,0.0000000000000000e+00,2.9999999999999999e-01,1,400,4,1,240,A,3.6452717981801112e+06,4.1023720959111355e+05,4.3468382367304213e+07,3.7447398117399329e+08,6.1148896690999740e+05,5.2678911754258620e+06,6.6440040130504814e+12,1.6829458768067926e+11,nan,nan,1.7354979522343419e+04,nan,nan,nan,1.6833846120091904e+11,1.6833846120091904e+11,4.1029067944936582e+05,1.7997394582737636e+07,nan,nan,nan,nan,nan,3.0377943689999825e+00,1.9520759527899997e+02,7.9646315900004083e-01,0,0,0,0,0
exp4_repeat,s3,B_int,B,2,2,8,abc,0,0.0000000000000000e+00,2.9999999999999999e-01,1,400,4,1,260,A,1.6941737657497145e+07,1.9066153546372440e+06,2.0254407607862774e+08,1.7701262287340922e+09,2.8492771317899181e+06,2.4901148834171075e+07,1.4351124099521256e+14,3.6351822009029316e+12,nan,nan,8.0321470177660260e+04,nan,nan,nan,3.6361298739006011e+12,3.6361298739006011e+12,1.9068638607650776e+06,8.3644555034668505e+07,nan,nan,nan,nan,nan,3.0377943689999825e+00,2.1129750820599997e+02,8.2958862100002762e-01,0,0,0,0,0
exp4_repeat,s3,B_int,B,2,2,8,abc,0,0.0000000000000000e+00,2.9999999999999999e-01,1,400,4,1,280,A,7.8751608235254988e+07,8.8626697272265498e+06,9.4401831539610147e+08,8.3645311960748415e+09,1.3279923314097738e+07,1.1766756113798897e+08,3.1009079163440135e+15,7.8546915112466688e+13,nan,nan,3.7143528781161341e+05,nan,nan,nan,7.8567391882629391e+13,7.8567391882629391e+13,8.8638248777748365e+06,3.8881154709578812e+08,nan,nan,nan,nan,nan,3.0377943689999825e+00,2.2610313572000001e+02,7.2786357799998314e-01,0,0,0,0,0
exp4_repeat,s3,B_int,B,2,2,8,abc,0,0.0000000000000000e+00,2.9999999999999999e-01,1,400,4,1,300,A,3.6612499168501633e+08,4.1203537970863134e+07,4.4008683569548502e+09,3.9514810042268929e+10,6.1908962297280736e+07,5.5587231579536533e+08,6.7023754844798680e+16,1.6977315432572172e+15,nan,nan,1.7170451702732602e+06,nan,nan,nan,1.6981741329955645e+15,1.6981741329955645e+15,4.1208908394347951e+07,1.8076281569035420e+09,nan,nan,nan,nan,nan,3.0377943689999825e+00,2.4227087164100004e+02,8.6397931300001574e-01,0,0,0,0,0
exp4_repeat,s3,B_int,B,2,2,8,abc,0,0.0000000000000000e+00,2.9999999999999999e-01,1,400,4,1,320,A,1.7024118832866635e+09,1.9158864941784132e+08,2.0520164871046978e+10,1.8662617259436105e+11,2.8866623818183553e+08,2.6253529407602410e+09,1.4491031105333389e+18,3.6706210594757832e+16,nan,nan,7.9366300665203156e+06,nan,nan,nan,3.6715779711976240e+16,3.6715779711976240e+16,1.9161362087014169e+08,8.4051286439458303e+09,nan,nan,nan,nan,nan,3.0377943689999825e+00,2.5873356323799982e+02,8.6295057199993153e-01,0,0,0,0,0
exp4_repeat,s3,B_int,B,2,2,8,abc,0,0.0000000000000000e+00,2.9999999999999999e-01,1,400,4,1,340,A,7.9170452349442387e+09,8.9098062509677112e+08,9.5697184187770432e+10,8.8122585793858850e+11,1.3462146302272115e+09,1.2396594033150864e+10,3.1339802627726561e+19,7.9384647433962573e+17,nan,nan,3.6686383047964491e+07,nan,nan,nan,7.9405342596561190e+17,7.9405342596561190e+17,8.9109675452433598e+08,3.9087945950644882e+10,nan,nan,nan,nan,nan,3.0377943689999825e+00,2.7443383390599973e+02,7.9464597100002266e-01,0,0,0,0,0
exp4_repeat,s3,B_int,B,2,2,8,abc,0,0.0000000000000000e+00,2.9999999999999999e-01,1,400,4,1,360,A,3.6823352629036354e+10,4.1440831484410133e+09,4.4636215000415894e+11,4.1601506994515479e+12,6.2791738525579681e+09,5.8522680506072281e+10,6.7797964942883226e+20,1.7173425141386625e+19,nan,nan,1.6959751064373049e+08,nan,nan,nan,1.7177902163546001e+19,1.7177902163546001e+19,4.1446232836473866e+09,1.8180383900452069e+11,nan,nan,nan,nan,nan,3.0377943689999825e+00,2.9122571956299936e+02,8.3330476300000100e-01,0,0,0,0,0
exp4_repeat,s3,B_int,B,2,2,8,abc,0,0.0000000000000000e+00,2.9999999999999999e-01,1,400,4,1,380,A,1.7129476958204245e+11,1.9277434490885601e+10,2.0822902761415471e+12,1.9635502887421031e+13,2.9292498602898766e+10,2.7622130664836127e+11,1.4670949043117943e+22,3.7161948055128323e+20,nan,nan,7.8414581866116416e+08,nan,nan,nan,3.7171635980720256e+20,3.7171635980720256e+20,1.9279947090339760e+10,8.4571459381060400e+11,nan,nan,nan,nan,nan,3.0377943689999825e+00,3.0743244513399969e+02,8.7588067100000444e-01,0,0,0,0,0
exp4_repeat,s3,B_int,B,2,2,8,abc,0,0.0000000000000000e+00,2.9999999999999999e-01,1,400,4,1,400,A,7.9693797483645996e+11,8.9687032713808289e+10,9.7153362423259609e+12,9.2659425083681625e+13,1.3666993337372705e+11,1.3034811288839937e+12,3.1755506786838350e+23,8.0437638370118808e+21,nan,nan,3.6261529783595271e+09,nan,nan,nan,8.0458608041949911e+21,8.0458608041949911e+21,8.9698722422288864e+10,3.9346331316803872e+12,nan,nan,nan,nan,nan,3.0377943689999825e+00,3.2349153977199961e+02,6.8164684299995315e-01,0,0,0,0,0
exp4_repeat,s3,B_l2c,B,2,2,8,abc,0,0.0000000000000000e+00,2.9999999999999999e-01,1,400,0,1,0,A,2.0254441727229264e-01,2.2794255452097286e-02,8.3786414868294027e-14,3.8369307731045410e-13,1.1786605684098978e-15,5.3975802796739334e-15,3.9468128469587128e+01,-2.6062682839567288e-04,nan,nan,6.8001160258290838e-16,nan,nan,nan,1.0000000000000000e+00,1.0000000000000000e+00,0.0000000000000000e+00,1.0000000000000000e+00,nan,nan,nan,nan,nan,8.4740057000010438e-01,0.0000000000000000e+00,0.0000000000000000e+00,0,0,0,0,0
exp4_repeat,s3,B_l2c,B,2,2,8,abc,0,0.0000000000000000e+00,2.9999999999999999e-01,1,400,0,1,1,B,2.4606659326268179e-01,2.7692221096948442e-02,9.4825526982046333e-13,3.9621639302822587e-12,1.3339526426583210e-14,5.5737513026910902e-14,3.9447982209945366e+01,-7.7093754661298846e-04,nan,nan,1.3364309658925322e-14,nan,nan,nan,9.9948955624644609e-01,9.9942642086123856e-01,0.0000000000000000e+00,1.1078092205247001e+00,nan,nan,nan,nan,nan,8.4740057000010438e-01,5.5000869410000632e+00,5.5000869410000632e+00,30,918,30,918,0
exp4_repeat,s3,B_l2c,B,2,2,8,abc,0,0.0000000000000000e+00,2.9999999999999999e-01,1,400,0,1,2,A,2.3542492550388139e-01,2.6494612707651959e-02,6.8519873278455537e-13,2.5579538487363607e-12,9.6389937333766909e-15,3.5983868531159554e-14,3.9415373183870486e+01,-1.5969338264456609e-03,nan,nan,9.6173069508154185e-15,nan,nan,nan,9.9866334463370121e-01,9.9866334463370121e-01,1.3351066323799050e-02,1.1623372723593042e+00,nan,nan,nan,nan,nan,8.4740057000010438e-01,7.3498758770000450e+00,1.8497889359999817e+00,29,180,59,1098,0
exp4_repeat,s3,B_l2c,B,2,2,8,abc,0,0.0000000000000000e+00,2.9999999999999999e-01,1,400,0,1,20,A,3.0743250415600004e-01,3.4598312451085529e-02,6.2960954161231349e-13,2.3021584638627246e-12,8.8569959862775351e-15,3.2385481678043600e-14,3.8885611228120133e+01,-1.5015960927772028e-02,nan,nan,4.1792957983233237e-14,nan,nan,nan,9.8524081926215823e-01,9.8524081926215823e-01,2.5943637741993753e-02,1.5178522730779591e+00,nan,nan,nan,nan,nan,8.4740057000010438e-01,7.3582921962999990e+01,1.6539308039999696e+00,29,180,594,11098,0
exp4_repeat,s3,B_l2c,B,2,2,8,abc,0,0.0000000000000000e+00,2.9999999999999999e-01,1,400,0,1,40,A,4.2104937562290357e-01,4.7384702847632777e-02,6.2674347578522553e-13,2.3323565301325289e-12,8.8166777702258547e-15,3.2810291237092012e-14,3.8362145027114103e+01,-2.8275514698444255e-02,nan,nan,8.0067896757185508e-14,nan,nan,nan,9.7197780879513296e-01,9.7197780879513296e-01,4.1514434181359611e-02,2.0788002024112151e+00,nan,nan,nan,nan,nan,8.4740057000010438e-01,1.5323910417699994e+02,1.7694585670000151e+00,29,180,1194,22378,0
exp4_repeat,s3,B_l2c,B,2,2,8,abc,0,0.0000000000000000e+00,2.9999999999999999e-01,1,400,0,1,60,A,5.4326815041358312e-01,6.1139147483230231e-02,6.2401981482965564e-13,2.2239987629291136e-12,8.7783628265074221e-15,3.1285974584035946e-14,3.7898042549563975e+01,-4.0031367787624374e-02,nan,nan,1.1831161050857020e-13,nan,nan,nan,9.6021889101650693e-01,9.6021889101650693e-01,5.6729766020148863e-02,2.6822173512846570e+00,nan,nan,nan,nan,nan,8.4740057000010438e-01,2.3248382880799988e+02,1.7521994190000214e+00,29,180,1794,33658,0
exp4_repeat,s3,B_l2c,B,2,2,8,abc,0,0.0000000000000000e+00,2.9999999999999999e-01,1,400,0,1,80,A,6.6225915463343399e-01,7.4530340305111589e-02,6.1993170418504128e-13,2.2613022565565188e-12,8.7208535653261433e-15,3.1810739333448695e-14,3.7483932786622056e+01,-5.0520890622405161e-02,nan,nan,1.5677389941792796e-13,nan,nan,nan,9.4972663361795762e-01,9.4972663361795762e-01,7.0972867250678986e-02,3.2696983879003643e+00,nan,nan,nan,nan,nan,8.4740057000010438e-01,3.1176590083700000e+02,1.6785032789999832e+00,29,180,2394,44938,0
exp4_repeat,s3,B_l2c,B,2,2,8,abc,0,0.0000000000000000e+00,2.9999999999999999e-01,1,400,0,1,100,A,7.7560947295470062e-01,8.7286732933391356e-02,6.1958708375179869e-13,2.1955770534987096e-12,8.7160056372178716e-15,3.0886153822578619e-14,3.7113153561442161e+01,-5.9912838113709121e-02,nan,nan,1.9527088279680527e-13,nan,nan,nan,9.4033223769503960e-01,9.4033223769503960e-01,8.4281745146921924e-02,3.8293302940658305e+00,nan,nan,nan,nan,nan,8.4740057000010438e-01,3.8946272543500049e+02,1.7718671709999398e+00,29,180,2994,56218,0
exp4_repeat,s3,B_l2c,B,2,2,8,abc,0,0.0000000000000000e+00,2.9999999999999999e-01,1,400,0,1,120,A,8.8322582623606627e-01,9.9397827776458961e-02,6.1913919985886339e-13,2.1724844145865063e-12,8.7097050563342211e-15,3.0561299453894539e-14,3.6780797113491289e+01,-6.8331525288095468e-02,nan,nan,2.3337581867011181e-13,nan,nan,nan,9.3191135581291595e-01,9.3191135581291595e-01,9.6780062707335190e-02,4.3606525330623782e+00,nan,nan,nan,nan,nan,8.4740057000010438e-01,4.6844434552400116e+02,1.7372646100000111e+00,29,180,3594,67498,0
exp4_repeat,s3,B_l2c,B,2,2,8,abc,0,0.0000000000000000e+00,2.9999999999999999e-01,1,400,0,1,140,A,9.8561047310576688e-01,1.1092014878905584e-01,6.1913343327338058e-13,2.1600499167107046e-12,8.7096239352248670e-15,3.0386377870756960e-14,3.6483154657793023e+01,-7.5870896766485577e-02,nan,nan,2.7135238500619607e-13,nan,nan,nan,9.2437001885979386e-01,9.2437001885979386e-01,1.0858956636051932e-01,4.8661448504934670e+00,nan,nan,nan,nan,nan,8.4740057000010438e-01,5.4694853475600053e+02,1.6319527680000192e+00,29,180,4194,78778,0
exp4_repeat,s3,B_l2c,B,2,2,8,abc,0,0.0000000000000000e+00,2.9999999999999999e-01,1,400,0,1,160,A,1.0833893015151839e+00,1.2192413311302135e-01,6.2204471419021104e-13,2.1458390619955026e-12,8.7505782119489178e-15,3.0186467490028297e-14,3.6217366673280154e+01,-8.2603385063674387e-02,nan,nan,3.0964814046186007e-13,nan,nan,nan,9.1763577543810049e-01,9.1763577543810049e-01,1.1981577159515155e-01,5.3488973732547676e+00,nan,nan,nan,nan,nan,8.4740057000010438e-01,6.2738728740800070e+02,1.6841993279999770e+00,29,180,4794,90058,0
exp4_repeat,s3,B_l2c,B,2,2,8,abc,0,0.0000000000000000e+00,2.9999999999999999e-01,1,400,0,1,180,A,1.1771735723011878e+00,1.3247857176146330e-01,6.2522073920793738e-13,2.2311041902867146e-12,8.7952567610736395e-15,3.1385929774400277e-14,3.5981195264012854e+01,-8.8585676746034833e-02,nan,nan,3.4735408993569195e-13,nan,nan,nan,9.1165192420357111e-01,9.1165192420357111e-01,1.3054790799082855e-01,5.8119280114180709e+00,nan,nan,nan,nan,nan,8.4740057000010438e-01,7.0651621137700067e+02,1.5334729439998682e+00,29,180,5394,101340,0
exp4_repeat,s3,B_l2c,B,2,2,8,abc,0,0.0000000000000000e+00,2.9999999999999999e-01,1,400,0,1,200,A,1.2675223817116676e+00,1.4264638516866626e-01,6.2958050028206537e-13,2.2311041902867146e-12,8.8565874490358908e-15,3.1385929774400277e-14,3.5772872151670924e+01,-9.3862562826669826e-02,nan,nan,3.8596209561703176e-13,nan,nan,nan,9.0637366246632012e-01,9.0637366246632012e-01,1.4086158285863612e-01,6.2579971286380163e+00,nan,nan,nan,nan,nan,8.4740057000010438e-01,7.8558643566000092e+02,1.8068433590001405e+00,29,180,5994,112630,0
exp4_repeat,s3,B_l2c,B,2,2,8,abc,0,0.0000000000000000e+00,2.9999999999999999e-01,1,400,0,1,220,A,1.3549375621636544e+00,1.5248404932375895e-01,6.3448806543132013e-13,2.2026824808563106e-12,8.9256243392933606e-15,3.0986109012942950e-14,3.5590994875686505e+01,-9.8469568046766209e-02,nan,nan,4.2460132632093917e-13,nan,nan,nan,9.0176545622404625e-01,9.0176545622404625e-01,1.5082155781208240e-01,6.6895823662329352e+00,nan,nan,nan,nan,nan,8.4740057000010438e-01,8.6640638419000129e+02,1.7766188969999348e+00,29,180,6594,123920,0
exp4_repeat,s3,B_l2c,B,2,2,8,abc,0,0.0000000000000000e+00,2.9999999999999999e-01,1,400,0,1,240,A,1.4398688420857826e+00,1.6204217645700875e-01,6.3943346036994935e-13,2.2311041902867146e-12,8.9951933979353699e-15,3.1385929774400277e-14,3.5434454493856713e+01,-1.0243478224047073e-01,nan,nan,4.6288667343574730e-13,nan,nan,nan,8.9779920831972981e-01,8.9779920831972981e-01,1.6048408555122756e-01,7.1089041183005319e+00,nan,nan,nan,nan,nan,8.4740057000010438e-01,9.4567049979200169e+02,1.5892146060000414e+00,29,180,7194,135204,0
exp4_repeat,s3,B_l2c,B,2,2,8,abc,0,0.0000000000000000e+00,2.9999999999999999e-01,1,400,0,1,260,A,1.5227216402385577e+00,1.7136639220903560e-01,6.4571739344434799e-13,2.2453150450019166e-12,9.0835922647560007e-15,3.1585840155128947e-14,3.5302384359961906e+01,-1.0578015781297669e-01,nan,nan,5.0107487603590073e-13,nan,nan,nan,8.9445296062530022e-01,8.9445296062530022e-01,1.6989876601849013e-01,7.5179640137475197e+00,nan,nan,nan,nan,nan,8.4740057000010438e-01,1.0234143328540021e+03,1.6983723060000102e+00,29,180,7794,146484,0
exp4_repeat,s3,B_l2c,B,2,2,8,abc,0,0.0000000000000000e+00,2.9999999999999999e-01,1,400,0,1,280,A,1.6038648662193942e+00,1.8049821349605688e-01,6.5226213728125557e-13,2.2524204723595176e-12,9.1756600719659476e-15,3.1685795345493279e-14,3.5194123341051245e+01,-1.0852244145756509e-01,nan,nan,5.4025187101736094e-13,nan,nan,nan,8.9170996208170106e-01,8.9170996208170106e-01,1.7910999882617057e-01,7.9185834288546300e+00,nan,nan,nan,nan,nan,8.4740057000010438e-01,1.1024515740250017e+03,1.6547072949999801e+00,29,180,8392,157704,0
exp4_repeat,s3,B_l2c,B,2,2,8,abc,0,0.0000000000000000e+00,2.9999999999999999e-01,1,400,0,1,300,A,1.6836379012598572e+00,1.8947583412559457e-01,6.5960707330737166e-13,2.3092638912203256e-12,9.2789845367384853e-15,3.2485436868407932e-14,3.5109189168536425e+01,-1.1067384918028614e-01,nan,nan,5.7943580489272506e-13,nan,nan,nan,8.8955799349823328e-01,8.8955799349823328e-01,1.8815812103224749e-01,8.3124379527895922e+00,nan,nan,nan,nan,nan,8.4740057000010438e-01,1.1785981768180018e+03,1.7364720549999220e+00,29,180,8982,168684,0
exp4_repeat,s3,B_l2c,B,2,2,8,abc,0,0.0000000000000000e+00,2.9999999999999999e-01,1,400,0,1,320,A,1.7623565916983772e+00,1.9833479929913456e-01,6.6818533977351736e-13,2.2875035199376725e-12,9.3996588064855848e-15,3.2179324097917167e-14,3.5047259081611145e+01,-1.1224255660787168e-01,nan,nan,6.1896668346328454e-13,nan,nan,nan,8.8798887711682195e-01,8.8798887711682195e-01,1.9708030562910592e-01,8.7010869785126452e+00,nan,nan,nan,nan,nan,8.4740057000010438e-01,1.2247128903780022e+03,7.2329697700001816e-01,29,180,9572,179664,0
exp4_repeat,s3,B_l2c,B,2,2,8,abc,0,0.0000000000000000e+00,2.9999999999999999e-01,1,400,0,1,340,A,1.8403183176480971e+00,2.0710857603767227e-01,6.7759377954080696e-13,2.3621105071924831e-12,9.5320114913617133e-15,3.3228853596742653e-14,3.5008155858528688e+01,-1.1323305281960790e-01,nan,nan,6.5892950817936224e-13,nan,nan,nan,8.8699812268790112e-01,8.8699812268790112e-01,2.0591127905133624e-01,9.0859987277459560e+00,nan,nan,nan,nan,nan,8.4740057000010438e-01,1.2629319426240017e+03,8.7763518299993848e-01,29,180,10162,190642,0
exp4_repeat,s3,B_l2c,B,2,2,8,abc,0,0.0000000000000000e+00,2.9999999999999999e-01,1,400,0,1,360,A,1.9178062666545796e+00,2.1582903413718302e-01,6.8570501828679154e-13,2.4378277174719187e-12,9.6461158755375817e-15,3.4294001094062566e-14,3.4991837942429115e+01,-1.1364639046305419e-01,nan,nan,6.9904151911437395e-13,nan,nan,nan,8.8658467728949197e-01,8.8658467728949197e-01,2.1468390143237004e-01,9.4685713508279878e+00,nan,nan,nan,nan,nan,8.4740057000010438e-01,1.2964551044640029e+03,8.7876192399994579e-01,29,180,10752,201612,0
exp4_repeat,s3,B_l2c,B,2,2,8,abc,0,0.0000000000000000e+00,2.9999999999999999e-01,1,400,0,1,380,A,1.9950930487279901e+00,2.2452685300267927e-01,6.9554688846768431e-13,2.4760193895190241e-12,9.7845658178087987e-15,3.4831260242270855e-14,3.4998392774587657e+01,-1.1348035462483411e-01,nan,nan,7.3966874292175078e-13,nan,nan,nan,8.8675075641238710e-01,8.8675075641238710e-01,2.2342964213252134e-01,9.8501507748093911e+00,nan,nan,nan,nan,nan,8.4740057000010438e-01,1.3337098965010027e+03,7.1822707900014393e-01,29,180,11342,212582,0
exp4_repeat,s3,B_l2c,B,2,2,8,abc,0,0.0000000000000000e+00,2.9999999999999999e-01,1,400,0,1,400,A,2.0724437751041851e+00,2.3323186813056579e-01,7.0565271643803209e-13,2.5281998716764065e-12,9.9267289710897503e-15,3.5565306171508919e-14,3.5028032723465934e+01,-1.1272956594897275e-01,nan,nan,7.8016759719190532e-13,nan,nan,nan,8.8750174081493149e-01,8.8750174081493149e-01,2.3217897477497360e-01,1.0232045903877340e+01,nan,nan,nan,nan,nan,8.4740057000010438e-01,1.3726956979170027e+03,8.3785715100020752e-01,29,180,11932,223555,0
exp4_repeat,s3b,A_l2,A,2,2,8,abc,0,0.0000000000000000e+00,2.9999999999999999e-01,1,400,0,1,0,A,2.0254441727229264e-01,2.2794255452097286e-02,8.3786414868294027e-14,3.8369307731045410e-13,1.1786605684098978e-15,5.3975802796739334e-15,3.9468128469587128e+01,-2.6062682839567288e-04,1.2556590281248958e+01,1.2559878392954451e+01,6.8001160258290838e-16,1.4136671625649608e+00,1.7228396484440912e-15,8.0948539144800970e-11,1.0000000000000000e+00,1.0000000000000000e+00,0.0000000000000000e+00,1.0000000000000000e+00,1.0000000000000000e+00,1.0000000000000000e+00,0.0000000000000000e+00,1.0000000000000000e+00,1.0000000000000000e+00,1.0563191739999995e+00,0.0000000000000000e+00,0.0000000000000000e+00,0,0,0,0,0
exp4_repeat,s3b,A_l2,A,2,2,8,abc,0,0.0000000000000000e+00,2.9999999999999999e-01,1,400,0,1,1,B,2.9664189512412897e-01,3.3383942279502435e-02,8.6625804762052437e-14,4.4853010194856324e-13,1.2186035223049382e-15,6.3096713917484877e-15,3.9485732044793934e+01,1.8527694067695081e-04,1.2554975417840158e+01,1.2562209777478650e+01,7.7715611723760958e-16,1.4136143547002538e+00,1.8025113041662244e-05,2.1375704001218833e-05,1.0004460200138543e+00,1.0003828242110986e+00,0.0000000000000000e+00,1.3355028094432100e+00,9.9987139315907980e-01,9.9991352077052231e-01,-8.6448716809559039e-05,9.9994529707230917e-01,9.9996264476808583e-01,1.0563191739999995e+00,7.1405949200000052e-01,7.1405949200000052e-01,36,0,36,0,0
exp4_repeat,s3b,A_l2,A,2,2,8,abc,0,0.0000000000000000e+00,2.9999999999999999e-01,1,400,0,1,2,A,2.4995479497196840e-01,2.8129797526870923e-02,8.7782791723201136e-14,4.6096459982436500e-13,1.2348793697846711e-15,6.4845929748860453e-15,3.9472601561562819e+01,-1.4732208501618124e-04,1.2554484955785075e+01,1.2559748612902601e+01,8.0491169285323849e-16,1.4135724544343971e+00,3.8770100222064088e-03,4.5055413191165536e-03,1.0001133342813338e+00,1.0001133342813338e+00,1.6462168643580955e-02,1.2340739791210298e+00,9.9983233302857488e-01,9.9983233302857488e-01,-1.6762307707251701e-04,9.9993300535439200e-01,9.9993300535439200e-01,1.0563191739999995e+00,1.2261597630000001e+00,5.1210027099999955e-01,18,0,54,0,0
exp4_repeat,s3b,A_l2,A,2,2,8,abc,0,0.0000000000000000e+00,2.9999999999999999e-01,1,400,0,1,20,A,4.6507592251562729e-01,5.2339430161579673e-02,8.5806245933155357e-14,3.7014835641002719e-13,1.2070744256532671e-15,5.2070406980419251e-15,3.9518387741564140e+01,1.0124554030325876e-03,1.2544132179375229e+01,1.2562711780472441e+01,6.3837823915946501e-16,1.4130866362641559e+00,5.8232686294236290e-03,7.7473694672690928e-03,1.0012734141173110e+00,1.0012734141173110e+00,4.7111213272040063e-02,2.2961675704465248e+00,9.9900784356304650e-01,9.9900784356304650e-01,-9.9189669549014023e-04,9.9958934725501325e-01,9.9958934725501325e-01,1.0563191739999995e+00,1.1115958731999999e+01,4.6450598300000223e-01,18,0,543,0,0
exp4_repeat,s3b,A_l2,A,2,2,8,abc,0,0.0000000000000000e+00,2.9999999999999999e-01,1,400,0,1,40,A,6.2604392896281624e-01,7.0454695484540475e-02,8.6459196602233743e-14,3.8369307731045410e-13,1.2162597716066572e-15,5.3975802796739334e-15,3.9575140185911224e+01,2.4500116119931764e-03,1.2534118784176977e+01,1.2567732731075548e+01,5.4123372450476381e-16,1.4126374239481527e+00,6.6169371261707560e-03,9.9226646633323035e-03,1.0027113450896603e+00,1.0027113450896603e+00,6.6675556352689555e-02,3.0908969864184783e+00,9.9821038223206671e-01,9.9821038223206671e-01,-1.7891492551860057e-03,9.9927158340797861e-01,9.9927158340797861e-01,1.0563191739999995e+00,2.3783696502999998e+01,5.8411436899999813e-01,19,0,1092,0,0
exp4_repeat,s3b,A_l2,A,2,2,8,abc,0,0.0000000000000000e+00,2.9999999999999999e-01,1,400,0,1,60,A,7.7283428749828664e-01,8.6974414840044922e-02,8.7251677268052501e-14,5.2491344604277401e-13,1.2274079477578397e-15,7.3841896881650344e-15,3.9648475339839344e+01,4.3076127616407198e-03,1.2524731222770754e+01,1.2575913269235455e+01,1.9428902930940239e-16,1.4122490459443593e+00,7.5001914954160526e-03,1.1951533512022022e-02,1.0045694305062167e+00,1.0045694305062167e+00,8.3951746855176104e-02,3.8156286799024381e+00,9.9746276196287298e-01,9.9746276196287298e-01,-2.5365738012301073e-03,9.9899685254198833e-01,9.9899685254198833e-01,1.0563191739999995e+00,3.6762173558000022e+01,5.9665771300000614e-01,19,0,1642,0,0
exp4_repeat,s3b,A_l2,A,2,2,8,abc,0,0.0000000000000000e+00,2.9999999999999999e-01,1,400,0,1,80,A,9.1665088285863183e-01,1.0315946825718032e-01,8.6280728672786101e-14,3.6948222259525210e-13,1.2137491842817747e-15,5.1976698989452692e-15,3.9742267057302719e+01,6.6833847189499479e-03,1.2515912721195235e+01,1.2587817690008054e+01,6.7307270867900115e-16,1.4119168717067707e+00,8.4200871256936063e-03,1.3803740760661706e-02,1.0069458218148559e+00,1.0069458218148559e+00,1.0063204172301279e-01,4.5256783435621575e+00,9.9676046130815721e-01,9.9676046130815721e-01,-3.2386905972386949e-03,9.9876187910100822e-01,9.9876187910100822e-01,1.0563191739999995e+00,4.9004723791000011e+01,6.0157249799999590e-01,19,0,2192,0,0
exp4_repeat,s3b,A_l2,A,2,2,8,abc,0,0.0000000000000000e+00,2.9999999999999999e-01,1,400,0,1,100,A,1.0633032198573285e+00,1.1966365473249245e-01,8.6177663379755522e-14,4.1211478674085811e-13,1.2122993192045100e-15,5.7974010411312617e-15,3.9861363149910893e+01,9.7001239865093722e-03,1.2507624134738089e+01,1.2604215490226345e+01,4.9960036108132044e-16,1.4116425763333313e+00,9.3848553363208714e-03,1.5561885320123611e-02,1.0099633475305720e+00,1.0099633475305720e+00,1.1749885042987059e-01,5.2497285986799920e+00,9.9610036280438397e-01,9.9610036280438397e-01,-3.8986162906113147e-03,9.9856784801596721e-01,9.9856784801596721e-01,1.0563191739999995e+00,6.2055479645000027e+01,5.9811433500000533e-01,19,0,2742,0,0
exp4_repeat,s3b,A_l2,A,2,2,8,abc,0,0.0000000000000000e+00,2.9999999999999999e-01,1,400,0,1,120,A,1.2165652094177799e+00,1.3691168846348928e-01,8.5365427114160621e-14,4.2987835513486061e-13,1.2008732322906098e-15,6.0472890170420926e-15,4.0011587401981224e+01,1.3505348744397072e-02,1.2499833136922591e+01,1.2626047204518551e+01,4.1633363423443370e-16,1.4114305714570416e+00,1.0415570058421345e-02,1.7307784997518425e-02,1.0137695642906621e+00,1.0137695642906621e+00,1.3503033689157737e-01,6.0064119554688995e+00,9.9547989198858200e-01,9.9547989198858200e-01,-4.5189246703379975e-03,9.9841787998819953e-01,9.9841787998819953e-01,1.0563191739999995e+00,7.4952865074999991e+01,5.9057086599999309e-01,19,0,3293,0,0
exp4_repeat,s3b,A_l2,A,2,2,8,abc,0,0.0000000000000000e+00,2.9999999999999999e-01,1,400,0,1,140,A,1.3795717456620855e+00,1.5525636899111464e-01,8.4951951790520949e-14,4.2277292777725961e-13,1.1950566919749671e-15,5.9473338266777601e-15,4.0200312046462194e+01,1.8285799834719903e-02,1.2492510888746109e+01,1.2654505691235368e+01,6.2450045135165055e-16,1.4112874369332875e+00,1.1533456404373203e-02,1.9108548252814377e-02,1.0185512616195942e+00,1.0185512616195942e+00,1.5360636145082249e-01,6.8112059776372114e+00,9.9489675213831408e-01,9.9489675213831408e-01,-5.1019118575857470e-03,9.9831662947637867e-01,9.9831662947637867e-01,1.0563191739999995e+00,8.7810871739000007e+01,4.8213518100000385e-01,19,0,3846,0,0
exp4_repeat,s3b,A_l2,A,2,2,8,abc,0,0.0000000000000000e+00,2.9999999999999999e-01,1,400,0,1,160,A,1.5554708376169339e+00,1.7505197180163581e-01,8.6356313956919882e-14,4.2632564145606011e-13,1.2148124759156343e-15,5.9973114218599259e-15,4.0437231843553683e+01,2.4287048402122924e-02,1.2485629021054885e+01,1.2691153869395151e+01,4.9960036108132044e-16,1.4112222097352600e+00,1.2757635755005062e-02,2.1018787209834276e-02,1.0245540746811270e+00,1.0245540746811270e+00,1.7359677129619869e-01,7.6796529796514754e+00,9.9434868394965148e-01,9.9434868394965148e-01,-5.6498365648093539e-03,9.9827048905538363e-01,9.9827048905538363e-01,1.0563191739999995e+00,9.8479275647000009e+01,4.7894753000001344e-01,19,0,4398,0,0
exp4_repeat,s3b,A_l2,A,2,2,8,abc,0,0.0000000000000000e+00,2.9999999999999999e-01,1,400,0,1,180,A,1.7477642965370088e+00,1.9669258912113952e-01,8.8343363069804837e-14,3.8369307731045410e-13,1.2427651749365065e-15,5.3975802796739334e-15,4.0735329649696759e+01,3.1837954042023081e-02,1.2479156333735492e+01,1.2738071000311228e+01,3.7470027081099033e-16,1.4112470588647876e+00,1.4105661498445313e-02,2.3084804146763314e-02,1.0321069488026546e+00,1.0321069488026546e+00,1.9540539744858459e-01,8.6290420643259900e+00,9.9383320266258113e-01,9.9383320266258113e-01,-6.1651829015241973e-03,9.9828806683478299e-01,9.9828806683478299e-01,1.0563191739999995e+00,1.1022476366200000e+02,5.8410351199998445e-01,19,0,4948,0,0
exp4_repeat,s3b,A_l2,A,2,2,8,abc,0,0.0000000000000000e+00,2.9999999999999999e-01,1,400,0,1,200,A,1.9605203261235440e+00,2.2063605472083472e-01,8.7295617499131585e-14,3.9790393202565610e-13,1.2280260744293430e-15,5.5974906604025976e-15,4.1112126380577969e+01,4.1382326733384989e-02,1.2473055232836044e+01,1.2798038091708287e+01,5.1347814888913490e-16,1.4113782834599764e+00,1.5594718241559797e-02,2.5348373892407874e-02,1.0416538096620835e+00,1.0416538096620835e+00,2.1949650008684488e-01,9.6794587208389871e+00,9.9334731431528356e-01,9.9334731431528356e-01,-6.6509440457459840e-03,9.9838089250030293e-01,9.9838089250030293e-01,1.0563191739999995e+00,1.2268524717700002e+02,5.9165879900001528e-01,19,0,5502,0,0
exp4_repeat,s3b,A_l2,A,2,2,8,abc,0,0.0000000000000000e+00,2.9999999999999999e-01,1,400,0,1,220,A,2.1985358023547041e+00,2.4742220681443688e-01,8.5626005727141731e-14,3.8369307731045410e-13,1.2045389069298049e-15,5.3975802796739334e-15,4.1591347248565818e+01,5.3521133126044312e-02,1.2467277829273668e+01,1.2874777664775610e+01,5.2735593669694936e-16,1.4116376918415996e+00,1.7242874102273625e-02,2.7849869097030831e-02,1.0537957805781131e+00,1.0537957805781131e+00,2.4641430459608660e-01,1.0854586030870848e+01,9.9288720504732375e-01,9.9288720504732375e-01,-7.1109328594607260e-03,9.9856439282378251e-01,9.9856439282378251e-01,1.0563191739999995e+00,1.3484925302400003e+02,5.0247366700000384e-01,19,0,6053,0,0
exp4_repeat,s3b,A_l2,A,2,2,8,abc,0,0.0000000000000000e+00,2.9999999999999999e-01,1,400,0,1,240,A,2.4674812191038678e+00,2.7768920017130500e-01,8.7678610720892280e-14,3.8546943414985435e-13,1.2334138095313545e-15,5.4225690772650163e-15,4.2205173301805310e+01,6.9069528692226823e-02,1.2461761510906552e+01,1.2973265138354718e+01,4.9266146717741321e-16,1.4120544773174220e+00,1.9070230207809704e-02,3.0630835050811978e-02,1.0693482295297396e+00,1.0693482295297396e+00,2.7680002569557643e-01,1.2182420292466933e+01,9.9244788846188470e-01,9.9244788846188470e-01,-7.5501344340723302e-03,9.9885921856979909e-01,9.9885921856979909e-01,1.0563191739999995e+00,1.4725610043100002e+02,5.8730816099998151e-01,19,0,6607,0,0
exp4_repeat,s3b,A_l2,A,2,2,8,abc,0,0.0000000000000000e+00,2.9999999999999999e-01,1,400,0,1,260,A,2.7740429853702460e+00,3.1218952018125018e-01,8.7304495345228992e-14,3.8369307731045410e-13,1.2281509630183091e-15,5.3975802796739334e-15,4.2997299571878116e+01,8.9134321511718531e-02,1.2456423730978134e+01,1.3100130473443915e+01,4.0245584642661925e-16,1.4126677572043000e+00,2.1099959809882673e-02,3.3736146536759076e-02,1.0894182531358296e+00,1.0894182531358296e+00,3.1140831624152310e-01,1.3695973568310862e+01,9.9202279058030540e-01,9.9202279058030540e-01,-7.9751210272078210e-03,9.9929304054934154e-01,9.9929304054934154e-01,1.0563191739999995e+00,1.5976491541800007e+02,6.0677227799999400e-01,20,0,7160,0,0
exp4_repeat,s3b,A_l2,A,2,2,8,abc,0,0.0000000000000000e+00,2.9999999999999999e-01,1,400,0,1,280,A,3.1260711492857891e+00,3.5180660764624916e-01,8.6546123727685921e-14,4.2632564145606011e-13,1.2174826139404266e-15,5.9973114218599259e-15,4.4027095853836450e+01,1.1521936606134277e-01,1.2451155711528857e+01,1.3264169046505620e+01,5.6898930012039273e-16,1.4135300018840404e+00,2.3359278007697278e-02,3.7215847945916133e-02,1.1155100979202071e+00,1.1155100979202071e+00,3.5112417914737565e-01,1.5434003027016162e+01,9.9160324838522851e-01,9.9160324838522851e-01,-8.3945533882911934e-03,9.9990297526564065e-01,9.9990297526564065e-01,1.0563191739999995e+00,1.7219647379500009e+02,5.8421410899998705e-01,19,0,7713,0,0
exp4_repeat,s3b,A_l2,A,2,2,8,abc,0,0.0000000000000000e+00,2.9999999999999999e-01,1,400,0,1,300,A,3.5327391733512279e+00,3.9757283981193481e-01,8.6253434192808913e-14,3.7969627442180354e-13,1.2133652207557671e-15,5.3413554850939964e-15,4.5375270295902283e+01,1.4936902361795740e-01,1.2445814712154597e+01,1.3476978724503736e+01,4.5796699765787707e-16,1.4147116580530512e+00,2.5880395568312477e-02,4.1126737858483871e-02,1.1496686581140276e+00,1.1496686581140276e+00,3.9698115094443381e-01,1.7441799783609707e+01,9.9117789410873869e-01,9.9117789410873869e-01,-8.8197963092143932e-03,1.0007388553089083e+00,1.0007388553089083e+00,1.0563191739999995e+00,1.8471576173700009e+02,6.1300117700000101e-01,19,0,8273,0,0
exp4_repeat,s3b,A_l2,A,2,2,8,abc,0,0.0000000000000000e+00,2.9999999999999999e-01,1,400,0,1,320,A,4.0047230775852176e+00,4.5068969105510903e-01,8.8200041739089163e-14,4.5474735088646412e-13,1.2407490103662461e-15,6.3971321833172543e-15,4.7151579109332985e+01,1.9436345149073625e-01,1.2440214453728171e+01,1.3753734419246593e+01,6.8001160258290838e-16,1.4163073704373070e+00,2.8701509624463436e-02,4.5533713484985999e-02,1.1946748157989422e+00,1.1946748157989422e+00,4.5018161165357157e-01,1.9772073363056101e+01,9.9073189258276795e-01,9.9073189258276795e-01,-9.2656810742745236e-03,1.0018676304736087e+00,1.0018676304736087e+00,1.0563191739999995e+00,1.9720039792300011e+02,5.4285065000001964e-01,19,0,8836,0,0
exp4_repeat,s3b,A_l2,A,2,2,8,abc,0,0.0000000000000000e+00,2.9999999999999999e-01,1,400,0,1,340,A,4.5544085706996018e+00,5.1255104333082713e-01,8.8100764573658489e-14,4.1211478674085811e-13,1.2393524345559483e-15,5.7974010411312617e-15,4.9505321203577388e+01,2.5398443523514569e-01,1.2434113210982053e+01,1.4114101495024142e+01,9.5756735873919752e-16,1.4184443344215807e+00,3.1867879433135043e-02,5.0510833721499754e-02,1.2543113424221419e+00,1.2543113424221419e+00,5.1212020649775758e-01,2.2485974345947220e+01,9.9024599293887905e-01,9.9024599293887905e-01,-9.7514535121302984e-03,1.0033792762420484e+00,1.0033792762420484e+00,1.0563191739999995e+00,2.0918277369100008e+02,5.9209711799999809e-01,20,0,9400,0,0
exp4_repeat,s3b,A_l2,A,2,2,8,abc,0,0.0000000000000000e+00,2.9999999999999999e-01,1,400,0,1,360,A,5.1961359070784967e+00,5.8477074226407200e-01,8.9551932558665613e-14,5.6488147492927965e-13,1.2597666566557411e-15,7.9464376339644026e-15,5.2639622885948818e+01,3.3337722432265665e-01,1.2427198985178210e+01,1.4583277629042023e+01,5.2735593669694936e-16,1.4212934718096260e+00,3.5433030852076018e-02,5.6141985543561680e-02,1.3337248287947381e+00,1.3337248287947381e+00,5.8441148324346148e-01,2.5654303273602540e+01,9.8969534776777968e-01,9.8969534776777968e-01,-1.0301954527149828e-02,1.0053946992945835e+00,1.0053946992945835e+00,1.0563191739999995e+00,2.2198870521199999e+02,6.0481558799995128e-01,20,0,9965,0,0
exp4_repeat,s3b,A_l2,A,2,2,8,abc,0,0.0000000000000000e+00,2.9999999999999999e-01,1,400,0,1,380,A,5.9464928297357513e+00,6.6921556481529232e-01,8.7782904028690594e-14,4.1922021409845911e-13,1.2348809496356797e-15,5.8973562314955942e-15,5.6830880322306221e+01,4.3954301542302726e-01,1.2419071042715897e+01,1.5193147337434070e+01,6.6613381477509392e-16,1.4250843144895782e+00,3.9460130284819837e-02,6.2520939437016393e-02,1.4399182967618611e+00,1.4399182967618611e+00,6.6892291611019594e-01,2.9358956962716594e+01,9.8904804286411885e-01,9.8904804286411885e-01,-1.0949089969708893e-02,1.0080762659181401e+00,1.0080762659181401e+00,1.0563191739999995e+00,2.3394026450300012e+02,4.7981543000003057e-01,20,0,10529,0,0
exp4_repeat,s3b,A_l2,A,2,2,8,abc,0,0.0000000000000000e+00,2.9999999999999999e-01,1,400,0,1,400,A,6.8246661459020066e+00,7.6804478543507637e-01,9.2339137167850906e-14,5.7220894689180568e-13,1.2989754970638320e-15,8.0495164240276190e-15,6.2455220809221139e+01,5.8200922425846269e-01,1.2409216946015256e+01,1.5983551294195117e+01,4.9960036108132044e-16,1.4301246990386272e+00,4.4023568059760265e-02,6.9750447845277785e-02,1.5824216457931906e+00,1.5824216457931906e+00,7.6781450766238069e-01,3.3694664300360337e+01,9.8826326797858666e-01,9.8826326797858666e-01,-1.1733659405203491e-02,1.0116417335773760e+00,1.0116417335773760e+00,1.0563191739999995e+00,2.4489290091000001e+02,4.9692655500001592e-01,19,0,11090,0,0
exp4_repeat,s3b,B_l2,B,2,2,8,abc,0,0.0000000000000000e+00,2.9999999999999999e-01,1,400,0,1,0,A,2.0254441727229264e-01,2.2794255452097286e-02,8.3786414868294027e-14,3.8369307731045410e-13,1.1786605684098978e-15,5.3975802796739334e-15,3.9468128469587128e+01,-2.6062682839567288e-04,nan,nan,6.8001160258290838e-16,nan,nan,nan,1.0000000000000000e+00,1.0000000000000000e+00,0.0000000000000000e+00,1.0000000000000000e+00,nan,nan,nan,nan,nan,1.0019384130000049e+00,0.0000000000000000e+00,0.0000000000000000e+00,0,0,0,0,0
exp4_repeat,s3b,B_l2,B,2,2,8,abc,0,0.0000000000000000e+00,2.9999999999999999e-01,1,400,0,1,1,B,2.4362939834201550e-01,2.7417940302857054e-02,2.0375476373343688e+00,6.9014030428498812e+00,2.8663084106867204e-02,9.7085090060219870e-02,3.9448645057627942e+01,-7.5414741866967449e-04,nan,nan,1.2927533246787082e-03,nan,nan,nan,9.9950635075148797e-01,9.9944321430541139e-01,0.0000000000000000e+00,1.0968367964766790e+00,nan,nan,nan,nan,nan,1.0019384130000049e+00,5.2999745199997506e-01,5.2999745199997506e-01,24,0,24,0,0
exp4_repeat,s3b,B_l2,B,2,2,8,abc,0,0.0000000000000000e+00,2.9999999999999999e-01,1,400,0,1,2,A,2.3515248652126602e-01,2.6463952550001228e-02,1.3675712156735484e+00,6.2952415685502974e+00,1.9238229359026630e-02,8.8557948411191967e-02,3.9418502069619421e+01,-1.5176782245547070e-03,nan,nan,2.2962462992667312e-03,nan,nan,nan,9.9874262089711330e-01,9.9874262089711330e-01,1.3287191863010498e-02,1.1609921897039324e+00,nan,nan,nan,nan,nan,1.0019384130000049e+00,9.6051056899995046e-01,4.3051311699997541e-01,6,0,30,0,0
exp4_repeat,s3b,B_l2,B,2,2,8,abc,0,0.0000000000000000e+00,2.9999999999999999e-01,1,400,0,1,20,A,3.3660262494772270e-01,3.7881104412718219e-02,4.9292628673517802e+00,1.8951891186234270e+01,6.9342121657877634e-02,2.6660463839063697e-01,3.8998786840032295e+01,-1.2149189188175502e-02,nan,nan,5.0477327900251556e-04,nan,nan,nan,9.8810833835416101e-01,9.8810833835416101e-01,3.0174435264691053e-02,1.6618706626468380e+00,nan,nan,nan,nan,nan,1.0019384130000049e+00,9.9359022319998189e+00,4.3320485200001713e-01,6,0,300,0,0
exp4_repeat,s3b,B_l2,B,2,2,8,abc,0,0.0000000000000000e+00,2.9999999999999999e-01,1,400,0,1,40,A,4.8311252192420773e-01,5.4369260753521491e-02,7.5656392926619471e+00,2.8350592569773269e+01,1.0642919527098216e-01,3.9882032911389520e-01,3.8640552908597726e+01,-2.1223360676625148e-02,nan,nan,9.8157715529013922e-03,nan,nan,nan,9.7903180127664013e-01,9.7903180127664013e-01,4.9327810759766548e-02,2.3852176645023517e+00,nan,nan,nan,nan,nan,1.0019384130000049e+00,1.9999603709999917e+01,4.5671794499997986e-01,6,0,600,0,0
exp4_repeat,s3b,B_l2,B,2,2,8,abc,0,0.0000000000000000e+00,2.9999999999999999e-01,1,400,0,1,60,A,6.3194443506966624e-01,7.1118735724738188e-02,9.8413793444060573e+00,3.5425960499318876e+01,1.3844303745719214e-01,4.9835266020428010e-01,3.8368141295016777e+01,-2.8123627458110385e-02,nan,nan,2.0484299368628917e-02,nan,nan,nan,9.7212973563167637e-01,9.7212973563167637e-01,6.7355811653347530e-02,3.1200288982544766e+00,nan,nan,nan,nan,nan,1.0019384130000049e+00,3.0105385567999917e+01,4.4879618400000254e-01,6,0,900,0,0
exp4_repeat,s3b,B_l2,B,2,2,8,abc,0,0.0000000000000000e+00,2.9999999999999999e-01,1,400,0,1,80,A,7.7512243682094539e-01,8.7231922111169119e-02,1.1958966908638336e+01,4.1417102568184191e+01,1.6823207862859380e-01,5.8263270640763454e-01,3.8167551013857548e+01,-3.3204638636660996e-02,nan,nan,3.1674365713794700e-02,nan,nan,nan,9.6704739986007282e-01,9.6704739986007282e-01,8.4202191144382488e-02,3.8269257047894918e+00,nan,nan,nan,nan,nan,1.0019384130000049e+00,4.0219590221999908e+01,4.5654865000000200e-01,6,0,1200,0,0
exp4_repeat,s3b,B_l2,B,2,2,8,abc,0,0.0000000000000000e+00,2.9999999999999999e-01,1,400,0,1,100,A,9.1249802069424923e-01,1.0269210706151218e-01,1.3994479718220877e+01,4.7088181573062514e+01,1.9686653791318681e-01,6.6241028388119638e-01,3.8030648698608175e+01,-3.6672414792771717e-02,nan,nan,4.3144037576902973e-02,nan,nan,nan,9.6357871967284614e-01,9.6357871967284614e-01,1.0013933476430574e-01,4.5051748795797382e+00,nan,nan,nan,nan,nan,1.0019384130000049e+00,5.0188726472999917e+01,4.4093190600000298e-01,6,0,1500,0,0
exp4_repeat,s3b,B_l2,B,2,2,8,abc,0,0.0000000000000000e+00,2.9999999999999999e-01,1,400,0,1,120,A,1.0453952375764048e+00,1.1764829865287146e-01,1.5995181844119896e+01,5.2339162690042720e+01,2.2501129990876645e-01,7.3627815849760492e-01,3.7952487546833822e+01,-3.8652259895928173e-02,nan,nan,5.4788186414175058e-02,nan,nan,nan,9.6159835843442110e-01,9.6159835843442110e-01,1.1543355593570333e-01,5.1613135116482480e+00,nan,nan,nan,nan,nan,1.0019384130000049e+00,6.0147833286000150e+01,4.4618235000001505e-01,6,0,1800,0,0
exp4_repeat,s3b,B_l2,B,2,2,8,abc,0,0.0000000000000000e+00,2.9999999999999999e-01,1,400,0,1,140,A,1.1753828205334409e+00,1.3227704138212709e-01,1.7997520962577603e+01,5.7315375445670888e+01,2.5317909020294005e-01,8.0628074500637292e-01,3.7930280047046658e+01,-3.9214782436971289e-02,nan,nan,6.6536734272119369e-02,nan,nan,nan,9.6103568924669214e-01,9.6103568924669214e-01,1.3031700888897335e-01,5.8030867320983877e+00,nan,nan,nan,nan,nan,1.0019384130000049e+00,7.0183163814000181e+01,4.5452037200004725e-01,6,0,2100,0,0
exp4_repeat,s3b,B_l2,B,2,2,8,abc,0,0.0000000000000000e+00,2.9999999999999999e-01,1,400,0,1,160,A,1.3040220528310469e+00,1.4675404134905945e-01,2.0032802005204100e+01,6.2484621076727521e+01,2.8181028911921946e-01,8.7899881037924987e-01,3.7962885495955426e+01,-3.8388876767814752e-02,nan,nan,7.8328050186687440e-02,nan,nan,nan,9.6186181022513917e-01,9.6186181022513917e-01,1.4499499384130071e-01,6.4382028909637707e+00,nan,nan,nan,nan,nan,1.0019384130000049e+00,8.0235962227000186e+01,4.4845884099999012e-01,6,0,2400,0,0
exp4_repeat,s3b,B_l2,B,2,2,8,abc,0,0.0000000000000000e+00,2.9999999999999999e-01,1,400,0,1,180,A,1.4328354892279198e+00,1.6125064616510573e-01,2.2129737274239815e+01,7.0821253318099764e+01,3.1130880531669047e-01,9.9627390457782505e-01,3.8050542566147790e+01,-3.6168497241187300e-02,nan,nan,9.0103174203751885e-02,nan,nan,nan,9.6408276859310205e-01,9.6408276859310205e-01,1.5965602707441542e-01,7.0741791283324922e+00,nan,nan,nan,nan,nan,1.0019384130000049e+00,8.9999738222000190e+01,3.5800621499998897e-01,6,0,2700,0,0
exp4_repeat,s3b,B_l2,B,2,2,8,abc,0,0.0000000000000000e+00,2.9999999999999999e-01,1,400,0,1,200,A,1.5633276839327690e+00,1.7593617766809644e-01,2.4315870727448608e+01,8.0602472034229052e+01,3.4206211183576474e-01,1.1338706358595823e+00,3.8194744482334862e+01,-3.2515820033295471e-02,nan,nan,1.0180538380224315e-01,nan,nan,nan,9.6773639803484746e-01,9.6773639803484746e-01,1.7448006739392249e-01,7.7184437121813803e+00,nan,nan,nan,nan,nan,1.0019384130000049e+00,9.8093442363000122e+01,3.6509256200002937e-01,6,0,3000,0,0
exp4_repeat,s3b,B_l2,B,2,2,8,abc,0,0.0000000000000000e+00,2.9999999999999999e-01,1,400,0,1,220,A,1.6970150906791592e+00,1.9098129686290979e-01,2.6618492777159553e+01,9.0900996853372078e+01,3.7445411498104414e-01,1.2787445409693226e+00,3.8398208056496735e+01,-2.7362027492750091e-02,nan,nan,1.1338044900282099e-01,nan,nan,nan,9.7289153414216634e-01,9.7289153414216634e-01,1.8964470928803931e-01,8.3784836606864346e+00,nan,nan,nan,nan,nan,1.0019384130000049e+00,1.0764323169800019e+02,4.6298416700000189e-01,6,0,3300,0,0
exp4_repeat,s3b,B_l2,B,2,2,8,abc,0,0.0000000000000000e+00,2.9999999999999999e-01,1,400,0,1,240,A,1.8354540774754524e+00,2.0656115668852990e-01,2.9065287354289946e+01,1.0176830118230717e+02,4.0887425685721945e-01,1.4316197190940885e+00,3.8664911968124109e+01,-2.0606338490718339e-02,nan,nan,1.2477643257334149e-01,nan,nan,nan,9.7964898431700520e-01,9.7964898431700520e-01,2.0532980625062544e-01,9.0619830563285326e+00,nan,nan,nan,nan,nan,1.0019384130000049e+00,1.1770593976100037e+02,4.5480845200000886e-01,6,0,3600,0,0
exp4_repeat,s3b,B_l2,B,2,2,8,abc,0,0.0000000000000000e+00,2.9999999999999999e-01,1,400,0,1,260,A,1.9802647671277664e+00,2.2285808501952259e-01,3.1684826458209837e+01,1.1325923373939420e+02,4.4572447242082325e-01,1.5932677514223126e+00,3.9000192518794883e+01,-1.2113582929163935e-02,nan,nan,1.3594297751931816e-01,nan,nan,nan,9.8814395389553822e-01,9.8814395389553822e-01,2.2172097002373159e-01,9.7769407510530275e+00,nan,nan,nan,nan,nan,1.0019384130000049e+00,1.2769442722500031e+02,4.5676485500001718e-01,6,0,3900,0,0
exp4_repeat,s3b,B_l2,B,2,2,8,abc,0,0.0000000000000000e+00,2.9999999999999999e-01,1,400,0,1,280,A,2.1331508865966109e+00,2.4006381850349073e-01,3.4506977394211447e+01,1.2543150307875786e+02,4.8542491826989043e-01,1.7645004497174372e+00,3.9410892718940403e+01,-1.7104253289416571e-03,nan,nan,1.4683027502533014e-01,nan,nan,nan,9.9854982354456379e-01,9.9854982354456379e-01,2.3901228311224287e-01,1.0531768366288208e+01,nan,nan,nan,nan,nan,1.0019384130000049e+00,1.3796908290000022e+02,4.6377540299999964e-01,6,0,4200,0,0
exp4_repeat,s3b,B_l2,B,2,2,8,abc,0,0.0000000000000000e+00,2.9999999999999999e-01,1,400,0,1,300,A,2.2959164669618892e+00,2.5838138196744581e-01,3.7563265252232888e+01,1.3834535888404096e+02,5.2841907179253977e-01,1.9461653729361332e+00,3.9905565643006717e+01,1.0819786216612160e-02,nan,nan,1.5738789525030045e-01,nan,nan,nan,1.0110833016507652e+00,1.0110833016507652e+00,2.5740847280364326e-01,1.1335372743823150e+01,nan,nan,nan,nan,nan,1.0019384130000049e+00,1.4802891578900017e+02,4.4494467600003418e-01,6,0,4500,0,0
exp4_repeat,s3b,B_l2,B,2,2,8,abc,0,0.0000000000000000e+00,2.9999999999999999e-01,1,400,0,1,320,A,2.4704803882291215e+00,2.7802672528360256e-01,4.0887221603572129e+01,1.5206337749576318e+02,5.7517863643792666e-01,2.1391428101467640e+00,4.0494736867254808e+01,2.5743667668817603e-02,nan,nan,1.6756359455099484e-01,nan,nan,nan,1.0260110736808499e+00,1.0260110736808499e+00,2.7712673760416023e-01,1.2197227756260030e+01,nan,nan,nan,nan,nan,1.0019384130000049e+00,1.5822409474200015e+02,4.4825766200000317e-01,6,0,4800,0,0
exp4_repeat,s3b,B_l2,B,2,2,8,abc,0,0.0000000000000000e+00,2.9999999999999999e-01,1,400,0,1,340,A,2.6588897977872392e+00,2.9923023347644007e-01,4.4514743847857645e+01,1.6665028803121629e+02,6.2620859680906871e-01,2.3443433344810205e+00,4.1191234240595705e+01,4.3386152236487327e-02,nan,nan,1.7730215012274414e-01,nan,nan,nan,1.0436581575520194e+00,1.0436581575520194e+00,2.9839838460084239e-01,1.3127440556471788e+01,nan,nan,nan,nan,nan,1.0019384130000049e+00,1.6826987843900008e+02,4.2988467700001820e-01,6,0,5100,0,0
exp4_repeat,s3b,B_l2,B,2,2,8,abc,0,0.0000000000000000e+00,2.9999999999999999e-01,1,400,0,1,360,A,2.8633334518586047e+00,3.2223822816334374e-01,4.8484485685428581e+01,1.8224216384610156e+02,6.8205271161057812e-01,2.5636811500378425e+00,4.2010596713935691e+01,6.4140846144217528e-02,nan,nan,1.8654423055489269e-01,nan,nan,nan,1.0644182620999552e+00,1.0644182620999552e+00,3.2147041984778379e-01,1.4136817446857856e+01,nan,nan,nan,nan,nan,1.0019384130000049e+00,1.7842939211700019e+02,4.5237501299999394e-01,6,0,5400,0,0
exp4_repeat,s3b,B_l2,B,2,2,8,abc,0,0.0000000000000000e+00,2.9999999999999999e-01,1,400,0,1,380,A,3.0861560508887882e+00,3.4731458085276962e-01,5.2838296779570356e+01,2.0365332804378750e+02,7.4329969857185418e-01,2.8648814699612100e+00,4.2971577824848481e+01,8.8482782048120670e-02,nan,nan,1.9522528620070545e-01,nan,nan,nan,1.0887665438192997e+00,1.0887665438192997e+00,3.4660722616637407e-01,1.5236934655868016e+01,nan,nan,nan,nan,nan,1.0019384130000049e+00,1.8776974434400006e+02,3.6543285299995887e-01,6,0,5700,0,0
exp4_repeat,s3b,B_l2,B,2,2,8,abc,0,0.0000000000000000e+00,2.9999999999999999e-01,1,400,0,1,400,A,3.3298746545813294e+00,3.7474256028469738e-01,5.7621728372848018e+01,2.2719440710322522e+02,8.1059034717574885e-01,3.1960442446042747e+00,4.4096764021766994e+01,1.1698408137057174e-01,nan,nan,2.0327443091141703e-01,nan,nan,nan,1.1172752732814919e+00,1.1172752732814919e+00,3.7409245870339264e-01,1.6440219382125839e+01,nan,nan,nan,nan,nan,1.0019384130000049e+00,1.9739715614600016e+02,3.6577329099998224e-01,6,0,6000,0,0
