exp,tag,op,gauge,opname,N,p,q,np,field,eps,reps,rss_start_mb,t_mesh,t_spaces,t_ops,t_build,t_ops_M2_internal,rss_build_mb,rss_build_sum_mb,peak_build_mb,peak_build_sum_mb,ne,nd,rt,l2,h1,loc_nd_max,loc_rt_max,loc_ne_max,h,nnz_C,nnz_D,nnz_G,nnz_C_per_nd,nnz_D_per_rt,t_ev_setup,t_plan,t_collect,t_findpoints,t_plan_other,npoints,nnotfound,nshifted,rss_plan_mb,t_apply_first,reps_eff,t_apply,t_eval,t_dofs,t_solve,iters,iters_l2,inner_iters,clean_rounds,rss_gauge_mb,t_gauge_setup,t_gauge_first,t_gauge,gauge_iters,t_curl,t_b0proj,t_compose,t_curl_per_nd,t_remap_steady,t_remap_oneshot,t_total_with_build,rss_end_mb,rss_end_sum_mb,peak_mb,peak_sum_mb,peak_mb_per_nd_kB,errB_rel,div_max,div_before_clean
exp7_perf,r1,A_pt,none,A_pt,16,1,1,1,abc,2.9999999999999999e-01,2,1.8582031250000000e+01,6.3905998999999991e-02,1.0162015999999996e-02,2.5795887000000003e-02,9.9863901999999991e-02,1.1941625999999997e-02,4.1085937500000000e+01,4.1085937500000000e+01,4.1085937500000000e+01,4.1085937500000000e+01,4096,12288,12288,4096,4096,12288,12288,4096,6.2500000000000000e-02,49152,24576,24576,4.0000000000000000e+00,2.0000000000000000e+00,1.8193514999999993e-02,1.1035887200000000e-01,1.0640547000000000e-02,9.9711146999999972e-02,7.1780000000243316e-06,49152,0,3312,5.3355468750000000e+01,2.7082951000000022e-02,2,2.7410555000000003e-02,2.1229836999999974e-02,6.1795419999999823e-03,0.0000000000000000e+00,0,0,0,0,0.0000000000000000e+00,0.0000000000000000e+00,0.0000000000000000e+00,0.0000000000000000e+00,0,2.0184000000000869e-05,2.9319313999999985e-02,2.2009299999997679e-05,1.6425781250000707e-09,2.7431388299999953e-02,1.5598377529999993e-01,2.5584767729999991e-01,5.3445312500000000e+01,5.3445312500000000e+01,5.3445312500000000e+01,5.3445312500000000e+01,4.4537760416666670e+00,1.4675651723429814e-01,1.8474111129762605e-13,nan
exp7_perf,r2,A_pt,none,A_pt,16,1,1,1,abc,2.9999999999999999e-01,2,1.8578125000000000e+01,6.7757314999999929e-02,1.0772453999999931e-02,2.8426095000000040e-02,1.0695586399999990e-01,1.4436002999999920e-02,4.1406250000000000e+01,4.1406250000000000e+01,4.1406250000000000e+01,4.1406250000000000e+01,4096,12288,12288,4096,4096,12288,12288,4096,6.2500000000000000e-02,49152,24576,24576,4.0000000000000000e+00,2.0000000000000000e+00,2.2614800000000046e-02,1.3633317700000003e-01,1.2986793999999913e-02,1.2333948699999997e-01,6.8960000001450084e-06,49152,0,3312,5.3539062500000000e+01,3.4239302000000027e-02,2,3.2740270999999987e-02,2.5372562000000043e-02,7.3661369999999948e-03,0.0000000000000000e+00,0,0,0,0,0.0000000000000000e+00,0.0000000000000000e+00,0.0000000000000000e+00,0.0000000000000000e+00,0,2.6095100000000925e-05,3.6627282999999955e-02,2.7756800000000581e-05,2.1236246744792418e-09,3.2766455800000038e-02,1.9171443280000011e-01,2.9867029680000001e-01,5.3625000000000000e+01,5.3625000000000000e+01,5.3625000000000000e+01,5.3625000000000000e+01,4.4687500000000000e+00,1.4675651723429814e-01,1.8474111129762605e-13,nan
exp7_perf,r1,A_int,none,A_int,16,1,1,1,abc,2.9999999999999999e-01,2,1.8449218750000000e+01,6.6373271000000011e-02,1.1286046999999994e-02,2.7346379999999990e-02,1.0500569799999999e-01,1.4027022000000000e-02,4.1074218750000000e+01,4.1074218750000000e+01,4.1074218750000000e+01,4.1074218750000000e+01,4096,12288,12288,4096,4096,12288,12288,4096,6.2500000000000000e-02,49152,24576,24576,4.0000000000000000e+00,2.0000000000000000e+00,2.2302694000000012e-02,3.9677775700000001e-01,3.6327115999999965e-02,3.6044435499999999e-01,6.2860000000219962e-06,147456,0,10848,7.0878906250000000e+01,1.0626323900000001e-01,2,8.9919908000000048e-02,6.7567285000000088e-02,2.2349813000000052e-02,0.0000000000000000e+00,0,0,0,0,0.0000000000000000e+00,0.0000000000000000e+00,0.0000000000000000e+00,0.0000000000000000e+00,0,2.5043899999999118e-05,3.5459758000000008e-02,2.9751199999994427e-05,2.0380777994790948e-09,8.9946849200000137e-02,5.0902730020000020e-01,6.1403299820000024e-01,7.0972656250000000e+01,7.0972656250000000e+01,7.0972656250000000e+01,7.0972656250000000e+01,5.9143880208333330e+00,1.2086717047139649e-01,1.7763568394002505e-13,nan
exp7_perf,r2,A_int,none,A_int,16,1,1,1,abc,2.9999999999999999e-01,2,1.8566406250000000e+01,5.3203604000000002e-02,8.1132019999999999e-03,2.1770742999999995e-02,8.3087548999999997e-02,1.1017203000000003e-02,4.1300781250000000e+01,4.1300781250000000e+01,4.1300781250000000e+01,4.1300781250000000e+01,4096,12288,12288,4096,4096,12288,12288,4096,6.2500000000000000e-02,49152,24576,24576,4.0000000000000000e+00,2.0000000000000000e+00,1.7825559000000019e-02,3.4214881500000000e-01,2.9271382000000012e-02,3.1287101000000006e-01,6.4229999999221299e-06,147456,0,10848,7.1136718750000000e+01,1.0289527399999998e-01,2,1.0026554000000010e-01,7.7705647000000044e-02,2.2556990999999971e-02,0.0000000000000000e+00,0,0,0,0,0.0000000000000000e+00,0.0000000000000000e+00,0.0000000000000000e+00,0.0000000000000000e+00,0,3.6902599999999453e-05,3.6123185999999974e-02,2.8488599999998421e-05,3.0031412760416222e-09,1.0029112660000002e-01,4.6026550059999999e-01,5.4335304960000008e-01,7.1222656250000000e+01,7.1222656250000000e+01,7.1222656250000000e+01,7.1222656250000000e+01,5.9352213541666670e+00,1.2086717047139649e-01,1.7763568394002505e-13,nan
exp7_perf,r1,A_int,coulomb,A_int+coulomb,16,1,1,1,abc,2.9999999999999999e-01,2,1.8843750000000000e+01,5.5176220999999970e-02,8.1125960000000275e-03,2.1008647000000047e-02,8.4297464000000044e-02,1.0675578000000074e-02,4.1464843750000000e+01,4.1464843750000000e+01,4.1464843750000000e+01,4.1464843750000000e+01,4096,12288,12288,4096,4096,12288,12288,4096,6.2500000000000000e-02,49152,24576,24576,4.0000000000000000e+00,2.0000000000000000e+00,1.7002862000000007e-02,3.0807972200000000e-01,2.8284982999999930e-02,2.7978888899999999e-01,5.8500000000849539e-06,147456,0,10848,7.1351562500000000e+01,7.7922337000000064e-02,2,7.8452893999999995e-02,6.0413298999999920e-02,1.8037423999999969e-02,0.0000000000000000e+00,0,0,0,0,1.1339062500000000e+02,1.4117856600000001e-01,2.3704003000000085e-02,1.4073997000000005e-02,13,2.1374799999995810e-05,2.9714286000000034e-02,2.2256300000000893e-05,1.7394856770829924e-09,9.2546976299999889e-02,4.1762956029999987e-01,5.0192702429999991e-01,1.1339062500000000e+02,1.1339062500000000e+02,1.1339062500000000e+02,1.1339062500000000e+02,9.4492187500000000e+00,1.2086717047139652e-01,1.8474111129762605e-13,nan
exp7_perf,r2,A_int,coulomb,A_int+coulomb,16,1,1,1,abc,2.9999999999999999e-01,2,1.8800781250000000e+01,5.1529008999999994e-02,7.8726969999999979e-03,2.1382195000000007e-02,8.0783900999999991e-02,1.0801869000000006e-02,4.1488281250000000e+01,4.1488281250000000e+01,4.1488281250000000e+01,4.1488281250000000e+01,4096,12288,12288,4096,4096,12288,12288,4096,6.2500000000000000e-02,49152,24576,24576,4.0000000000000000e+00,2.0000000000000000e+00,1.7122745000000023e-02,3.0076020800000003e-01,2.8233815000000023e-02,2.7252083399999999e-01,5.5590000000438344e-06,147456,0,10848,7.1460937500000000e+01,9.3461297000000054e-02,2,9.9704908999999953e-02,7.6912556000000021e-02,2.2789603999999963e-02,0.0000000000000000e+00,0,0,0,0,1.1328125000000000e+02,1.7118666400000004e-01,2.9806372000000025e-02,1.4984141000000117e-02,13,2.0583100000015619e-05,2.8281101000000142e-02,2.2354199999985448e-05,1.6750569661471043e-09,1.1470865520000009e-01,4.3259160820000009e-01,5.1337550920000008e-01,1.1328125000000000e+02,1.1328125000000000e+02,1.1328125000000000e+02,1.1328125000000000e+02,9.4401041666666661e+00,1.2086717047139652e-01,1.8474111129762605e-13,nan
exp7_perf,r1,A_int,jacobi:20,A_int+jacobi:20,16,1,1,1,abc,2.9999999999999999e-01,2,1.8582031250000000e+01,6.4924680999999998e-02,1.0081174999999956e-02,2.7219912999999929e-02,1.0222576899999988e-01,1.3896232000000008e-02,4.1347656250000000e+01,4.1347656250000000e+01,4.1347656250000000e+01,4.1347656250000000e+01,4096,12288,12288,4096,4096,12288,12288,4096,6.2500000000000000e-02,49152,24576,24576,4.0000000000000000e+00,2.0000000000000000e+00,2.2294122999999999e-02,3.7548603599999997e-01,3.5949943999999956e-02,3.3952874200000005e-01,7.3499999999615540e-06,147456,0,10848,7.1289062500000000e+01,9.8727686000000037e-02,2,9.9411368999999916e-02,7.6390938999999936e-02,2.3017982000000048e-02,0.0000000000000000e+00,0,0,0,0,1.1228125000000000e+02,1.7644674300000007e-01,1.3782976999999974e-02,1.0453169999999901e-02,20,2.8012499999996442e-05,3.6369031000000218e-02,3.0983100000003813e-05,2.2796630859372105e-09,1.0989307409999989e-01,5.0767323309999990e-01,6.0989900209999981e-01,1.1228125000000000e+02,1.1228125000000000e+02,1.1228125000000000e+02,1.1228125000000000e+02,9.3567708333333339e+00,1.2086717047139652e-01,1.7408297026122455e-13,nan
exp7_perf,r2,A_int,jacobi:20,A_int+jacobi:20,16,1,1,1,abc,2.9999999999999999e-01,2,1.8515625000000000e+01,6.4672453000000005e-02,1.1536898000000004e-02,2.6679462000000001e-02,1.0288881300000001e-01,1.3489827000000010e-02,4.1070312500000000e+01,4.1070312500000000e+01,4.1070312500000000e+01,4.1070312500000000e+01,4096,12288,12288,4096,4096,12288,12288,4096,6.2500000000000000e-02,49152,24576,24576,4.0000000000000000e+00,2.0000000000000000e+00,2.1610797999999987e-02,3.7953475700000006e-01,3.5796635999999993e-02,3.4373187199999994e-01,6.2490000001247381e-06,147456,0,10848,7.0847656250000000e+01,9.9289346000000056e-02,2,9.8916137999999987e-02,7.6136144000000017e-02,2.2778251999999943e-02,0.0000000000000000e+00,0,0,0,0,1.1214843750000000e+02,1.6679871099999999e-01,1.4228171999999928e-02,9.6539350000000024e-03,20,2.1745099999992414e-05,3.1401275999999978e-02,2.5927000000014465e-05,1.7696207682285493e-09,1.0859425799999997e-01,5.0973981300000004e-01,6.1262862600000012e-01,1.1214843750000000e+02,1.1214843750000000e+02,1.1214843750000000e+02,1.1214843750000000e+02,9.3457031250000000e+00,1.2086717047139652e-01,1.7408297026122455e-13,nan
exp7_perf,r1,A_l2,coulomb,A_l2+coulomb,16,1,1,1,abc,2.9999999999999999e-01,2,1.8605468750000000e+01,6.7666337000000007e-02,1.1067973000000009e-02,3.0276633000000011e-02,1.0901094300000003e-01,1.2973809000000003e-02,4.1218750000000000e+01,4.1218750000000000e+01,4.1218750000000000e+01,4.1218750000000000e+01,4096,12288,12288,4096,4096,12288,12288,4096,6.2500000000000000e-02,49152,24576,24576,4.0000000000000000e+00,2.0000000000000000e+00,2.1584665000000003e-02,5.7163427899999997e-01,1.4618544999999983e-02,5.3013837099999994e-01,2.6877362999999987e-02,262144,0,16176,1.2397265625000000e+02,3.7495748699999987e-01,2,3.6955318699999995e-01,1.0786261899999983e-01,6.5489256999999856e-02,1.9619257000000001e-01,29,29,0,0,1.4318359375000000e+02,1.2722295200000011e-01,2.4018708999999916e-02,1.4192621999999933e-02,13,2.0466200000024416e-05,2.8113992999999837e-02,2.2374100000011055e-05,1.6655436197936536e-09,3.8375944209999963e-01,9.7697838609999965e-01,1.0859893290999998e+00,1.4318359375000000e+02,1.4318359375000000e+02,1.4318359375000000e+02,1.4318359375000000e+02,1.1931966145833334e+01,1.1731564423091288e-01,1.5631940186722204e-13,nan
exp7_perf,r2,A_l2,coulomb,A_l2+coulomb,16,1,1,1,abc,2.9999999999999999e-01,2,1.8570312500000000e+01,5.2293369999999999e-02,7.9658019999999941e-03,2.1454132000000001e-02,8.1713303999999987e-02,1.0682467000000001e-02,4.1472656250000000e+01,4.1472656250000000e+01,4.1472656250000000e+01,4.1472656250000000e+01,4096,12288,12288,4096,4096,12288,12288,4096,6.2500000000000000e-02,49152,24576,24576,4.0000000000000000e+00,2.0000000000000000e+00,1.7428228999999962e-02,5.1622555500000011e-01,1.1933464999999921e-02,4.8097237400000004e-01,2.3319716000000157e-02,262144,0,16176,1.2412500000000000e+02,3.8474706000000014e-01,2,3.6962251500000010e-01,1.0740907500000008e-01,6.5010255000000017e-02,1.9719657600000007e-01,29,29,0,0,1.4332812500000000e+02,1.2523408000000003e-01,2.3178377000000028e-02,1.3800477000000200e-02,13,1.9864900000010622e-05,2.8039251000000043e-02,2.2754899999988255e-05,1.6166097005216978e-09,3.8343913790000034e-01,9.1709292190000036e-01,9.9880622590000034e-01,1.4332812500000000e+02,1.4332812500000000e+02,1.4332812500000000e+02,1.4332812500000000e+02,1.1944010416666666e+01,1.1731564423091288e-01,1.5631940186722204e-13,nan
exp7_perf,r1,B_l2,none,B_l2,16,1,1,1,abc,2.9999999999999999e-01,2,1.8691406250000000e+01,6.5629132000000007e-02,1.0433958999999993e-02,2.7978318000000002e-02,1.0404140900000000e-01,1.4024676000000000e-02,4.1296875000000000e+01,4.1296875000000000e+01,4.1296875000000000e+01,4.1296875000000000e+01,4096,12288,12288,4096,4096,12288,12288,4096,6.2500000000000000e-02,49152,24576,24576,4.0000000000000000e+00,2.0000000000000000e+00,2.2625753999999998e-02,6.5518415699999999e-01,1.5009449999999980e-02,6.0999811000000004e-01,3.0176596999999972e-02,262144,0,16176,1.2358203125000000e+02,2.9016387200000004e-01,2,2.8318169999999987e-01,1.3394804200000010e-01,7.2443802999999862e-02,7.6783224000000150e-02,9,9,0,0,0.0000000000000000e+00,0.0000000000000000e+00,0.0000000000000000e+00,0.0000000000000000e+00,0,0.0000000000000000e+00,0.0000000000000000e+00,0.0000000000000000e+00,0.0000000000000000e+00,2.8317506900000011e-01,9.6098498000000010e-01,1.0650263890000000e+00,1.2388281250000000e+02,1.2388281250000000e+02,1.2388281250000000e+02,1.2388281250000000e+02,1.0323567708333334e+01,1.1492562733032648e-01,2.3079150119839188e+01,nan
exp7_perf,r2,B_l2,none,B_l2,16,1,1,1,abc,2.9999999999999999e-01,2,1.8519531250000000e+01,6.9171593000000003e-02,1.0824579000000001e-02,2.8262475999999995e-02,1.0825864800000000e-01,1.4209698999999992e-02,4.1382812500000000e+01,4.1382812500000000e+01,4.1382812500000000e+01,4.1382812500000000e+01,4096,12288,12288,4096,4096,12288,12288,4096,6.2500000000000000e-02,49152,24576,24576,4.0000000000000000e+00,2.0000000000000000e+00,3.0129616999999997e-02,6.4718008599999999e-01,1.5630959999999972e-02,6.0111955600000000e-01,3.0429570000000017e-02,262144,0,16176,1.2338671875000000e+02,2.7604134600000008e-01,2,2.7210951100000003e-01,1.2768943399999988e-01,7.1055312000000148e-02,7.3358314999999896e-02,9,9,0,0,0.0000000000000000e+00,0.0000000000000000e+00,0.0000000000000000e+00,0.0000000000000000e+00,0,0.0000000000000000e+00,0.0000000000000000e+00,0.0000000000000000e+00,0.0000000000000000e+00,2.7210306099999992e-01,9.4941276399999985e-01,1.0576714119999999e+00,1.2388281250000000e+02,1.2388281250000000e+02,1.2388281250000000e+02,1.2388281250000000e+02,1.0323567708333334e+01,1.1492562733032648e-01,2.3079150119839188e+01,nan
exp7_perf,r1,B_l2c,none,B_l2c,16,1,1,1,abc,2.9999999999999999e-01,2,1.8457031250000000e+01,5.1963139000000005e-02,7.8249550000000015e-03,2.0924150000000002e-02,8.0712244000000016e-02,1.0748343999999993e-02,4.1312500000000000e+01,4.1312500000000000e+01,4.1312500000000000e+01,4.1312500000000000e+01,4096,12288,12288,4096,4096,12288,12288,4096,6.2500000000000000e-02,49152,24576,24576,4.0000000000000000e+00,2.0000000000000000e+00,1.7091268999999992e-02,5.6776839899999998e-01,1.2184005999999997e-02,5.2833088900000003e-01,2.7253503999999928e-02,262144,0,16176,1.2425000000000000e+02,1.8138259770000000e+00,2,1.7674836480000007e+00,1.0112042999999993e-01,5.6881129999999835e-02,1.6094794449999998e+00,28,9,232,1,0.0000000000000000e+00,0.0000000000000000e+00,0.0000000000000000e+00,0.0000000000000000e+00,0,0.0000000000000000e+00,0.0000000000000000e+00,0.0000000000000000e+00,0.0000000000000000e+00,1.7674810049999996e+00,2.3523406729999996e+00,2.4330529169999990e+00,1.2526171875000000e+02,1.2526171875000000e+02,1.2526171875000000e+02,1.2526171875000000e+02,1.0438476562500000e+01,1.1433263179410490e-01,1.4672707493446069e-11,2.3079150119839188e+01
exp7_perf,r2,B_l2c,none,B_l2c,16,1,1,1,abc,2.9999999999999999e-01,2,1.8886718750000000e+01,6.4171144999999999e-02,1.0124706999999997e-02,2.7275694000000003e-02,1.0157154600000000e-01,1.3830898000000008e-02,4.1355468750000000e+01,4.1355468750000000e+01,4.1355468750000000e+01,4.1355468750000000e+01,4096,12288,12288,4096,4096,12288,12288,4096,6.2500000000000000e-02,49152,24576,24576,4.0000000000000000e+00,2.0000000000000000e+00,2.4763205000000010e-02,6.1012600200000000e-01,1.4837236999999975e-02,5.5628919999999993e-01,3.8999565000000125e-02,262144,0,16176,1.2448828125000000e+02,1.7834010020000000e+00,2,1.7801157429999996e+00,1.0210071400000054e-01,5.7946316999999858e-02,1.6200659940000000e+00,28,9,232,1,0.0000000000000000e+00,0.0000000000000000e+00,0.0000000000000000e+00,0.0000000000000000e+00,0,0.0000000000000000e+00,0.0000000000000000e+00,0.0000000000000000e+00,0.0000000000000000e+00,1.7801130250000003e+00,2.4150022320000004e+00,2.5165737780000006e+00,1.2544140625000000e+02,1.2544140625000000e+02,1.2544140625000000e+02,1.2544140625000000e+02,1.0453450520833334e+01,1.1433263179410490e-01,1.4672707493446069e-11,2.3079150119839188e+01
exp7_perf,r1,A_pt,none,A_pt,32,1,1,1,abc,2.9999999999999999e-01,2,1.8695312500000000e+01,5.0138612899999990e-01,8.2668225000000040e-02,2.3072952199999996e-01,8.1478387599999991e-01,1.1648447199999989e-01,1.6664843750000000e+02,1.6664843750000000e+02,1.6664843750000000e+02,1.6664843750000000e+02,32768,98304,98304,32768,32768,98304,98304,32768,3.1250000000000000e-02,393216,196608,196608,4.0000000000000000e+00,2.0000000000000000e+00,1.7540680399999986e-01,1.0784441459999998e+00,1.0775852700000010e-01,9.7067623800000025e-01,9.3809999994753923e-06,393216,0,23904,2.5541015625000000e+02,2.7062777900000023e-01,2,2.7035384800000006e-01,2.1063932099999993e-01,5.9712012999999953e-02,0.0000000000000000e+00,0,0,0,0,0.0000000000000000e+00,0.0000000000000000e+00,0.0000000000000000e+00,0.0000000000000000e+00,0,3.4414630000001445e-04,2.8415508400000000e-01,3.9180200000004105e-04,3.5008371988933763e-09,2.7074313599999994e-01,1.5245940859999996e+00,2.3393779619999995e+00,2.5583593750000000e+02,2.5583593750000000e+02,2.5583593750000000e+02,2.5583593750000000e+02,2.6649576822916665e+00,9.6256796195620151e-02,7.6738615462090820e-13,nan
exp7_perf,r2,A_pt,none,A_pt,32,1,1,1,abc,2.9999999999999999e-01,2,1.8722656250000000e+01,5.4429959900000002e-01,7.8737367000000003e-02,2.1424091099999998e-01,8.3727787700000000e-01,1.1000427700000004e-01,1.6662500000000000e+02,1.6662500000000000e+02,1.6662500000000000e+02,1.6662500000000000e+02,32768,98304,98304,32768,32768,98304,98304,32768,3.1250000000000000e-02,393216,196608,196608,4.0000000000000000e+00,2.0000000000000000e+00,1.7666157100000013e-01,1.0474213840000000e+00,1.0015652399999997e-01,9.4725573399999985e-01,9.1260000001369690e-06,393216,0,23904,2.5545703125000000e+02,2.6533048599999987e-01,2,2.6503845200000020e-01,2.0552593699999999e-01,5.9509534000000031e-02,0.0000000000000000e+00,0,0,0,0,0.0000000000000000e+00,0.0000000000000000e+00,0.0000000000000000e+00,0.0000000000000000e+00,0,3.3161040000000418e-04,2.8453292199999991e-01,3.9701470000004236e-04,3.3733154296875427e-09,2.6543248570000005e-01,1.4895154407000002e+00,2.3267933177000004e+00,2.5588281250000000e+02,2.5588281250000000e+02,2.5588281250000000e+02,2.5588281250000000e+02,2.6654459635416665e+00,9.6256796195620151e-02,7.6738615462090820e-13,nan
exp7_perf,r1,A_int,none,A_int,32,1,1,1,abc,2.9999999999999999e-01,2,1.8589843750000000e+01,5.1085954000000000e-01,8.1400216000000025e-02,2.1475036599999997e-01,8.0701012200000000e-01,1.0374868299999995e-01,1.6659765625000000e+02,1.6659765625000000e+02,1.6659765625000000e+02,1.6659765625000000e+02,32768,98304,98304,32768,32768,98304,98304,32768,3.1250000000000000e-02,393216,196608,196608,4.0000000000000000e+00,2.0000000000000000e+00,1.5821993300000003e-01,2.7154597100000002e+00,2.7089206300000002e-01,2.4445456090000004e+00,2.2038000000002000e-05,1179648,0,75888,3.9508203125000000e+02,6.5329671299999958e-01,2,6.1803606400000000e-01,4.7642550800000016e-01,1.4160784199999998e-01,0.0000000000000000e+00,0,0,0,0,0.0000000000000000e+00,0.0000000000000000e+00,0.0000000000000000e+00,0.0000000000000000e+00,0,2.9961229999999619e-04,2.2437695300000016e-01,3.5220129999995463e-04,3.0478139241536069e-09,6.1838555130000006e-01,3.4920651943000003e+00,4.2990753163000006e+00,3.9514843750000000e+02,3.9514843750000000e+02,3.9514843750000000e+02,3.9514843750000000e+02,4.1161295572916670e+00,6.7113150447255090e-02,9.3791641120333225e-13,nan
exp7_perf,r2,A_int,none,A_int,32,1,1,1,abc,2.9999999999999999e-01,2,1.8699218750000000e+01,5.4107083499999997e-01,8.0871711000000013e-02,2.2355645799999990e-01,8.4549900399999989e-01,1.1187132000000000e-01,1.6658203125000000e+02,1.6658203125000000e+02,1.6658203125000000e+02,1.6658203125000000e+02,32768,98304,98304,32768,32768,98304,98304,32768,3.1250000000000000e-02,393216,196608,196608,4.0000000000000000e+00,2.0000000000000000e+00,1.7370009099999995e-01,3.1137694890000001e+00,2.9477280800000005e-01,2.8189868550000003e+00,9.8259999994354530e-06,1179648,0,75888,3.9510156250000000e+02,7.2125615099999951e-01,2,6.2678322199999936e-01,4.8404438800000005e-01,1.4273606200000000e-01,0.0000000000000000e+00,0,0,0,0,0.0000000000000000e+00,0.0000000000000000e+00,0.0000000000000000e+00,0.0000000000000000e+00,0,2.5501690000000464e-04,2.2326273500000049e-01,3.1195090000002423e-04,2.5941660563151513e-09,6.2709240090000007e-01,3.9145619808999998e+00,4.7600609849000000e+00,3.9516406250000000e+02,3.9516406250000000e+02,3.9516406250000000e+02,3.9516406250000000e+02,4.1162923177083330e+00,6.7113150447255090e-02,9.3791641120333225e-13,nan
exp7_perf,r1,A_int,coulomb,A_int+coulomb,32,1,1,1,abc,2.9999999999999999e-01,2,1.8855468750000000e+01,5.4533336200000004e-01,8.0191269000000065e-02,2.1878395600000000e-01,8.4430858700000011e-01,1.1053741799999994e-01,1.6679296875000000e+02,1.6679296875000000e+02,1.6679296875000000e+02,1.6679296875000000e+02,32768,98304,98304,32768,32768,98304,98304,32768,3.1250000000000000e-02,393216,196608,196608,4.0000000000000000e+00,2.0000000000000000e+00,1.5119437199999997e-01,2.5938005669999997e+00,2.5203309499999982e-01,2.3417575919999996e+00,9.8800000003507193e-06,1179648,0,75888,3.9528125000000000e+02,6.2940930200000000e-01,2,6.3451111300000029e-01,4.8940198300000048e-01,1.4510687100000030e-01,0.0000000000000000e+00,0,0,0,0,7.1192187500000000e+02,1.1399011479999999e+00,2.2894209899999929e-01,1.4428729699999998e-01,16,2.9980050000002480e-04,2.2425266800000010e-01,3.5798039999992428e-04,3.0497283935549398e-09,7.7915413140000067e-01,3.5241490704000005e+00,4.3684576574000014e+00,7.1192187500000000e+02,7.1192187500000000e+02,7.1192187500000000e+02,7.1192187500000000e+02,7.4158528645833330e+00,6.7113150447255090e-02,9.3791641120333225e-13,nan
exp7_perf,r2,A_int,coulomb,A_int+coulomb,32,1,1,1,abc,2.9999999999999999e-01,2,1.8531250000000000e+01,5.3176721599999999e-01,8.2519409999999960e-02,2.1685615700000005e-01,8.3114278300000000e-01,1.0749050500000001e-01,1.6641796875000000e+02,1.6641796875000000e+02,1.6641796875000000e+02,1.6641796875000000e+02,32768,98304,98304,32768,32768,98304,98304,32768,3.1250000000000000e-02,393216,196608,196608,4.0000000000000000e+00,2.0000000000000000e+00,1.6611156800000004e-01,2.7630076969999999e+00,2.8585981199999977e-01,2.4771388559999998e+00,9.0290000001047588e-06,1179648,0,75888,3.9487890625000000e+02,7.9188942900000026e-01,2,7.9001181300000045e-01,6.1120053800000029e-01,1.7880759300000015e-01,0.0000000000000000e+00,0,0,0,0,7.1137890625000000e+02,1.4012718779999993e+00,2.6846583300000049e-01,1.7680951499999864e-01,16,3.8190089999989851e-04,2.8489109599999907e-01,4.1011060000002432e-04,3.8848968505849051e-09,9.6722775659999916e-01,3.8963470215999987e+00,4.7274898045999976e+00,7.1137890625000000e+02,7.1137890625000000e+02,7.1137890625000000e+02,7.1137890625000000e+02,7.4101969401041670e+00,6.7113150447255090e-02,9.3791641120333225e-13,nan
exp7_perf,r1,A_int,jacobi:20,A_int+jacobi:20,32,1,1,1,abc,2.9999999999999999e-01,2,1.8613281250000000e+01,5.0259375299999998e-01,7.8984698999999936e-02,1.9908402400000003e-01,7.8066247599999994e-01,9.9865108000000036e-02,1.6646093750000000e+02,1.6646093750000000e+02,1.6646093750000000e+02,1.6646093750000000e+02,32768,98304,98304,32768,32768,98304,98304,32768,3.1250000000000000e-02,393216,196608,196608,4.0000000000000000e+00,2.0000000000000000e+00,1.5320435900000007e-01,2.6559920540000004e+00,2.5700699999999999e-01,2.3989760440000003e+00,9.0100000003090486e-06,1179648,0,75888,3.9501171875000000e+02,6.9730945099999975e-01,2,7.3587214899999953e-01,5.7264110999999929e-01,1.6322808799999944e-01,0.0000000000000000e+00,0,0,0,0,7.1095312500000000e+02,1.2611850689999997e+00,1.0241397800000041e-01,7.8583404999999829e-02,20,3.3939000000007271e-04,2.6119431399999904e-01,3.8104449999991629e-04,3.4524536132819898e-09,8.1483364749999843e-01,3.6240300604999991e+00,4.4046925364999989e+00,7.1095312500000000e+02,7.1095312500000000e+02,7.1095312500000000e+02,7.1095312500000000e+02,7.4057617187500000e+00,6.7113150447255090e-02,9.3791641120333225e-13,nan
exp7_perf,r2,A_int,jacobi:20,A_int+jacobi:20,32,1,1,1,abc,2.9999999999999999e-01,2,1.8589843750000000e+01,4.3844491699999999e-01,6.3671554999999991e-02,1.7356276900000001e-01,6.7567924099999999e-01,8.7078223000000010e-02,1.6642968750000000e+02,1.6642968750000000e+02,1.6642968750000000e+02,1.6642968750000000e+02,32768,98304,98304,32768,32768,98304,98304,32768,3.1250000000000000e-02,393216,196608,196608,4.0000000000000000e+00,2.0000000000000000e+00,1.3796250400000010e-01,2.6899243989999997e+00,2.3262674700000008e-01,2.4572890809999994e+00,8.5709999999572517e-06,1179648,0,75888,3.9480859375000000e+02,6.4173068699999991e-01,2,6.2127088899999983e-01,4.7823184799999918e-01,1.4303533300000026e-01,0.0000000000000000e+00,0,0,0,0,7.1075781250000000e+02,1.1897709839999999e+00,1.0313149599999960e-01,7.5378268000000581e-02,20,3.1962129999998370e-04,2.9020066700000058e-01,3.9019959999997411e-04,3.2513559977211883e-09,6.9703564860000000e-01,3.5249225515999996e+00,4.2006017925999997e+00,7.1075781250000000e+02,7.1075781250000000e+02,7.1075781250000000e+02,7.1075781250000000e+02,7.4037272135416670e+00,6.7113150447255090e-02,9.3791641120333225e-13,nan
exp7_perf,r1,A_l2,coulomb,A_l2+coulomb,32,1,1,1,abc,2.9999999999999999e-01,2,1.8574218750000000e+01,4.6025281699999998e-01,6.3668542999999911e-02,1.7822901300000005e-01,7.0215037299999994e-01,8.9379840000000099e-02,1.6664843750000000e+02,1.6664843750000000e+02,1.6664843750000000e+02,1.6664843750000000e+02,32768,98304,98304,32768,32768,98304,98304,32768,3.1250000000000000e-02,393216,196608,196608,4.0000000000000000e+00,2.0000000000000000e+00,1.3878063699999998e-01,4.3693167390000003e+00,9.8179497999999921e-02,4.0732555660000003e+00,1.9788167499999965e-01,2097152,0,123984,8.0158593750000000e+02,3.3836280319999998e+00,2,3.6609249039999998e+00,8.9814690199999880e-01,5.8102519900000082e-01,2.1817429169999993e+00,30,30,0,0,9.4884375000000000e+02,1.3510282300000007e+00,2.9038743999999994e-01,1.7648793000000040e-01,16,3.3655589999987968e-04,2.8283072300000356e-01,3.8045040000014298e-04,3.4236236572253384e-09,3.8377833983999996e+00,8.3458807743999994e+00,9.0480311473999979e+00,9.4884375000000000e+02,9.4884375000000000e+02,9.4884375000000000e+02,9.4884375000000000e+02,9.8837890625000000e+00,6.1615235456277402e-02,7.3896444519050419e-13,nan
exp7_perf,r2,A_l2,coulomb,A_l2+coulomb,32,1,1,1,abc,2.9999999999999999e-01,2,1.8550781250000000e+01,5.6270096799999991e-01,7.4463103999999891e-02,1.9254219700000008e-01,8.2970626899999989e-01,9.2162240999999923e-02,1.6639843750000000e+02,1.6639843750000000e+02,1.6639843750000000e+02,1.6639843750000000e+02,32768,98304,98304,32768,32768,98304,98304,32768,3.1250000000000000e-02,393216,196608,196608,4.0000000000000000e+00,2.0000000000000000e+00,1.7805730299999989e-01,5.0819100840000004e+00,1.2561191799999993e-01,4.7237541260000002e+00,2.3254404000000051e-01,2097152,0,123984,8.0137109375000000e+02,3.8505106479999993e+00,2,3.8350483270000009e+00,8.6667631499999942e-01,5.8866900900000019e-01,2.3796939029999997e+00,30,30,0,0,9.4860546875000000e+02,1.1788107699999983e+00,2.2728017100000031e-01,1.5415592200000106e-01,16,2.7437679999984252e-04,2.4812429500000022e-01,3.1548230000026932e-04,2.7911051432275646e-09,3.9895106313000008e+00,9.2494780183000014e+00,1.0079184287300000e+01,9.4860546875000000e+02,9.4860546875000000e+02,9.4860546875000000e+02,9.4860546875000000e+02,9.8813069661458339e+00,6.1615235456277402e-02,7.3896444519050419e-13,nan
exp7_perf,r1,B_l2,none,B_l2,32,1,1,1,abc,2.9999999999999999e-01,2,1.8648437500000000e+01,5.0258842000000004e-01,7.3108954999999920e-02,1.8764687499999999e-01,7.6334424999999995e-01,9.3187954000000017e-02,1.6671875000000000e+02,1.6671875000000000e+02,1.6671875000000000e+02,1.6671875000000000e+02,32768,98304,98304,32768,32768,98304,98304,32768,3.1250000000000000e-02,393216,196608,196608,4.0000000000000000e+00,2.0000000000000000e+00,1.5130964699999994e-01,4.9413210359999997e+00,1.1241420799999990e-01,4.5905257820000003e+00,2.3838104599999976e-01,2097152,0,123984,7.9957421875000000e+02,2.9226735020000003e+00,2,2.7672734299999995e+00,8.9876728499999992e-01,6.0175147499999859e-01,1.2667463710000000e+00,17,17,0,0,0.0000000000000000e+00,0.0000000000000000e+00,0.0000000000000000e+00,0.0000000000000000e+00,0,0.0000000000000000e+00,0.0000000000000000e+00,0.0000000000000000e+00,0.0000000000000000e+00,2.7672651309999985e+00,7.8598958139999979e+00,8.6232400639999991e+00,8.0057812500000000e+02,8.0057812500000000e+02,8.0057812500000000e+02,8.0057812500000000e+02,8.3393554687500000e+00,5.7088353318050032e-02,2.6419414291952819e+01,nan
exp7_perf,r2,B_l2,none,B_l2,32,1,1,1,abc,2.9999999999999999e-01,2,1.8792968750000000e+01,4.4534987400000003e-01,6.6511249000000050e-02,1.8823606999999998e-01,7.0009719300000006e-01,9.5021260999999968e-02,1.6646875000000000e+02,1.6646875000000000e+02,1.6646875000000000e+02,1.6646875000000000e+02,32768,98304,98304,32768,32768,98304,98304,32768,3.1250000000000000e-02,393216,196608,196608,4.0000000000000000e+00,2.0000000000000000e+00,1.4136732899999993e-01,5.0363841919999999e+00,9.6811385000000083e-02,4.7297604829999997e+00,2.0981232399999961e-01,2097152,0,123984,7.9949609375000000e+02,2.7501929589999996e+00,2,2.5202257160000006e+00,8.4739390600000064e-01,4.6794318999999973e-01,1.2048800960000001e+00,17,17,0,0,0.0000000000000000e+00,0.0000000000000000e+00,0.0000000000000000e+00,0.0000000000000000e+00,0,0.0000000000000000e+00,0.0000000000000000e+00,0.0000000000000000e+00,0.0000000000000000e+00,2.5202171920000005e+00,7.6979687129999999e+00,8.3980659059999994e+00,8.0044531250000000e+02,8.0044531250000000e+02,8.0044531250000000e+02,8.0044531250000000e+02,8.3379720052083339e+00,5.7088353318050032e-02,2.6419414291952819e+01,nan
exp7_perf,r1,B_l2c,none,B_l2c,32,1,1,1,abc,2.9999999999999999e-01,2,1.8546875000000000e+01,4.5338741999999999e-01,7.0212190000000008e-02,1.9614309799999996e-01,7.1974270799999995e-01,9.6367477000000035e-02,1.6662109375000000e+02,1.6662109375000000e+02,1.6662109375000000e+02,1.6662109375000000e+02,32768,98304,98304,32768,32768,98304,98304,32768,3.1250000000000000e-02,393216,196608,196608,4.0000000000000000e+00,2.0000000000000000e+00,1.6395609800000011e-01,5.0511248709999998e+00,1.1566279899999987e-01,4.6227010130000004e+00,3.1276105899999962e-01,2097152,0,123984,8.0379296875000000e+02,3.8067087741000002e+01,2,3.7849059445000009e+01,9.6343194899999673e-01,5.0779453399999852e-01,3.6377829650999999e+01,32,17,528,1,0.0000000000000000e+00,0.0000000000000000e+00,0.0000000000000000e+00,0.0000000000000000e+00,0,0.0000000000000000e+00,0.0000000000000000e+00,0.0000000000000000e+00,0.0000000000000000e+00,3.7849056133999994e+01,4.3064137102999993e+01,4.3783879810999998e+01,8.0516015625000000e+02,8.0516015625000000e+02,8.0516015625000000e+02,8.0516015625000000e+02,8.3870849609375000e+00,5.6886931461793425e-02,1.4921397450962104e-11,2.6419414291952819e+01
exp7_perf,r2,B_l2c,none,B_l2c,32,1,1,1,abc,2.9999999999999999e-01,2,1.8625000000000000e+01,5.7684477400000000e-01,8.0783052000000133e-02,2.4054246700000004e-01,8.9817029300000017e-01,1.1908145200000009e-01,1.6665234375000000e+02,1.6665234375000000e+02,1.6665234375000000e+02,1.6665234375000000e+02,32768,98304,98304,32768,32768,98304,98304,32768,3.1250000000000000e-02,393216,196608,196608,4.0000000000000000e+00,2.0000000000000000e+00,1.4187580999999994e-01,5.1596906599999999e+00,1.0116034699999998e-01,4.7634830319999999e+00,2.9504728100000044e-01,2097152,0,123984,8.0389062500000000e+02,3.8914217281999996e+01,2,3.9695000656000005e+01,1.0444800770000029e+00,5.9216057899999441e-01,3.8058356320000001e+01,32,17,528,1,0.0000000000000000e+00,0.0000000000000000e+00,0.0000000000000000e+00,0.0000000000000000e+00,0,0.0000000000000000e+00,0.0000000000000000e+00,0.0000000000000000e+00,0.0000000000000000e+00,3.9694996975999999e+01,4.4996563445999996e+01,4.5894733738999996e+01,8.0525781250000000e+02,8.0525781250000000e+02,8.0525781250000000e+02,8.0525781250000000e+02,8.3881022135416661e+00,5.6886931461793425e-02,1.4921397450962104e-11,2.6419414291952819e+01
exp7_perf,r1,A_pt,none,A_pt,8,2,2,1,abc,2.9999999999999999e-01,2,1.8910156250000000e+01,1.3125955999999999e-02,4.5014890000000009e-03,3.6516451999999998e-02,5.4143896999999996e-02,1.7627640999999999e-02,3.5910156250000000e+01,3.5910156250000000e+01,3.5910156250000000e+01,3.5910156250000000e+01,512,12288,12288,4096,4096,12288,12288,512,1.2500000000000000e-01,73728,36864,36864,6.0000000000000000e+00,3.0000000000000000e+00,7.5432850000000107e-03,1.1561237999999996e-01,1.3647603000000008e-02,1.0195720899999999e-01,7.5679999999578307e-06,27648,0,2496,4.2285156250000000e+01,4.1126682999999997e-02,2,4.0596441000000039e-02,3.2033871000000047e-02,8.5609739999999990e-03,0.0000000000000000e+00,0,0,0,0,0.0000000000000000e+00,0.0000000000000000e+00,0.0000000000000000e+00,0.0000000000000000e+00,0,3.7795600000012361e-05,7.9281325999999930e-02,3.3604599999992323e-05,3.0758138020843391e-09,4.0628449600000040e-02,1.6378411460000000e-01,2.1792801160000000e-01,4.2390625000000000e+01,4.2390625000000000e+01,4.2390625000000000e+01,4.2390625000000000e+01,3.5325520833333335e+00,3.4724965588827303e-02,3.8369307731045410e-13,nan
exp7_perf,r2,A_pt,none,A_pt,8,2,2,1,abc,2.9999999999999999e-01,2,1.8425781250000000e+01,1.0444396000000000e-02,3.2504289999999991e-03,2.9501024999999997e-02,4.3195849999999994e-02,1.4394423000000000e-02,3.5371093750000000e+01,3.5371093750000000e+01,3.5371093750000000e+01,3.5371093750000000e+01,512,12288,12288,4096,4096,12288,12288,512,1.2500000000000000e-01,73728,36864,36864,6.0000000000000000e+00,3.0000000000000000e+00,7.7728280000000094e-03,1.0432506000000000e-01,1.0818760000000011e-02,9.3501421000000001e-02,4.8789999999854228e-06,27648,0,2496,4.1691406250000000e+01,4.4230616000000000e-02,2,4.2484629999999968e-02,3.3712129000000035e-02,8.7704100000000063e-03,0.0000000000000000e+00,0,0,0,0,0.0000000000000000e+00,0.0000000000000000e+00,0.0000000000000000e+00,0.0000000000000000e+00,0,4.9991699999996088e-05,7.7857521999999957e-02,4.4177799999989276e-05,4.0683349609371819e-09,4.2526716800000031e-02,1.5462460480000004e-01,1.9782045480000002e-01,4.1789062500000000e+01,4.1789062500000000e+01,4.1789062500000000e+01,4.1789062500000000e+01,3.4824218750000000e+00,3.4724965588827303e-02,3.8369307731045410e-13,nan
exp7_perf,r1,A_int,none,A_int,8,2,2,1,abc,2.9999999999999999e-01,2,1.8574218750000000e+01,1.0603432000000001e-02,3.2642680000000007e-03,3.0289478000000002e-02,4.4157178000000005e-02,1.4729056000000004e-02,3.5644531250000000e+01,3.5644531250000000e+01,3.5644531250000000e+01,3.5644531250000000e+01,512,12288,12288,4096,4096,12288,12288,512,1.2500000000000000e-01,73728,36864,36864,6.0000000000000000e+00,3.0000000000000000e+00,5.5973059999999963e-03,3.6430629299999995e-01,4.3345803000000016e-02,3.2095559699999998e-01,4.8929999999502982e-06,110592,0,9792,5.7804687500000000e+01,1.3470598599999994e-01,2,1.4241379999999992e-01,1.1265748799999997e-01,2.9753869999999960e-02,0.0000000000000000e+00,0,0,0,0,0.0000000000000000e+00,0.0000000000000000e+00,0.0000000000000000e+00,0.0000000000000000e+00,0,4.0234400000005444e-05,7.7367249000000138e-02,3.4885700000009125e-05,3.2742838541671097e-09,1.4244624369999995e-01,5.1234984269999984e-01,5.5650702069999980e-01,5.7910156250000000e+01,5.7910156250000000e+01,5.7910156250000000e+01,5.7910156250000000e+01,4.8258463541666670e+00,2.9162803921727661e-02,4.6895820560166612e-13,nan
exp7_perf,r2,A_int,none,A_int,8,2,2,1,abc,2.9999999999999999e-01,2,1.8410156250000000e+01,1.2935545999999999e-02,4.1222700000000008e-03,3.8153830999999999e-02,5.5211647000000003e-02,1.8654603999999998e-02,3.5445312500000000e+01,3.5445312500000000e+01,3.5445312500000000e+01,3.5445312500000000e+01,512,12288,12288,4096,4096,12288,12288,512,1.2500000000000000e-01,73728,36864,36864,6.0000000000000000e+00,3.0000000000000000e+00,7.1947030000000245e-03,4.1425341299999996e-01,5.5663541000000039e-02,3.5857733899999994e-01,1.2532999999981254e-05,110592,0,9792,5.7703125000000000e+01,1.5070481899999999e-01,2,1.4676075799999999e-01,1.1105405499999998e-01,3.5704094999999936e-02,0.0000000000000000e+00,0,0,0,0,0.0000000000000000e+00,0.0000000000000000e+00,0.0000000000000000e+00,0.0000000000000000e+00,0,3.9165300000010282e-05,9.7787964999999977e-02,4.7787500000007199e-05,3.1872802734383366e-09,1.4680593749999993e-01,5.6825405349999991e-01,6.2346570049999983e-01,5.7804687500000000e+01,5.7804687500000000e+01,5.7804687500000000e+01,5.7804687500000000e+01,4.8170572916666670e+00,2.9162803921727661e-02,4.6895820560166612e-13,nan
exp7_perf,r1,A_int,coulomb,A_int+coulomb,8,2,2,1,abc,2.9999999999999999e-01,2,1.8582031250000000e+01,1.0327731000000000e-02,3.4939779999999983e-03,3.0060538999999997e-02,4.3882247999999999e-02,1.4367885000000004e-02,3.5664062500000000e+01,3.5664062500000000e+01,3.5664062500000000e+01,3.5664062500000000e+01,512,12288,12288,4096,4096,12288,12288,512,1.2500000000000000e-01,73728,36864,36864,6.0000000000000000e+00,3.0000000000000000e+00,5.7519939999999825e-03,3.7359192999999991e-01,4.4122386999999957e-02,3.2946383699999993e-01,5.7060000000497269e-06,110592,0,9792,5.7824218750000000e+01,1.3732128299999991e-01,2,1.3348650299999998e-01,1.0560754600000000e-01,2.7877203000000073e-02,0.0000000000000000e+00,0,0,0,0,1.1328515625000000e+02,5.0713474199999997e-01,2.8099922999999860e-02,2.0012572000000173e-02,14,3.2194600000012839e-05,8.0751414999999938e-02,5.9967499999991067e-05,2.6200032552093782e-09,1.5355728850000022e-01,5.3290121250000011e-01,5.7678346049999996e-01,1.1328515625000000e+02,1.1328515625000000e+02,1.1328515625000000e+02,1.1328515625000000e+02,9.4404296875000000e+00,2.9162803921727661e-02,3.8724579098925460e-13,nan
exp7_perf,r2,A_int,coulomb,A_int+coulomb,8,2,2,1,abc,2.9999999999999999e-01,2,1.8656250000000000e+01,1.1244024000000000e-02,3.5187949999999999e-03,3.4127308000000002e-02,4.8890127000000005e-02,1.6386089999999999e-02,3.5621093750000000e+01,3.5621093750000000e+01,3.5621093750000000e+01,3.5621093750000000e+01,512,12288,12288,4096,4096,12288,12288,512,1.2500000000000000e-01,73728,36864,36864,6.0000000000000000e+00,3.0000000000000000e+00,8.1229529999999883e-03,4.6242977299999999e-01,5.8418029000000038e-02,4.0400516200000003e-01,6.5819999999217060e-06,110592,0,9792,5.7863281250000000e+01,1.7096960800000005e-01,2,1.6904079100000013e-01,1.3383454300000008e-01,3.5204012999999978e-02,0.0000000000000000e+00,0,0,0,0,1.1322265625000000e+02,4.8866186200000028e-01,3.3927234000000084e-02,2.4171347000000010e-02,14,4.0802900000014300e-05,8.9973623000000114e-02,3.9073699999980781e-05,3.3205485026053303e-09,1.9324897670000005e-01,6.6380170270000005e-01,7.1269182970000000e-01,1.1322265625000000e+02,1.1322265625000000e+02,1.1322265625000000e+02,1.1322265625000000e+02,9.4352213541666661e+00,2.9162803921727661e-02,3.8724579098925460e-13,nan
exp7_perf,r1,A_int,jacobi:20,A_int+jacobi:20,8,2,2,1,abc,2.9999999999999999e-01,2,1.8562500000000000e+01,1.1669058000000000e-02,3.7514860000000001e-03,3.2510933999999998e-02,4.7931478000000000e-02,1.5782572000000002e-02,3.5644531250000000e+01,3.5644531250000000e+01,3.5644531250000000e+01,3.5644531250000000e+01,512,12288,12288,4096,4096,12288,12288,512,1.2500000000000000e-01,73728,36864,36864,6.0000000000000000e+00,3.0000000000000000e+00,8.0916119999999980e-03,3.6155903999999994e-01,4.5811757999999980e-02,3.1574157999999997e-01,5.7019999999963211e-06,110592,0,9792,5.7871093750000000e+01,1.3318474499999999e-01,2,1.3235234500000004e-01,1.0470491000000004e-01,2.7645423000000058e-02,0.0000000000000000e+00,0,0,0,0,1.1251171875000000e+02,4.2279184899999989e-01,1.4034340999999895e-02,7.0545830000001697e-03,20,3.7988200000005357e-05,8.9877819999999886e-02,3.9340200000026468e-05,3.0914876302087693e-09,1.3944425620000028e-01,5.0909490820000025e-01,5.5702638620000022e-01,1.1251171875000000e+02,1.1251171875000000e+02,1.1251171875000000e+02,1.1251171875000000e+02,9.3759765625000000e+00,2.9162803921727661e-02,4.4053649617126212e-13,nan
exp7_perf,r2,A_int,jacobi:20,A_int+jacobi:20,8,2,2,1,abc,2.9999999999999999e-01,2,1.8585937500000000e+01,1.2584927999999999e-02,4.0370249999999996e-03,3.7441687000000001e-02,5.4063639999999996e-02,1.7787189999999994e-02,3.5593750000000000e+01,3.5593750000000000e+01,3.5593750000000000e+01,3.5593750000000000e+01,512,12288,12288,4096,4096,12288,12288,512,1.2500000000000000e-01,73728,36864,36864,6.0000000000000000e+00,3.0000000000000000e+00,7.0298279999999602e-03,4.3311143099999999e-01,5.3715275000000007e-02,3.7938976500000005e-01,6.3909999999389733e-06,110592,0,9792,5.7753906250000000e+01,1.3604556999999995e-01,2,1.3716363299999990e-01,1.0772905400000010e-01,2.9432260999999960e-02,0.0000000000000000e+00,0,0,0,0,1.1268359375000000e+02,4.5334843800000013e-01,1.2847953999999939e-02,6.8061649999999752e-03,20,3.4644499999991750e-05,7.6126136000000066e-02,4.1091000000004205e-05,2.8193766276034951e-09,1.4400857100000003e-01,5.8414982999999998e-01,6.3821346999999995e-01,1.1268359375000000e+02,1.1268359375000000e+02,1.1268359375000000e+02,1.1268359375000000e+02,9.3902994791666661e+00,2.9162803921727661e-02,4.4053649617126212e-13,nan
exp7_perf,r1,A_l2,coulomb,A_l2+coulomb,8,2,2,1,abc,2.9999999999999999e-01,2,1.8812500000000000e+01,1.2784047999999999e-02,4.1380009999999988e-03,5.3221543999999996e-02,7.0143592999999990e-02,2.7974108000000004e-02,3.5539062500000000e+01,3.5539062500000000e+01,3.5539062500000000e+01,3.5539062500000000e+01,512,12288,12288,4096,4096,12288,12288,512,1.2500000000000000e-01,73728,36864,36864,6.0000000000000000e+00,3.0000000000000000e+00,7.0588030000000024e-03,4.1906652500000002e-01,1.2946718999999995e-02,3.9325323500000003e-01,1.2866570999999993e-02,110592,0,8592,7.3058593750000000e+01,2.9356829600000001e-01,2,2.5486118999999996e-01,1.2991149700000015e-01,7.5095018999999930e-02,4.9849778000000011e-02,18,18,0,0,1.1933593750000000e+02,4.1760839999999999e-01,2.6750534999999909e-02,1.9518849999999865e-02,14,3.7978000000027377e-05,7.8245750000000225e-02,4.1377400000008892e-05,3.0906575520855612e-09,2.7441652139999995e-01,7.0054184939999997e-01,7.7068544239999992e-01,1.1933593750000000e+02,1.1933593750000000e+02,1.1933593750000000e+02,1.1933593750000000e+02,9.9446614583333339e+00,3.0230697579316051e-02,4.4231285301066237e-13,nan
exp7_perf,r2,A_l2,coulomb,A_l2+coulomb,8,2,2,1,abc,2.9999999999999999e-01,2,1.8894531250000000e+01,1.1789519000000000e-02,4.0462390000000001e-03,3.3223862000000007e-02,4.9059620000000005e-02,1.6185346999999996e-02,3.5687500000000000e+01,3.5687500000000000e+01,3.5687500000000000e+01,3.5687500000000000e+01,512,12288,12288,4096,4096,12288,12288,512,1.2500000000000000e-01,73728,36864,36864,6.0000000000000000e+00,3.0000000000000000e+00,6.2518249999999886e-03,3.4136029499999998e-01,1.0881549000000046e-02,3.1929586700000001e-01,1.1182878999999923e-02,110592,0,8592,7.3117187500000000e+01,2.3321776000000005e-01,2,2.2842008400000013e-01,1.0496462300000009e-01,7.3210337999999986e-02,5.0240564000000099e-02,18,18,0,0,1.1939453125000000e+02,4.4473796099999996e-01,3.1861310000000032e-02,2.1181663999999989e-02,14,3.4229699999999141e-05,7.5372394000000176e-02,3.7223900000005192e-05,2.7856201171874303e-09,2.4963441290000016e-01,5.9724653290000007e-01,6.4630615290000004e-01,1.1939453125000000e+02,1.1939453125000000e+02,1.1939453125000000e+02,1.1939453125000000e+02,9.9495442708333339e+00,3.0230697579316051e-02,4.4231285301066237e-13,nan
exp7_perf,r1,B_l2,none,B_l2,8,2,2,1,abc,2.9999999999999999e-01,2,1.8542968750000000e+01,1.3428292999999999e-02,4.5420229999999992e-03,3.7849609000000006e-02,5.5819925000000006e-02,1.8488359000000003e-02,3.5632812500000000e+01,3.5632812500000000e+01,3.5632812500000000e+01,3.5632812500000000e+01,512,12288,12288,4096,4096,12288,12288,512,1.2500000000000000e-01,73728,36864,36864,6.0000000000000000e+00,3.0000000000000000e+00,6.1396400000000295e-03,3.7238545499999998e-01,1.2114310000000017e-02,3.4749699800000006e-01,1.2774146999999902e-02,110592,0,8592,7.3050781250000000e+01,1.9927679499999995e-01,2,2.1415073400000006e-01,1.0556036800000002e-01,8.5987439000000054e-02,2.2597180999999855e-02,6,6,0,0,0.0000000000000000e+00,0.0000000000000000e+00,0.0000000000000000e+00,0.0000000000000000e+00,0,0.0000000000000000e+00,0.0000000000000000e+00,0.0000000000000000e+00,0.0000000000000000e+00,2.1414498799999993e-01,5.9267008299999990e-01,6.4849000799999990e-01,7.3519531250000000e+01,7.3519531250000000e+01,7.3519531250000000e+01,7.3519531250000000e+01,6.1266276041666670e+00,2.6286031513330529e-02,3.3875654414030114e+00,nan
exp7_perf,r2,B_l2,none,B_l2,8,2,2,1,abc,2.9999999999999999e-01,2,1.8628906250000000e+01,1.2615433000000001e-02,4.0123190000000003e-03,3.3674191999999999e-02,5.0301944000000001e-02,1.6156188000000002e-02,3.5609375000000000e+01,3.5609375000000000e+01,3.5609375000000000e+01,3.5609375000000000e+01,512,12288,12288,4096,4096,12288,12288,512,1.2500000000000000e-01,73728,36864,36864,6.0000000000000000e+00,3.0000000000000000e+00,5.7693370000000410e-03,3.5345914999999994e-01,1.0933307000000059e-02,3.3062120000000006e-01,1.1904642999999826e-02,110592,0,8592,7.3101562500000000e+01,1.8838102599999995e-01,2,1.8784807300000006e-01,9.9239474999999966e-02,6.9967149000000006e-02,1.8635770000000051e-02,6,6,0,0,0.0000000000000000e+00,0.0000000000000000e+00,0.0000000000000000e+00,0.0000000000000000e+00,0,0.0000000000000000e+00,0.0000000000000000e+00,0.0000000000000000e+00,0.0000000000000000e+00,1.8784239400000002e-01,5.4707088100000001e-01,5.9737282500000000e-01,7.3371093750000000e+01,7.3371093750000000e+01,7.3371093750000000e+01,7.3371093750000000e+01,6.1142578125000000e+00,2.6286031513330529e-02,3.3875654414030114e+00,nan
exp7_perf,r1,B_l2c,none,B_l2c,8,2,2,1,abc,2.9999999999999999e-01,2,1.8593750000000000e+01,1.2620693000000001e-02,5.3354419999999993e-03,4.1066893000000007e-02,5.9023028000000005e-02,1.6451072000000004e-02,3.5554687500000000e+01,3.5554687500000000e+01,3.5554687500000000e+01,3.5554687500000000e+01,512,12288,12288,4096,4096,12288,12288,512,1.2500000000000000e-01,73728,36864,36864,6.0000000000000000e+00,3.0000000000000000e+00,6.5059569999999789e-03,3.6166606999999995e-01,1.1776336999999998e-02,3.3301544100000008e-01,1.6874291999999846e-02,110592,0,8592,7.4191406250000000e+01,7.5446076800000017e-01,2,8.5425874500000010e-01,1.0927693199999999e-01,7.5340954999999932e-02,6.6963754700000022e-01,29,6,180,1,0.0000000000000000e+00,0.0000000000000000e+00,0.0000000000000000e+00,0.0000000000000000e+00,0,0.0000000000000000e+00,0.0000000000000000e+00,0.0000000000000000e+00,0.0000000000000000e+00,8.5425543400000015e-01,1.2224274610000001e+00,1.2814504890000000e+00,7.5597656250000000e+01,7.5597656250000000e+01,7.5597656250000000e+01,7.5597656250000000e+01,6.2998046875000000e+00,2.6251374776792919e-02,1.9693136010801027e-12,3.3875654414030114e+00
exp7_perf,r2,B_l2c,none,B_l2c,8,2,2,1,abc,2.9999999999999999e-01,2,1.8609375000000000e+01,1.3481853000000000e-02,4.2899560000000010e-03,3.9250038000000015e-02,5.7021847000000014e-02,1.9042969000000021e-02,3.5480468750000000e+01,3.5480468750000000e+01,3.5480468750000000e+01,3.5480468750000000e+01,512,12288,12288,4096,4096,12288,12288,512,1.2500000000000000e-01,73728,36864,36864,6.0000000000000000e+00,3.0000000000000000e+00,5.6540950000000256e-03,3.4574807799999996e-01,1.0464589999999996e-02,3.1909360300000000e-01,1.6189884999999959e-02,110592,0,8592,7.4097656250000000e+01,7.6992882900000004e-01,2,7.3930879700000007e-01,1.0747663300000010e-01,7.3313068000000037e-02,5.5851654499999981e-01,29,6,180,1,0.0000000000000000e+00,0.0000000000000000e+00,0.0000000000000000e+00,0.0000000000000000e+00,0,0.0000000000000000e+00,0.0000000000000000e+00,0.0000000000000000e+00,0.0000000000000000e+00,7.3930624599999994e-01,1.0907084189999998e+00,1.1477302659999997e+00,7.5597656250000000e+01,7.5597656250000000e+01,7.5597656250000000e+01,7.5597656250000000e+01,6.2998046875000000e+00,2.6251374776792919e-02,1.9693136010801027e-12,3.3875654414030114e+00
exp7_perf,r1,A_pt,none,A_pt,8,3,3,1,abc,2.9999999999999999e-01,2,1.8507812500000000e+01,2.8936964999999999e-02,1.3825145000000000e-02,2.4779808900000000e-01,2.9056019900000002e-01,1.1355836599999999e-01,6.6277343750000000e+01,6.6277343750000000e+01,6.6277343750000000e+01,6.6277343750000000e+01,512,41472,41472,13824,13824,41472,41472,512,1.2500000000000000e-01,331776,165888,165888,8.0000000000000000e+00,4.0000000000000000e+00,1.2193523000000095e-02,4.0944837300000003e-01,5.8605943999999965e-02,3.5083597700000002e-01,6.4520000000456434e-06,73728,0,6480,7.8683593750000000e+01,1.8564884099999990e-01,2,1.8755491199999996e-01,1.4691981700000012e-01,4.0632758999999741e-02,0.0000000000000000e+00,0,0,0,0,0.0000000000000000e+00,0.0000000000000000e+00,0.0000000000000000e+00,0.0000000000000000e+00,0,1.9535069999996325e-04,7.6345148700000021e-01,2.0969189999999748e-04,4.7104239004620771e-09,1.8776226789999986e-01,6.0940416389999996e-01,8.9996436289999993e-01,7.8855468750000000e+01,7.8855468750000000e+01,7.8855468750000000e+01,7.8855468750000000e+01,1.9470486111111112e+00,4.3516991304908071e-03,1.4015455462867976e-12,nan
exp7_perf,r2,A_pt,none,A_pt,8,3,3,1,abc,2.9999999999999999e-01,2,1.8679687500000000e+01,2.0525477000000000e-02,9.5065930000000007e-03,2.1911391599999999e-01,2.4914598599999999e-01,1.0840946299999998e-01,6.6601562500000000e+01,6.6601562500000000e+01,6.6601562500000000e+01,6.6601562500000000e+01,512,41472,41472,13824,13824,41472,41472,512,1.2500000000000000e-01,331776,165888,165888,8.0000000000000000e+00,4.0000000000000000e+00,1.5705343000000038e-02,4.7915930199999979e-01,7.0080616999999901e-02,4.0907316400000004e-01,5.5209999998417914e-06,73728,0,6480,7.9097656250000000e+01,2.2494196500000019e-01,2,2.2783193699999993e-01,1.7823264399999994e-01,4.9596278999999743e-02,0.0000000000000000e+00,0,0,0,0,0.0000000000000000e+00,0.0000000000000000e+00,0.0000000000000000e+00,0.0000000000000000e+00,0,2.6142290000001899e-04,9.3170736800000009e-01,2.8162389999999429e-04,6.3036000192905811e-09,2.2811054689999968e-01,7.2297519189999948e-01,9.7212117789999952e-01,7.9273437500000000e+01,7.9273437500000000e+01,7.9273437500000000e+01,7.9273437500000000e+01,1.9573688271604939e+00,4.3516991304908071e-03,1.4015455462867976e-12,nan
exp7_perf,r1,A_int,none,A_int,8,3,3,1,abc,2.9999999999999999e-01,2,1.8828125000000000e+01,1.9441064000000001e-02,8.2025670000000009e-03,1.7988194800000001e-01,2.0752557900000002e-01,8.9292328000000004e-02,6.6652343750000000e+01,6.6652343750000000e+01,6.6652343750000000e+01,6.6652343750000000e+01,512,41472,41472,13824,13824,41472,41472,512,1.2500000000000000e-01,331776,165888,165888,8.0000000000000000e+00,4.0000000000000000e+00,1.1890885999999989e-02,1.8986156810000003e+00,2.8571909900000003e-01,1.6128901550000001e+00,6.4270000001975802e-06,368640,0,32016,1.3692578125000000e+02,8.6769323399999987e-01,2,8.7320678800000007e-01,6.7938807999999984e-01,1.9381684599999982e-01,0.0000000000000000e+00,0,0,0,0,0.0000000000000000e+00,0.0000000000000000e+00,0.0000000000000000e+00,0.0000000000000000e+00,0,2.4672779999992402e-04,9.1344398499999979e-01,2.7612619999999309e-04,5.9492621527759454e-09,8.7348105219999961e-01,2.7839876191999999e+00,2.9915131981999998e+00,1.3701953125000000e+02,1.3701953125000000e+02,1.3701953125000000e+02,1.3701953125000000e+02,3.3831983024691357e+00,2.4327291135779684e-03,1.7310597399955441e-12,nan
exp7_perf,r2,A_int,none,A_int,8,3,3,1,abc,2.9999999999999999e-01,2,1.8468750000000000e+01,1.7382175999999999e-02,7.9654880000000067e-03,1.8006606999999997e-01,2.0541373399999996e-01,8.8393361000000059e-02,6.6429687500000000e+01,6.6429687500000000e+01,6.6429687500000000e+01,6.6429687500000000e+01,512,41472,41472,13824,13824,41472,41472,512,1.2500000000000000e-01,331776,165888,165888,8.0000000000000000e+00,4.0000000000000000e+00,1.4851602000000019e-02,2.2508710260000004e+00,3.6513609300000027e-01,1.8857280870000004e+00,6.8459999997827481e-06,368640,0,32016,1.3676171875000000e+02,9.5002921900000015e-01,2,8.8591828399999972e-01,6.8212084500000003e-01,2.0379470300000069e-01,0.0000000000000000e+00,0,0,0,0,0.0000000000000000e+00,0.0000000000000000e+00,0.0000000000000000e+00,0.0000000000000000e+00,0,1.9385090000003657e-04,7.5902343000000005e-01,2.2331439999998537e-04,4.6742597415132273e-09,8.8613886240000073e-01,3.1518614904000013e+00,3.3572752244000013e+00,1.3682421875000000e+02,1.3682421875000000e+02,1.3682421875000000e+02,1.3682421875000000e+02,3.3783757716049383e+00,2.4327291135779684e-03,1.7310597399955441e-12,nan
exp7_perf,r1,A_int,coulomb,A_int+coulomb,8,3,3,1,abc,2.9999999999999999e-01,2,1.8574218750000000e+01,1.9486862000000001e-02,9.0056729999999988e-03,2.0815604900000001e-01,2.3664858400000000e-01,1.0213986700000000e-01,6.6414062500000000e+01,6.6414062500000000e+01,6.6414062500000000e+01,6.6414062500000000e+01,512,41472,41472,13824,13824,41472,41472,512,1.2500000000000000e-01,331776,165888,165888,8.0000000000000000e+00,4.0000000000000000e+00,1.4803614000000076e-02,2.3861365480000001e+00,3.5505863300000007e-01,2.0310719300000004e+00,5.9849999995975622e-06,368640,0,32016,1.3676171875000000e+02,1.0659215330000000e+00,2,9.3635072000000008e-01,7.3444443499999945e-01,2.0190408800000004e-01,0.0000000000000000e+00,0,0,0,0,4.8980859375000000e+02,5.5199847639999993e+00,2.3291998800000080e-01,1.8414110199999989e-01,21,1.9735130000011480e-04,8.1025451999999909e-01,3.6011570000002988e-04,4.7586636767002992e-09,1.1208497406999993e+00,3.5217899026999997e+00,3.7584384866999994e+00,4.8980859375000000e+02,4.8980859375000000e+02,4.8980859375000000e+02,4.8980859375000000e+02,1.2094039351851851e+01,2.4327291135779706e-03,1.9437784715137241e-12,nan
exp7_perf,r2,A_int,coulomb,A_int+coulomb,8,3,3,1,abc,2.9999999999999999e-01,2,1.8558593750000000e+01,2.0593960999999997e-02,9.6830089999999994e-03,2.1240876299999994e-01,2.4268573299999993e-01,9.5578660000000037e-02,6.6582031250000000e+01,6.6582031250000000e+01,6.6582031250000000e+01,6.6582031250000000e+01,512,41472,41472,13824,13824,41472,41472,512,1.2500000000000000e-01,331776,165888,165888,8.0000000000000000e+00,4.0000000000000000e+00,1.4538071000000041e-02,2.3267792830000000e+00,3.5537524700000001e-01,1.9713984140000003e+00,5.6219999997608738e-06,368640,0,32016,1.3693359375000000e+02,1.0195364390000003e+00,2,1.1025071659999996e+00,8.4920104399999996e-01,2.5330350000000035e-01,0.0000000000000000e+00,0,0,0,0,4.8984375000000000e+02,6.2794877819999995e+00,2.3881386100000057e-01,1.9355985400000009e-01,21,1.9539319999992700e-04,9.0697690600000058e-01,2.7674649999998024e-04,4.7114486882698443e-09,1.2963411445000004e+00,3.6376584985000004e+00,3.8803442315000010e+00,4.8984375000000000e+02,4.8984375000000000e+02,4.8984375000000000e+02,4.8984375000000000e+02,1.2094907407407407e+01,2.4327291135779706e-03,1.9437784715137241e-12,nan
exp7_perf,r1,A_int,jacobi:20,A_int+jacobi:20,8,3,3,1,abc,2.9999999999999999e-01,2,1.8933593750000000e+01,2.2144585999999997e-02,1.0093412000000000e-02,2.3069814800000002e-01,2.6293614600000004e-01,1.0910560699999999e-01,6.6601562500000000e+01,6.6601562500000000e+01,6.6601562500000000e+01,6.6601562500000000e+01,512,41472,41472,13824,13824,41472,41472,512,1.2500000000000000e-01,331776,165888,165888,8.0000000000000000e+00,4.0000000000000000e+00,1.4941861000000056e-02,2.3486408790000004e+00,3.5569681100000006e-01,1.9929360679999997e+00,8.0000000006741345e-06,368640,0,32016,1.3691406250000000e+02,1.1224184670000001e+00,2,1.1025341589999993e+00,8.5732268800000000e-01,2.4520873200000004e-01,0.0000000000000000e+00,0,0,0,0,4.8942578125000000e+02,6.4101706190000005e+00,8.0950598999999457e-02,3.5387046000000311e-02,20,2.4108350000009437e-04,9.2501124899999887e-01,2.7087749999985531e-04,5.8131630979961024e-09,1.1381893435000001e+00,3.5017720835000006e+00,3.7647082295000005e+00,4.8942578125000000e+02,4.8942578125000000e+02,4.8942578125000000e+02,4.8942578125000000e+02,1.2084587191358025e+01,2.4327291135779741e-03,1.4495071809506044e-12,nan
exp7_perf,r2,A_int,jacobi:20,A_int+jacobi:20,8,3,3,1,abc,2.9999999999999999e-01,2,1.8828125000000000e+01,1.9958333000000002e-02,9.5426940000000009e-03,2.1721638300000001e-01,2.4671741000000003e-01,1.0791576100000000e-01,6.6675781250000000e+01,6.6675781250000000e+01,6.6675781250000000e+01,6.6675781250000000e+01,512,41472,41472,13824,13824,41472,41472,512,1.2500000000000000e-01,331776,165888,165888,8.0000000000000000e+00,4.0000000000000000e+00,1.1711491000000018e-02,1.9787492300000002e+00,2.9153457900000013e-01,1.6872088569999999e+00,5.7940000002254521e-06,368640,0,32016,1.3705078125000000e+02,8.7142456599999951e-01,2,8.7998787300000014e-01,6.7837197199999988e-01,2.0161394199999982e-01,0.0000000000000000e+00,0,0,0,0,4.8960937500000000e+02,5.4802739429999994e+00,6.4694262999999808e-02,2.7680492000000001e-02,20,2.1167910000006174e-04,7.2840523700000048e-01,2.3293849999994620e-04,5.1041449652792663e-09,9.0789934449999965e-01,2.8983600654999999e+00,3.1450774754999999e+00,4.8960937500000000e+02,4.8960937500000000e+02,4.8960937500000000e+02,4.8960937500000000e+02,1.2089120370370370e+01,2.4327291135779741e-03,1.4495071809506044e-12,nan
exp7_perf,r1,A_l2,coulomb,A_l2+coulomb,8,3,3,1,abc,2.9999999999999999e-01,2,1.8566406250000000e+01,2.0351388000000002e-02,9.5997659999999992e-03,2.2047026999999997e-01,2.5042142399999995e-01,1.0794298399999999e-01,6.6332031250000000e+01,6.6332031250000000e+01,6.6332031250000000e+01,6.6332031250000000e+01,512,41472,41472,13824,13824,41472,41472,512,1.2500000000000000e-01,331776,165888,165888,8.0000000000000000e+00,4.0000000000000000e+00,1.4019663000000016e-02,1.4553903950000002e+00,5.8536959000000000e-02,1.3631490950000000e+00,3.3704341000000193e-02,262144,0,21024,1.5003515625000000e+02,1.0705460030000000e+00,2,1.0056346300000003e+00,5.3905160399999996e-01,3.7047548899999949e-01,9.6100960000000235e-02,15,15,0,0,4.8857421875000000e+02,5.3985360960000008e+00,2.2778250600000050e-01,1.9247369600000042e-01,21,2.0549970000001140e-04,7.2845051700000063e-01,2.0914009999994931e-04,4.9551432291669415e-09,1.1983108891000001e+00,2.6677209471000003e+00,2.9181423711000001e+00,4.8857421875000000e+02,4.8857421875000000e+02,4.8857421875000000e+02,4.8857421875000000e+02,1.2063560956790123e+01,3.1051028428981716e-03,1.3358203432289883e-12,nan
exp7_perf,r2,A_l2,coulomb,A_l2+coulomb,8,3,3,1,abc,2.9999999999999999e-01,2,1.8472656250000000e+01,1.6124760000000002e-02,7.4518880000000003e-03,1.7287225500000000e-01,1.9644890300000001e-01,8.5830369999999989e-02,6.6386718750000000e+01,6.6386718750000000e+01,6.6386718750000000e+01,6.6386718750000000e+01,512,41472,41472,13824,13824,41472,41472,512,1.2500000000000000e-01,331776,165888,165888,8.0000000000000000e+00,4.0000000000000000e+00,1.1749819000000050e-02,1.2152991880000004e+00,4.8827469999999984e-02,1.1377479449999996e+00,2.8723773000000730e-02,262144,0,21024,1.5009375000000000e+02,9.3697459500000013e-01,2,9.3541970600000024e-01,4.8548424899999976e-01,3.5352905199999984e-01,9.6400329999999812e-02,15,15,0,0,4.8876171875000000e+02,5.1477135289999998e+00,2.4517222400000094e-01,2.0715188199999979e-01,21,2.0483190000000206e-04,7.3121967199999993e-01,2.4172440000000961e-04,4.9390407986111606e-09,1.1428072373999991e+00,2.3698562443999993e+00,2.5663051473999996e+00,4.8876171875000000e+02,4.8876171875000000e+02,4.8876171875000000e+02,4.8876171875000000e+02,1.2068190586419753e+01,3.1051028428981716e-03,1.3358203432289883e-12,nan
exp7_perf,r1,B_l2,none,B_l2,8,3,3,1,abc,2.9999999999999999e-01,2,1.8460937500000000e+01,2.1545134000000001e-02,9.4980100000000012e-03,2.2175098199999999e-01,2.5279412600000001e-01,1.1085463400000004e-01,6.6398437500000000e+01,6.6398437500000000e+01,6.6398437500000000e+01,6.6398437500000000e+01,512,41472,41472,13824,13824,41472,41472,512,1.2500000000000000e-01,331776,165888,165888,8.0000000000000000e+00,4.0000000000000000e+00,1.1954554000000117e-02,1.1845080440000002e+00,4.9956477000000055e-02,1.1032526170000001e+00,3.1298950000000048e-02,262144,0,21024,1.4991406250000000e+02,8.0991066500000031e-01,2,8.1169136399999964e-01,4.4341204500000053e-01,3.2690011299999977e-01,4.1372787000000244e-02,6,6,0,0,0.0000000000000000e+00,0.0000000000000000e+00,0.0000000000000000e+00,0.0000000000000000e+00,0,0.0000000000000000e+00,0.0000000000000000e+00,0.0000000000000000e+00,0.0000000000000000e+00,8.1168494500000055e-01,2.0081475430000006e+00,2.2609416690000010e+00,1.5011718750000000e+02,1.5011718750000000e+02,1.5011718750000000e+02,1.5011718750000000e+02,3.7065972222222223e+00,1.8242163951117107e-03,9.5146552951001473e-01,nan
exp7_perf,r2,B_l2,none,B_l2,8,3,3,1,abc,2.9999999999999999e-01,2,1.8359375000000000e+01,2.1102267000000001e-02,9.6728079999999980e-03,2.2735060000000001e-01,2.5812567500000000e-01,1.1294337700000004e-01,6.6296875000000000e+01,6.6296875000000000e+01,6.6296875000000000e+01,6.6296875000000000e+01,512,41472,41472,13824,13824,41472,41472,512,1.2500000000000000e-01,331776,165888,165888,8.0000000000000000e+00,4.0000000000000000e+00,1.4976290999999975e-02,1.4988886980000000e+00,6.3532638000000086e-02,1.3924727130000001e+00,4.2883346999999850e-02,262144,0,21024,1.4981250000000000e+02,1.0183535089999998e+00,2,1.0352541149999999e+00,5.6512180599999962e-01,4.1902034199999960e-01,5.1105020999999695e-02,6,6,0,0,0.0000000000000000e+00,0.0000000000000000e+00,0.0000000000000000e+00,0.0000000000000000e+00,0,0.0000000000000000e+00,0.0000000000000000e+00,0.0000000000000000e+00,0.0000000000000000e+00,1.0352471689999989e+00,2.5491121579999989e+00,2.8072378329999985e+00,1.5001953125000000e+02,1.5001953125000000e+02,1.5001953125000000e+02,1.5001953125000000e+02,3.7041859567901234e+00,1.8242163951117107e-03,9.5146552951001473e-01,nan
exp7_perf,r1,B_l2c,none,B_l2c,8,3,3,1,abc,2.9999999999999999e-01,2,1.8582031250000000e+01,2.0802017999999999e-02,9.6456089999999994e-03,2.2133808600000002e-01,2.5178571300000002e-01,1.0854319999999998e-01,6.6621093750000000e+01,6.6621093750000000e+01,6.6621093750000000e+01,6.6621093750000000e+01,512,41472,41472,13824,13824,41472,41472,512,1.2500000000000000e-01,331776,165888,165888,8.0000000000000000e+00,4.0000000000000000e+00,1.3503063000000148e-02,1.2880832250000003e+00,5.3413515999999994e-02,1.1794556939999998e+00,5.5214015000000449e-02,262144,0,21024,1.5467968750000000e+02,2.6707860009999997e+00,2,2.7421436629999993e+00,4.8335619499999982e-01,3.5991358600000023e-01,1.8988701579999994e+00,39,6,240,1,0.0000000000000000e+00,0.0000000000000000e+00,0.0000000000000000e+00,0.0000000000000000e+00,0,0.0000000000000000e+00,0.0000000000000000e+00,0.0000000000000000e+00,0.0000000000000000e+00,2.7421399389999994e+00,4.0437262269999996e+00,4.2955119399999999e+00,1.5677734375000000e+02,1.5677734375000000e+02,1.5677734375000000e+02,1.5677734375000000e+02,3.8710455246913580e+00,1.8140558275594101e-03,5.4800608495497727e-13,9.5146552951001473e-01
exp7_perf,r2,B_l2c,none,B_l2c,8,3,3,1,abc,2.9999999999999999e-01,2,1.8515625000000000e+01,2.0798050000000002e-02,9.4430819999999985e-03,2.4288262399999999e-01,2.7312375600000000e-01,1.2815573100000002e-01,6.6515625000000000e+01,6.6515625000000000e+01,6.6515625000000000e+01,6.6515625000000000e+01,512,41472,41472,13824,13824,41472,41472,512,1.2500000000000000e-01,331776,165888,165888,8.0000000000000000e+00,4.0000000000000000e+00,1.4906513000000121e-02,1.3968759970000000e+00,7.0733705999999952e-02,1.2609637400000000e+00,6.5178551000000029e-02,262144,0,21024,1.5466796875000000e+02,2.6480895310000001e+00,2,2.6831380160000000e+00,4.5423614200000006e-01,3.2397342999999967e-01,1.9049140139999992e+00,39,6,240,1,0.0000000000000000e+00,0.0000000000000000e+00,0.0000000000000000e+00,0.0000000000000000e+00,0,0.0000000000000000e+00,0.0000000000000000e+00,0.0000000000000000e+00,0.0000000000000000e+00,2.6831235859999989e+00,4.0949060959999990e+00,4.3680298519999985e+00,1.5669921875000000e+02,1.5669921875000000e+02,1.5669921875000000e+02,1.5669921875000000e+02,3.8691165123456792e+00,1.8140558275594101e-03,5.4800608495497727e-13,9.5146552951001473e-01
exp7_perf,r1,A_pt,none,A_pt,8,4,4,1,abc,2.9999999999999999e-01,2,1.8796875000000000e+01,3.4816130000000001e-02,2.6515755000000002e-02,9.2404156699999995e-01,9.8537345199999993e-01,4.5724149900000000e-01,1.3803125000000000e+02,1.3803125000000000e+02,1.3803125000000000e+02,1.3803125000000000e+02,512,98304,98304,32768,32768,98304,98304,512,1.2500000000000000e-01,983040,491520,491520,1.0000000000000000e+01,5.0000000000000000e+00,2.1588882999999726e-02,1.2978975209999994e+00,2.0612463400000003e-01,1.0917647060000011e+00,8.1809999983306625e-06,153600,0,13776,1.5632812500000000e+02,6.6799476500000132e-01,2,6.6520024299999925e-01,5.2041309700000049e-01,1.4478451299999939e-01,0.0000000000000000e+00,0,0,0,0,0.0000000000000000e+00,0.0000000000000000e+00,0.0000000000000000e+00,0.0000000000000000e+00,0,6.5291090000005878e-04,4.8153579359999981e+00,8.3050640000017497e-04,6.6417531331386188e-09,6.6602811640000004e-01,1.9855145203999993e+00,2.9708879723999990e+00,1.5641406250000000e+02,1.5641406250000000e+02,1.5641406250000000e+02,1.5641406250000000e+02,1.6293131510416667e+00,6.4575660208380625e-04,4.5190517994342372e-12,nan
exp7_perf,r2,A_pt,none,A_pt,8,4,4,1,abc,2.9999999999999999e-01,2,1.8664062500000000e+01,3.6798696000000006e-02,2.6914203999999997e-02,9.9529417699999989e-01,1.0590070770000000e+00,5.2462871000000000e-01,1.3787890625000000e+02,1.3787890625000000e+02,1.3787890625000000e+02,1.3787890625000000e+02,512,98304,98304,32768,32768,98304,98304,512,1.2500000000000000e-01,983040,491520,491520,1.0000000000000000e+01,5.0000000000000000e+00,2.1551596000000117e-02,1.5786967359999995e+00,2.0935012200000003e-01,1.3693379280000002e+00,8.6859999992583425e-06,153600,0,13776,1.5602343750000000e+02,9.2149645900000010e-01,2,6.8337119000000079e-01,5.3048850200000075e-01,1.5287907200000106e-01,0.0000000000000000e+00,0,0,0,0,0.0000000000000000e+00,0.0000000000000000e+00,0.0000000000000000e+00,0.0000000000000000e+00,0,7.4399799999991245e-04,4.1933618960000008e+00,7.7479050000022203e-04,7.5683390299470261e-09,6.8414236450000199e-01,2.2843906965000018e+00,3.3433977735000018e+00,1.5608593750000000e+02,1.5608593750000000e+02,1.5608593750000000e+02,1.5608593750000000e+02,1.6258951822916667e+00,6.4575660208380625e-04,4.5190517994342372e-12,nan
exp7_perf,r1,A_int,none,A_int,8,4,4,1,abc,2.9999999999999999e-01,2,1.8632812500000000e+01,3.6153201000000003e-02,2.6714004000000006e-02,9.6369346099999997e-01,1.0265606660000000e+00,4.8359553399999999e-01,1.3790625000000000e+02,1.3790625000000000e+02,1.3790625000000000e+02,1.3790625000000000e+02,512,98304,98304,32768,32768,98304,98304,512,1.2500000000000000e-01,983040,491520,491520,1.0000000000000000e+01,5.0000000000000000e+00,2.2770611000000329e-02,9.3954855129999988e+00,1.4901427629999997e+00,7.9053338060000016e+00,8.9439999975127193e-06,921600,0,84048,3.0380859375000000e+02,4.7138635620000002e+00,2,4.2781118810000009e+00,3.2916392859999988e+00,9.8647018499999817e-01,0.0000000000000000e+00,0,0,0,0,0.0000000000000000e+00,0.0000000000000000e+00,0.0000000000000000e+00,0.0000000000000000e+00,0,6.8628080000010527e-04,4.6068601010000023e+00,7.9507250000006020e-04,6.9812093098969045e-09,4.2789045434999968e+00,1.3697160667499997e+01,1.4723721333499997e+01,3.0389843750000000e+02,3.0389843750000000e+02,3.0389843750000000e+02,3.0389843750000000e+02,3.1656087239583335e+00,1.9995517902920355e-04,4.3485215428518131e-12,nan
exp7_perf,r2,A_int,none,A_int,8,4,4,1,abc,2.9999999999999999e-01,2,1.8957031250000000e+01,3.6397467999999995e-02,2.7447507000000003e-02,9.3040448300000000e-01,9.9424945799999997e-01,4.6844661700000001e-01,1.3800390625000000e+02,1.3800390625000000e+02,1.3800390625000000e+02,1.3800390625000000e+02,512,98304,98304,32768,32768,98304,98304,512,1.2500000000000000e-01,983040,491520,491520,1.0000000000000000e+01,5.0000000000000000e+00,2.4674920999999017e-02,8.8158289500000002e+00,1.4833309830000001e+00,7.3324908620000020e+00,7.1049999981198653e-06,921600,0,84048,3.0383984375000000e+02,5.1842014469999995e+00,2,4.6952743350000006e+00,3.7460091500000026e+00,9.4926280699999666e-01,0.0000000000000000e+00,0,0,0,0,0.0000000000000000e+00,0.0000000000000000e+00,0.0000000000000000e+00,0.0000000000000000e+00,0,6.8893900000048807e-04,4.6344015190000007e+00,8.7434060000006757e-04,7.0082499186247565e-09,4.6961462975999995e+00,1.3536650168599998e+01,1.4530899626599998e+01,3.0393359375000000e+02,3.0393359375000000e+02,3.0393359375000000e+02,3.0393359375000000e+02,3.1659749348958335e+00,1.9995517902920355e-04,4.3485215428518131e-12,nan
exp7_perf,r1,A_int,coulomb,A_int+coulomb,8,4,4,1,abc,2.9999999999999999e-01,2,1.8625000000000000e+01,3.6699638999999999e-02,2.7088191999999997e-02,9.3731690800000000e-01,1.0011047390000001e+00,4.5908902399999985e-01,1.3796093750000000e+02,1.3796093750000000e+02,1.3796093750000000e+02,1.3796093750000000e+02,512,98304,98304,32768,32768,98304,98304,512,1.2500000000000000e-01,983040,491520,491520,1.0000000000000000e+01,5.0000000000000000e+00,2.6438129000000643e-02,9.3486481460000004e+00,1.5871613189999998e+00,7.7614793060000000e+00,7.5210000005654365e-06,921600,0,84048,3.0377734375000000e+02,4.4348790160000000e+00,2,4.4810559470000015e+00,3.5592127369999993e+00,9.2184109599999786e-01,0.0000000000000000e+00,0,0,0,0,1.8302031250000000e+03,4.5541540118000000e+01,1.4174085020000007e+00,1.0108894969999938e+00,22,7.0061650000070581e-04,4.8492842569999937e+00,7.9218139999994721e-04,7.1270395914785343e-09,5.4927355113999905e+00,1.4867821786399992e+01,1.5868926525399992e+01,1.8302031250000000e+03,1.8302031250000000e+03,1.8302031250000000e+03,1.8302031250000000e+03,1.9064615885416668e+01,1.9995517902921298e-04,4.4337866711430252e-12,nan
exp7_perf,r2,A_int,coulomb,A_int+coulomb,8,4,4,1,abc,2.9999999999999999e-01,2,1.8578125000000000e+01,2.7369282999999998e-02,2.1152084000000002e-02,7.3414717699999998e-01,7.8266854399999997e-01,3.6404612800000002e-01,1.3801171875000000e+02,1.3801171875000000e+02,1.3801171875000000e+02,1.3801171875000000e+02,512,98304,98304,32768,32768,98304,98304,512,1.2500000000000000e-01,983040,491520,491520,1.0000000000000000e+01,5.0000000000000000e+00,2.7193517999999806e-02,8.3626341500000017e+00,1.4807946800000007e+00,6.8818321519999994e+00,7.3180000015327096e-06,921600,0,84048,3.0384765625000000e+02,4.2674413250000001e+00,2,4.5098989740000022e+00,3.3495920999999989e+00,1.1603038730000002e+00,0.0000000000000000e+00,0,0,0,0,1.8300039062500000e+03,4.5674256044999993e+01,1.3406540499999977e+00,1.0645274210000082e+00,22,7.8437669999971145e-04,4.8561043360000014e+00,9.2570780000045261e-04,7.9790924072236272e-09,5.5753491018000076e+00,1.3965176769800010e+01,1.4747845313800012e+01,1.8300039062500000e+03,1.8300039062500000e+03,1.8300039062500000e+03,1.8300039062500000e+03,1.9062540690104168e+01,1.9995517902921298e-04,4.4337866711430252e-12,nan
exp7_perf,r1,A_int,jacobi:20,A_int+jacobi:20,8,4,4,1,abc,2.9999999999999999e-01,2,1.8570312500000000e+01,3.0620128999999885e-02,2.2117631999999943e-02,8.3054496099999997e-01,8.8328272199999980e-01,4.2505023500000005e-01,1.3798437500000000e+02,1.3798437500000000e+02,1.3798437500000000e+02,1.3798437500000000e+02,512,98304,98304,32768,32768,98304,98304,512,1.2500000000000000e-01,983040,491520,491520,1.0000000000000000e+01,5.0000000000000000e+00,2.3044069000000889e-02,8.1383440379999996e+00,1.2893360180000002e+00,6.8490018019999983e+00,6.2180000011125003e-06,921600,0,84048,3.0373828125000000e+02,4.4875835029999998e+00,2,4.6564887370000001e+00,3.5931995539999981e+00,1.0632868680000023e+00,0.0000000000000000e+00,0,0,0,0,1.8297070312500000e+03,4.5980905761999999e+01,2.8527208900000289e-01,1.1585741700000085e-01,20,6.9704699999988411e-04,4.3394406179999976e+00,8.4769419999872751e-04,7.0907287597644461e-09,4.7731915332000003e+00,1.2934579640200001e+01,1.3817862362200001e+01,1.8297070312500000e+03,1.8297070312500000e+03,1.8297070312500000e+03,1.8297070312500000e+03,1.9059448242187500e+01,1.9995517902921355e-04,3.9249714589573159e-12,nan
exp7_perf,r2,A_int,jacobi:20,A_int+jacobi:20,8,4,4,1,abc,2.9999999999999999e-01,2,1.8667968750000000e+01,2.7753261000000001e-02,2.0615641000000001e-02,7.7087108999999998e-01,8.1923999199999997e-01,3.8399267799999992e-01,1.3785937500000000e+02,1.3785937500000000e+02,1.3785937500000000e+02,1.3785937500000000e+02,512,98304,98304,32768,32768,98304,98304,512,1.2500000000000000e-01,983040,491520,491520,1.0000000000000000e+01,5.0000000000000000e+00,2.1682792000000006e-02,9.0162465559999987e+00,1.4410086609999997e+00,7.5752296779999995e+00,8.2169999995329590e-06,921600,0,84048,3.0369921875000000e+02,4.9991254119999979e+00,2,4.6733261250000027e+00,3.6474728380000023e+00,1.0258509910000022e+00,0.0000000000000000e+00,0,0,0,0,1.8293945312500000e+03,4.5309304254000004e+01,3.0349832699999979e-01,1.2227658699998756e-01,20,7.4100359999960117e-04,4.5069132510000003e+00,7.3318419999992559e-04,7.5378784179646923e-09,4.7963336001999917e+00,1.3834262948199990e+01,1.4653502940199989e+01,1.8293945312500000e+03,1.8293945312500000e+03,1.8293945312500000e+03,1.8293945312500000e+03,1.9056193033854168e+01,1.9995517902921355e-04,3.9249714589573159e-12,nan
exp7_perf,r1,A_l2,coulomb,A_l2+coulomb,8,4,4,1,abc,2.9999999999999999e-01,2,1.8835937500000000e+01,3.4396923000000003e-02,2.5952516000000002e-02,9.2212551700000001e-01,9.8247495600000001e-01,4.3168263200000001e-01,1.3816406250000000e+02,1.3816406250000000e+02,1.3816406250000000e+02,1.3816406250000000e+02,512,98304,98304,32768,32768,98304,98304,512,1.2500000000000000e-01,983040,491520,491520,1.0000000000000000e+01,5.0000000000000000e+00,2.8156633000000042e-02,4.5889747490000001e+00,2.2705054600000096e-01,4.2736218600000004e+00,8.8302342999998729e-02,512000,0,41376,2.9118359375000000e+02,4.2054598799999994e+00,2,3.9710463439999977e+00,2.1559218449999982e+00,1.5742837250000008e+00,2.4083012299999851e-01,13,13,0,0,1.7994257812500000e+03,4.5660440170000001e+01,1.7838525779999941e+00,1.6842370050000000e+00,22,6.8443819999970397e-04,5.0678800160000037e+00,8.7643290000016805e-04,6.9624654134084472e-09,5.6561491308999976e+00,1.0273280512899998e+01,1.1255755468899999e+01,1.7994257812500000e+03,1.7994257812500000e+03,1.7994257812500000e+03,1.7994257812500000e+03,1.8744018554687500e+01,3.6479509682163757e-04,4.9569237603463989e-12,nan
exp7_perf,r2,A_l2,coulomb,A_l2+coulomb,8,4,4,1,abc,2.9999999999999999e-01,2,1.8453125000000000e+01,3.1568561000000002e-02,2.4824810000000003e-02,7.6693600000000006e-01,8.2332937100000003e-01,3.8614091100000003e-01,1.3789843750000000e+02,1.3789843750000000e+02,1.3789843750000000e+02,1.3789843750000000e+02,512,98304,98304,32768,32768,98304,98304,512,1.2500000000000000e-01,983040,491520,491520,1.0000000000000000e+01,5.0000000000000000e+00,2.2549172999999811e-02,4.1979159569999993e+00,1.8397825899999987e-01,3.9391666599999997e+00,7.4771037999999734e-02,512000,0,41376,2.9128125000000000e+02,3.4877464140000001e+00,2,3.4732827279999974e+00,1.9263818810000011e+00,1.3251683559999989e+00,2.2172365500000168e-01,13,13,0,0,1.7994648437500000e+03,4.3149792630000007e+01,1.4754440140000042e+00,1.1101452959999989e+00,22,7.6926680000042322e-04,5.2940289830000040e+00,8.2863869999982853e-04,7.8253865559938886e-09,4.5842478267000004e+00,8.8047129566999995e+00,9.6280423276999993e+00,1.7994648437500000e+03,1.7994648437500000e+03,1.7994648437500000e+03,1.7994648437500000e+03,1.8744425455729168e+01,3.6479509682163757e-04,4.9569237603463989e-12,nan
exp7_perf,r1,B_l2,none,B_l2,8,4,4,1,abc,2.9999999999999999e-01,2,1.8914062500000000e+01,3.3175223000000004e-02,2.4898401000000001e-02,9.0893104300000005e-01,9.6700466700000010e-01,4.5017097699999997e-01,1.3815625000000000e+02,1.3815625000000000e+02,1.3815625000000000e+02,1.3815625000000000e+02,512,98304,98304,32768,32768,98304,98304,512,1.2500000000000000e-01,983040,491520,491520,1.0000000000000000e+01,5.0000000000000000e+00,2.7746708000000453e-02,4.6383978839999997e+00,2.2226884099999999e-01,4.3255240680000000e+00,9.0604974999999754e-02,512000,0,41376,2.9153515625000000e+02,3.6144717530000001e+00,2,3.2682297580000004e+00,1.8273617110000018e+00,1.3471476999999972e+00,9.3712465000002965e-02,6,6,0,0,0.0000000000000000e+00,0.0000000000000000e+00,0.0000000000000000e+00,0.0000000000000000e+00,0,0.0000000000000000e+00,0.0000000000000000e+00,0.0000000000000000e+00,0.0000000000000000e+00,3.2682218760000019e+00,7.9343664680000021e+00,8.9013711350000015e+00,2.9187109375000000e+02,2.9187109375000000e+02,2.9187109375000000e+02,2.9187109375000000e+02,3.0403238932291665e+00,7.5324741696011926e-05,1.2519072499986805e-01,nan
exp7_perf,r2,B_l2,none,B_l2,8,4,4,1,abc,2.9999999999999999e-01,2,1.8507812500000000e+01,3.6109489000000002e-02,2.7652925999999994e-02,9.4882558299999997e-01,1.0125879979999999e+00,4.6362516799999998e-01,1.3785156250000000e+02,1.3785156250000000e+02,1.3785156250000000e+02,1.3785156250000000e+02,512,98304,98304,32768,32768,98304,98304,512,1.2500000000000000e-01,983040,491520,491520,1.0000000000000000e+01,5.0000000000000000e+00,2.8255254000001173e-02,4.7568776449999994e+00,2.3352599899999937e-01,4.4367678899999987e+00,8.6583756000001344e-02,512000,0,41376,2.9132421875000000e+02,3.6081227870000010e+00,2,3.5815931610000007e+00,2.0236370880000010e+00,1.4544614990000007e+00,1.0348414199999922e-01,6,6,0,0,0.0000000000000000e+00,0.0000000000000000e+00,0.0000000000000000e+00,0.0000000000000000e+00,0,0.0000000000000000e+00,0.0000000000000000e+00,0.0000000000000000e+00,0.0000000000000000e+00,3.5815827290000009e+00,8.3667156280000015e+00,9.3793036260000004e+00,2.9144921875000000e+02,2.9144921875000000e+02,2.9144921875000000e+02,2.9144921875000000e+02,3.0359293619791665e+00,7.5324741696011926e-05,1.2519072499986805e-01,nan
exp7_perf,r1,B_l2c,none,B_l2c,8,4,4,1,abc,2.9999999999999999e-01,2,1.8457031250000000e+01,3.0572573000000002e-02,2.2173782999999999e-02,8.4207612399999998e-01,8.9482247999999998e-01,4.4493440299999998e-01,1.3789453125000000e+02,1.3789453125000000e+02,1.3789453125000000e+02,1.3789453125000000e+02,512,98304,98304,32768,32768,98304,98304,512,1.2500000000000000e-01,983040,491520,491520,1.0000000000000000e+01,5.0000000000000000e+00,2.4496215999999293e-02,4.2171758600000011e+00,2.0303796900000037e-01,3.8561135080000000e+00,1.5802438300000077e-01,512000,0,41376,3.0675390625000000e+02,9.4802405370000020e+00,2,8.6671967489999986e+00,1.8000910729999973e+00,1.1827294270000053e+00,5.6843614470000006e+00,53,6,324,1,0.0000000000000000e+00,0.0000000000000000e+00,0.0000000000000000e+00,0.0000000000000000e+00,0,0.0000000000000000e+00,0.0000000000000000e+00,0.0000000000000000e+00,0.0000000000000000e+00,8.6671819470000031e+00,1.2908854023000004e+01,1.3803676503000004e+01,3.1247656250000000e+02,3.1247656250000000e+02,3.1247656250000000e+02,3.1247656250000000e+02,3.2549641927083335e+00,7.4864549965224125e-05,5.1159076974727213e-13,1.2519072499986805e-01
exp7_perf,r2,B_l2c,none,B_l2c,8,4,4,1,abc,2.9999999999999999e-01,2,1.8960937500000000e+01,3.7055370999999997e-02,2.6791099999999998e-02,9.5448923699999999e-01,1.0183357080000000e+00,4.7455996300000003e-01,1.3801953125000000e+02,1.3801953125000000e+02,1.3801953125000000e+02,1.3801953125000000e+02,512,98304,98304,32768,32768,98304,98304,512,1.2500000000000000e-01,983040,491520,491520,1.0000000000000000e+01,5.0000000000000000e+00,2.2182347000001101e-02,4.4678945910000003e+00,1.9750930600000061e-01,4.0950112670000003e+00,1.7537401799999941e-01,512000,0,41376,3.0703125000000000e+02,8.4986568329999983e+00,2,8.3264983280000031e+00,1.9586617729999993e+00,1.2135468250000017e+00,5.1542850399999978e+00,53,6,324,1,0.0000000000000000e+00,0.0000000000000000e+00,0.0000000000000000e+00,0.0000000000000000e+00,0,0.0000000000000000e+00,0.0000000000000000e+00,0.0000000000000000e+00,0.0000000000000000e+00,8.3264936379999988e+00,1.2816570576000000e+01,1.3834906284000001e+01,3.1270703125000000e+02,3.1270703125000000e+02,3.1270703125000000e+02,3.1270703125000000e+02,3.2573649088541665e+00,7.4864549965224125e-05,5.1159076974727213e-13,1.2519072499986805e-01
exp7_perf,r1,A_pt,none,A_pt,16,2,2,1,abc,2.9999999999999999e-01,2,1.8878906250000000e+01,8.4308406999999988e-02,2.1206964000000009e-02,2.8057070800000000e-01,3.8608607900000003e-01,1.3390048600000004e-01,1.2090234375000000e+02,1.2090234375000000e+02,1.2090234375000000e+02,1.2090234375000000e+02,4096,98304,98304,32768,32768,98304,98304,4096,6.2500000000000000e-02,589824,294912,294912,6.0000000000000000e+00,3.0000000000000000e+00,5.4265708999999829e-02,6.9960412200000022e-01,1.0239982699999994e-01,5.9719696099999986e-01,7.3340000004140649e-06,221184,0,14688,1.6176953125000000e+02,2.8982202599999995e-01,2,2.7822057999999972e-01,2.1739882200000027e-01,6.0819522999999709e-02,0.0000000000000000e+00,0,0,0,0,0.0000000000000000e+00,0.0000000000000000e+00,0.0000000000000000e+00,0.0000000000000000e+00,0,3.8763610000001056e-04,6.9889918500000059e-01,4.6144450000005219e-04,3.9432383219402114e-09,2.7867978950000005e-01,1.0325496205000002e+00,1.4186356995000002e+00,1.6249609375000000e+02,1.6249609375000000e+02,1.6249609375000000e+02,1.6249609375000000e+02,1.6926676432291667e+00,9.4802818220577380e-03,1.9895196601282805e-12,nan
exp7_perf,r2,A_pt,none,A_pt,16,2,2,1,abc,2.9999999999999999e-01,2,1.8570312500000000e+01,8.8072618000000005e-02,2.2665867000000006e-02,2.8078098699999998e-01,3.9151947199999998e-01,1.3140249100000001e-01,1.2063281250000000e+02,1.2063281250000000e+02,1.2063281250000000e+02,1.2063281250000000e+02,4096,98304,98304,32768,32768,98304,98304,4096,6.2500000000000000e-02,589824,294912,294912,6.0000000000000000e+00,3.0000000000000000e+00,4.2076871999999987e-02,6.7172465999999997e-01,8.9351324999999981e-02,5.8236657199999975e-01,6.7630000002427693e-06,221184,0,14688,1.6148828125000000e+02,2.7002193399999985e-01,2,2.9852570999999983e-01,2.2870819300000012e-01,6.9814583999999957e-02,0.0000000000000000e+00,0,0,0,0,0.0000000000000000e+00,0.0000000000000000e+00,0.0000000000000000e+00,0.0000000000000000e+00,0,3.9281700000000087e-04,6.9868579099999994e-01,6.7846939999998139e-04,3.9959411621093841e-09,2.9920124640000006e-01,1.0130027784000000e+00,1.4045222503999999e+00,1.6217968750000000e+02,1.6217968750000000e+02,1.6217968750000000e+02,1.6217968750000000e+02,1.6893717447916667e+00,9.4802818220577380e-03,1.9895196601282805e-12,nan
exp7_perf,r1,A_int,none,A_int,16,2,2,1,abc,2.9999999999999999e-01,2,1.8925781250000000e+01,8.2488398000000004e-02,2.0723710000000006e-02,2.4529884099999999e-01,3.4851094900000001e-01,1.1902490999999998e-01,1.2078515625000000e+02,1.2078515625000000e+02,1.2078515625000000e+02,1.2078515625000000e+02,4096,98304,98304,32768,32768,98304,98304,4096,6.2500000000000000e-02,589824,294912,294912,6.0000000000000000e+00,3.0000000000000000e+00,5.3844535999999943e-02,2.8426533190000001e+00,4.0769438899999977e-01,2.4349512490000000e+00,7.6810000004812196e-06,884736,0,60000,2.8087890625000000e+02,1.1358688130000001e+00,2,1.0908346849999999e+00,8.3948619899999954e-01,2.5134596500000050e-01,0.0000000000000000e+00,0,0,0,0,0.0000000000000000e+00,0.0000000000000000e+00,0.0000000000000000e+00,0.0000000000000000e+00,0,3.8101199999998061e-04,7.8034426899999954e-01,5.1856150000002539e-04,3.8758544921873025e-09,1.0913507255000001e+00,3.9878485804999997e+00,4.3363595295000010e+00,2.8247265625000000e+02,2.8247265625000000e+02,2.8247265625000000e+02,2.8247265625000000e+02,2.9424235026041665e+00,7.3420418176560771e-03,1.9468870959826745e-12,nan
exp7_perf,r2,A_int,none,A_int,16,2,2,1,abc,2.9999999999999999e-01,2,1.8640625000000000e+01,1.0612057799999997e-01,2.3549119000000007e-02,2.9900242799999999e-01,4.2867212499999996e-01,1.4733103100000000e-01,1.2041796875000000e+02,1.2041796875000000e+02,1.2041796875000000e+02,1.2041796875000000e+02,4096,98304,98304,32768,32768,98304,98304,4096,6.2500000000000000e-02,589824,294912,294912,6.0000000000000000e+00,3.0000000000000000e+00,4.1513453999999950e-02,2.9634251179999995e+00,3.7361586400000002e-01,2.5898032590000000e+00,5.9949999995367875e-06,884736,0,60000,2.8054687500000000e+02,1.1385899900000007e+00,2,1.1084629040000005e+00,8.6084923199999963e-01,2.4761100499999955e-01,0.0000000000000000e+00,0,0,0,0,0.0000000000000000e+00,0.0000000000000000e+00,0.0000000000000000e+00,0.0000000000000000e+00,0,4.3395870000004775e-04,6.5844781900000093e-01,5.5590290000004925e-04,4.4144561767582982e-09,1.1090161398999991e+00,4.1139547118999982e+00,4.5426268368999976e+00,2.8210937500000000e+02,2.8210937500000000e+02,2.8210937500000000e+02,2.8210937500000000e+02,2.9386393229166665e+00,7.3420418176560771e-03,1.9468870959826745e-12,nan
exp7_perf,r1,A_int,coulomb,A_int+coulomb,16,2,2,1,abc,2.9999999999999999e-01,2,1.8917968750000000e+01,8.8112051000000011e-02,1.9000083000000001e-02,2.7540112600000000e-01,3.8251326000000002e-01,1.2213156800000002e-01,1.2081640625000000e+02,1.2081640625000000e+02,1.2081640625000000e+02,1.2081640625000000e+02,4096,98304,98304,32768,32768,98304,98304,4096,6.2500000000000000e-02,589824,294912,294912,6.0000000000000000e+00,3.0000000000000000e+00,4.3141777999999853e-02,3.1585868379999997e+00,3.9266820200000008e-01,2.7659111269999999e+00,7.5089999995725520e-06,884736,0,60000,2.8104296875000000e+02,1.3168571059999996e+00,2,1.2192715590000001e+00,9.2866133800000039e-01,2.9060739500000032e-01,0.0000000000000000e+00,0,0,0,0,7.0891015625000000e+02,4.2587835230000000e+00,3.4868870500000071e-01,2.6309211999999960e-01,16,4.6117559999991897e-04,8.2938678800000076e-01,5.6042529999995590e-04,4.6913208007804260e-09,1.4829212783000003e+00,4.6846498942999997e+00,5.0671631543000002e+00,7.0891015625000000e+02,7.0891015625000000e+02,7.0891015625000000e+02,7.0891015625000000e+02,7.3844807942708330e+00,7.3420418176560797e-03,1.9326762412674725e-12,nan
exp7_perf,r2,A_int,coulomb,A_int+coulomb,16,2,2,1,abc,2.9999999999999999e-01,2,1.8796875000000000e+01,7.6089843999999990e-02,1.9351835999999997e-02,2.6089590099999999e-01,3.5633758099999996e-01,1.2747786000000003e-01,1.2082421875000000e+02,1.2082421875000000e+02,1.2082421875000000e+02,1.2082421875000000e+02,4096,98304,98304,32768,32768,98304,98304,4096,6.2500000000000000e-02,589824,294912,294912,6.0000000000000000e+00,3.0000000000000000e+00,4.1270187000000069e-02,3.0443659970000003e+00,3.6444895500000007e-01,2.6799090999999997e+00,7.9420000007601743e-06,884736,0,60000,2.8098046875000000e+02,1.3951749370000002e+00,2,1.1908066190000000e+00,9.4264872000000022e-01,2.4815559899999862e-01,0.0000000000000000e+00,0,0,0,0,7.0877734375000000e+02,3.6471851060000002e+00,2.6829362800000034e-01,2.2541053199999972e-01,16,4.2275040000010476e-04,6.4755130200000011e-01,4.7767189999987637e-04,4.3004394531260660e-09,1.4166925228999985e+00,4.5023287068999984e+00,4.8586662878999984e+00,7.0877734375000000e+02,7.0877734375000000e+02,7.0877734375000000e+02,7.0877734375000000e+02,7.3830973307291670e+00,7.3420418176560797e-03,1.9326762412674725e-12,nan
exp7_perf,r1,A_int,jacobi:20,A_int+jacobi:20,16,2,2,1,abc,2.9999999999999999e-01,2,1.8574218750000000e+01,1.0077770500000001e-01,2.7045613999999996e-02,2.9974867399999994e-01,4.2757199299999993e-01,1.4019713099999997e-01,1.2039062500000000e+02,1.2039062500000000e+02,1.2039062500000000e+02,1.2039062500000000e+02,4096,98304,98304,32768,32768,98304,98304,4096,6.2500000000000000e-02,589824,294912,294912,6.0000000000000000e+00,3.0000000000000000e+00,4.5085204999999684e-02,3.0884146740000005e+00,4.5287853800000022e-01,2.6355294789999997e+00,6.6570000005761187e-06,884736,0,60000,2.8052343750000000e+02,1.0726790770000001e+00,2,1.0913982730000003e+00,8.4730736000000029e-01,2.4408849900000007e-01,0.0000000000000000e+00,0,0,0,0,7.0784765625000000e+02,3.6504158130000004e+00,1.2194341599999881e-01,6.4042021000000560e-02,20,4.3582010000005057e-04,6.5803042900000008e-01,5.6610409999997553e-04,4.4333913167322853e-09,1.1560039841000009e+00,4.2895038631000011e+00,4.7170758561000019e+00,7.0784765625000000e+02,7.0784765625000000e+02,7.0784765625000000e+02,7.0784765625000000e+02,7.3734130859375000e+00,7.3420418176560797e-03,1.7461587731304462e-12,nan
exp7_perf,r2,A_int,jacobi:20,A_int+jacobi:20,16,2,2,1,abc,2.9999999999999999e-01,2,1.8683593750000000e+01,7.6597011999999992e-02,1.8914816000000015e-02,2.4957292399999997e-01,3.4508475199999999e-01,1.2129013099999997e-01,1.2057812500000000e+02,1.2057812500000000e+02,1.2057812500000000e+02,1.2057812500000000e+02,4096,98304,98304,32768,32768,98304,98304,4096,6.2500000000000000e-02,589824,294912,294912,6.0000000000000000e+00,3.0000000000000000e+00,5.1156256999999927e-02,2.9754786490000003e+00,4.9223881499999989e-01,2.4832325830000004e+00,7.2509999999859076e-06,884736,0,60000,2.8071093750000000e+02,1.1525031559999999e+00,2,1.3534789190000005e+00,1.0442642360000001e+00,3.0921248500000065e-01,0.0000000000000000e+00,0,0,0,0,7.0793750000000000e+02,4.2010479660000009e+00,1.3713318000000108e-01,6.0334821999999733e-02,20,4.1797260000002722e-04,7.5081981099999950e-01,4.7345829999994037e-04,4.2518371582034016e-09,1.4142850013000003e+00,4.4409199073000005e+00,4.7860046593000005e+00,7.0793750000000000e+02,7.0793750000000000e+02,7.0793750000000000e+02,7.0793750000000000e+02,7.3743489583333330e+00,7.3420418176560797e-03,1.7461587731304462e-12,nan
exp7_perf,r1,A_l2,coulomb,A_l2+coulomb,16,2,2,1,abc,2.9999999999999999e-01,2,1.8546875000000000e+01,9.4724803000000010e-02,2.3805212000000006e-02,2.9898154899999996e-01,4.1751156400000000e-01,1.4950961799999996e-01,1.2048437500000000e+02,1.2048437500000000e+02,1.2048437500000000e+02,1.2048437500000000e+02,4096,98304,98304,32768,32768,98304,98304,4096,6.2500000000000000e-02,589824,294912,294912,6.0000000000000000e+00,3.0000000000000000e+00,4.6398512000000114e-02,3.1402097979999999e+00,8.5294098999999957e-02,2.9622523749999998e+00,9.2663324000000102e-02,884736,0,56544,3.8899218750000000e+02,2.2166309940000000e+00,2,1.9700404989999996e+00,8.7880485299999833e-01,6.0549267800000095e-01,4.8573583200000137e-01,19,19,0,0,7.5646484375000000e+02,3.5365641009999997e+00,2.6314633900000040e-01,1.9716091400000124e-01,15,3.8718769999999123e-04,6.7566225300000049e-01,4.4758860000015943e-04,3.9386769612629319e-09,2.1676418656000020e+00,5.3542501756000025e+00,5.7717617396000023e+00,7.5646484375000000e+02,7.5646484375000000e+02,7.5646484375000000e+02,7.5646484375000000e+02,7.8798421223958330e+00,8.3076624131623762e-03,1.6768808563938364e-12,nan
exp7_perf,r2,A_l2,coulomb,A_l2+coulomb,16,2,2,1,abc,2.9999999999999999e-01,2,1.8730468750000000e+01,8.9855300999999999e-02,2.2431748000000001e-02,2.9476622799999996e-01,4.0705327699999994e-01,1.4506505900000000e-01,1.2060546875000000e+02,1.2060546875000000e+02,1.2060546875000000e+02,1.2060546875000000e+02,4096,98304,98304,32768,32768,98304,98304,4096,6.2500000000000000e-02,589824,294912,294912,6.0000000000000000e+00,3.0000000000000000e+00,5.8229724999999899e-02,2.6529506660000002e+00,1.0830890200000010e-01,2.4368481000000006e+00,1.0779366399999946e-01,884736,0,56544,3.8959375000000000e+02,2.0772820659999995e+00,2,2.1585651019999990e+00,9.4867121099999885e-01,6.9696375900000085e-01,5.1292233800000098e-01,19,19,0,0,7.5689843750000000e+02,4.2245388290000001e+00,3.3073403200000051e-01,2.5284930000000116e-01,15,4.7656719999977781e-04,8.2693850600000118e-01,5.3135250000018179e-04,4.8478922526019067e-09,2.4119379605000022e+00,5.1231183515000023e+00,5.5301716285000024e+00,7.5689843750000000e+02,7.5689843750000000e+02,7.5689843750000000e+02,7.5689843750000000e+02,7.8843587239583330e+00,8.3076624131623762e-03,1.6768808563938364e-12,nan
exp7_perf,r1,B_l2,none,B_l2,16,2,2,1,abc,2.9999999999999999e-01,2,1.8695312500000000e+01,9.1477710000000004e-02,2.3080286999999991e-02,2.9267831799999999e-01,4.0723631500000002e-01,1.4428037499999996e-01,1.2060937500000000e+02,1.2060937500000000e+02,1.2060937500000000e+02,1.2060937500000000e+02,4096,98304,98304,32768,32768,98304,98304,4096,6.2500000000000000e-02,589824,294912,294912,6.0000000000000000e+00,3.0000000000000000e+00,4.9333998000000046e-02,3.0333746109999997e+00,9.8969265000000028e-02,2.8206690669999999e+00,1.1373627899999983e-01,884736,0,56544,3.8904687500000000e+02,1.9162233920000000e+00,2,1.9798788269999985e+00,9.6759989799999957e-01,7.0755108100000008e-01,3.0471909799999963e-01,10,10,0,0,0.0000000000000000e+00,0.0000000000000000e+00,0.0000000000000000e+00,0.0000000000000000e+00,0,0.0000000000000000e+00,0.0000000000000000e+00,0.0000000000000000e+00,0.0000000000000000e+00,1.9798700769999993e+00,5.0625786859999993e+00,5.4698150009999997e+00,3.9039843750000000e+02,3.9039843750000000e+02,3.9039843750000000e+02,3.9039843750000000e+02,4.0666503906250000e+00,6.5574703223920429e-03,1.3758121320418901e+00,nan
exp7_perf,r2,B_l2,none,B_l2,16,2,2,1,abc,2.9999999999999999e-01,2,1.8355468750000000e+01,8.4567866000000005e-02,2.0906589000000003e-02,2.8738655800000001e-01,3.9286101300000004e-01,1.4726430700000001e-01,1.2029687500000000e+02,1.2029687500000000e+02,1.2029687500000000e+02,1.2029687500000000e+02,4096,98304,98304,32768,32768,98304,98304,4096,6.2500000000000000e-02,589824,294912,294912,6.0000000000000000e+00,3.0000000000000000e+00,4.2125288999999899e-02,2.4248106949999997e+00,8.5143114000000075e-02,2.2439313910000003e+00,9.5736189999999333e-02,884736,0,56544,3.8892187500000000e+02,1.6153249250000004e+00,2,1.9520415000000000e+00,9.4287381899999989e-01,6.9850046399999943e-01,3.1065945200000034e-01,10,10,0,0,0.0000000000000000e+00,0.0000000000000000e+00,0.0000000000000000e+00,0.0000000000000000e+00,0,0.0000000000000000e+00,0.0000000000000000e+00,0.0000000000000000e+00,0.0000000000000000e+00,1.9520337349999997e+00,4.4189697189999997e+00,4.8118307319999998e+00,3.9025000000000000e+02,3.9025000000000000e+02,3.9025000000000000e+02,3.9025000000000000e+02,4.0651041666666670e+00,6.5574703223920429e-03,1.3758121320418901e+00,nan
exp7_perf,r1,B_l2c,none,B_l2c,16,2,2,1,abc,2.9999999999999999e-01,2,1.8433593750000000e+01,9.4023699999999932e-02,2.3922981000000010e-02,2.9930712800000003e-01,4.1725380899999998e-01,1.4918343400000000e-01,1.2038281250000000e+02,1.2038281250000000e+02,1.2038281250000000e+02,1.2038281250000000e+02,4096,98304,98304,32768,32768,98304,98304,4096,6.2500000000000000e-02,589824,294912,294912,6.0000000000000000e+00,3.0000000000000000e+00,5.3439020000000115e-02,3.0442695189999998e+00,1.0533805200000002e-01,2.7805383510000001e+00,1.5839311599999961e-01,884736,0,56544,3.9421875000000000e+02,1.1712593032000001e+01,2,1.0137714359999997e+01,7.7250333599999976e-01,5.5156696399999916e-01,8.8136395910000047e+00,32,10,330,1,0.0000000000000000e+00,0.0000000000000000e+00,0.0000000000000000e+00,0.0000000000000000e+00,0,0.0000000000000000e+00,0.0000000000000000e+00,0.0000000000000000e+00,0.0000000000000000e+00,1.0137709891000004e+01,1.3235418430000003e+01,1.3652672239000003e+01,4.0262500000000000e+02,4.0262500000000000e+02,4.0262500000000000e+02,4.0262500000000000e+02,4.1940104166666670e+00,6.5506147124440063e-03,6.2883032114768866e-13,1.3758121320418901e+00
exp7_perf,r2,B_l2c,none,B_l2c,16,2,2,1,abc,2.9999999999999999e-01,2,1.8683593750000000e+01,9.1916349999999994e-02,2.3111597999999997e-02,2.9897148200000001e-01,4.1399943000000000e-01,1.4761312799999993e-01,1.2061328125000000e+02,1.2061328125000000e+02,1.2061328125000000e+02,1.2061328125000000e+02,4096,98304,98304,32768,32768,98304,98304,4096,6.2500000000000000e-02,589824,294912,294912,6.0000000000000000e+00,3.0000000000000000e+00,5.2804064999999900e-02,2.5206492160000007e+00,1.0494149499999983e-01,2.2661664220000004e+00,1.4954129900000046e-01,884736,0,56544,3.9472656250000000e+02,1.0937857407999999e+01,2,1.0263955899000003e+01,8.1815200199999794e-01,5.3119453600000099e-01,8.9146054110000001e+00,32,10,330,1,0.0000000000000000e+00,0.0000000000000000e+00,0.0000000000000000e+00,0.0000000000000000e+00,0,0.0000000000000000e+00,0.0000000000000000e+00,0.0000000000000000e+00,0.0000000000000000e+00,1.0263951948999999e+01,1.2837405230000000e+01,1.3251404660000000e+01,4.0300781250000000e+02,4.0300781250000000e+02,4.0300781250000000e+02,4.0300781250000000e+02,4.1979980468750000e+00,6.5506147124440063e-03,6.2883032114768866e-13,1.3758121320418901e+00
exp7_perf,r1,A_pt,none,A_pt,16,2,2,2,abc,2.9999999999999999e-01,2,1.8960937500000000e+01,6.9958327000000001e-02,1.0584685999999996e-02,1.2815212399999998e-01,2.0869513699999998e-01,6.3626770999999999e-02,7.3894531250000000e+01,1.4630859375000000e+02,7.3894531250000000e+01,1.4630859375000000e+02,4096,98304,98304,32768,32768,51200,50176,2048,6.2500000000000000e-02,589824,294912,294912,6.0000000000000000e+00,3.0000000000000000e+00,2.8827912000000011e-02,4.1592400600000001e-01,5.6805016999999958e-02,3.5912884599999995e-01,0.0000000000000000e+00,221184,0,14688,9.4785156250000000e+01,1.8765041599999988e-01,2,1.7898252899999978e-01,1.4063066700000015e-01,3.8402877000000002e-02,0.0000000000000000e+00,0,0,0,0,0.0000000000000000e+00,0.0000000000000000e+00,0.0000000000000000e+00,0.0000000000000000e+00,0,2.7916279999997686e-04,4.1118855500000007e-01,2.8975849999999246e-04,2.8397908528643478e-09,1.7932330250000014e-01,6.2407522050000019e-01,8.3277035750000017e-01,1.0563281250000000e+02,2.1123437500000000e+02,1.0563281250000000e+02,2.1123437500000000e+02,2.2003580729166665e+00,9.4802818220576859e-03,1.9895196601282805e-12,nan
exp7_perf,r2,A_pt,none,A_pt,16,2,2,2,abc,2.9999999999999999e-01,2,1.9136718750000000e+01,9.5630268999999990e-02,1.3010750000000001e-02,1.7090675200000000e-01,2.7954777100000000e-01,9.2046599000000007e-02,7.4320312500000000e+01,1.4677734375000000e+02,7.4320312500000000e+01,1.4677734375000000e+02,4096,98304,98304,32768,32768,51200,50176,2048,6.2500000000000000e-02,589824,294912,294912,6.0000000000000000e+00,3.0000000000000000e+00,2.7607096000000109e-02,4.2514512300000007e-01,5.6825946000000016e-02,3.6859736499999984e-01,0.0000000000000000e+00,221184,0,14688,9.5285156250000000e+01,1.9475247600000012e-01,2,2.0031893200000006e-01,1.6023440300000025e-01,4.0099008999999963e-02,0.0000000000000000e+00,0,0,0,0,0.0000000000000000e+00,0.0000000000000000e+00,0.0000000000000000e+00,0.0000000000000000e+00,0,2.7601979999998251e-04,4.3886039599999993e-01,2.9948809999997829e-04,2.8078186035154472e-09,2.0063290010000018e-01,6.5338511910000041e-01,9.3293289010000047e-01,1.0619921875000000e+02,2.1201953125000000e+02,1.0619921875000000e+02,2.1201953125000000e+02,2.2085367838541665e+00,9.4802818220576859e-03,1.9895196601282805e-12,nan
exp7_perf,r1,A_int,none,A_int,16,2,2,2,abc,2.9999999999999999e-01,2,1.8828125000000000e+01,8.3071557000000004e-02,1.4532256999999993e-02,1.6163970000000003e-01,2.5924351400000001e-01,8.2378292999999991e-02,7.3609375000000000e+01,1.4562890625000000e+02,7.3609375000000000e+01,1.4562890625000000e+02,4096,98304,98304,32768,32768,51200,50176,2048,6.2500000000000000e-02,589824,294912,294912,6.0000000000000000e+00,3.0000000000000000e+00,2.7626532999999842e-02,1.5221940300000001e+00,2.2186912399999992e-01,1.3007105150000002e+00,0.0000000000000000e+00,884736,0,60000,1.5834375000000000e+02,7.7080218900000030e-01,2,7.0685015500000015e-01,5.6763508600000012e-01,1.3969697099999978e-01,0.0000000000000000e+00,0,0,0,0,0.0000000000000000e+00,0.0000000000000000e+00,0.0000000000000000e+00,0.0000000000000000e+00,0,3.0359149999998892e-04,4.1711941599999935e-01,2.7896360000001508e-04,3.0882924397785331e-09,7.0761102059999992e-01,2.2574315835999998e+00,2.5166750975999999e+00,2.1291796875000000e+02,4.2292578125000000e+02,2.1291796875000000e+02,4.2292578125000000e+02,4.4054768880208330e+00,7.3420418176560311e-03,1.9468870959826745e-12,nan
exp7_perf,r2,A_int,none,A_int,16,2,2,2,abc,2.9999999999999999e-01,2,1.8871093750000000e+01,8.3706270999999985e-02,1.2978349000000000e-02,1.5288566300000000e-01,2.4957028300000000e-01,7.4533517000000021e-02,7.3925781250000000e+01,1.4639843750000000e+02,7.3925781250000000e+01,1.4639843750000000e+02,4096,98304,98304,32768,32768,51200,50176,2048,6.2500000000000000e-02,589824,294912,294912,6.0000000000000000e+00,3.0000000000000000e+00,2.8684521000000185e-02,1.7031355539999999e+00,2.2586397700000016e-01,1.4773155670000000e+00,0.0000000000000000e+00,884736,0,60000,1.5852734375000000e+02,7.6409685999999999e-01,2,7.3051831099999998e-01,5.7750746399999997e-01,1.5321084200000001e-01,0.0000000000000000e+00,0,0,0,0,0.0000000000000000e+00,0.0000000000000000e+00,0.0000000000000000e+00,0.0000000000000000e+00,0,2.5780040000000781e-04,4.0830304099999992e-01,2.8933050000006232e-04,2.6224812825521629e-09,7.3100763650000000e-01,2.4628277115000001e+00,2.7123979945000003e+00,2.1313671875000000e+02,4.2330859375000000e+02,2.1313671875000000e+02,4.2330859375000000e+02,4.4094645182291670e+00,7.3420418176560311e-03,1.9468870959826745e-12,nan
exp7_perf,r1,A_int,coulomb,A_int+coulomb,16,2,2,2,abc,2.9999999999999999e-01,2,1.9156250000000000e+01,6.4650226000000005e-02,1.0095095999999998e-02,1.3037013600000000e-01,2.0511545800000000e-01,6.4855004999999993e-02,7.4050781250000000e+01,1.4667578125000000e+02,7.4050781250000000e+01,1.4667578125000000e+02,4096,98304,98304,32768,32768,51200,50176,2048,6.2500000000000000e-02,589824,294912,294912,6.0000000000000000e+00,3.0000000000000000e+00,3.1376633000000043e-02,1.5724733410000002e+00,2.3409590900000010e-01,1.3385724770000000e+00,0.0000000000000000e+00,884736,0,60000,1.5861718750000000e+02,6.1324374500000012e-01,2,6.5154023199999989e-01,4.9977652199999989e-01,1.5251008700000002e-01,0.0000000000000000e+00,0,0,0,0,4.0018750000000000e+02,2.1732690999999997e+00,1.4797954099999977e-01,1.0948805199999967e-01,16,2.1751039999999832e-04,3.4133357500000017e-01,2.5173430000000605e-04,2.2126302083333162e-09,7.6202639529999960e-01,2.3658763693000000e+00,2.5709918272999999e+00,4.0018750000000000e+02,7.9999218750000000e+02,4.0018750000000000e+02,7.9999218750000000e+02,8.3332519531250000e+00,7.3420418176560294e-03,1.9149126728734700e-12,nan
exp7_perf,r2,A_int,coulomb,A_int+coulomb,16,2,2,2,abc,2.9999999999999999e-01,2,1.8867187500000000e+01,8.2541928000000001e-02,1.3222276000000005e-02,1.7546450200000002e-01,2.7122870600000004e-01,8.6967645000000038e-02,7.4140625000000000e+01,1.4640625000000000e+02,7.4140625000000000e+01,1.4640625000000000e+02,4096,98304,98304,32768,32768,51200,50176,2048,6.2500000000000000e-02,589824,294912,294912,6.0000000000000000e+00,3.0000000000000000e+00,2.6432389999999861e-02,1.4342809220000001e+00,2.0622835600000000e-01,1.2281324769999999e+00,0.0000000000000000e+00,884736,0,60000,1.5874609375000000e+02,6.0662481799999979e-01,2,6.4110894399999996e-01,4.8762874300000014e-01,1.5399544600000015e-01,0.0000000000000000e+00,0,0,0,0,4.0016796875000000e+02,2.3005371889999999e+00,1.8963514099999923e-01,1.3819368399999998e-01,16,2.7571550000002885e-04,4.3023776600000030e-01,2.8020799999994850e-04,2.8047231038414391e-09,7.8009808100000022e-01,2.2408113930000004e+00,2.5120400990000005e+00,4.0016796875000000e+02,7.9946875000000000e+02,4.0016796875000000e+02,7.9946875000000000e+02,8.3277994791666661e+00,7.3420418176560294e-03,1.9149126728734700e-12,nan
exp7_perf,r1,A_int,jacobi:20,A_int+jacobi:20,16,2,2,2,abc,2.9999999999999999e-01,2,1.8796875000000000e+01,9.1662152000000011e-02,1.2652245999999992e-02,1.5220764099999998e-01,2.5652203899999998e-01,7.5023848000000004e-02,7.4062500000000000e+01,1.4634375000000000e+02,7.4062500000000000e+01,1.4634375000000000e+02,4096,98304,98304,32768,32768,51200,50176,2048,6.2500000000000000e-02,589824,294912,294912,6.0000000000000000e+00,3.0000000000000000e+00,3.1824267999999822e-02,1.7195485060000002e+00,2.5190634599999995e-01,1.4678503700000001e+00,0.0000000000000000e+00,884736,0,60000,1.5866015625000000e+02,7.9172943000000018e-01,2,6.6675838699999979e-01,5.2944700300000047e-01,1.3749782599999971e-01,0.0000000000000000e+00,0,0,0,0,3.9969140625000000e+02,2.4458306209999998e+00,7.5697196000000133e-02,3.5793989000000082e-02,20,2.6553370000002017e-04,3.8526348899999974e-01,2.7625110000002452e-04,2.7011484781903093e-09,7.0301506910000033e-01,2.4543878431000001e+00,2.7109098821000002e+00,3.9969140625000000e+02,7.9861718750000000e+02,3.9969140625000000e+02,7.9861718750000000e+02,8.3189290364583339e+00,7.3420418176560328e-03,1.7053025658242404e-12,nan
exp7_perf,r2,A_int,jacobi:20,A_int+jacobi:20,16,2,2,2,abc,2.9999999999999999e-01,2,1.8968750000000000e+01,9.3962984000000027e-02,1.3087285000000004e-02,1.5955546200000004e-01,2.6660573100000007e-01,7.6834514999999937e-02,7.3777343750000000e+01,1.4623046875000000e+02,7.3777343750000000e+01,1.4623046875000000e+02,4096,98304,98304,32768,32768,51200,50176,2048,6.2500000000000000e-02,589824,294912,294912,6.0000000000000000e+00,3.0000000000000000e+00,2.7931150000000127e-02,1.7431162770000002e+00,2.2037029499999994e-01,1.5228382229999999e+00,0.0000000000000000e+00,884736,0,60000,1.5833203125000000e+02,7.5560276300000018e-01,2,7.1524971300000040e-01,5.8001163800000066e-01,1.3549514299999998e-01,0.0000000000000000e+00,0,0,0,0,3.9926953125000000e+02,2.2884419290000002e+00,6.4976335999999968e-02,3.3266717000000057e-02,20,2.7166530000002356e-04,4.1191013400000021e-01,3.0631730000001410e-04,2.7635223388674273e-09,7.4907981530000067e-01,2.5201272423000010e+00,2.7867329733000012e+00,3.9926953125000000e+02,7.9852343750000000e+02,3.9926953125000000e+02,7.9852343750000000e+02,8.3179524739583339e+00,7.3420418176560328e-03,1.7053025658242404e-12,nan
exp7_perf,r1,A_l2,coulomb,A_l2+coulomb,16,2,2,2,abc,2.9999999999999999e-01,2,1.8976562500000000e+01,7.6341021999999994e-02,1.2528028000000010e-02,1.5047714800000001e-01,2.3934619800000001e-01,7.2834423000000009e-02,7.4011718750000000e+01,1.4650781250000000e+02,7.4011718750000000e+01,1.4650781250000000e+02,4096,98304,98304,32768,32768,51200,50176,2048,6.2500000000000000e-02,589824,294912,294912,6.0000000000000000e+00,3.0000000000000000e+00,2.8108264999999966e-02,1.5241967180000002e+00,5.1613257999999940e-02,1.4206628219999999e+00,5.1920638000000352e-02,884736,0,56544,2.1515234375000000e+02,1.2955001390000001e+00,2,1.1340823719999999e+00,5.5476994099999999e-01,3.5103771599999956e-01,2.2831006800000075e-01,19,19,0,0,4.2498046875000000e+02,2.1788337609999999e+00,1.6555824300000133e-01,1.1831533200000166e-01,16,2.6819929999994941e-04,4.0095712799999994e-01,2.9732860000013516e-04,2.7282643636062562e-09,1.2527303856000020e+00,2.8050353686000022e+00,3.0443815666000029e+00,4.2498046875000000e+02,8.4958593750000000e+02,4.2498046875000000e+02,8.4958593750000000e+02,8.8498535156250000e+00,8.3076624131582458e-03,2.2453150450019166e-12,nan
exp7_perf,r2,A_l2,coulomb,A_l2+coulomb,16,2,2,2,abc,2.9999999999999999e-01,2,1.9085937500000000e+01,9.7699872999999993e-02,1.9304451000000000e-02,1.7637886199999997e-01,2.9338318599999996e-01,7.1231371999999987e-02,7.4046875000000000e+01,1.4640625000000000e+02,7.4046875000000000e+01,1.4640625000000000e+02,4096,98304,98304,32768,32768,51200,50176,2048,6.2500000000000000e-02,589824,294912,294912,6.0000000000000000e+00,3.0000000000000000e+00,2.8645540000000080e-02,1.5161866150000001e+00,5.2930507999999987e-02,1.4093549520000002e+00,5.3901154999999923e-02,884736,0,56544,2.1521875000000000e+02,1.2782869050000003e+00,2,1.1964745419999998e+00,5.2954208100000066e-01,3.8761455000000034e-01,2.7943921600000010e-01,19,19,0,0,4.2510937500000000e+02,2.3094350150000009e+00,1.9158527400000125e-01,1.3729253600000035e-01,16,2.6395670000010083e-04,4.1268285900000024e-01,2.8634569999983481e-04,2.6851064046234215e-09,1.3341747287000012e+00,2.8790068837000016e+00,3.1723900697000014e+00,4.2510937500000000e+02,8.4969140625000000e+02,4.2510937500000000e+02,8.4969140625000000e+02,8.8509521484375000e+00,8.3076624131582458e-03,2.2453150450019166e-12,nan
exp7_perf,r1,B_l2,none,B_l2,16,2,2,2,abc,2.9999999999999999e-01,2,1.9027343750000000e+01,9.2624935000000005e-02,1.3547192000000000e-02,1.5357202500000000e-01,2.5974415200000001e-01,7.3848106999999996e-02,7.4195312500000000e+01,1.4662500000000000e+02,7.4195312500000000e+01,1.4662500000000000e+02,4096,98304,98304,32768,32768,51200,50176,2048,6.2500000000000000e-02,589824,294912,294912,6.0000000000000000e+00,3.0000000000000000e+00,2.2430369999999922e-02,1.2886611019999998e+00,4.8408752000000055e-02,1.1862058250000000e+00,5.4046524999999734e-02,884736,0,56544,2.1493359375000000e+02,1.0200942490000000e+00,2,1.0552558990000001e+00,5.2923094699999984e-01,3.6876902900000008e-01,1.5837188500000021e-01,10,10,0,0,0.0000000000000000e+00,0.0000000000000000e+00,0.0000000000000000e+00,0.0000000000000000e+00,0,0.0000000000000000e+00,0.0000000000000000e+00,0.0000000000000000e+00,0.0000000000000000e+00,1.0563718610000001e+00,2.3674633329999999e+00,2.6272074849999996e+00,2.6707031250000000e+02,5.3262109375000000e+02,2.6707031250000000e+02,5.3262109375000000e+02,5.5481363932291670e+00,6.5574703223920065e-03,1.3758121320418475e+00,nan
exp7_perf,r2,B_l2,none,B_l2,16,2,2,2,abc,2.9999999999999999e-01,2,1.9070312500000000e+01,9.9478508999999993e-02,1.5058263000000002e-02,1.5919923000000002e-01,2.7373600200000003e-01,7.8398433000000045e-02,7.3503906250000000e+01,1.4620703125000000e+02,7.3503906250000000e+01,1.4620703125000000e+02,4096,98304,98304,32768,32768,51200,50176,2048,6.2500000000000000e-02,589824,294912,294912,6.0000000000000000e+00,3.0000000000000000e+00,2.8179285999999859e-02,1.6204730469999999e+00,5.6523840999999964e-02,1.5078973159999998e+00,5.6051890000000215e-02,884736,0,56544,2.1475000000000000e+02,1.0382630850000001e+00,2,9.8356090600000012e-01,5.1205578300000010e-01,3.2573035599999933e-01,1.4608570300000068e-01,10,10,0,0,0.0000000000000000e+00,0.0000000000000000e+00,0.0000000000000000e+00,0.0000000000000000e+00,0,0.0000000000000000e+00,0.0000000000000000e+00,0.0000000000000000e+00,0.0000000000000000e+00,9.8387184200000011e-01,2.6325241749999999e+00,2.9062601770000001e+00,2.6675390625000000e+02,5.3258984375000000e+02,2.6675390625000000e+02,5.3258984375000000e+02,5.5478108723958330e+00,6.5574703223920065e-03,1.3758121320418475e+00,nan
exp7_perf,r1,B_l2c,none,B_l2c,16,2,2,2,abc,2.9999999999999999e-01,2,1.9011718750000000e+01,8.0338643000000001e-02,1.2673448000000004e-02,1.4889342899999999e-01,2.4190551999999999e-01,7.3193029999999992e-02,7.3652343750000000e+01,1.4632421875000000e+02,7.3652343750000000e+01,1.4632421875000000e+02,4096,98304,98304,32768,32768,51200,50176,2048,6.2500000000000000e-02,589824,294912,294912,6.0000000000000000e+00,3.0000000000000000e+00,2.2153002000000033e-02,1.3894698470000002e+00,4.2176025000000061e-02,1.2800249300000002e+00,6.7268891999999969e-02,884736,0,56544,2.1916406250000000e+02,5.5640768639999996e+00,2,5.7021891469999986e+00,4.5728280800000043e-01,2.9758602699999948e-01,4.9475502860000002e+00,35,10,360,1,0.0000000000000000e+00,0.0000000000000000e+00,0.0000000000000000e+00,0.0000000000000000e+00,0,0.0000000000000000e+00,0.0000000000000000e+00,0.0000000000000000e+00,0.0000000000000000e+00,5.7024191210000001e+00,7.1140419700000006e+00,7.3559474900000010e+00,2.7417578125000000e+02,5.4744921875000000e+02,2.7417578125000000e+02,5.4744921875000000e+02,5.7025960286458330e+00,6.5506147124439768e-03,7.1587180627830094e-13,1.3758121320418475e+00
exp7_perf,r2,B_l2c,none,B_l2c,16,2,2,2,abc,2.9999999999999999e-01,2,1.8828125000000000e+01,8.1763348999999999e-02,1.3090280000000010e-02,1.5404084800000001e-01,2.4889447700000000e-01,7.5342628999999994e-02,7.3945312500000000e+01,1.4647656250000000e+02,7.3945312500000000e+01,1.4647656250000000e+02,4096,98304,98304,32768,32768,51200,50176,2048,6.2500000000000000e-02,589824,294912,294912,6.0000000000000000e+00,3.0000000000000000e+00,2.8121002999999867e-02,1.3594865140000001e+00,5.2832634000000045e-02,1.2282877490000002e+00,7.8366130999999895e-02,884736,0,56544,2.1963281250000000e+02,6.0537462260000003e+00,2,6.0252950829999996e+00,5.1349445000000138e-01,3.3796612299999929e-01,5.1739100520000019e+00,35,10,360,1,0.0000000000000000e+00,0.0000000000000000e+00,0.0000000000000000e+00,0.0000000000000000e+00,0,0.0000000000000000e+00,0.0000000000000000e+00,0.0000000000000000e+00,0.0000000000000000e+00,6.0253706250000025e+00,7.4129781420000027e+00,7.6618726190000030e+00,2.7389453125000000e+02,5.4753515625000000e+02,2.7389453125000000e+02,5.4753515625000000e+02,5.7034912109375000e+00,6.5506147124439768e-03,7.1587180627830094e-13,1.3758121320418475e+00
exp7_perf,r1,A_pt,none,A_pt,16,2,2,4,abc,2.9999999999999999e-01,2,1.9046875000000000e+01,7.8309218999999999e-02,7.7422530000000045e-03,7.8763148000000005e-02,1.6481462000000002e-01,4.1284580000000001e-02,5.0667968750000000e+01,1.9864062500000000e+02,5.0667968750000000e+01,1.9864062500000000e+02,4096,98304,98304,32768,32768,27312,26004,1031,6.2500000000000000e-02,589824,294912,294912,6.0000000000000000e+00,3.0000000000000000e+00,1.5045160999999974e-02,2.2632710800000000e-01,2.9507069999999969e-02,1.9682134799999995e-01,0.0000000000000000e+00,221184,0,14688,6.2843750000000000e+01,9.9531217999999977e-02,2,1.0021189600000002e-01,7.9893482000000016e-02,2.0679922000000017e-02,0.0000000000000000e+00,0,0,0,0,0.0000000000000000e+00,0.0000000000000000e+00,0.0000000000000000e+00,0.0000000000000000e+00,0,1.5503640000000818e-04,2.1010833900000003e-01,1.5110099999999794e-04,1.5771118164063333e-09,1.0072450500000003e-01,3.4209677399999999e-01,5.0691139400000007e-01,7.0164062500000000e+01,2.7740625000000000e+02,7.0164062500000000e+01,2.7740625000000000e+02,2.8896484375000000e+00,9.4802818220576825e-03,1.9895196601282805e-12,nan
exp7_perf,r2,A_pt,none,A_pt,16,2,2,4,abc,2.9999999999999999e-01,2,1.9042968750000000e+01,1.0479466200000000e-01,1.1176970999999994e-02,1.1816234699999999e-01,2.3413397999999996e-01,5.4488148000000014e-02,5.0703125000000000e+01,1.9855859375000000e+02,5.0703125000000000e+01,1.9855859375000000e+02,4096,98304,98304,32768,32768,27312,26004,1031,6.2500000000000000e-02,589824,294912,294912,6.0000000000000000e+00,3.0000000000000000e+00,1.8796189000000019e-02,2.3952781800000000e-01,3.1819884999999992e-02,2.0771893600000002e-01,0.0000000000000000e+00,221184,0,14688,6.2890625000000000e+01,1.2345480500000006e-01,2,9.1958430000000035e-02,7.2567154999999994e-02,1.9452832000000031e-02,0.0000000000000000e+00,0,0,0,0,0.0000000000000000e+00,0.0000000000000000e+00,0.0000000000000000e+00,0.0000000000000000e+00,0,1.4504820000000863e-04,2.1437323500000005e-01,1.9982670000000534e-04,1.4755065917969627e-09,9.2219813700000028e-02,3.5054382070000006e-01,5.8467780069999997e-01,7.0078125000000000e+01,2.7706250000000000e+02,7.0078125000000000e+01,2.7706250000000000e+02,2.8860677083333335e+00,9.4802818220576825e-03,1.9895196601282805e-12,nan
exp7_perf,r1,A_int,none,A_int,16,2,2,4,abc,2.9999999999999999e-01,2,1.9187500000000000e+01,9.5604633999999994e-02,1.0579907999999999e-02,9.7364247000000015e-02,2.0354878900000001e-01,4.6627448999999987e-02,5.0566406250000000e+01,1.9919140625000000e+02,5.0566406250000000e+01,1.9919140625000000e+02,4096,98304,98304,32768,32768,27312,26004,1031,6.2500000000000000e-02,589824,294912,294912,6.0000000000000000e+00,3.0000000000000000e+00,1.6587774999999971e-02,9.0383828399999988e-01,1.3049450900000004e-01,7.7348670400000008e-01,0.0000000000000000e+00,884736,0,60000,9.8160156250000000e+01,3.8086763900000009e-01,2,3.7075039200000015e-01,2.9460294900000017e-01,7.7230151000000191e-02,0.0000000000000000e+00,0,0,0,0,0.0000000000000000e+00,0.0000000000000000e+00,0.0000000000000000e+00,0.0000000000000000e+00,0,1.5449659999999810e-04,2.0868098599999962e-01,1.6593679999998834e-04,1.5716206868489390e-09,3.7199903680000035e-01,1.2924250958000001e+00,1.4959738848000002e+00,1.3260156250000000e+02,5.0892578125000000e+02,1.3260156250000000e+02,5.0892578125000000e+02,5.3013102213541670e+00,7.3420418176560346e-03,1.9468870959826745e-12,nan
exp7_perf,r2,A_int,none,A_int,16,2,2,4,abc,2.9999999999999999e-01,2,1.9039062500000000e+01,8.3569156000000006e-02,8.0169370000000018e-03,7.9130516999999997e-02,1.7071660999999999e-01,3.9954984999999998e-02,5.0074218750000000e+01,1.9830859375000000e+02,5.0074218750000000e+01,1.9830859375000000e+02,4096,98304,98304,32768,32768,27312,26004,1031,6.2500000000000000e-02,589824,294912,294912,6.0000000000000000e+00,3.0000000000000000e+00,1.7282602999999952e-02,9.8380186400000014e-01,1.1658470299999990e-01,8.6720605699999997e-01,1.1104000000261571e-05,884736,0,60000,9.8355468750000000e+01,4.1717027799999995e-01,2,3.6920641599999993e-01,2.9125744700000000e-01,7.8157861999999856e-02,0.0000000000000000e+00,0,0,0,0,0.0000000000000000e+00,0.0000000000000000e+00,0.0000000000000000e+00,0.0000000000000000e+00,0,1.5329600000000277e-04,1.9904389600000005e-01,1.6827969999999581e-04,1.5594075520833614e-09,3.6958358869999985e-01,1.3706680556999999e+00,1.5413846657000001e+00,1.3261718750000000e+02,5.0867578125000000e+02,1.3261718750000000e+02,5.0867578125000000e+02,5.2987060546875000e+00,7.3420418176560346e-03,1.9468870959826745e-12,nan
exp7_perf,r1,A_int,coulomb,A_int+coulomb,16,2,2,4,abc,2.9999999999999999e-01,2,1.9125000000000000e+01,8.8785650000000008e-02,8.4533660000000038e-03,9.0474279000000005e-02,1.8771329500000000e-01,4.7601131000000019e-02,5.0253906250000000e+01,1.9876953125000000e+02,5.0253906250000000e+01,1.9876953125000000e+02,4096,98304,98304,32768,32768,27312,26004,1031,6.2500000000000000e-02,589824,294912,294912,6.0000000000000000e+00,3.0000000000000000e+00,1.5163782000000015e-02,8.3541286200000009e-01,1.1408079900000001e-01,7.2158939499999997e-01,0.0000000000000000e+00,884736,0,60000,9.6917968750000000e+01,4.1754427100000013e-01,2,3.6424471100000000e-01,2.8905665699999972e-01,7.5521520999999758e-02,0.0000000000000000e+00,0,0,0,0,2.1762890625000000e+02,1.2695740670000002e+00,1.4200397500000017e-01,1.0034174299999954e-01,20,1.6223859999993097e-04,2.1536127900000057e-01,1.7003929999992451e-04,1.6503763834628395e-09,4.6508996029999894e-01,1.3156666042999992e+00,1.5033798992999989e+00,2.1762890625000000e+02,8.6576562500000000e+02,2.1762890625000000e+02,8.6576562500000000e+02,9.0183919270833339e+00,7.3420418176560285e-03,2.2453150450019166e-12,nan
exp7_perf,r2,A_int,coulomb,A_int+coulomb,16,2,2,4,abc,2.9999999999999999e-01,2,1.9175781250000000e+01,7.2614952999999996e-02,6.9934059999999937e-03,7.5973237999999985e-02,1.5558159699999996e-01,3.8277691000000003e-02,5.0292968750000000e+01,1.9890234375000000e+02,5.0292968750000000e+01,1.9890234375000000e+02,4096,98304,98304,32768,32768,27312,26004,1031,6.2500000000000000e-02,589824,294912,294912,6.0000000000000000e+00,3.0000000000000000e+00,1.4114790000000044e-02,9.1656877899999989e-01,1.1183373399999996e-01,8.0489410300000008e-01,0.0000000000000000e+00,884736,0,60000,9.8644531250000000e+01,3.9083606199999998e-01,2,3.3176533800000008e-01,2.5537562100000022e-01,7.6493029999999962e-02,0.0000000000000000e+00,0,0,0,0,2.1819140625000000e+02,1.3191795760000002e+00,1.4366825400000005e-01,7.9763412999999339e-02,20,1.6344420000002913e-04,1.8492300299999975e-01,1.3740620000000093e-04,1.6626403808596712e-09,4.1176947019999954e-01,1.3424530391999996e+00,1.4980346361999997e+00,2.1819140625000000e+02,8.6625390625000000e+02,2.1819140625000000e+02,8.6625390625000000e+02,9.0234781901041661e+00,7.3420418176560285e-03,2.2453150450019166e-12,nan
exp7_perf,r1,A_int,jacobi:20,A_int+jacobi:20,16,2,2,4,abc,2.9999999999999999e-01,2,1.9027343750000000e+01,7.7757497999999994e-02,9.6877610000000031e-03,1.1112906600000000e-01,1.9857432500000000e-01,5.1971491999999980e-02,5.0792968750000000e+01,1.9855859375000000e+02,5.0792968750000000e+01,1.9855859375000000e+02,4096,98304,98304,32768,32768,27312,26004,1031,6.2500000000000000e-02,589824,294912,294912,6.0000000000000000e+00,3.0000000000000000e+00,2.0057472000000076e-02,9.3817960099999997e-01,1.3657491699999991e-01,8.0163685300000009e-01,0.0000000000000000e+00,884736,0,60000,9.7593750000000000e+01,5.1129839900000018e-01,2,3.5250217400000006e-01,2.7039193799999994e-01,8.2360714000000002e-02,0.0000000000000000e+00,0,0,0,0,2.1780468750000000e+02,1.2424692629999998e+00,4.5536203999999358e-02,2.0631696999999782e-02,20,1.5363280000002533e-04,1.9069687199999930e-01,1.7084480000004732e-04,1.5628336588544244e-09,3.7355519379999980e-01,1.3317922668000000e+00,1.5303665917999998e+00,2.1780468750000000e+02,8.6298046875000000e+02,2.1780468750000000e+02,8.6298046875000000e+02,8.9893798828125000e+00,7.3420418176560311e-03,1.6395773627664312e-12,nan
exp7_perf,r2,A_int,jacobi:20,A_int+jacobi:20,16,2,2,4,abc,2.9999999999999999e-01,2,1.8855468750000000e+01,8.7781816999999998e-02,8.4327470000000043e-03,8.7349216000000007e-02,1.8356378000000001e-01,4.2800228999999995e-02,5.0335937500000000e+01,1.9814062500000000e+02,5.0335937500000000e+01,1.9814062500000000e+02,4096,98304,98304,32768,32768,27312,26004,1031,6.2500000000000000e-02,589824,294912,294912,6.0000000000000000e+00,3.0000000000000000e+00,2.0086196999999917e-02,9.7015017100000001e-01,1.2763793899999998e-01,8.4264292200000002e-01,0.0000000000000000e+00,884736,0,60000,9.7007812500000000e+01,4.0698053399999967e-01,2,3.7012504699999971e-01,2.9432965099999997e-01,7.5971275000000116e-02,0.0000000000000000e+00,0,0,0,0,2.1718359375000000e+02,1.2792067040000004e+00,4.2304883999999987e-02,2.2597785000000314e-02,20,2.6314569999996706e-04,2.3158167899999960e-01,1.8859109999995737e-04,2.6768564860022693e-09,3.9308730210000037e-01,1.3833236701000002e+00,1.5668874501000003e+00,2.1718359375000000e+02,8.6312500000000000e+02,2.1718359375000000e+02,8.6312500000000000e+02,8.9908854166666661e+00,7.3420418176560311e-03,1.6395773627664312e-12,nan
exp7_perf,r1,A_l2,coulomb,A_l2+coulomb,16,2,2,4,abc,2.9999999999999999e-01,2,1.9160156250000000e+01,1.0954480100000001e-01,1.0468476000000004e-02,9.8748358000000008e-02,2.1876163500000001e-01,4.2838786999999989e-02,5.0097656250000000e+01,1.9832812500000000e+02,5.0097656250000000e+01,1.9832812500000000e+02,4096,98304,98304,32768,32768,27312,26004,1031,6.2500000000000000e-02,589824,294912,294912,6.0000000000000000e+00,3.0000000000000000e+00,1.5103437000000053e-02,8.1401439599999992e-01,2.6357084000000031e-02,7.6178051299999994e-01,2.5876798999999950e-02,884736,0,56544,1.2745703125000000e+02,6.4837533599999997e-01,2,6.4493072800000029e-01,2.9779054099999991e-01,1.9806251699999988e-01,1.4932417700000000e-01,19,19,0,0,2.3085937500000000e+02,1.1912582620000003e+00,1.2525709499999937e-01,8.4981438999999881e-02,20,1.5615800000006174e-04,2.2569493399999985e-01,1.5715560000000294e-04,1.5885213216152113e-09,7.3031582959999963e-01,1.5594336625999996e+00,1.7781952975999995e+00,2.3085937500000000e+02,9.1558203125000000e+02,2.3085937500000000e+02,9.1558203125000000e+02,9.5373128255208339e+00,8.3076624131732651e-03,1.9610979506978765e-12,nan
exp7_perf,r2,A_l2,coulomb,A_l2+coulomb,16,2,2,4,abc,2.9999999999999999e-01,2,1.9175781250000000e+01,7.2457191999999990e-02,7.3089719999999969e-03,7.6706026999999996e-02,1.5647219099999998e-01,4.0211952000000009e-02,4.9710937500000000e+01,1.9807421875000000e+02,4.9710937500000000e+01,1.9807421875000000e+02,4096,98304,98304,32768,32768,27312,26004,1031,6.2500000000000000e-02,589824,294912,294912,6.0000000000000000e+00,3.0000000000000000e+00,1.4538394999999982e-02,8.0504834600000008e-01,2.6040838000000011e-02,7.5397018100000013e-01,2.5037326999999943e-02,884736,0,56544,1.2714843750000000e+02,6.9458692500000030e-01,2,6.4233882299999978e-01,2.9762794499999989e-01,2.0217634999999978e-01,1.4303318699999990e-01,19,19,0,0,2.3065234375000000e+02,1.2224797830000003e+00,1.3145676200000000e-01,9.6599007000000015e-02,20,1.5596669999995427e-04,2.0715801400000000e-01,1.7106779999993550e-04,1.5865753173823474e-09,7.3960755679999957e-01,1.5591942977999995e+00,1.7156664887999993e+00,2.3065234375000000e+02,9.1508984375000000e+02,2.3065234375000000e+02,9.1508984375000000e+02,9.5321858723958339e+00,8.3076624131732651e-03,1.9610979506978765e-12,nan
exp7_perf,r1,B_l2,none,B_l2,16,2,2,4,abc,2.9999999999999999e-01,2,1.9167968750000000e+01,7.7205369999999995e-02,7.5094609999999951e-03,7.6197801000000009e-02,1.6091263200000000e-01,3.7724402999999990e-02,5.0019531250000000e+01,1.9844921875000000e+02,5.0019531250000000e+01,1.9844921875000000e+02,4096,98304,98304,32768,32768,27312,26004,1031,6.2500000000000000e-02,589824,294912,294912,6.0000000000000000e+00,3.0000000000000000e+00,1.2235229000000070e-02,6.9375366299999996e-01,2.1674140000000008e-02,6.4870953199999992e-01,2.3369991000000034e-02,884736,0,56544,1.2699609375000000e+02,5.1878028599999992e-01,2,4.9470352800000006e-01,2.5258391899999988e-01,1.7145619800000000e-01,7.0837563999999631e-02,10,10,0,0,0.0000000000000000e+00,0.0000000000000000e+00,0.0000000000000000e+00,0.0000000000000000e+00,0,0.0000000000000000e+00,0.0000000000000000e+00,0.0000000000000000e+00,0.0000000000000000e+00,4.9487768099999951e-01,1.2008665729999994e+00,1.3617792049999993e+00,1.6046484375000000e+02,6.2329296875000000e+02,1.6046484375000000e+02,6.2329296875000000e+02,6.4926350911458330e+00,6.5574703223920065e-03,1.3758121320418475e+00,nan
exp7_perf,r2,B_l2,none,B_l2,16,2,2,4,abc,2.9999999999999999e-01,2,1.9078125000000000e+01,9.0750559999999994e-02,8.9572389999999918e-03,8.2488123999999982e-02,1.8219592299999998e-01,3.8682543999999985e-02,5.0835937500000000e+01,1.9871484375000000e+02,5.0835937500000000e+01,1.9871484375000000e+02,4096,98304,98304,32768,32768,27312,26004,1031,6.2500000000000000e-02,589824,294912,294912,6.0000000000000000e+00,3.0000000000000000e+00,1.5934899000000002e-02,7.9514265100000003e-01,2.7202430999999971e-02,7.3900203799999997e-01,2.8938182000000090e-02,884736,0,56544,1.2625000000000000e+02,5.7106071000000003e-01,2,5.1848755799999990e-01,2.6877821599999985e-01,1.7647411999999996e-01,7.3718497999999855e-02,10,10,0,0,0.0000000000000000e+00,0.0000000000000000e+00,0.0000000000000000e+00,0.0000000000000000e+00,0,0.0000000000000000e+00,0.0000000000000000e+00,0.0000000000000000e+00,0.0000000000000000e+00,5.1897083399999966e-01,1.3300483839999997e+00,1.5122443069999993e+00,1.6027343750000000e+02,6.2211718750000000e+02,1.6027343750000000e+02,6.2211718750000000e+02,6.4803873697916670e+00,6.5574703223920065e-03,1.3758121320418475e+00,nan
exp7_perf,r1,B_l2c,none,B_l2c,16,2,2,4,abc,2.9999999999999999e-01,2,1.9152343750000000e+01,8.5655950999999994e-02,1.1163015999999998e-02,8.6083010000000001e-02,1.8290197699999999e-01,4.2597152999999999e-02,5.0886718750000000e+01,1.9902343750000000e+02,5.0886718750000000e+01,1.9902343750000000e+02,4096,98304,98304,32768,32768,27312,26004,1031,6.2500000000000000e-02,589824,294912,294912,6.0000000000000000e+00,3.0000000000000000e+00,1.4885115999999976e-02,7.5100268199999998e-01,2.6684657999999972e-02,6.8496811300000005e-01,3.9349910999999960e-02,884736,0,56544,1.2907421875000000e+02,3.1149241790000000e+00,2,3.1409032760000004e+00,2.5664475099999962e-01,1.5287746000000002e-01,2.7317170600000003e+00,36,10,370,1,0.0000000000000000e+00,0.0000000000000000e+00,0.0000000000000000e+00,0.0000000000000000e+00,0,0.0000000000000000e+00,0.0000000000000000e+00,0.0000000000000000e+00,0.0000000000000000e+00,3.1412392709999999e+00,3.9071270690000000e+00,4.0900290460000006e+00,1.6450781250000000e+02,6.3653515625000000e+02,1.6450781250000000e+02,6.3653515625000000e+02,6.6305745442708330e+00,6.5506147124439760e-03,6.6791017161449417e-13,1.3758121320418475e+00
exp7_perf,r2,B_l2c,none,B_l2c,16,2,2,4,abc,2.9999999999999999e-01,2,1.9011718750000000e+01,7.8221017999999989e-02,8.0725060000000071e-03,8.7504708999999986e-02,1.7379823299999997e-01,4.0821138000000007e-02,5.0500000000000000e+01,1.9867187500000000e+02,5.0500000000000000e+01,1.9867187500000000e+02,4096,98304,98304,32768,32768,27312,26004,1031,6.2500000000000000e-02,589824,294912,294912,6.0000000000000000e+00,3.0000000000000000e+00,1.6810436999999956e-02,8.1783106500000002e-01,2.9740594999999925e-02,7.4412371399999999e-01,4.3966756000000107e-02,884736,0,56544,1.2873437500000000e+02,3.2912726000000005e+00,2,3.2530292959999993e+00,2.6220226600000007e-01,1.8085856900000064e-01,2.8105336039999997e+00,36,10,370,1,0.0000000000000000e+00,0.0000000000000000e+00,0.0000000000000000e+00,0.0000000000000000e+00,0,0.0000000000000000e+00,0.0000000000000000e+00,0.0000000000000000e+00,0.0000000000000000e+00,3.2535944390000004e+00,4.0882359410000007e+00,4.2620341740000010e+00,1.6447656250000000e+02,6.3609765625000000e+02,1.6447656250000000e+02,6.3609765625000000e+02,6.6260172526041670e+00,6.5506147124439760e-03,6.6791017161449417e-13,1.3758121320418475e+00
exp7_perf,r1,A_pt,none,A_pt,16,3,3,1,abc,2.9999999999999999e-01,2,1.8445312500000000e+01,1.6099441600000000e-01,4.3900801999999989e-02,1.6646860059999999e+00,1.8695812240000000e+00,7.7610652800000013e-01,3.6083984375000000e+02,3.6083984375000000e+02,3.6083984375000000e+02,3.6083984375000000e+02,4096,331776,331776,110592,110592,331776,331776,4096,6.2500000000000000e-02,2654208,1327104,1327104,8.0000000000000000e+00,4.0000000000000000e+00,9.0817926999999798e-02,2.8627063320000001e+00,4.3681945199999994e-01,2.4258793499999989e+00,7.5300000013100998e-06,589824,0,38544,4.4669921875000000e+02,1.4281866540000010e+00,2,1.4416223899999991e+00,1.1312100889999996e+00,3.1040911899999912e-01,0.0000000000000000e+00,0,0,0,0,0.0000000000000000e+00,0.0000000000000000e+00,0.0000000000000000e+00,0.0000000000000000e+00,0,1.9785061000000327e-03,6.2631671130000015e+00,2.1436328000000058e-03,5.9633792076582775e-09,1.4437628407999987e+00,4.3972870997999989e+00,6.2668683237999989e+00,4.4791015625000000e+02,4.4791015625000000e+02,4.4791015625000000e+02,4.4791015625000000e+02,1.3824387538580247e+00,1.4747418607451220e-03,7.4464878707658499e-12,nan
exp7_perf,r2,A_pt,none,A_pt,16,3,3,1,abc,2.9999999999999999e-01,2,1.8789062500000000e+01,1.5610450600000000e-01,5.1961279999999999e-02,1.8808766430000001e+00,2.0889424290000003e+00,9.1411660699999997e-01,3.6100390625000000e+02,3.6100390625000000e+02,3.6100390625000000e+02,3.6100390625000000e+02,4096,331776,331776,110592,110592,331776,331776,4096,6.2500000000000000e-02,2654208,1327104,1327104,8.0000000000000000e+00,4.0000000000000000e+00,1.1336092400000020e-01,3.2953113520000006e+00,5.6354244100000095e-01,2.7317612429999993e+00,7.6680000002937732e-06,589824,0,38544,4.4706250000000000e+02,1.6936331899999999e+00,2,1.6799519640000007e+00,1.2358293439999990e+00,4.4411966200000208e-01,0.0000000000000000e+00,0,0,0,0,0.0000000000000000e+00,0.0000000000000000e+00,0.0000000000000000e+00,0.0000000000000000e+00,0,4.6657202999998756e-03,6.8468796579999989e+00,2.7066591999997057e-03,1.4062862594038977e-08,1.6826556652000009e+00,5.0913279412000012e+00,7.1802703702000024e+00,4.4828125000000000e+02,4.4828125000000000e+02,4.4828125000000000e+02,4.4828125000000000e+02,1.3835841049382716e+00,1.4747418607451220e-03,7.4464878707658499e-12,nan
exp7_perf,r1,A_int,none,A_int,16,3,3,1,abc,2.9999999999999999e-01,2,1.8507812500000000e+01,1.6160585499999999e-01,5.0771684999999983e-02,1.9682336660000002e+00,2.1806112060000000e+00,9.4751775400000016e-01,3.6089062500000000e+02,3.6089062500000000e+02,3.6089062500000000e+02,3.6089062500000000e+02,4096,331776,331776,110592,110592,331776,331776,4096,6.2500000000000000e-02,2654208,1327104,1327104,8.0000000000000000e+00,4.0000000000000000e+00,9.3460312999999573e-02,1.6030933955999998e+01,3.0371490879999996e+00,1.2993776653000001e+01,8.2149999975911214e-06,2949120,0,193296,8.7054296875000000e+02,7.6421661979999982e+00,2,8.3966836660000013e+00,6.4231285729999996e+00,1.9735526360000009e+00,0.0000000000000000e+00,0,0,0,0,0.0000000000000000e+00,0.0000000000000000e+00,0.0000000000000000e+00,0.0000000000000000e+00,0,1.7627943000000812e-03,6.3262649670000002e+00,1.9624202000002810e-03,5.3132061993636712e-09,8.3986436292000004e+00,2.4523037898200002e+01,2.6703649104200000e+01,8.7063281250000000e+02,8.7063281250000000e+02,8.7063281250000000e+02,8.7063281250000000e+02,2.6871383101851851e+00,6.2313585935902104e-04,6.7075234255753458e-12,nan
exp7_perf,r2,A_int,none,A_int,16,3,3,1,abc,2.9999999999999999e-01,2,1.8957031250000000e+01,1.3602635400000002e-01,4.0244548999999991e-02,1.5372064380000001e+00,1.7134773410000002e+00,7.2906232400000015e-01,3.6112109375000000e+02,3.6112109375000000e+02,3.6112109375000000e+02,3.6112109375000000e+02,4096,331776,331776,110592,110592,331776,331776,4096,6.2500000000000000e-02,2654208,1327104,1327104,8.0000000000000000e+00,4.0000000000000000e+00,9.9299907999998993e-02,1.6410135959999998e+01,2.8343400760000002e+00,1.3575788267000002e+01,7.6169999960740142e-06,2949120,0,193296,8.7089062500000000e+02,9.2856978489999982e+00,2,8.1443509520000035e+00,6.5824006799999992e+00,1.5619477719999963e+00,0.0000000000000000e+00,0,0,0,0,0.0000000000000000e+00,0.0000000000000000e+00,0.0000000000000000e+00,0.0000000000000000e+00,0,2.3360492000001898e-03,6.1295334599999975e+00,2.8388221999996687e-03,7.0410433545530409e-09,8.1471872741999949e+00,2.4656623142199990e+01,2.6370100483199991e+01,8.7098828125000000e+02,8.7098828125000000e+02,8.7098828125000000e+02,8.7098828125000000e+02,2.6882354359567899e+00,6.2313585935902104e-04,6.7075234255753458e-12,nan
exp7_perf,r1,A_int,coulomb,A_int+coulomb,16,3,3,1,abc,2.9999999999999999e-01,2,1.8742187500000000e+01,1.2933084000000000e-01,4.1014993000000000e-02,1.6729738539999999e+00,1.8433196869999999e+00,9.0452499099999994e-01,3.6087890625000000e+02,3.6087890625000000e+02,3.6087890625000000e+02,3.6087890625000000e+02,4096,331776,331776,110592,110592,331776,331776,4096,6.2500000000000000e-02,2654208,1327104,1327104,8.0000000000000000e+00,4.0000000000000000e+00,9.1736768000000524e-02,1.5337019357000001e+01,2.4039870810000004e+00,1.2933023807000000e+01,8.4690000008436073e-06,2949120,0,193296,8.7061328125000000e+02,8.7893154470000034e+00,2,8.4400881890000008e+00,6.4333611449999992e+00,2.0067242490000012e+00,0.0000000000000000e+00,0,0,0,0,3.6981210937500000e+03,5.4143866304999996e+01,3.7351018610000040e+00,3.1313806000000000e+00,22,1.7815867999999568e-03,6.5365636760000001e+00,1.8298607000005519e-03,5.3698483314041906e-09,1.1573295854700001e+01,2.7002051979700003e+01,2.8845371666700000e+01,3.6981210937500000e+03,3.6981210937500000e+03,3.6981210937500000e+03,3.6981210937500000e+03,1.1413953993055555e+01,6.2313585935902256e-04,7.3141492862305313e-12,nan
exp7_perf,r2,A_int,coulomb,A_int+coulomb,16,3,3,1,abc,2.9999999999999999e-01,2,1.8804687500000000e+01,1.2790584399999999e-01,4.1509024000000005e-02,1.7594577510000000e+00,1.9288726190000001e+00,8.9672769200000002e-01,3.6099609375000000e+02,3.6099609375000000e+02,3.6099609375000000e+02,3.6099609375000000e+02,4096,331776,331776,110592,110592,331776,331776,4096,6.2500000000000000e-02,2654208,1327104,1327104,8.0000000000000000e+00,4.0000000000000000e+00,9.1948486999999801e-02,1.5358572292000000e+01,2.3324073600000013e+00,1.3026156144000002e+01,8.7879999970397193e-06,2949120,0,193296,8.7082812500000000e+02,8.1444206720000025e+00,2,8.2467632440000003e+00,6.2380537510000025e+00,2.0087066080000042e+00,0.0000000000000000e+00,0,0,0,0,3.6982421875000000e+03,5.4589892714000001e+01,3.6861749379999935e+00,3.0401104799999956e+00,22,2.4505271999998969e-03,6.8754122910000035e+00,2.1300784999993992e-03,7.3860894097219119e-09,1.1289000917500001e+01,2.6739521696499999e+01,2.8668394315499999e+01,3.6982421875000000e+03,3.6982421875000000e+03,3.6982421875000000e+03,3.6982421875000000e+03,1.1414327739197532e+01,6.2313585935902256e-04,7.3141492862305313e-12,nan
exp7_perf,r1,A_int,jacobi:20,A_int+jacobi:20,16,3,3,1,abc,2.9999999999999999e-01,2,1.8566406250000000e+01,1.6350499800000001e-01,5.1793116000000000e-02,1.9372987679999998e+00,2.1525968819999997e+00,1.0696277279999997e+00,3.6091406250000000e+02,3.6091406250000000e+02,3.6091406250000000e+02,3.6091406250000000e+02,4096,331776,331776,110592,110592,331776,331776,4096,6.2500000000000000e-02,2654208,1327104,1327104,8.0000000000000000e+00,4.0000000000000000e+00,1.1171942600000051e-01,1.6641093144999999e+01,2.8677408760000009e+00,1.3773342363000001e+01,9.9059999971728985e-06,2949120,0,193296,8.7067578125000000e+02,8.1472309140000014e+00,2,7.9814185759999958e+00,6.0524635749999973e+00,1.9289522730000002e+00,0.0000000000000000e+00,0,0,0,0,3.6972851562500000e+03,5.4920467565999999e+01,1.2463882910000024e+00,5.1208252499999674e-01,20,2.4239524999998706e-03,6.9863441870000003e+00,2.5456745999989038e-03,7.3059910903738385e-09,8.4960440475999928e+00,2.5248856618599994e+01,2.7401453500599992e+01,3.6972851562500000e+03,3.6972851562500000e+03,3.6972851562500000e+03,3.6972851562500000e+03,1.1411373939043211e+01,6.2313585935902104e-04,7.7999828818064998e-12,nan
exp7_perf,r2,A_int,jacobi:20,A_int+jacobi:20,16,3,3,1,abc,2.9999999999999999e-01,2,1.8421875000000000e+01,1.4993751400000002e-01,4.8328417000000012e-02,1.8058725469999999e+00,2.0041384779999998e+00,9.0034720200000029e-01,3.6066406250000000e+02,3.6066406250000000e+02,3.6066406250000000e+02,3.6066406250000000e+02,4096,331776,331776,110592,110592,331776,331776,4096,6.2500000000000000e-02,2654208,1327104,1327104,8.0000000000000000e+00,4.0000000000000000e+00,1.1219651999999947e-01,1.6213964674000000e+01,2.8234829989999994e+00,1.3390473041999998e+01,8.6330000019785302e-06,2949120,0,193296,8.7029296875000000e+02,8.1462504330000023e+00,2,8.4795355629999989e+00,6.7315063409999993e+00,1.7480261909999939e+00,0.0000000000000000e+00,0,0,0,0,3.6970585937500000e+03,5.3180688259999997e+01,1.2031598439999982e+00,4.8591262600000107e-01,20,2.0232032999999206e-03,6.0839142139999893e+00,2.0992249000002516e-03,6.0981002242474463e-09,8.9675443828999946e+00,2.5293705576899995e+01,2.7297844054899997e+01,3.6970585937500000e+03,3.6970585937500000e+03,3.6970585937500000e+03,3.6970585937500000e+03,1.1410674672067902e+01,6.2313585935902104e-04,7.7999828818064998e-12,nan
exp7_perf,r1,A_l2,coulomb,A_l2+coulomb,16,3,3,1,abc,2.9999999999999999e-01,2,1.8628906250000000e+01,1.4569089100000002e-01,4.6980590000000017e-02,1.7489351170000000e+00,1.9416065980000001e+00,9.4990815000000017e-01,3.6089062500000000e+02,3.6089062500000000e+02,3.6089062500000000e+02,3.6089062500000000e+02,4096,331776,331776,110592,110592,331776,331776,4096,6.2500000000000000e-02,2654208,1327104,1327104,8.0000000000000000e+00,4.0000000000000000e+00,9.2044561999999885e-02,1.0352042252999999e+01,4.0074808799999850e-01,9.7061995000000021e+00,2.4509466499999810e-01,2097152,0,133728,9.8757421875000000e+02,8.8039663999999966e+00,2,7.7138847240000032e+00,3.9108940219999937e+00,2.8646851549999965e+00,9.3829640199999886e-01,15,15,0,0,3.6987773437500000e+03,5.2149693014000007e+01,3.8696004580000078e+00,3.3652551010000025e+00,22,1.9425345000001926e-03,7.2321813960000014e+00,2.0646107999994002e-03,5.8549578631371542e-09,1.1081195290799991e+01,2.1525282105799988e+01,2.3466888703799988e+01,3.6987773437500000e+03,3.6987773437500000e+03,3.6987773437500000e+03,3.6987773437500000e+03,1.1415979456018519e+01,8.5641121805248813e-04,6.8212102632969618e-12,nan
exp7_perf,r2,A_l2,coulomb,A_l2+coulomb,16,3,3,1,abc,2.9999999999999999e-01,2,1.8742187500000000e+01,1.5892814599999999e-01,5.0013601999999990e-02,1.9656414309999999e+00,2.1745831789999999e+00,1.0499848430000001e+00,3.6095703125000000e+02,3.6095703125000000e+02,3.6095703125000000e+02,3.6095703125000000e+02,4096,331776,331776,110592,110592,331776,331776,4096,6.2500000000000000e-02,2654208,1327104,1327104,8.0000000000000000e+00,4.0000000000000000e+00,1.1190367300000048e-01,9.6549484669999988e+00,5.0986179299999890e-01,8.8524265230000019e+00,2.9266015099999798e-01,2097152,0,133728,9.8760156250000000e+02,9.2863546079999999e+00,2,8.5320846890000013e+00,4.4607610970000025e+00,3.0465142910000012e+00,1.0248013260000022e+00,15,15,0,0,3.6986718750000000e+03,5.2373752394999997e+01,3.7952685500000030e+00,3.2670964670000018e+00,22,1.8058404999990786e-03,6.6173190369999872e+00,2.1164612999996280e-03,5.4429509669146611e-09,1.1801289642300008e+01,2.1568141782300007e+01,2.3742724961300006e+01,3.6986718750000000e+03,3.6986718750000000e+03,3.6986718750000000e+03,3.6986718750000000e+03,1.1415653935185185e+01,8.5641121805248813e-04,6.8212102632969618e-12,nan
exp7_perf,r1,B_l2,none,B_l2,16,3,3,1,abc,2.9999999999999999e-01,2,1.8820312500000000e+01,1.6651546100000000e-01,5.3972406000000001e-02,1.8634915809999999e+00,2.0839794480000000e+00,8.6504925499999996e-01,3.6098437500000000e+02,3.6098437500000000e+02,3.6098437500000000e+02,3.6098437500000000e+02,4096,331776,331776,110592,110592,331776,331776,4096,6.2500000000000000e-02,2654208,1327104,1327104,8.0000000000000000e+00,4.0000000000000000e+00,9.0989969000000670e-02,9.1388859409999998e+00,4.3238289700000010e-01,8.4320912730000011e+00,2.7441177099999869e-01,2097152,0,133728,9.8343359375000000e+02,7.5070154850000002e+00,2,7.1253597050000010e+00,3.9165225620000008e+00,2.6353470720000018e+00,5.7348066299999800e-01,10,10,0,0,0.0000000000000000e+00,0.0000000000000000e+00,0.0000000000000000e+00,0.0000000000000000e+00,0,0.0000000000000000e+00,0.0000000000000000e+00,0.0000000000000000e+00,0.0000000000000000e+00,7.1253502970000007e+00,1.6355226207000001e+01,1.8439205655000002e+01,9.8366406250000000e+02,9.8366406250000000e+02,9.8366406250000000e+02,9.8366406250000000e+02,3.0360001929012346e+00,2.3868746261584758e-04,4.3042205066196892e-01,nan
exp7_perf,r2,B_l2,none,B_l2,16,3,3,1,abc,2.9999999999999999e-01,2,1.8554687500000000e+01,1.5557089600000007e-01,5.0733344999999930e-02,1.8568068900000001e+00,2.0631111310000003e+00,9.2366429500000002e-01,3.6062890625000000e+02,3.6062890625000000e+02,3.6062890625000000e+02,3.6062890625000000e+02,4096,331776,331776,110592,110592,331776,331776,4096,6.2500000000000000e-02,2654208,1327104,1327104,8.0000000000000000e+00,4.0000000000000000e+00,1.1314613100000059e-01,9.7682235859999995e+00,4.9584333099999967e-01,8.9835110080000007e+00,2.8886924699999916e-01,2097152,0,133728,9.8301171875000000e+02,7.7840891570000004e+00,2,7.9171377710000002e+00,4.2048574189999997e+00,2.9974562240000040e+00,7.1481271399999713e-01,10,10,0,0,0.0000000000000000e+00,0.0000000000000000e+00,0.0000000000000000e+00,0.0000000000000000e+00,0,0.0000000000000000e+00,0.0000000000000000e+00,0.0000000000000000e+00,0.0000000000000000e+00,7.9171263570000008e+00,1.7798496073999999e+01,1.9861607205000002e+01,9.8316015625000000e+02,9.8316015625000000e+02,9.8316015625000000e+02,9.8316015625000000e+02,3.0344449266975309e+00,2.3868746261584758e-04,4.3042205066196892e-01,nan
exp7_perf,r1,B_l2c,none,B_l2c,16,3,3,1,abc,2.9999999999999999e-01,2,1.8753906250000000e+01,1.3012527699999998e-01,4.1427722000000000e-02,1.5474959049999999e+00,1.7190489039999999e+00,7.9259040500000011e-01,3.6092968750000000e+02,3.6092968750000000e+02,3.6092968750000000e+02,3.6092968750000000e+02,4096,331776,331776,110592,110592,331776,331776,4096,6.2500000000000000e-02,2654208,1327104,1327104,8.0000000000000000e+00,4.0000000000000000e+00,9.1115734999998921e-02,1.0970238631999999e+01,4.6326885100000048e-01,1.0047303942999999e+01,4.5966583799999938e-01,2097152,0,133728,1.0181796875000000e+03,5.0537182199000000e+01,2,4.8047330282999994e+01,3.7702947340000037e+00,2.8431926540000063e+00,4.1433835713999997e+01,58,10,590,1,0.0000000000000000e+00,0.0000000000000000e+00,0.0000000000000000e+00,0.0000000000000000e+00,0,0.0000000000000000e+00,0.0000000000000000e+00,0.0000000000000000e+00,0.0000000000000000e+00,4.8047323102000007e+01,5.9108677469000007e+01,6.0827726373000012e+01,1.0358476562500000e+03,1.0358476562500000e+03,1.0358476562500000e+03,1.0358476562500000e+03,3.1970606674382718e+00,2.3626823422995049e-04,7.9580786405131221e-13,4.3042205066196892e-01
exp7_perf,r2,B_l2c,none,B_l2c,16,3,3,1,abc,2.9999999999999999e-01,2,1.8914062500000000e+01,1.6273421000000002e-01,4.1949756000000005e-02,1.6425958010000001e+00,1.8472797670000001e+00,7.4759028299999986e-01,3.6111328125000000e+02,3.6111328125000000e+02,3.6111328125000000e+02,3.6111328125000000e+02,4096,331776,331776,110592,110592,331776,331776,4096,6.2500000000000000e-02,2654208,1327104,1327104,8.0000000000000000e+00,4.0000000000000000e+00,1.1079158499999942e-01,1.1116708408999999e+01,4.3531409400000065e-01,1.0250345163000002e+01,4.3104915199999638e-01,2097152,0,133728,1.0183710937500000e+03,4.7919231651000004e+01,2,4.6924121783999993e+01,3.5625429500000081e+00,2.6011255349999942e+00,4.0760445773000001e+01,58,10,590,1,0.0000000000000000e+00,0.0000000000000000e+00,0.0000000000000000e+00,0.0000000000000000e+00,0,0.0000000000000000e+00,0.0000000000000000e+00,0.0000000000000000e+00,0.0000000000000000e+00,4.6924114258000003e+01,5.8151614252000002e+01,5.9998894018999998e+01,1.0360703125000000e+03,1.0360703125000000e+03,1.0360703125000000e+03,1.0360703125000000e+03,3.1977478780864197e+00,2.3626823422995049e-04,7.9580786405131221e-13,4.3042205066196892e-01
exp7_perf,r1,A_pt,none,A_pt,16,3,3,2,abc,2.9999999999999999e-01,2,1.8781250000000000e+01,1.2290542599999998e-01,2.7786246000000014e-02,9.5266061700000004e-01,1.1033522890000000e+00,4.6050909599999990e-01,1.9942968750000000e+02,3.9347265625000000e+02,1.9942968750000000e+02,3.9347265625000000e+02,4096,331776,331776,110592,110592,170496,168192,2048,6.2500000000000000e-02,2654208,1327104,1327104,8.0000000000000000e+00,4.0000000000000000e+00,6.0252576999999974e-02,1.7740742159999989e+00,2.8156483600000026e-01,1.4956873060000007e+00,0.0000000000000000e+00,589824,0,38544,2.4443359375000000e+02,9.4512281799999975e-01,2,9.0508755600000157e-01,7.1309211500000025e-01,1.9220190700000117e-01,0.0000000000000000e+00,0,0,0,0,0.0000000000000000e+00,0.0000000000000000e+00,0.0000000000000000e+00,0.0000000000000000e+00,0,1.1430531000000243e-03,3.7077234469999993e+00,1.1657845000000223e-03,3.4452555338542401e-09,9.0645980650000146e-01,2.7407865995000003e+00,3.8441388885000007e+00,2.7655468750000000e+02,5.5166015625000000e+02,2.7655468750000000e+02,5.5166015625000000e+02,1.7026548032407407e+00,1.4747418607451075e-03,7.4464878707658499e-12,nan
exp7_perf,r2,A_pt,none,A_pt,16,3,3,2,abc,2.9999999999999999e-01,2,1.8785156250000000e+01,1.8682791399999998e-01,3.9398013000000009e-02,9.3019483800000002e-01,1.1564207650000000e+00,4.4687405499999988e-01,1.9873828125000000e+02,3.9258593750000000e+02,1.9873828125000000e+02,3.9258593750000000e+02,4096,331776,331776,110592,110592,170496,168192,2048,6.2500000000000000e-02,2654208,1327104,1327104,8.0000000000000000e+00,4.0000000000000000e+00,5.9977297999999735e-02,1.8246371490000000e+00,2.8582498500000053e-01,1.5421076309999995e+00,0.0000000000000000e+00,589824,0,38544,2.4428515625000000e+02,9.3828611899999892e-01,2,7.6213926900000040e-01,6.0314685800000056e-01,1.5898932800000054e-01,0.0000000000000000e+00,0,0,0,0,0.0000000000000000e+00,0.0000000000000000e+00,0.0000000000000000e+00,0.0000000000000000e+00,0,1.0689619999999067e-03,3.5456798859999985e+00,1.2534128000000421e-03,3.2219388985336691e-09,7.6338959880000112e-01,2.6480040458000009e+00,3.8044248108000014e+00,2.7640625000000000e+02,5.5082031250000000e+02,2.7640625000000000e+02,5.5082031250000000e+02,1.7000626929012346e+00,1.4747418607451075e-03,7.4464878707658499e-12,nan
exp7_perf,r1,A_int,none,A_int,16,3,3,2,abc,2.9999999999999999e-01,2,1.8816406250000000e+01,1.1958794699999997e-01,2.6580283000000038e-02,9.9517552600000003e-01,1.1413437559999999e+00,4.9518983799999994e-01,1.9923437500000000e+02,3.9317968750000000e+02,1.9923437500000000e+02,3.9317968750000000e+02,4096,331776,331776,110592,110592,170496,168192,2048,6.2500000000000000e-02,2654208,1327104,1327104,8.0000000000000000e+00,4.0000000000000000e+00,5.9831181999999927e-02,8.9315300059999991e+00,1.4298159410000002e+00,7.5020922139999993e+00,0.0000000000000000e+00,2949120,0,193296,4.6835937500000000e+02,4.8204894210000013e+00,2,4.5578146480000008e+00,3.7014741559999997e+00,8.5642457899999869e-01,0.0000000000000000e+00,0,0,0,0,0.0000000000000000e+00,0.0000000000000000e+00,0.0000000000000000e+00,0.0000000000000000e+00,0,1.1103264999999141e-03,3.4638039219999968e+00,1.1727688000000569e-03,3.3466148847412534e-09,4.5590715037999985e+00,1.3550432691799998e+01,1.4691776447799997e+01,6.4017968750000000e+02,1.2801093750000000e+03,6.4017968750000000e+02,1.2801093750000000e+03,3.9509548611111112e+00,6.2313585935901649e-04,7.1622707764618099e-12,nan
exp7_perf,r2,A_int,none,A_int,16,3,3,2,abc,2.9999999999999999e-01,2,1.8839843750000000e+01,1.1785871899999989e-01,2.6808563999999979e-02,9.6868444600000003e-01,1.1133517289999999e+00,4.7858936699999999e-01,1.9944921875000000e+02,3.9339453125000000e+02,1.9944921875000000e+02,3.9339453125000000e+02,4096,331776,331776,110592,110592,170496,168192,2048,6.2500000000000000e-02,2654208,1327104,1327104,8.0000000000000000e+00,4.0000000000000000e+00,5.8267952999999650e-02,9.1604603759999996e+00,1.4658653969999991e+00,7.6952804220000015e+00,0.0000000000000000e+00,2949120,0,193296,4.6856250000000000e+02,4.4034841809999996e+00,2,4.3544873300000013e+00,3.4535165300000017e+00,9.0291919599999915e-01,0.0000000000000000e+00,0,0,0,0,0.0000000000000000e+00,0.0000000000000000e+00,0.0000000000000000e+00,0.0000000000000000e+00,0,1.0925222000000901e-03,3.7846256800000013e+00,1.2753624999994884e-03,3.2929512683258890e-09,4.3577110885000003e+00,1.3576439417500000e+01,1.4689791146499998e+01,6.4019531250000000e+02,1.2803046875000000e+03,6.4019531250000000e+02,1.2803046875000000e+03,3.9515576774691357e+00,6.2313585935901649e-04,7.1622707764618099e-12,nan
exp7_perf,r1,A_int,coulomb,A_int+coulomb,16,3,3,2,abc,2.9999999999999999e-01,2,1.8941406250000000e+01,1.2640256299999997e-01,2.9169973000000016e-02,9.6884916299999990e-01,1.1244216990000000e+00,4.7785128899999996e-01,1.9935546875000000e+02,3.9324609375000000e+02,1.9935546875000000e+02,3.9324609375000000e+02,4096,331776,331776,110592,110592,170496,168192,2048,6.2500000000000000e-02,2654208,1327104,1327104,8.0000000000000000e+00,4.0000000000000000e+00,5.0113621999999580e-02,8.2440803219999985e+00,1.3978874990000003e+00,6.8463021609999988e+00,0.0000000000000000e+00,2949120,0,193296,4.6848046875000000e+02,4.7063985800000001e+00,2,4.6596369640000006e+00,3.6652620280000008e+00,9.9459433600000224e-01,0.0000000000000000e+00,0,0,0,0,1.9692968750000000e+03,2.8364108035999998e+01,2.0843485079999979e+00,1.6150986859999961e+00,25,1.0932484000001352e-03,3.2962492499999954e+00,1.0879170999999132e-03,3.2951400945220124e-09,6.2760429670999986e+00,1.4570236911099997e+01,1.5694658610099996e+01,1.9692968750000000e+03,3.9380937500000000e+03,1.9692968750000000e+03,3.9380937500000000e+03,1.2154610339506172e+01,6.2313585935901811e-04,7.2768457926031260e-12,nan
exp7_perf,r2,A_int,coulomb,A_int+coulomb,16,3,3,2,abc,2.9999999999999999e-01,2,1.9011718750000000e+01,1.2633714600000001e-01,2.7831412999999999e-02,1.0025483549999998e+00,1.1567169139999998e+00,5.1561902100000001e-01,1.9937500000000000e+02,3.9330859375000000e+02,1.9937500000000000e+02,3.9330859375000000e+02,4096,331776,331776,110592,110592,170496,168192,2048,6.2500000000000000e-02,2654208,1327104,1327104,8.0000000000000000e+00,4.0000000000000000e+00,5.6819239999999382e-02,8.3889833009999997e+00,1.4727931819999993e+00,6.9163702090000001e+00,0.0000000000000000e+00,2949120,0,193296,4.6855859375000000e+02,4.4678712889999996e+00,2,4.1604577999999997e+00,3.3043514119999990e+00,8.5695214199999725e-01,0.0000000000000000e+00,0,0,0,0,1.9694492187500000e+03,3.0214005457000003e+01,1.6095230359999988e+00,1.5715220119999955e+00,25,1.1688214000002972e-03,3.3039550290000008e+00,1.0756240000006300e-03,3.5229232976475007e-09,5.7339011899999921e+00,1.4179703730999991e+01,1.5336420644999990e+01,1.9694492187500000e+03,3.9385703125000000e+03,1.9694492187500000e+03,3.9385703125000000e+03,1.2156081211419753e+01,6.2313585935901811e-04,7.2768457926031260e-12,nan
exp7_perf,r1,A_int,jacobi:20,A_int+jacobi:20,16,3,3,2,abc,2.9999999999999999e-01,2,1.9054687500000000e+01,1.4216869999999998e-01,3.0151771999999993e-02,9.4039627900000000e-01,1.1127167510000000e+00,4.6006623299999994e-01,1.9971484375000000e+02,3.9341015625000000e+02,1.9971484375000000e+02,3.9341015625000000e+02,4096,331776,331776,110592,110592,170496,168192,2048,6.2500000000000000e-02,2654208,1327104,1327104,8.0000000000000000e+00,4.0000000000000000e+00,6.3457388000000670e-02,8.7829046819999999e+00,1.4577332479999994e+00,7.3252808250000001e+00,0.0000000000000000e+00,2949120,0,193296,4.6886328125000000e+02,4.4228900630000005e+00,2,4.0083548409999992e+00,3.0788221540000009e+00,9.3083383600000147e-01,0.0000000000000000e+00,0,0,0,0,1.9691171875000000e+03,2.9815271371000001e+01,3.9991581099999962e-01,1.9089403400000293e-01,20,1.2067101999996056e-03,3.1293982400000004e+00,1.1252976000001524e-03,3.6371232397750457e-09,4.2016753216000051e+00,1.3048037391600007e+01,1.4160754142600007e+01,1.9691171875000000e+03,3.9375078125000000e+03,1.9691171875000000e+03,3.9375078125000000e+03,1.2152801890432098e+01,6.2313585935901725e-04,6.8212102632969618e-12,nan
exp7_perf,r2,A_int,jacobi:20,A_int+jacobi:20,16,3,3,2,abc,2.9999999999999999e-01,2,1.8960937500000000e+01,1.1721957999999999e-01,2.7339365000000004e-02,9.0655520300000003e-01,1.0511141479999999e+00,4.4016779600000000e-01,1.9954687500000000e+02,3.9316796875000000e+02,1.9954687500000000e+02,3.9316796875000000e+02,4096,331776,331776,110592,110592,170496,168192,2048,6.2500000000000000e-02,2654208,1327104,1327104,8.0000000000000000e+00,4.0000000000000000e+00,6.0297181999999339e-02,8.4848672759999992e+00,1.4305992739999995e+00,7.0547058629999997e+00,0.0000000000000000e+00,2949120,0,193296,4.6867187500000000e+02,4.3131415209999986e+00,2,4.5758064899999980e+00,3.5880377800000005e+00,9.8803960800000112e-01,0.0000000000000000e+00,0,0,0,0,1.9689726562500000e+03,2.8682944359000000e+01,4.8525591499999621e-01,1.9349387199999768e-01,20,1.2546385999996801e-03,3.4955879400000001e+00,1.1666797999993150e-03,3.7815833574450233e-09,4.7707379397999983e+00,1.3315902397799997e+01,1.4367016545799997e+01,1.9689726562500000e+03,3.9371992187500000e+03,1.9689726562500000e+03,3.9371992187500000e+03,1.2151849440586419e+01,6.2313585935901725e-04,6.8212102632969618e-12,nan
exp7_perf,r1,A_l2,coulomb,A_l2+coulomb,16,3,3,2,abc,2.9999999999999999e-01,2,1.9003906250000000e+01,1.2881971700000000e-01,2.7830454000000004e-02,9.5188477599999999e-01,1.1085349469999999e+00,4.7076059199999998e-01,1.9955078125000000e+02,3.9351953125000000e+02,1.9955078125000000e+02,3.9351953125000000e+02,4096,331776,331776,110592,110592,170496,168192,2048,6.2500000000000000e-02,2654208,1327104,1327104,8.0000000000000000e+00,4.0000000000000000e+00,6.0098834999999795e-02,5.5368145249999996e+00,2.5374590100000027e-01,5.1366062219999993e+00,1.4646240200000005e-01,2097152,0,133728,5.2389453125000000e+02,5.0724407929999984e+00,2,4.3543037699999978e+00,2.4002799740000000e+00,1.4638886060000011e+00,4.9031675700000221e-01,15,15,0,0,1.9464453125000000e+03,2.7919272864000000e+01,1.7975556909999995e+00,1.6472325880000014e+00,25,1.1186160000001167e-03,3.8714665840000038e+00,1.2243996999998785e-03,3.3716001157410922e-09,6.0029423247000047e+00,1.1599855684700003e+01,1.2708390631700002e+01,1.9464453125000000e+03,3.8910039062500000e+03,1.9464453125000000e+03,3.8910039062500000e+03,1.2009271315586419e+01,8.5641121806832529e-04,6.4157568147038546e-12,nan
exp7_perf,r2,A_l2,coulomb,A_l2+coulomb,16,3,3,2,abc,2.9999999999999999e-01,2,1.8835937500000000e+01,1.4818649300000000e-01,3.6416342999999990e-02,9.7436296399999989e-01,1.1589657999999998e+00,4.7250240699999990e-01,1.9907031250000000e+02,3.9304296875000000e+02,1.9907031250000000e+02,3.9304296875000000e+02,4096,331776,331776,110592,110592,170496,168192,2048,6.2500000000000000e-02,2654208,1327104,1327104,8.0000000000000000e+00,4.0000000000000000e+00,6.4394531000000477e-02,5.3385812879999994e+00,2.6386258900000037e-01,4.9245429670000007e+00,1.5017573199999834e-01,2097152,0,133728,5.2308593750000000e+02,5.1433251430000002e+00,2,5.0549141979999987e+00,2.5029352819999993e+00,1.9479719539999998e+00,6.0578089199999852e-01,15,15,0,0,1.9458593750000000e+03,2.7940648413000002e+01,1.6366189519999992e+00,1.3725324229999956e+00,25,1.2111214000000814e-03,3.5779655119999987e+00,1.0583596000003580e-03,3.6504189573690725e-09,6.4302789105999931e+00,1.1833254729599993e+01,1.2992220529599994e+01,1.9458593750000000e+03,3.8905468750000000e+03,1.9458593750000000e+03,3.8905468750000000e+03,1.2007860725308642e+01,8.5641121806832529e-04,6.4157568147038546e-12,nan
exp7_perf,r1,B_l2,none,B_l2,16,3,3,2,abc,2.9999999999999999e-01,2,1.8886718750000000e+01,1.1621310200000000e-01,2.4958271999999990e-02,8.9501844100000016e-01,1.0361898150000002e+00,4.4237841499999986e-01,1.9929296875000000e+02,3.9313671875000000e+02,1.9929296875000000e+02,3.9313671875000000e+02,4096,331776,331776,110592,110592,170496,168192,2048,6.2500000000000000e-02,2654208,1327104,1327104,8.0000000000000000e+00,4.0000000000000000e+00,6.3902786999999961e-02,5.6635377800000004e+00,2.6001914600000031e-01,5.2523297820000003e+00,1.5118885199999976e-01,2097152,0,133728,5.2442578125000000e+02,4.1117284280000010e+00,2,4.3538925850000005e+00,2.3303907580000001e+00,1.6349797670000008e+00,3.8932773400000187e-01,10,10,0,0,0.0000000000000000e+00,0.0000000000000000e+00,0.0000000000000000e+00,0.0000000000000000e+00,0,0.0000000000000000e+00,0.0000000000000000e+00,0.0000000000000000e+00,0.0000000000000000e+00,4.3546982590000027e+00,1.0082138826000003e+01,1.1118328641000003e+01,6.4998437500000000e+02,1.2933359375000000e+03,6.4998437500000000e+02,1.2933359375000000e+03,3.9917775848765431e+00,2.3868746261584595e-04,4.3042205066210526e-01,nan
exp7_perf,r2,B_l2,none,B_l2,16,3,3,2,abc,2.9999999999999999e-01,2,1.8781250000000000e+01,1.3099223000000002e-01,2.8099844999999984e-02,1.0208825079999999e+00,1.1799745829999999e+00,4.9097410600000013e-01,1.9944531250000000e+02,3.9315234375000000e+02,1.9944531250000000e+02,3.9315234375000000e+02,4096,331776,331776,110592,110592,170496,168192,2048,6.2500000000000000e-02,2654208,1327104,1327104,8.0000000000000000e+00,4.0000000000000000e+00,6.3262369999999457e-02,5.5548590270000009e+00,2.5704650200000057e-01,5.1482666230000005e+00,1.4954590199999984e-01,2097152,0,133728,5.2426562500000000e+02,4.2493801639999997e+00,2,3.7578659480000027e+00,2.0165848619999984e+00,1.4355368840000011e+00,3.0655652500000130e-01,10,10,0,0,0.0000000000000000e+00,0.0000000000000000e+00,0.0000000000000000e+00,0.0000000000000000e+00,0,0.0000000000000000e+00,0.0000000000000000e+00,0.0000000000000000e+00,0.0000000000000000e+00,3.7586782710000008e+00,9.3767996680000003e+00,1.0556774250999998e+01,6.4993750000000000e+02,1.2933476562500000e+03,6.4993750000000000e+02,1.2933476562500000e+03,3.9918137538580245e+00,2.3868746261584595e-04,4.3042205066210526e-01,nan
exp7_perf,r1,B_l2c,none,B_l2c,16,3,3,2,abc,2.9999999999999999e-01,2,1.8980468750000000e+01,1.0815810800000000e-01,2.5489944999999986e-02,9.4300051399999996e-01,1.0766485669999999e+00,5.2650604799999989e-01,1.9955078125000000e+02,3.9305859375000000e+02,1.9955078125000000e+02,3.9305859375000000e+02,4096,331776,331776,110592,110592,170496,168192,2048,6.2500000000000000e-02,2654208,1327104,1327104,8.0000000000000000e+00,4.0000000000000000e+00,4.9776319999999430e-02,4.9275580800000007e+00,2.0392443300000007e-01,4.5080065149999999e+00,2.1562713200000072e-01,2097152,0,133728,5.4429296875000000e+02,2.7100616032000001e+01,2,2.7007786433000000e+01,2.4196562800000052e+00,1.6317737250000022e+00,2.2957469289999992e+01,61,10,620,1,0.0000000000000000e+00,0.0000000000000000e+00,0.0000000000000000e+00,0.0000000000000000e+00,0,0.0000000000000000e+00,0.0000000000000000e+00,0.0000000000000000e+00,0.0000000000000000e+00,2.7008899294999999e+01,3.1986233694999999e+01,3.3062882261999988e+01,6.7007812500000000e+02,1.3327148437500000e+03,6.7007812500000000e+02,1.3327148437500000e+03,4.1133174189814818e+00,2.3626823422994957e-04,6.8656191842819680e-13,4.3042205066210526e-01
exp7_perf,r2,B_l2c,none,B_l2c,16,3,3,2,abc,2.9999999999999999e-01,2,1.9089843750000000e+01,1.2751977500000000e-01,2.8712321000000013e-02,9.0169439300000009e-01,1.0579264890000002e+00,4.4391588399999993e-01,1.9915234375000000e+02,3.9327734375000000e+02,1.9915234375000000e+02,3.9327734375000000e+02,4096,331776,331776,110592,110592,170496,168192,2048,6.2500000000000000e-02,2654208,1327104,1327104,8.0000000000000000e+00,4.0000000000000000e+00,6.0952313000000480e-02,5.8746228779999994e+00,2.6454781199999999e-01,5.3411993859999995e+00,2.6887567999999984e-01,2097152,0,133728,5.4369921875000000e+02,2.4333753964000000e+01,2,2.6200671268000008e+01,2.3324271970000012e+00,1.5498496170000067e+00,2.2319224144999993e+01,61,10,620,1,0.0000000000000000e+00,0.0000000000000000e+00,0.0000000000000000e+00,0.0000000000000000e+00,0,0.0000000000000000e+00,0.0000000000000000e+00,0.0000000000000000e+00,0.0000000000000000e+00,2.6201500959000001e+01,3.2137076149999999e+01,3.3195002639000002e+01,6.6942968750000000e+02,1.3329218750000000e+03,6.6942968750000000e+02,1.3329218750000000e+03,4.1139564043209873e+00,2.3626823422994957e-04,6.8656191842819680e-13,4.3042205066210526e-01
exp7_perf,r1,A_pt,none,A_pt,16,3,3,4,abc,2.9999999999999999e-01,2,1.9093750000000000e+01,1.1387566800000000e-01,1.4767884999999994e-02,5.2013968899999996e-01,6.4878324199999993e-01,2.7735706099999996e-01,1.1535156250000000e+02,4.4793750000000000e+02,1.1535156250000000e+02,4.4793750000000000e+02,4096,331776,331776,110592,110592,89253,86346,1031,6.2500000000000000e-02,2654208,1327104,1327104,8.0000000000000000e+00,4.0000000000000000e+00,3.2469288000000152e-02,9.2726963300000032e-01,1.4486100699999982e-01,7.8306522700000025e-01,0.0000000000000000e+00,589824,0,38544,1.4001953125000000e+02,4.5577666099999981e-01,2,4.6519481300000010e-01,3.6792673199999992e-01,9.7566278000000395e-02,0.0000000000000000e+00,0,0,0,0,0.0000000000000000e+00,0.0000000000000000e+00,0.0000000000000000e+00,0.0000000000000000e+00,0,6.8639179999996358e-04,1.7155396660000006e+00,6.3832469999995927e-04,2.0688410252699520e-09,4.6613133470000029e-01,1.4258702557000007e+00,2.0746534977000008e+00,1.6218750000000000e+02,6.3428125000000000e+02,1.6218750000000000e+02,6.3428125000000000e+02,1.9576581790123457e+00,1.4747418607451092e-03,7.4464878707658499e-12,nan
exp7_perf,r2,A_pt,none,A_pt,16,3,3,4,abc,2.9999999999999999e-01,2,1.9027343750000000e+01,1.0013997200000002e-01,1.3819493000000072e-02,4.8278408299999997e-01,5.9674354800000007e-01,2.4498788700000007e-01,1.1536328125000000e+02,4.4791406250000000e+02,1.1536328125000000e+02,4.4791406250000000e+02,4096,331776,331776,110592,110592,89253,86346,1031,6.2500000000000000e-02,2654208,1327104,1327104,8.0000000000000000e+00,4.0000000000000000e+00,3.1957153999999655e-02,9.8962525499999954e-01,1.4901933099999987e-01,8.4080748100000013e-01,0.0000000000000000e+00,589824,0,38544,1.3999609375000000e+02,4.8444889199999963e-01,2,4.8330055999999999e-01,3.7402356599999997e-01,1.0958841099999983e-01,0.0000000000000000e+00,0,0,0,0,0.0000000000000000e+00,0.0000000000000000e+00,0.0000000000000000e+00,0.0000000000000000e+00,0,8.9608939999994417e-04,1.6973548699999998e+00,7.6886610000004296e-04,2.7008867428624859e-09,4.8438084309999985e-01,1.5059632520999990e+00,2.1027068000999991e+00,1.6208984375000000e+02,6.3444531250000000e+02,1.6208984375000000e+02,6.3444531250000000e+02,1.9581645447530864e+00,1.4747418607451092e-03,7.4464878707658499e-12,nan
exp7_perf,r1,A_int,none,A_int,16,3,3,4,abc,2.9999999999999999e-01,2,1.8957031250000000e+01,9.0772279999999997e-02,1.5067563000000006e-02,4.4093939600000004e-01,5.4677923900000003e-01,2.0689951299999998e-01,1.1534375000000000e+02,4.4783593750000000e+02,1.1534375000000000e+02,4.4783593750000000e+02,4096,331776,331776,110592,110592,89253,86346,1031,6.2500000000000000e-02,2654208,1327104,1327104,8.0000000000000000e+00,4.0000000000000000e+00,3.0548164999999905e-02,4.6813897559999997e+00,7.6855700599999999e-01,3.9131024060000001e+00,0.0000000000000000e+00,2949120,0,193296,2.6786718750000000e+02,2.3482671560000004e+00,2,2.0564413659999996e+00,1.5420616559999996e+00,5.1741989900000007e-01,0.0000000000000000e+00,0,0,0,0,0.0000000000000000e+00,0.0000000000000000e+00,0.0000000000000000e+00,0.0000000000000000e+00,0,6.1654020000005976e-04,1.7773994020000021e+00,6.1786460000021746e-04,1.8583025896992541e-09,2.0600994195999998e+00,6.7720373405999990e+00,7.3188165795999991e+00,3.8175781250000000e+02,1.4469179687500000e+03,3.8175781250000000e+02,1.4469179687500000e+03,4.4657961998456788e+00,6.2313585935901551e-04,6.5369931689929217e-12,nan
exp7_perf,r2,A_int,none,A_int,16,3,3,4,abc,2.9999999999999999e-01,2,1.8906250000000000e+01,1.0730270700000001e-01,1.4517215000000000e-02,5.0021562999999991e-01,6.2203555199999994e-01,2.5704457399999991e-01,1.1501953125000000e+02,4.4716406250000000e+02,1.1501953125000000e+02,4.4716406250000000e+02,4096,331776,331776,110592,110592,89253,86346,1031,6.2500000000000000e-02,2654208,1327104,1327104,8.0000000000000000e+00,4.0000000000000000e+00,3.1846884000000131e-02,4.4596095009999992e+00,7.1792744599999958e-01,3.7419280910000001e+00,0.0000000000000000e+00,2949120,0,193296,2.6766796875000000e+02,2.3984518400000008e+00,2,2.3592054420000004e+00,1.8666651540000014e+00,4.9336358000000047e-01,0.0000000000000000e+00,0,0,0,0,0.0000000000000000e+00,0.0000000000000000e+00,0.0000000000000000e+00,0.0000000000000000e+00,0,6.0604459999993312e-04,1.8634849269999982e+00,6.6208159999980865e-04,1.8266679928624527e-09,2.3606908156000017e+00,6.8521472006000010e+00,7.4741827526000000e+00,3.8164843750000000e+02,1.4461679687500000e+03,3.8164843750000000e+02,1.4461679687500000e+03,4.4634813850308639e+00,6.2313585935901551e-04,6.5369931689929217e-12,nan
exp7_perf,r1,A_int,coulomb,A_int+coulomb,16,3,3,4,abc,2.9999999999999999e-01,2,1.8847656250000000e+01,1.3294809199999999e-01,1.5012658000000012e-02,4.8336268599999999e-01,6.3132343599999996e-01,2.3720557900000006e-01,1.1519531250000000e+02,4.4736718750000000e+02,1.1519531250000000e+02,4.4736718750000000e+02,4096,331776,331776,110592,110592,89253,86346,1031,6.2500000000000000e-02,2654208,1327104,1327104,8.0000000000000000e+00,4.0000000000000000e+00,3.1613925999999903e-02,4.6498925830000006e+00,7.7400666200000012e-01,3.8763106530000000e+00,0.0000000000000000e+00,2949120,0,193296,2.6775781250000000e+02,2.3558737299999990e+00,2,2.2174439049999997e+00,1.7161223880000005e+00,5.0348686599999937e-01,0.0000000000000000e+00,0,0,0,0,1.0131484375000000e+03,1.5694320752000001e+01,8.4433205999999927e-01,7.3444956899999880e-01,26,6.1187559999993364e-04,1.8471107000000018e+00,7.0560309999976310e-04,1.8442431037806641e-09,2.9547644260999983e+00,7.6362709350999989e+00,8.2675943710999995e+00,1.0131484375000000e+03,4.0230859375000000e+03,1.0131484375000000e+03,4.0230859375000000e+03,1.2416931905864198e+01,6.2313585935901692e-04,7.4464878707658499e-12,nan
exp7_perf,r2,A_int,coulomb,A_int+coulomb,16,3,3,4,abc,2.9999999999999999e-01,2,1.8957031250000000e+01,1.0235892200000000e-01,1.4577839999999995e-02,4.8053818599999998e-01,5.9747494800000001e-01,2.2652651500000004e-01,1.1500000000000000e+02,4.4704296875000000e+02,1.1500000000000000e+02,4.4704296875000000e+02,4096,331776,331776,110592,110592,89253,86346,1031,6.2500000000000000e-02,2654208,1327104,1327104,8.0000000000000000e+00,4.0000000000000000e+00,3.0295333000000202e-02,4.6628622820000007e+00,7.4749340900000050e-01,3.9156276990000007e+00,0.0000000000000000e+00,2949120,0,193296,2.6755468750000000e+02,2.3408017070000007e+00,2,2.4317324730000003e+00,1.9189263109999999e+00,5.1524940300000033e-01,0.0000000000000000e+00,0,0,0,0,1.0127734375000000e+03,1.5005472504000000e+01,7.9730945500000061e-01,6.3689539699999997e-01,26,6.4566910000039000e-04,1.8468156019999995e+00,6.4746890000009214e-04,1.9460994767565767e-09,3.0717185799000002e+00,7.7648761949000011e+00,8.3623511429000015e+00,1.0127734375000000e+03,4.0229960937500000e+03,1.0127734375000000e+03,4.0229960937500000e+03,1.2416654610339506e+01,6.2313585935901692e-04,7.4464878707658499e-12,nan
exp7_perf,r1,A_int,jacobi:20,A_int+jacobi:20,16,3,3,4,abc,2.9999999999999999e-01,2,1.9128906250000000e+01,1.0861260800000000e-01,1.4799642000000002e-02,4.7805112699999996e-01,6.0146337699999997e-01,2.3401495700000008e-01,1.1539453125000000e+02,4.4817968750000000e+02,1.1539453125000000e+02,4.4817968750000000e+02,4096,331776,331776,110592,110592,89253,86346,1031,6.2500000000000000e-02,2654208,1327104,1327104,8.0000000000000000e+00,4.0000000000000000e+00,2.9504078000000433e-02,4.6843502069999996e+00,7.4730861699999984e-01,3.9371851119999999e+00,0.0000000000000000e+00,2949120,0,193296,2.6790234375000000e+02,2.3716200079999989e+00,2,2.4426398949999992e+00,1.9113004270000005e+00,5.3335143700000032e-01,0.0000000000000000e+00,0,0,0,0,1.0125742187500000e+03,1.4476981802000001e+01,2.0693983099999969e-01,9.2657154000001185e-02,20,6.8745569999997260e-04,1.8502077740000011e+00,6.4279520000027897e-04,2.0720477068864914e-09,2.5379518132000021e+00,7.2518060982000021e+00,7.8532694752000012e+00,1.0125742187500000e+03,4.0220234375000000e+03,1.0125742187500000e+03,4.0220234375000000e+03,1.2413652584876543e+01,6.2313585935901551e-04,7.5601747084874660e-12,nan
exp7_perf,r2,A_int,jacobi:20,A_int+jacobi:20,16,3,3,4,abc,2.9999999999999999e-01,2,1.9152343750000000e+01,1.1640186800000001e-01,1.5008265999999992e-02,4.7834780300000002e-01,6.0975793700000003e-01,2.4292783599999995e-01,1.1545312500000000e+02,4.4851562500000000e+02,1.1545312500000000e+02,4.4851562500000000e+02,4096,331776,331776,110592,110592,89253,86346,1031,6.2500000000000000e-02,2654208,1327104,1327104,8.0000000000000000e+00,4.0000000000000000e+00,3.0269365000000104e-02,4.6169995539999995e+00,7.2530002600000021e-01,3.8924018519999999e+00,0.0000000000000000e+00,2949120,0,193296,2.6791796875000000e+02,2.4079234570000008e+00,2,2.3711917040000010e+00,1.8589545639999994e+00,5.1460527899999953e-01,0.0000000000000000e+00,0,0,0,0,1.0127812500000000e+03,1.4938504316000001e+01,1.8768549400000012e-01,7.7878467999997980e-02,20,6.0683610000005221e-04,1.8213930120000015e+00,8.4531699999956800e-04,1.8290536385996944e-09,2.4522836279999964e+00,7.0995525469999965e+00,7.7093104839999969e+00,1.0127812500000000e+03,4.0225507812500000e+03,1.0127812500000000e+03,4.0225507812500000e+03,1.2415280189043211e+01,6.2313585935901551e-04,7.5601747084874660e-12,nan
exp7_perf,r1,A_l2,coulomb,A_l2+coulomb,16,3,3,4,abc,2.9999999999999999e-01,2,1.8980468750000000e+01,1.1552741699999999e-01,1.6461118999999982e-02,4.7285812099999991e-01,6.0484665699999995e-01,2.2218623599999998e-01,1.1528515625000000e+02,4.4753125000000000e+02,1.1528515625000000e+02,4.4753125000000000e+02,4096,331776,331776,110592,110592,89253,86346,1031,6.2500000000000000e-02,2654208,1327104,1327104,8.0000000000000000e+00,4.0000000000000000e+00,3.1274181000000123e-02,3.0270185490000001e+00,1.2697509199999990e-01,2.8281955240000003e+00,7.1847932999999919e-02,2097152,0,133728,2.8714843750000000e+02,2.5717260639999990e+00,2,2.5069272140000010e+00,1.3358293440000004e+00,8.8706965899999979e-01,2.8632945700000079e-01,15,15,0,0,1.0011992187500000e+03,1.4353975774000000e+01,8.9804125600000262e-01,7.3035240300000126e-01,26,6.0264839999994995e-04,1.8859123399999973e+00,8.6394940000005254e-04,1.8164315682868861e-09,3.2404448124000025e+00,6.2987375424000032e+00,6.9035841994000027e+00,1.0011992187500000e+03,3.9724257812500000e+03,1.0011992187500000e+03,3.9724257812500000e+03,1.2260573398919753e+01,8.5641121807511402e-04,6.9917405198793858e-12,nan
exp7_perf,r2,A_l2,coulomb,A_l2+coulomb,16,3,3,4,abc,2.9999999999999999e-01,2,1.9039062500000000e+01,1.1956585900000005e-01,1.4259958000000017e-02,4.5074258299999992e-01,5.8456839999999999e-01,2.1726516900000004e-01,1.1532031250000000e+02,4.4760546875000000e+02,1.1532031250000000e+02,4.4760546875000000e+02,4096,331776,331776,110592,110592,89253,86346,1031,6.2500000000000000e-02,2654208,1327104,1327104,8.0000000000000000e+00,4.0000000000000000e+00,3.4061089000000155e-02,2.8984432849999999e+00,1.3098957099999975e-01,2.6654679560000005e+00,1.0198575799999965e-01,2097152,0,133728,2.8716015625000000e+02,2.5924659619999995e+00,2,2.5514176559999999e+00,1.3027360960000003e+00,9.5987298800000076e-01,2.8975664000000023e-01,15,15,0,0,1.0009960937500000e+03,1.4847897563000002e+01,8.7692166100000080e-01,6.7917521500000078e-01,26,6.8083170000008406e-04,1.8996675189999976e+00,7.0262819999982189e-04,2.0520824291090496e-09,3.2322435672000021e+00,6.1647479412000017e+00,6.7493163412000019e+00,1.0009960937500000e+03,3.9728125000000000e+03,1.0009960937500000e+03,3.9728125000000000e+03,1.2261766975308642e+01,8.5641121807511402e-04,6.9917405198793858e-12,nan
exp7_perf,r1,B_l2,none,B_l2,16,3,3,4,abc,2.9999999999999999e-01,2,1.9058593750000000e+01,1.3983074100000001e-01,2.7000389999999985e-02,4.8517942700000005e-01,6.5201055800000007e-01,2.5158676299999999e-01,1.1511718750000000e+02,4.4741796875000000e+02,1.1511718750000000e+02,4.4741796875000000e+02,4096,331776,331776,110592,110592,89253,86346,1031,6.2500000000000000e-02,2654208,1327104,1327104,8.0000000000000000e+00,4.0000000000000000e+00,3.1440965999999904e-02,2.7398621800000003e+00,1.2186548300000011e-01,2.5145075419999996e+00,1.0348915500000055e-01,2097152,0,133728,2.8715625000000000e+02,2.3253444900000000e+00,2,2.2241502600000000e+00,1.1870630420000001e+00,8.2234168699999977e-01,2.1523158399999964e-01,10,10,0,0,0.0000000000000000e+00,0.0000000000000000e+00,0.0000000000000000e+00,0.0000000000000000e+00,0,0.0000000000000000e+00,0.0000000000000000e+00,0.0000000000000000e+00,0.0000000000000000e+00,2.2246363129999995e+00,4.9959394589999997e+00,5.6479500169999994e+00,3.7225781250000000e+02,1.4274414062500000e+03,3.7225781250000000e+02,1.4274414062500000e+03,4.4056833526234565e+00,2.3868746261584679e-04,4.3042205066194583e-01,nan
exp7_perf,r2,B_l2,none,B_l2,16,3,3,4,abc,2.9999999999999999e-01,2,1.8941406250000000e+01,1.2761163900000000e-01,1.4282234000000005e-02,4.6226968400000001e-01,6.0416355700000002e-01,2.3642847600000005e-01,1.1493359375000000e+02,4.4748828125000000e+02,1.1493359375000000e+02,4.4748828125000000e+02,4096,331776,331776,110592,110592,89253,86346,1031,6.2500000000000000e-02,2654208,1327104,1327104,8.0000000000000000e+00,4.0000000000000000e+00,3.1128030000000084e-02,2.8429989829999998e+00,1.2975200200000003e-01,2.6286861899999998e+00,8.4560790999999913e-02,2097152,0,133728,2.8692968750000000e+02,2.2001384199999992e+00,2,2.1751414290000000e+00,1.1919568020000000e+00,8.1348228899999953e-01,1.7084645599999959e-01,10,10,0,0,0.0000000000000000e+00,0.0000000000000000e+00,0.0000000000000000e+00,0.0000000000000000e+00,0,0.0000000000000000e+00,0.0000000000000000e+00,0.0000000000000000e+00,0.0000000000000000e+00,2.1762855469999991e+00,5.0504125599999989e+00,5.6545761169999986e+00,3.7223828125000000e+02,1.4272304687500000e+03,3.7223828125000000e+02,1.4272304687500000e+03,4.4050323109567904e+00,2.3868746261584679e-04,4.3042205066194583e-01,nan
exp7_perf,r1,B_l2c,none,B_l2c,16,3,3,4,abc,2.9999999999999999e-01,2,1.9234375000000000e+01,1.1715347499999995e-01,1.3783207999999991e-02,4.6199804900000008e-01,5.9293473200000002e-01,2.2273768199999999e-01,1.1537500000000000e+02,4.4798828125000000e+02,1.1537500000000000e+02,4.4798828125000000e+02,4096,331776,331776,110592,110592,89253,86346,1031,6.2500000000000000e-02,2654208,1327104,1327104,8.0000000000000000e+00,4.0000000000000000e+00,3.0762293999999635e-02,2.7552518429999995e+00,1.0715867600000006e-01,2.5314544310000002e+00,1.1663873599999919e-01,2097152,0,133728,2.9751171875000000e+02,1.3482224384999999e+01,2,1.3557031111000001e+01,1.1810216889999978e+00,7.7945999800000010e-01,1.1597708031000003e+01,61,10,620,1,0.0000000000000000e+00,0.0000000000000000e+00,0.0000000000000000e+00,0.0000000000000000e+00,0,0.0000000000000000e+00,0.0000000000000000e+00,0.0000000000000000e+00,0.0000000000000000e+00,1.3558189718000001e+01,1.6344203855000000e+01,1.6937138587000003e+01,3.8386328125000000e+02,1.4756523437500000e+03,3.8386328125000000e+02,1.4756523437500000e+03,4.5544825424382713e+00,2.3626823422994992e-04,7.9580786405131221e-13,4.3042205066194583e-01
exp7_perf,r2,B_l2c,none,B_l2c,16,3,3,4,abc,2.9999999999999999e-01,2,1.8968750000000000e+01,1.3520820400000003e-01,2.3790135999999990e-02,5.1639114200000003e-01,6.7538948200000004e-01,2.6824107899999999e-01,1.1521875000000000e+02,4.4787500000000000e+02,1.1521875000000000e+02,4.4787500000000000e+02,4096,331776,331776,110592,110592,89253,86346,1031,6.2500000000000000e-02,2654208,1327104,1327104,8.0000000000000000e+00,4.0000000000000000e+00,3.2735493999999754e-02,2.9918202029999996e+00,1.3888642999999989e-01,2.7183884290000000e+00,1.3454534399999973e-01,2097152,0,133728,2.9753906250000000e+02,1.3911469399000001e+01,2,1.3929230529000002e+01,1.1889994109999975e+00,8.7707274200000285e-01,1.1864732950000004e+01,61,10,620,1,0.0000000000000000e+00,0.0000000000000000e+00,0.0000000000000000e+00,0.0000000000000000e+00,0,0.0000000000000000e+00,0.0000000000000000e+00,0.0000000000000000e+00,0.0000000000000000e+00,1.3930805103000004e+01,1.6955360800000005e+01,1.7630750282000005e+01,3.8390234375000000e+02,1.4757968750000000e+03,3.8390234375000000e+02,1.4757968750000000e+03,4.5549286265432096e+00,2.3626823422994992e-04,7.9580786405131221e-13,4.3042205066194583e-01
exp7_perf,r1,A_pt,none,A_pt,24,2,2,1,abc,2.9999999999999999e-01,2,1.8566406250000000e+01,3.3723749599999997e-01,8.0631650000000055e-02,1.0834820139999999e+00,1.5013511600000000e+00,5.2589167300000006e-01,3.5024609375000000e+02,3.5024609375000000e+02,3.5024609375000000e+02,3.5024609375000000e+02,13824,331776,331776,110592,110592,331776,331776,13824,4.1666666666666664e-02,1990656,995328,995328,6.0000000000000000e+00,3.0000000000000000e+00,1.4208068199999957e-01,2.8775997580000006e+00,3.0808779000000008e-01,2.5695036720000006e+00,8.2959999998521994e-06,746496,0,45888,4.8773828125000000e+02,1.2551656319999989e+00,2,9.9281283600000059e-01,7.3459701400000021e-01,2.5821335100000020e-01,0.0000000000000000e+00,0,0,0,0,0.0000000000000000e+00,0.0000000000000000e+00,0.0000000000000000e+00,0.0000000000000000e+00,0,1.6001959000000454e-03,2.4957453510000001e+00,1.8292515999998927e-03,4.8231213228203532e-09,9.9463961660000033e-01,4.0143200566000008e+00,5.5156712166000013e+00,4.8846875000000000e+02,4.8846875000000000e+02,4.8846875000000000e+02,4.8846875000000000e+02,1.5076195987654322e+00,4.9859237887824844e-03,4.6824766286590602e-12,nan
exp7_perf,r2,A_pt,none,A_pt,24,2,2,1,abc,2.9999999999999999e-01,2,1.8628906250000000e+01,3.3224882499999997e-01,7.6270388999999938e-02,9.3591783200000001e-01,1.3444370459999999e+00,4.5589780400000002e-01,3.5043750000000000e+02,3.5043750000000000e+02,3.5043750000000000e+02,3.5043750000000000e+02,13824,331776,331776,110592,110592,331776,331776,13824,4.1666666666666664e-02,1990656,995328,995328,6.0000000000000000e+00,3.0000000000000000e+00,1.7070626000000022e-01,2.5293986349999997e+00,3.5176633600000073e-01,2.1776220389999992e+00,1.0259999999817637e-05,746496,0,45888,4.8791406250000000e+02,9.7795807899999865e-01,2,1.0564959800000011e+00,8.2759409899999881e-01,2.2889907599999937e-01,0.0000000000000000e+00,0,0,0,0,0.0000000000000000e+00,0.0000000000000000e+00,0.0000000000000000e+00,0.0000000000000000e+00,0,1.3807803999998924e-03,2.2899951049999991e+00,1.5311631000001213e-03,4.1617850597990583e-09,1.0580243380999983e+00,3.7581292330999982e+00,5.1025662790999995e+00,4.8864453125000000e+02,4.8864453125000000e+02,4.8864453125000000e+02,4.8864453125000000e+02,1.5081621334876543e+00,4.9859237887824844e-03,4.6824766286590602e-12,nan
exp7_perf,r1,A_int,none,A_int,24,2,2,1,abc,2.9999999999999999e-01,2,1.8636718750000000e+01,3.2705268300000001e-01,7.8229780000000027e-02,9.8757134900000010e-01,1.3928538120000002e+00,4.4497313000000005e-01,3.5044921875000000e+02,3.5044921875000000e+02,3.5044921875000000e+02,3.5044921875000000e+02,13824,331776,331776,110592,110592,331776,331776,13824,4.1666666666666664e-02,1990656,995328,995328,6.0000000000000000e+00,3.0000000000000000e+00,1.8401023599999977e-01,1.1683685565000001e+01,1.5080784710000001e+00,1.0175598595000000e+01,8.4989999997731047e-06,2985984,0,184560,8.8726171875000000e+02,4.7225367230000010e+00,2,3.7131802089999972e+00,2.8850421829999995e+00,8.2813467199999735e-01,0.0000000000000000e+00,0,0,0,0,0.0000000000000000e+00,0.0000000000000000e+00,0.0000000000000000e+00,0.0000000000000000e+00,0,1.3078639000003278e-03,2.6788107380000028e+00,1.8685312999998870e-03,3.9420087649508339e-09,3.7150453862999968e+00,1.5582741187299996e+01,1.6975594999299997e+01,8.9241406250000000e+02,8.9241406250000000e+02,8.9241406250000000e+02,8.9241406250000000e+02,2.7543643904320989e+00,3.2803856592843444e-03,4.2916781239910051e-12,nan
exp7_perf,r2,A_int,none,A_int,24,2,2,1,abc,2.9999999999999999e-01,2,1.8632812500000000e+01,2.8221833299999999e-01,6.4898894000000040e-02,9.6952524000000007e-01,1.3166424670000001e+00,5.1572337199999985e-01,3.5027343750000000e+02,3.5027343750000000e+02,3.5027343750000000e+02,3.5027343750000000e+02,13824,331776,331776,110592,110592,331776,331776,13824,4.1666666666666664e-02,1990656,995328,995328,6.0000000000000000e+00,3.0000000000000000e+00,1.5010441299999933e-01,1.0814621240999999e+01,1.4817182859999996e+00,9.3328941580000020e+00,8.7969999977843827e-06,2985984,0,184560,8.8717968750000000e+02,4.6430798630000005e+00,2,3.9973217260000027e+00,2.9894393639999990e+00,1.0078791379999998e+00,0.0000000000000000e+00,0,0,0,0,0.0000000000000000e+00,0.0000000000000000e+00,0.0000000000000000e+00,0.0000000000000000e+00,0,1.6409381000002555e-03,2.8472587180000026e+00,1.9209198000005756e-03,4.9459216459305542e-09,3.9992394217999996e+00,1.4963965075799997e+01,1.6280607542799999e+01,8.9230468750000000e+02,8.9230468750000000e+02,8.9230468750000000e+02,8.9230468750000000e+02,2.7540268132716048e+00,3.2803856592843444e-03,4.2916781239910051e-12,nan
exp7_perf,r1,A_int,coulomb,A_int+coulomb,24,2,2,1,abc,2.9999999999999999e-01,2,1.8863281250000000e+01,2.7890769299999996e-01,6.8531982999999963e-02,9.5643281300000005e-01,1.3038724890000000e+00,4.5710269700000006e-01,3.5058203125000000e+02,3.5058203125000000e+02,3.5058203125000000e+02,3.5058203125000000e+02,13824,331776,331776,110592,110592,331776,331776,13824,4.1666666666666664e-02,1990656,995328,995328,6.0000000000000000e+00,3.0000000000000000e+00,1.4698641299999959e-01,9.9887340370000004e+00,1.3161130239999999e+00,8.6726121110000012e+00,8.9019999993666943e-06,2985984,0,184560,8.8751562500000000e+02,4.5291422009999991e+00,2,3.8676412989999989e+00,3.0415546590000027e+00,8.2608345499999913e-01,0.0000000000000000e+00,0,0,0,0,2.3254062500000000e+03,1.3743259563999995e+01,1.2844229840000025e+00,9.6682081600000203e-01,16,1.6151666000006060e-03,2.7180779420000007e+00,1.8985025999995742e-03,4.8682442370774439e-09,4.8363574326000034e+00,1.4972077882600004e+01,1.6275950371600004e+01,2.3254062500000000e+03,2.3254062500000000e+03,2.3254062500000000e+03,2.3254062500000000e+03,7.1771797839506171e+00,3.2803856592843435e-03,5.2864379540551454e-12,nan
exp7_perf,r2,A_int,coulomb,A_int+coulomb,24,2,2,1,abc,2.9999999999999999e-01,2,1.8511718750000000e+01,3.0637315899999995e-01,7.7579546000000055e-02,1.0905791899999999e+00,1.4745318949999999e+00,5.3458833300000008e-01,3.5004296875000000e+02,3.5004296875000000e+02,3.5004296875000000e+02,3.5004296875000000e+02,13824,331776,331776,110592,110592,331776,331776,13824,4.1666666666666664e-02,1990656,995328,995328,6.0000000000000000e+00,3.0000000000000000e+00,1.7716136399999982e-01,1.0479628709000000e+01,1.5489342250000000e+00,8.9306846330000003e+00,9.8509999997276054e-06,2985984,0,184560,8.8680859375000000e+02,4.6448737310000006e+00,2,3.8783044579999988e+00,2.9899329259999980e+00,8.8836910699999905e-01,0.0000000000000000e+00,0,0,0,0,2.3248046875000000e+03,1.2359703430000003e+01,1.2115760479999977e+00,8.8526076600000181e-01,16,1.3624939999999698e-03,2.8254875679999998e+00,1.9039119999995080e-03,4.1066683545523779e-09,4.7654667109999984e+00,1.5422256783999998e+01,1.6896788679000000e+01,2.3248046875000000e+03,2.3248046875000000e+03,2.3248046875000000e+03,2.3248046875000000e+03,7.1753231095679011e+00,3.2803856592843435e-03,5.2864379540551454e-12,nan
exp7_perf,r1,A_int,jacobi:20,A_int+jacobi:20,24,2,2,1,abc,2.9999999999999999e-01,2,1.8671875000000000e+01,2.6217513999999997e-01,6.5698013000000000e-02,1.0137204979999999e+00,1.3415936509999997e+00,5.2514329999999998e-01,3.5018359375000000e+02,3.5018359375000000e+02,3.5018359375000000e+02,3.5018359375000000e+02,13824,331776,331776,110592,110592,331776,331776,13824,4.1666666666666664e-02,1990656,995328,995328,6.0000000000000000e+00,3.0000000000000000e+00,1.5871161000000011e-01,1.0592407186999999e+01,1.2509112750000000e+00,9.3414882870000007e+00,7.6249999985122940e-06,2985984,0,184560,8.8708593750000000e+02,4.6893560550000011e+00,2,4.0088844439999995e+00,3.1720995900000020e+00,8.3678218400000048e-01,0.0000000000000000e+00,0,0,0,0,2.3244843750000000e+03,1.4337867970999998e+01,5.6384562499999902e-01,2.5505148399999911e-01,20,1.6671980000005249e-03,2.7624055460000037e+00,1.8180392999994411e-03,5.0250711323318289e-09,4.2657512973000014e+00,1.5016870094300002e+01,1.6358463745300003e+01,2.3244843750000000e+03,2.3244843750000000e+03,2.3244843750000000e+03,2.3244843750000000e+03,7.1743344907407405e+00,3.2803856592843431e-03,4.4906300900038332e-12,nan
exp7_perf,r2,A_int,jacobi:20,A_int+jacobi:20,24,2,2,1,abc,2.9999999999999999e-01,2,1.8820312500000000e+01,3.2721892300000011e-01,8.3243955000000036e-02,1.1111274500000001e+00,1.5215903280000003e+00,5.5285687699999997e-01,3.5021093750000000e+02,3.5021093750000000e+02,3.5021093750000000e+02,3.5021093750000000e+02,13824,331776,331776,110592,110592,331776,331776,13824,4.1666666666666664e-02,1990656,995328,995328,6.0000000000000000e+00,3.0000000000000000e+00,1.7618478199999998e-01,1.0655237610999999e+01,1.5561733430000002e+00,9.0990540690000010e+00,1.0198999998323188e-05,2985984,0,184560,8.8710937500000000e+02,3.7046624900000005e+00,2,3.6899329220000006e+00,2.8836188480000011e+00,8.0631134600000109e-01,0.0000000000000000e+00,0,0,0,0,2.3246679687500000e+03,1.2980694943000003e+01,5.5118131500000089e-01,2.2478523099999848e-01,20,1.6800377999999228e-03,2.8284200599999991e+00,1.8513774000005867e-03,5.0637713396988409e-09,3.9165668024000011e+00,1.4747989195399999e+01,1.6269579523400001e+01,2.3246679687500000e+03,2.3246679687500000e+03,2.3246679687500000e+03,2.3246679687500000e+03,7.1749011381172840e+00,3.2803856592843431e-03,4.4906300900038332e-12,nan
exp7_perf,r1,A_l2,coulomb,A_l2+coulomb,24,2,2,1,abc,2.9999999999999999e-01,2,1.8894531250000000e+01,2.6159378000000000e-01,6.5854816999999954e-02,9.0324677700000000e-01,1.2306953740000000e+00,4.5182916000000006e-01,3.5046093750000000e+02,3.5046093750000000e+02,3.5046093750000000e+02,3.5046093750000000e+02,13824,331776,331776,110592,110592,331776,331776,13824,4.1666666666666664e-02,1990656,995328,995328,6.0000000000000000e+00,3.0000000000000000e+00,1.7499610799999932e-01,9.6173869809999992e+00,3.4944114700000029e-01,8.9115657709999994e+00,3.5638006299999958e-01,2985984,0,178848,1.2510898437500000e+03,7.3640400669999995e+00,2,6.8736988730000022e+00,2.9150226879999970e+00,2.0714890380000028e+00,1.8871770559999987e+00,19,19,0,0,2.4875859375000000e+03,1.4462524911000003e+01,1.1009854929999960e+00,8.1301379500000337e-01,16,1.4147817000001340e-03,2.4071039850000062e+00,1.7524080999997693e-03,4.2642677589703108e-09,7.6884549851000017e+00,1.7480838074099999e+01,1.8711533448099999e+01,2.4875859375000000e+03,2.4875859375000000e+03,2.4875859375000000e+03,2.4875859375000000e+03,7.6777343750000000e+00,3.8290673958244932e-03,5.1727511163335294e-12,nan
exp7_perf,r2,A_l2,coulomb,A_l2+coulomb,24,2,2,1,abc,2.9999999999999999e-01,2,1.8535156250000000e+01,3.1163296799999995e-01,7.8200790999999992e-02,1.0673486010000000e+00,1.4571823600000000e+00,4.6273329300000010e-01,3.5017578125000000e+02,3.5017578125000000e+02,3.5017578125000000e+02,3.5017578125000000e+02,13824,331776,331776,110592,110592,331776,331776,13824,4.1666666666666664e-02,1990656,995328,995328,6.0000000000000000e+00,3.0000000000000000e+00,1.7953751399999973e-01,8.9488220779999992e+00,3.6497474200000024e-01,8.2404623420000007e+00,3.4338499399999733e-01,2985984,0,178848,1.2505234375000000e+03,7.5192784010000011e+00,2,7.2558110130000024e+00,3.0645283869999957e+00,2.2295733449999986e+00,1.9616992220000000e+00,19,19,0,0,2.4870585937500000e+03,1.4872095514999998e+01,1.1511112359999984e+00,7.8184494500000312e-01,16,1.3442672000003597e-03,2.4750486499999980e+00,1.5728129999999397e-03,4.0517312885813308e-09,8.0392187119999967e+00,1.7167578303999996e+01,1.8624760663999993e+01,2.4870585937500000e+03,2.4870585937500000e+03,2.4870585937500000e+03,2.4870585937500000e+03,7.6761067708333330e+00,3.8290673958244932e-03,5.1727511163335294e-12,nan
exp7_perf,r1,B_l2,none,B_l2,24,2,2,1,abc,2.9999999999999999e-01,2,1.8531250000000000e+01,3.5972940200000003e-01,7.8832892999999959e-02,1.0268015530000001e+00,1.4653638480000000e+00,4.6827000900000004e-01,3.5036328125000000e+02,3.5036328125000000e+02,3.5036328125000000e+02,3.5036328125000000e+02,13824,331776,331776,110592,110592,331776,331776,13824,4.1666666666666664e-02,1990656,995328,995328,6.0000000000000000e+00,3.0000000000000000e+00,1.8070736700000012e-01,1.0327931503999999e+01,3.7389808899999988e-01,9.5591046870000014e+00,3.9492872799999645e-01,2985984,0,178848,1.2509726562500000e+03,6.6638240650000000e+00,2,6.5822563219999992e+00,3.0077195889999970e+00,2.2695883319999979e+00,1.3049382390000019e+00,12,12,0,0,0.0000000000000000e+00,0.0000000000000000e+00,0.0000000000000000e+00,0.0000000000000000e+00,0,0.0000000000000000e+00,0.0000000000000000e+00,0.0000000000000000e+00,0.0000000000000000e+00,6.5822461599999968e+00,1.7090885030999996e+01,1.8556248878999998e+01,1.2550976562500000e+03,1.2550976562500000e+03,1.2550976562500000e+03,1.2550976562500000e+03,3.8737581983024691e+00,2.9309893082465339e-03,1.0248270938646442e+00,nan
exp7_perf,r2,B_l2,none,B_l2,24,2,2,1,abc,2.9999999999999999e-01,2,1.8769531250000000e+01,3.5094110800000000e-01,8.5385470000000019e-02,1.1265975340000001e+00,1.5629241120000001e+00,5.5653251999999998e-01,3.5030468750000000e+02,3.5030468750000000e+02,3.5030468750000000e+02,3.5030468750000000e+02,13824,331776,331776,110592,110592,331776,331776,13824,4.1666666666666664e-02,1990656,995328,995328,6.0000000000000000e+00,3.0000000000000000e+00,1.4235065200000019e-01,9.3992224540000002e+00,2.8128859299999931e-01,8.8044518239999991e+00,3.1348203700000177e-01,2985984,0,178848,1.2509960937500000e+03,5.8700045489999990e+00,2,6.4895557630000020e+00,2.9360822950000021e+00,2.3420285869999979e+00,1.2114329799999979e+00,12,12,0,0,0.0000000000000000e+00,0.0000000000000000e+00,0.0000000000000000e+00,0.0000000000000000e+00,0,0.0000000000000000e+00,0.0000000000000000e+00,0.0000000000000000e+00,0.0000000000000000e+00,6.4895438619999979e+00,1.6031116967999999e+01,1.7594041079999997e+01,1.2550195312500000e+03,1.2550195312500000e+03,1.2550195312500000e+03,1.2550195312500000e+03,3.8735170717592591e+00,2.9309893082465339e-03,1.0248270938646442e+00,nan
exp7_perf,r1,B_l2c,none,B_l2c,24,2,2,1,abc,2.9999999999999999e-01,2,1.8480468750000000e+01,2.9449374699999997e-01,6.7693637000000029e-02,9.9733123199999985e-01,1.3595186159999999e+00,4.9150442999999999e-01,3.5026953125000000e+02,3.5026953125000000e+02,3.5026953125000000e+02,3.5026953125000000e+02,13824,331776,331776,110592,110592,331776,331776,13824,4.1666666666666664e-02,1990656,995328,995328,6.0000000000000000e+00,3.0000000000000000e+00,1.7687298700000031e-01,9.3270346100000019e+00,3.5765277300000076e-01,8.4578298869999990e+00,5.1155195000000120e-01,2985984,0,178848,1.2751640625000000e+03,5.2877251411000003e+01,2,5.3530626053999995e+01,2.9762066659999959e+00,1.8740724159999900e+00,4.8680337949999995e+01,32,12,462,1,0.0000000000000000e+00,0.0000000000000000e+00,0.0000000000000000e+00,0.0000000000000000e+00,0,0.0000000000000000e+00,0.0000000000000000e+00,0.0000000000000000e+00,0.0000000000000000e+00,5.3530617031999981e+01,6.3034524628999982e+01,6.4394043244999978e+01,1.3003320312500000e+03,1.3003320312500000e+03,1.3003320312500000e+03,1.3003320312500000e+03,4.0133704668209873e+00,2.9285667960334957e-03,7.9580786405131221e-13,1.0248270938646442e+00
exp7_perf,r2,B_l2c,none,B_l2c,24,2,2,1,abc,2.9999999999999999e-01,2,1.8582031250000000e+01,3.2795368300000005e-01,7.2252010000000033e-02,1.1072669310000001e+00,1.5074726240000000e+00,5.7634105600000007e-01,3.5033984375000000e+02,3.5033984375000000e+02,3.5033984375000000e+02,3.5033984375000000e+02,13824,331776,331776,110592,110592,331776,331776,13824,4.1666666666666664e-02,1990656,995328,995328,6.0000000000000000e+00,3.0000000000000000e+00,1.8366713299999926e-01,9.9808629680000003e+00,3.7793254400000009e-01,9.1408181969999998e+00,4.6211222700000043e-01,2985984,0,178848,1.2752968750000000e+03,5.2948987357000007e+01,2,5.3548059854000016e+01,2.8172288409999879e+00,2.0473480969999969e+00,4.8683476421999998e+01,32,12,462,1,0.0000000000000000e+00,0.0000000000000000e+00,0.0000000000000000e+00,0.0000000000000000e+00,0,0.0000000000000000e+00,0.0000000000000000e+00,0.0000000000000000e+00,0.0000000000000000e+00,5.3548053359999983e+01,6.3712583460999980e+01,6.5220056084999982e+01,1.3003906250000000e+03,1.3003906250000000e+03,1.3003906250000000e+03,1.3003906250000000e+03,4.0135513117283947e+00,2.9285667960334957e-03,7.9580786405131221e-13,1.0248270938646442e+00
exp7_perf,r1,A_pt,none,A_pt,24,2,2,2,abc,2.9999999999999999e-01,2,1.8906250000000000e+01,2.8180457799999992e-01,4.3463306999999896e-02,5.1735793200000002e-01,8.4262581699999983e-01,2.5458650099999991e-01,1.9012109375000000e+02,3.7957421875000000e+02,1.9012109375000000e+02,3.7957421875000000e+02,13824,331776,331776,110592,110592,170880,168384,6912,4.1666666666666664e-02,1990656,995328,995328,6.0000000000000000e+00,3.0000000000000000e+00,9.3085199999999979e-02,1.4377577720000003e+00,1.8965611799999982e-01,1.2483067240000003e+00,0.0000000000000000e+00,746496,0,45888,2.6194921875000000e+02,6.5292637300000056e-01,2,6.2297656199999984e-01,4.9400568999999983e-01,1.2992772100000050e-01,0.0000000000000000e+00,0,0,0,0,0.0000000000000000e+00,0.0000000000000000e+00,0.0000000000000000e+00,0.0000000000000000e+00,0,8.6265640000000583e-04,1.2629303080000005e+00,1.0136500999999853e-03,2.6001169463734745e-09,6.2494706110000031e-01,2.1557900331000006e+00,2.9984158501000002e+00,3.0826953125000000e+02,6.1080859375000000e+02,3.0826953125000000e+02,6.1080859375000000e+02,1.8852117091049383e+00,4.9859237887824948e-03,4.6824766286590602e-12,nan
exp7_perf,r2,A_pt,none,A_pt,24,2,2,2,abc,2.9999999999999999e-01,2,1.8726562500000000e+01,2.7508451200000000e-01,4.2167145999999989e-02,5.4795311000000002e-01,8.6520476800000001e-01,2.7700394800000006e-01,1.8976171875000000e+02,3.7944921875000000e+02,1.8976171875000000e+02,3.7944921875000000e+02,13824,331776,331776,110592,110592,170880,168384,6912,4.1666666666666664e-02,1990656,995328,995328,6.0000000000000000e+00,3.0000000000000000e+00,9.4993980000000366e-02,1.5469390820000002e+00,1.9677292700000004e-01,1.3503781920000004e+00,0.0000000000000000e+00,746496,0,45888,2.6192187500000000e+02,6.5476054099999992e-01,2,6.2008008300000039e-01,4.9369312999999959e-01,1.2676184099999954e-01,0.0000000000000000e+00,0,0,0,0,0.0000000000000000e+00,0.0000000000000000e+00,0.0000000000000000e+00,0.0000000000000000e+00,0,1.3345447999999927e-03,1.3790805290000012e+00,1.0928425999999548e-03,4.0224271797839284e-09,6.2154781359999911e-01,2.2634808755999996e+00,3.1286856435999995e+00,3.0847265625000000e+02,6.1085546875000000e+02,3.0847265625000000e+02,6.1085546875000000e+02,1.8853563850308641e+00,4.9859237887824948e-03,4.6824766286590602e-12,nan
exp7_perf,r1,A_int,none,A_int,24,2,2,2,abc,2.9999999999999999e-01,2,1.8925781250000000e+01,3.3923283900000001e-01,4.1578895000000005e-02,5.4098298499999997e-01,9.2179471899999998e-01,2.6435537800000009e-01,1.9010546875000000e+02,3.7963671875000000e+02,1.9010546875000000e+02,3.7963671875000000e+02,13824,331776,331776,110592,110592,170880,168384,6912,4.1666666666666664e-02,1990656,995328,995328,6.0000000000000000e+00,3.0000000000000000e+00,1.0105309000000018e-01,5.7471696909999999e+00,7.3363003999999998e-01,5.0136010199999994e+00,0.0000000000000000e+00,2985984,0,184560,4.7837109375000000e+02,2.5728208949999996e+00,2,2.0830606920000019e+00,1.6467817060000005e+00,4.3645444700000091e-01,0.0000000000000000e+00,0,0,0,0,0.0000000000000000e+00,0.0000000000000000e+00,0.0000000000000000e+00,0.0000000000000000e+00,0,8.4723699999997846e-04,1.3020312430000018e+00,1.1790845000000162e-03,2.5536416136187624e-09,2.0844152375000013e+00,7.9326380185000023e+00,8.8544327375000034e+00,7.2738281250000000e+02,1.3794882812500000e+03,7.2738281250000000e+02,1.3794882812500000e+03,4.2576798804012341e+00,3.2803856592843509e-03,4.2916781239910051e-12,nan
exp7_perf,r2,A_int,none,A_int,24,2,2,2,abc,2.9999999999999999e-01,2,1.8746093750000000e+01,2.7966057099999997e-01,4.0611563999999989e-02,5.5106015099999994e-01,8.7133228599999990e-01,2.7093481500000005e-01,1.8969531250000000e+02,3.7934375000000000e+02,1.8969531250000000e+02,3.7934375000000000e+02,13824,331776,331776,110592,110592,170880,168384,6912,4.1666666666666664e-02,1990656,995328,995328,6.0000000000000000e+00,3.0000000000000000e+00,9.9312193000000271e-02,5.5890833349999998e+00,7.8936726400000046e-01,4.8001669150000001e+00,0.0000000000000000e+00,2985984,0,184560,4.7800781250000000e+02,2.3148817099999999e+00,2,2.4464555300000015e+00,1.9170265780000015e+00,5.3040008199999811e-01,0.0000000000000000e+00,0,0,0,0,0.0000000000000000e+00,0.0000000000000000e+00,0.0000000000000000e+00,0.0000000000000000e+00,0,9.6112109999992870e-04,1.4119021699999976e+00,1.0334244000002712e-03,2.8968976056132111e-09,2.4484600843999997e+00,8.1368556123999998e+00,9.0081878984000010e+00,7.2751171875000000e+02,1.3792695312500000e+03,7.2751171875000000e+02,1.3792695312500000e+03,4.2570047260802468e+00,3.2803856592843509e-03,4.2916781239910051e-12,nan
exp7_perf,r1,A_int,coulomb,A_int+coulomb,24,2,2,2,abc,2.9999999999999999e-01,2,1.8796875000000000e+01,3.0688581900000006e-01,4.2227705000000004e-02,5.1244066999999993e-01,8.6155419400000000e-01,2.3652638800000003e-01,1.8972656250000000e+02,3.7941406250000000e+02,1.8972656250000000e+02,3.7941406250000000e+02,13824,331776,331776,110592,110592,170880,168384,6912,4.1666666666666664e-02,1990656,995328,995328,6.0000000000000000e+00,3.0000000000000000e+00,9.4638035000000009e-02,5.8302548029999990e+00,8.2780212999999980e-01,5.0025224760000011e+00,0.0000000000000000e+00,2985984,0,184560,4.7802734375000000e+02,2.6741441280000000e+00,2,2.1102654180000009e+00,1.6868778300000002e+00,4.2339673400000066e-01,0.0000000000000000e+00,0,0,0,0,1.2815429687500000e+03,7.6122765339999994e+00,5.9353089599999720e-01,4.4508394100000004e-01,19,8.1906189999969570e-04,1.3062936860000001e+00,9.2747630000005192e-04,2.4687195577730026e-09,2.5562859813000012e+00,8.4811788193000002e+00,9.3427330133000002e+00,1.2815429687500000e+03,2.5620117187500000e+03,1.2815429687500000e+03,2.5620117187500000e+03,7.9074435763888893e+00,3.2803856592843504e-03,5.4143356464919634e-12,nan
exp7_perf,r2,A_int,coulomb,A_int+coulomb,24,2,2,2,abc,2.9999999999999999e-01,2,1.8796875000000000e+01,2.9667525600000000e-01,3.6173404999999992e-02,5.4609106200000002e-01,8.7893972300000001e-01,3.0602831300000000e-01,1.8996484375000000e+02,3.7987890625000000e+02,1.8996484375000000e+02,3.7987890625000000e+02,13824,331776,331776,110592,110592,170880,168384,6912,4.1666666666666664e-02,1990656,995328,995328,6.0000000000000000e+00,3.0000000000000000e+00,9.2465438999999705e-02,5.7014116369999996e+00,7.6639958400000019e-01,4.9351595229999994e+00,0.0000000000000000e+00,2985984,0,184560,4.7825781250000000e+02,2.5888130839999999e+00,2,2.0136824260000008e+00,1.5636780899999998e+00,4.5095225500000069e-01,0.0000000000000000e+00,0,0,0,0,1.2818554687500000e+03,8.8446623960000004e+00,7.4780893299999818e-01,5.7109231500000135e-01,19,1.0083919999999580e-03,1.4062493639999971e+00,1.0812160000000404e-03,3.0393759645060462e-09,2.5868038760000021e+00,8.3806809520000023e+00,9.2596206750000025e+00,1.2818554687500000e+03,2.5625156250000000e+03,1.2818554687500000e+03,2.5625156250000000e+03,7.9089988425925926e+00,3.2803856592843504e-03,5.4143356464919634e-12,nan
exp7_perf,r1,A_int,jacobi:20,A_int+jacobi:20,24,2,2,2,abc,2.9999999999999999e-01,2,1.9191406250000000e+01,2.9188152699999997e-01,4.0115263000000012e-02,5.6135114399999997e-01,8.9334793399999990e-01,2.7449811199999996e-01,1.9010156250000000e+02,3.7986328125000000e+02,1.9010156250000000e+02,3.7986328125000000e+02,13824,331776,331776,110592,110592,170880,168384,6912,4.1666666666666664e-02,1990656,995328,995328,6.0000000000000000e+00,3.0000000000000000e+00,7.7472115999999591e-02,5.4008445180000013e+00,6.8289693899999993e-01,4.7180145740000006e+00,0.0000000000000000e+00,2985984,0,184560,4.7818750000000000e+02,2.6389372999999985e+00,2,2.3034116679999990e+00,1.8568020260000004e+00,4.4701124400000047e-01,0.0000000000000000e+00,0,0,0,0,1.2813984375000000e+03,8.8477911389999981e+00,2.6409012699999934e-01,1.3446096199999857e-01,20,8.5553840000009986e-04,1.3631333249999997e+00,1.0659795000002247e-03,2.5786627121916590e-09,2.4393402114999998e+00,7.9176568454999998e+00,8.8110047794999993e+00,1.2813984375000000e+03,2.5616289062500000e+03,1.2813984375000000e+03,2.5616289062500000e+03,7.9062620563271606e+00,3.2803856592843522e-03,4.6966874833742622e-12,nan
exp7_perf,r2,A_int,jacobi:20,A_int+jacobi:20,24,2,2,2,abc,2.9999999999999999e-01,2,1.8820312500000000e+01,2.7774730599999997e-01,4.2203714999999975e-02,5.2274099000000007e-01,8.4269201100000002e-01,2.5641017300000002e-01,1.8978906250000000e+02,3.7932031250000000e+02,1.8978906250000000e+02,3.7932031250000000e+02,13824,331776,331776,110592,110592,170880,168384,6912,4.1666666666666664e-02,1990656,995328,995328,6.0000000000000000e+00,3.0000000000000000e+00,9.5248492000000073e-02,5.6771605349999996e+00,9.2757216099999962e-01,4.7499225449999996e+00,0.0000000000000000e+00,2985984,0,184560,4.7830468750000000e+02,2.6903701279999996e+00,2,2.4755045430000013e+00,2.0192466089999996e+00,4.5792861100000337e-01,0.0000000000000000e+00,0,0,0,0,1.2814453125000000e+03,8.3541348060000011e+00,2.2463258700000210e-01,1.1799716999999887e-01,20,9.2351740000005120e-04,1.2970977089999991e+00,1.0358613000001071e-03,2.7835569782023149e-09,2.5962082513000020e+00,8.3686172783000021e+00,9.2113092893000026e+00,1.2814453125000000e+03,2.5611992187500000e+03,1.2814453125000000e+03,2.5611992187500000e+03,7.9049358603395063e+00,3.2803856592843522e-03,4.6966874833742622e-12,nan
exp7_perf,r1,A_l2,coulomb,A_l2+coulomb,24,2,2,2,abc,2.9999999999999999e-01,2,1.9000000000000000e+01,2.5606968299999999e-01,3.8907318999999996e-02,5.0797693999999993e-01,8.0295394199999992e-01,2.5314101299999991e-01,1.9025390625000000e+02,3.8009765625000000e+02,1.9025390625000000e+02,3.8009765625000000e+02,13824,331776,331776,110592,110592,170880,168384,6912,4.1666666666666664e-02,1990656,995328,995328,6.0000000000000000e+00,3.0000000000000000e+00,9.3996408999999836e-02,5.3704301469999987e+00,2.0322457800000038e-01,4.9860296079999991e+00,1.8117596099999922e-01,2985984,0,178848,6.5749218750000000e+02,4.3695536990000008e+00,2,4.1577899080000016e+00,1.7406455170000008e+00,1.3291060430000030e+00,1.0881589950000006e+00,19,19,0,0,1.3665156250000000e+03,8.6624969390000004e+00,5.6453589900000267e-01,4.2537137500000100e-01,18,7.8651020000002352e-04,1.3260758749999972e+00,9.8554019999994589e-04,2.3706060715664290e-09,4.5842674702000057e+00,1.0048694026200003e+01,1.0851647968200004e+01,1.3665156250000000e+03,2.7307109375000000e+03,1.3665156250000000e+03,2.7307109375000000e+03,8.4281201774691361e+00,3.8290673958295959e-03,4.4986236957811343e-12,nan
exp7_perf,r2,A_l2,coulomb,A_l2+coulomb,24,2,2,2,abc,2.9999999999999999e-01,2,1.8800781250000000e+01,2.8485582300000012e-01,3.6823443999999927e-02,5.8062869000000006e-01,9.0230795700000010e-01,3.0970541699999998e-01,1.9014062500000000e+02,3.8010937500000000e+02,1.9014062500000000e+02,3.8010937500000000e+02,13824,331776,331776,110592,110592,170880,168384,6912,4.1666666666666664e-02,1990656,995328,995328,6.0000000000000000e+00,3.0000000000000000e+00,9.0268801000000121e-02,5.0241408720000003e+00,1.7010798199999977e-01,4.6782491920000009e+00,1.7578369800000004e-01,2985984,0,178848,6.5744921875000000e+02,3.9341777489999998e+00,2,3.9274376850000010e+00,1.8049625970000012e+00,1.2395083509999996e+00,8.8470351000000136e-01,19,19,0,0,1.3664960937500000e+03,8.2178723349999991e+00,6.6560231400000092e-01,4.8544185100000092e-01,18,9.9809969999995482e-04,1.1991440550000014e+00,9.4077830000003357e-04,3.0083541304975490e-09,4.4155570873000034e+00,9.5299667603000042e+00,1.0432274717300002e+01,1.3664960937500000e+03,2.7305898437500000e+03,1.3664960937500000e+03,2.7305898437500000e+03,8.4277464313271597e+00,3.8290673958295959e-03,4.4986236957811343e-12,nan
exp7_perf,r1,B_l2,none,B_l2,24,2,2,2,abc,2.9999999999999999e-01,2,1.8742187500000000e+01,2.8304113200000003e-01,3.8863675999999958e-02,5.2463762100000000e-01,8.4654242899999999e-01,2.6117668399999994e-01,1.9014062500000000e+02,3.8010937500000000e+02,1.9014062500000000e+02,3.8010937500000000e+02,13824,331776,331776,110592,110592,170880,168384,6912,4.1666666666666664e-02,1990656,995328,995328,6.0000000000000000e+00,3.0000000000000000e+00,9.3326212000000019e-02,5.1719634579999987e+00,1.7891344500000006e-01,4.7992103049999999e+00,1.9383970799999872e-01,2985984,0,178848,6.5669531250000000e+02,3.1875709030000010e+00,2,3.3370293679999996e+00,1.4936955550000004e+00,1.2116950070000012e+00,6.3302170300000071e-01,12,12,0,0,0.0000000000000000e+00,0.0000000000000000e+00,0.0000000000000000e+00,0.0000000000000000e+00,0,0.0000000000000000e+00,0.0000000000000000e+00,0.0000000000000000e+00,0.0000000000000000e+00,3.3384122650000023e+00,8.6037019350000001e+00,9.4502443640000013e+00,9.0322265625000000e+02,1.7464140625000000e+03,9.0322265625000000e+02,1.7464140625000000e+03,5.3901668595679011e+00,2.9309893082465361e-03,1.0248270938644737e+00,nan
exp7_perf,r2,B_l2,none,B_l2,24,2,2,2,abc,2.9999999999999999e-01,2,1.9062500000000000e+01,2.8397016700000000e-01,4.2797286000000045e-02,5.4916447100000010e-01,8.7593192400000008e-01,2.6052781500000000e-01,1.9036328125000000e+02,3.8024218750000000e+02,1.9036328125000000e+02,3.8024218750000000e+02,13824,331776,331776,110592,110592,170880,168384,6912,4.1666666666666664e-02,1990656,995328,995328,6.0000000000000000e+00,3.0000000000000000e+00,9.5642176000000134e-02,5.1241199730000009e+00,1.9618833300000027e-01,4.7376601440000004e+00,1.9027149600000026e-01,2985984,0,178848,6.5695312500000000e+02,3.1779029029999997e+00,2,3.4435696970000009e+00,1.7297947909999998e+00,1.1266723440000028e+00,5.8766442099999949e-01,12,12,0,0,0.0000000000000000e+00,0.0000000000000000e+00,0.0000000000000000e+00,0.0000000000000000e+00,0,0.0000000000000000e+00,0.0000000000000000e+00,0.0000000000000000e+00,0.0000000000000000e+00,3.4441315560000021e+00,8.6638937050000031e+00,9.5398256290000027e+00,9.0329296875000000e+02,1.7467617187500000e+03,9.0329296875000000e+02,1.7467617187500000e+03,5.3912398726851851e+00,2.9309893082465361e-03,1.0248270938644737e+00,nan
exp7_perf,r1,B_l2c,none,B_l2c,24,2,2,2,abc,2.9999999999999999e-01,2,1.9054687500000000e+01,3.0047871100000001e-01,3.7251383000000027e-02,4.8838451300000002e-01,8.2611460700000006e-01,2.3708066100000003e-01,1.9034375000000000e+02,3.8019140625000000e+02,1.9034375000000000e+02,3.8019140625000000e+02,13824,331776,331776,110592,110592,170880,168384,6912,4.1666666666666664e-02,1990656,995328,995328,6.0000000000000000e+00,3.0000000000000000e+00,9.4201661000000048e-02,4.7698055530000003e+00,1.8274652099999988e-01,4.3551049909999993e+00,2.3195404100000161e-01,2985984,0,178848,6.7350781250000000e+02,2.8078619342000003e+01,2,2.7878768251000004e+01,1.6109142540000008e+00,1.1000889809999990e+00,2.5168223800000000e+01,33,12,476,1,0.0000000000000000e+00,0.0000000000000000e+00,0.0000000000000000e+00,0.0000000000000000e+00,0,0.0000000000000000e+00,0.0000000000000000e+00,0.0000000000000000e+00,0.0000000000000000e+00,2.7879227035000000e+01,3.2743234248999997e+01,3.3569348855999998e+01,9.2665625000000000e+02,1.7841953125000000e+03,9.2665625000000000e+02,1.7841953125000000e+03,5.5067756558641978e+00,2.9285667960335061e-03,6.8212102632969618e-13,1.0248270938644737e+00
exp7_perf,r2,B_l2c,none,B_l2c,24,2,2,2,abc,2.9999999999999999e-01,2,1.9117187500000000e+01,3.0392664000000003e-01,4.0307865999999970e-02,4.7703038199999998e-01,8.2126488799999997e-01,2.1794153299999997e-01,1.9014843750000000e+02,3.8014843750000000e+02,1.9014843750000000e+02,3.8014843750000000e+02,13824,331776,331776,110592,110592,170880,168384,6912,4.1666666666666664e-02,1990656,995328,995328,6.0000000000000000e+00,3.0000000000000000e+00,9.8872635999999847e-02,5.1223756670000000e+00,1.8188478299999966e-01,4.6881772460000004e+00,2.5231363800000040e-01,2985984,0,178848,6.7316796875000000e+02,2.8463610716000002e+01,2,2.8274965943000005e+01,1.7531681760000026e+00,1.1975126210000013e+00,2.5325047000000005e+01,33,12,476,1,0.0000000000000000e+00,0.0000000000000000e+00,0.0000000000000000e+00,0.0000000000000000e+00,0,0.0000000000000000e+00,0.0000000000000000e+00,0.0000000000000000e+00,0.0000000000000000e+00,2.8275727797000009e+01,3.3496976100000012e+01,3.4318240988000014e+01,9.2696875000000000e+02,1.7840703125000000e+03,9.2696875000000000e+02,1.7840703125000000e+03,5.5063898533950617e+00,2.9285667960335061e-03,6.8212102632969618e-13,1.0248270938644737e+00
exp7_perf,r1,A_pt,none,A_pt,24,2,2,4,abc,2.9999999999999999e-01,2,1.8960937500000000e+01,2.5596915799999997e-01,2.1658418999999984e-02,2.7564677700000001e-01,5.5327435400000002e-01,1.4093961500000007e-01,1.1092578125000000e+02,4.3426562500000000e+02,1.1092578125000000e+02,4.3426562500000000e+02,13824,331776,331776,110592,110592,89352,86844,3516,4.1666666666666664e-02,1990656,995328,995328,6.0000000000000000e+00,3.0000000000000000e+00,4.9246626000000182e-02,7.2548735099999995e-01,9.8017837999999857e-02,6.2796945100000001e-01,0.0000000000000000e+00,746496,0,45888,1.4951171875000000e+02,3.3140380800000013e-01,2,3.3246305099999995e-01,2.6098430399999994e-01,7.1729309000000185e-02,0.0000000000000000e+00,0,0,0,0,0.0000000000000000e+00,0.0000000000000000e+00,0.0000000000000000e+00,0.0000000000000000e+00,0,6.2524339999998619e-04,7.9315749799999979e-01,5.6329299999999802e-04,1.8845347463348348e-09,3.3327690600000015e-01,1.1080108830000004e+00,1.6612852370000004e+00,1.7609765625000000e+02,6.8227734375000000e+02,1.7609765625000000e+02,6.8227734375000000e+02,2.1057942708333335e+00,4.9859237887825121e-03,4.6824766286590602e-12,nan
exp7_perf,r2,A_pt,none,A_pt,24,2,2,4,abc,2.9999999999999999e-01,2,1.9105468750000000e+01,2.6416644000000000e-01,2.0109700000000008e-02,2.5207220100000000e-01,5.3634834100000006e-01,1.2553019399999998e-01,1.1081250000000000e+02,4.3248046875000000e+02,1.1081250000000000e+02,4.3248046875000000e+02,13824,331776,331776,110592,110592,89352,86844,3516,4.1666666666666664e-02,1990656,995328,995328,6.0000000000000000e+00,3.0000000000000000e+00,4.6303831000000129e-02,7.7145194200000011e-01,9.7425789999999957e-02,6.7408179099999987e-01,0.0000000000000000e+00,746496,0,45888,1.4987890625000000e+02,3.5288037099999991e-01,2,3.6578538299999996e-01,2.7833875099999972e-01,8.8521497999999976e-02,0.0000000000000000e+00,0,0,0,0,0.0000000000000000e+00,0.0000000000000000e+00,0.0000000000000000e+00,0.0000000000000000e+00,0,4.6886349999999413e-04,7.2497371899999985e-01,5.7406349999995494e-04,1.4131929374035318e-09,3.6743431249999964e-01,1.1851900854999999e+00,1.7215384264999998e+00,1.7649218750000000e+02,6.8198046875000000e+02,1.7649218750000000e+02,6.8198046875000000e+02,2.1048779899691357e+00,4.9859237887825121e-03,4.6824766286590602e-12,nan
exp7_perf,r1,A_int,none,A_int,24,2,2,4,abc,2.9999999999999999e-01,2,1.8949218750000000e+01,2.4763835500000000e-01,2.2832004999999961e-02,2.5384840700000000e-01,5.2431876700000002e-01,1.2570501599999995e-01,1.1055078125000000e+02,4.3246875000000000e+02,1.1055078125000000e+02,4.3246875000000000e+02,13824,331776,331776,110592,110592,89352,86844,3516,4.1666666666666664e-02,1990656,995328,995328,6.0000000000000000e+00,3.0000000000000000e+00,4.7076351000000072e-02,2.9434850509999997e+00,3.9797011100000002e-01,2.5457999899999999e+00,0.0000000000000000e+00,2985984,0,184560,2.6684765625000000e+02,1.2866202879999999e+00,2,1.2650061250000002e+00,9.8757010499999964e-01,2.7836086800000004e-01,0.0000000000000000e+00,0,0,0,0,0.0000000000000000e+00,0.0000000000000000e+00,0.0000000000000000e+00,0.0000000000000000e+00,0,5.2325500000005576e-04,7.4801734299999900e-01,5.0641799999997519e-04,1.5771333670912175e-09,1.2664373909999997e+00,4.2569987929999993e+00,4.7813175599999997e+00,3.8669921875000000e+02,1.4615546875000000e+03,3.8669921875000000e+02,1.4615546875000000e+03,4.5109712577160490e+00,3.2803856592843574e-03,4.2916781239910051e-12,nan
exp7_perf,r2,A_int,none,A_int,24,2,2,4,abc,2.9999999999999999e-01,2,1.8800781250000000e+01,2.5915073300000002e-01,2.0686713999999995e-02,2.7362297400000002e-01,5.5346042100000004e-01,1.4711003200000000e-01,1.1002734375000000e+02,4.3145312500000000e+02,1.1002734375000000e+02,4.3145312500000000e+02,13824,331776,331776,110592,110592,89352,86844,3516,4.1666666666666664e-02,1990656,995328,995328,6.0000000000000000e+00,3.0000000000000000e+00,4.8321467999999923e-02,3.0525097890000001e+00,4.9149710300000016e-01,2.5615484860000004e+00,0.0000000000000000e+00,2985984,0,184560,2.6640234375000000e+02,1.3216161000000000e+00,2,1.2531064890000003e+00,1.0009897240000010e+00,2.5416032700000102e-01,0.0000000000000000e+00,0,0,0,0,0.0000000000000000e+00,0.0000000000000000e+00,0.0000000000000000e+00,0.0000000000000000e+00,0,5.2410579999992988e-04,6.9869094000000054e-01,5.4364269999993551e-04,1.5796977478778751e-09,1.2556936937000018e+00,4.3565249507000026e+00,4.9099853717000030e+00,3.8630078125000000e+02,1.4605078125000000e+03,3.8630078125000000e+02,1.4605078125000000e+03,4.5077401620370372e+00,3.2803856592843574e-03,4.2916781239910051e-12,nan
exp7_perf,r1,A_int,coulomb,A_int+coulomb,24,2,2,4,abc,2.9999999999999999e-01,2,1.9175781250000000e+01,2.4487243900000000e-01,2.3319286999999966e-02,2.5153618800000005e-01,5.1972791399999996e-01,1.2155709999999992e-01,1.1064062500000000e+02,4.3270703125000000e+02,1.1064062500000000e+02,4.3270703125000000e+02,13824,331776,331776,110592,110592,89352,86844,3516,4.1666666666666664e-02,1990656,995328,995328,6.0000000000000000e+00,3.0000000000000000e+00,4.9105836999999930e-02,3.2204966559999999e+00,3.9738970199999990e-01,2.8234902460000004e+00,0.0000000000000000e+00,2985984,0,184560,2.6694140625000000e+02,1.3548864969999999e+00,2,1.2312173419999999e+00,9.7868330599999886e-01,2.5429451399999969e-01,0.0000000000000000e+00,0,0,0,0,6.6909375000000000e+02,4.7674634680000008e+00,4.1809328000000079e-01,3.1778639599999892e-01,20,5.1750240000014713e-04,6.8165063300000028e-01,5.7337650000004463e-04,1.5597945601856287e-09,1.5513375924999975e+00,4.8209400854999975e+00,5.3406679994999973e+00,6.6909375000000000e+02,2.6334765625000000e+03,6.6909375000000000e+02,2.6334765625000000e+03,8.1280140817901234e+00,3.2803856592843561e-03,4.4479975258582272e-12,nan
exp7_perf,r2,A_int,coulomb,A_int+coulomb,24,2,2,4,abc,2.9999999999999999e-01,2,1.9082031250000000e+01,2.6107180299999999e-01,2.5902532000000034e-02,2.7189688100000009e-01,5.5887121600000012e-01,1.3482417400000002e-01,1.1072656250000000e+02,4.3266406250000000e+02,1.1072656250000000e+02,4.3266406250000000e+02,13824,331776,331776,110592,110592,89352,86844,3516,4.1666666666666664e-02,1990656,995328,995328,6.0000000000000000e+00,3.0000000000000000e+00,4.8867143000000279e-02,3.0473402579999997e+00,4.0182713899999989e-01,2.6462841079999997e+00,0.0000000000000000e+00,2985984,0,184560,2.6699218750000000e+02,1.3341335700000005e+00,2,1.3058070480000001e+00,1.0414670079999997e+00,2.6538794800000076e-01,0.0000000000000000e+00,0,0,0,0,6.6910156250000000e+02,4.4300228910000001e+00,3.8269622700000028e-01,2.9535776600000041e-01,20,5.2149599999999911e-04,6.8737651800000066e-01,5.4008359999997420e-04,1.5718315972222196e-09,1.6027528056000009e+00,4.6989602066000007e+00,5.2578314226000007e+00,6.6910156250000000e+02,2.6332265625000000e+03,6.6910156250000000e+02,2.6332265625000000e+03,8.1272424768518512e+00,3.2803856592843561e-03,4.4479975258582272e-12,nan
exp7_perf,r1,A_int,jacobi:20,A_int+jacobi:20,24,2,2,4,abc,2.9999999999999999e-01,2,1.9179687500000000e+01,2.4900674900000000e-01,2.0876370000000005e-02,2.6472463200000002e-01,5.3460775100000002e-01,1.2560756400000006e-01,1.1025390625000000e+02,4.3263281250000000e+02,1.1025390625000000e+02,4.3263281250000000e+02,13824,331776,331776,110592,110592,89352,86844,3516,4.1666666666666664e-02,1990656,995328,995328,6.0000000000000000e+00,3.0000000000000000e+00,4.9273944000000069e-02,3.1078875490000000e+00,4.0418015800000018e-01,2.7043198280000000e+00,0.0000000000000000e+00,2985984,0,184560,2.6660546875000000e+02,1.3109045720000001e+00,2,1.0448785950000001e+00,8.3754752200000038e-01,2.0938977200000064e-01,0.0000000000000000e+00,0,0,0,0,6.6813281250000000e+02,4.6816701819999995e+00,1.2920355999999877e-01,6.2258271999999337e-02,20,5.0796430000001893e-04,6.5568785799999851e-01,4.7335129999996893e-04,1.5310459466628657e-09,1.1096689173000003e+00,4.2668304103000008e+00,4.8014381613000010e+00,6.6813281250000000e+02,2.6311914062500000e+03,6.6813281250000000e+02,2.6311914062500000e+03,8.1209611304012341e+00,3.2803856592843591e-03,4.5137227289160364e-12,nan
exp7_perf,r2,A_int,jacobi:20,A_int+jacobi:20,24,2,2,4,abc,2.9999999999999999e-01,2,1.9074218750000000e+01,2.6371271999999996e-01,2.0642208999999967e-02,2.4941467000000000e-01,5.3376959899999998e-01,1.2617881700000005e-01,1.1037890625000000e+02,4.3294921875000000e+02,1.1037890625000000e+02,4.3294921875000000e+02,13824,331776,331776,110592,110592,89352,86844,3516,4.1666666666666664e-02,1990656,995328,995328,6.0000000000000000e+00,3.0000000000000000e+00,7.4682074000000043e-02,2.9359973650000000e+00,3.9017682300000001e-01,2.5458875220000001e+00,0.0000000000000000e+00,2985984,0,184560,2.6676562500000000e+02,1.2053785359999996e+00,2,1.2236675280000000e+00,9.5083005799999931e-01,2.7377858599999971e-01,0.0000000000000000e+00,0,0,0,0,6.6815625000000000e+02,4.3050509910000017e+00,1.2481467799999990e-01,6.1777539999999576e-02,20,4.8843190000003034e-04,6.8624124299999956e-01,5.3842080000006116e-04,1.4721736955054927e-09,1.2869246047999987e+00,4.2976040437999989e+00,4.8313736427999991e+00,6.6815625000000000e+02,2.6311484375000000e+03,6.6815625000000000e+02,2.6311484375000000e+03,8.1208285108024683e+00,3.2803856592843591e-03,4.5137227289160364e-12,nan
exp7_perf,r1,A_l2,coulomb,A_l2+coulomb,24,2,2,4,abc,2.9999999999999999e-01,2,1.9039062500000000e+01,2.8247469399999997e-01,2.4137967999999954e-02,3.1491422600000002e-01,6.2152688800000000e-01,1.8432931300000005e-01,1.1052734375000000e+02,4.3227343750000000e+02,1.1052734375000000e+02,4.3227343750000000e+02,13824,331776,331776,110592,110592,89352,86844,3516,4.1666666666666664e-02,1990656,995328,995328,6.0000000000000000e+00,3.0000000000000000e+00,4.9035946000000052e-02,2.7559480179999998e+00,9.2915341000000318e-02,2.5762244489999997e+00,8.6808227999999765e-02,2985984,0,178848,3.6127734375000000e+02,2.3548531629999996e+00,2,2.2049659620000002e+00,1.0057451849999994e+00,6.6725023699999930e-01,5.3257586400000001e-01,19,19,0,0,7.1219921875000000e+02,4.7197774809999995e+00,4.0865375399999948e-01,2.7680202000000165e-01,20,4.8908840000017051e-04,6.5818879400000085e-01,5.0443939999986751e-04,1.4741524402011313e-09,2.4828777454000002e+00,5.2878617093999996e+00,5.9093885973999996e+00,7.1219921875000000e+02,2.8013476562500000e+03,7.1219921875000000e+02,2.8013476562500000e+03,8.6461347415123448e+00,3.8290673958315102e-03,4.1495695768389851e-12,nan
exp7_perf,r2,A_l2,coulomb,A_l2+coulomb,24,2,2,4,abc,2.9999999999999999e-01,2,1.8800781250000000e+01,2.5543780399999999e-01,1.8963938999999985e-02,2.6706690999999999e-01,5.4146865299999991e-01,1.4863520299999994e-01,1.1033593750000000e+02,4.3214062500000000e+02,1.1033593750000000e+02,4.3214062500000000e+02,13824,331776,331776,110592,110592,89352,86844,3516,4.1666666666666664e-02,1990656,995328,995328,6.0000000000000000e+00,3.0000000000000000e+00,4.3461493000000129e-02,2.6228657869999994e+00,8.3453436999999964e-02,2.4540712519999999e+00,8.5341097999999338e-02,2985984,0,178848,3.6106640625000000e+02,2.2567724089999999e+00,2,2.1002061029999997e+00,9.6073672100000085e-01,6.0972264600000070e-01,5.3142817800000053e-01,19,19,0,0,7.1199218750000000e+02,4.7029461069999989e+00,3.8558855500000000e-01,2.6158121199999940e-01,20,4.9000660000011467e-04,5.9726031900000010e-01,4.9622150000026009e-04,1.4769199701006542e-09,2.3639649785000016e+00,5.0302922585000012e+00,5.5717609115000011e+00,7.1199218750000000e+02,2.8017382812500000e+03,7.1199218750000000e+02,2.8017382812500000e+03,8.6473403742283956e+00,3.8290673958315102e-03,4.1495695768389851e-12,nan
exp7_perf,r1,B_l2,none,B_l2,24,2,2,4,abc,2.9999999999999999e-01,2,1.8777343750000000e+01,2.4679062299999999e-01,2.0569117999999997e-02,2.6564113299999997e-01,5.3300087399999996e-01,1.3018041999999991e-01,1.1041015625000000e+02,4.3166406250000000e+02,1.1041015625000000e+02,4.3166406250000000e+02,13824,331776,331776,110592,110592,89352,86844,3516,4.1666666666666664e-02,1990656,995328,995328,6.0000000000000000e+00,3.0000000000000000e+00,5.0131324000000088e-02,2.7622182299999998e+00,8.9974580000000248e-02,2.5696731130000003e+00,1.0257053699999918e-01,2985984,0,178848,3.6027343750000000e+02,1.7232904860000007e+00,2,1.6916193479999997e+00,8.7725084700000089e-01,5.4132751399999890e-01,2.7422231800000141e-01,12,12,0,0,0.0000000000000000e+00,0.0000000000000000e+00,0.0000000000000000e+00,0.0000000000000000e+00,0,0.0000000000000000e+00,0.0000000000000000e+00,0.0000000000000000e+00,0.0000000000000000e+00,1.6928006790000012e+00,4.5051502330000011e+00,5.0381511070000018e+00,4.8319921875000000e+02,1.8305859375000000e+03,4.8319921875000000e+02,1.8305859375000000e+03,5.6499565972222223e+00,2.9309893082465461e-03,1.0248270938643600e+00,nan
exp7_perf,r2,B_l2,none,B_l2,24,2,2,4,abc,2.9999999999999999e-01,2,1.9230468750000000e+01,2.3382782000000002e-01,1.9864700000000013e-02,2.4456732199999998e-01,4.9825984200000001e-01,1.1919152999999999e-01,1.1048828125000000e+02,4.3257421875000000e+02,1.1048828125000000e+02,4.3257421875000000e+02,13824,331776,331776,110592,110592,89352,86844,3516,4.1666666666666664e-02,1990656,995328,995328,6.0000000000000000e+00,3.0000000000000000e+00,4.4678540000000044e-02,2.5522431479999996e+00,7.9795741000000087e-02,2.3866770970000002e+00,8.5770309999999572e-02,2985984,0,178848,3.6026562500000000e+02,1.8660225749999997e+00,2,1.8013769779999995e+00,9.1290761999999948e-01,5.8036196800000006e-01,3.1011282900000037e-01,12,12,0,0,0.0000000000000000e+00,0.0000000000000000e+00,0.0000000000000000e+00,0.0000000000000000e+00,0,0.0000000000000000e+00,0.0000000000000000e+00,0.0000000000000000e+00,0.0000000000000000e+00,1.8033824169999999e+00,4.4003041050000000e+00,4.8985639470000004e+00,4.8337500000000000e+02,1.8316796875000000e+03,4.8337500000000000e+02,1.8316796875000000e+03,5.6533323688271606e+00,2.9309893082465461e-03,1.0248270938643600e+00,nan
exp7_perf,r1,B_l2c,none,B_l2c,24,2,2,4,abc,2.9999999999999999e-01,2,1.9003906250000000e+01,2.4642436900000000e-01,2.0568102999999976e-02,2.6775006100000004e-01,5.3474253299999996e-01,1.2946540900000003e-01,1.1021484375000000e+02,4.3228906250000000e+02,1.1021484375000000e+02,4.3228906250000000e+02,13824,331776,331776,110592,110592,89352,86844,3516,4.1666666666666664e-02,1990656,995328,995328,6.0000000000000000e+00,3.0000000000000000e+00,4.8507624000000193e-02,2.8203060149999999e+00,9.1817095999999765e-02,2.5847658790000003e+00,1.4372303999999980e-01,2985984,0,178848,3.6736718750000000e+02,1.5102651648000002e+01,2,1.5219221871999999e+01,8.7928499500000257e-01,4.8497123799999997e-01,1.3855662578000004e+01,36,12,518,1,0.0000000000000000e+00,0.0000000000000000e+00,0.0000000000000000e+00,0.0000000000000000e+00,0,0.0000000000000000e+00,0.0000000000000000e+00,0.0000000000000000e+00,0.0000000000000000e+00,1.5219918811000007e+01,1.8088732450000006e+01,1.8623474983000008e+01,4.9158593750000000e+02,1.8643359375000000e+03,4.9158593750000000e+02,1.8643359375000000e+03,5.7541232638888893e+00,2.9285667960335122e-03,6.0040861171728466e-13,1.0248270938643600e+00
exp7_perf,r2,B_l2c,none,B_l2c,24,2,2,4,abc,2.9999999999999999e-01,2,1.8921875000000000e+01,2.5650697500000003e-01,2.1381607000000025e-02,2.6316082200000007e-01,5.4104940400000012e-01,1.3318847800000000e-01,1.1058984375000000e+02,4.3253906250000000e+02,1.1058984375000000e+02,4.3253906250000000e+02,13824,331776,331776,110592,110592,89352,86844,3516,4.1666666666666664e-02,1990656,995328,995328,6.0000000000000000e+00,3.0000000000000000e+00,4.9600096000000260e-02,2.7812540950000004e+00,9.1063051000000117e-02,2.5530130330000000e+00,1.3717801100000049e-01,2985984,0,178848,3.6748437500000000e+02,1.5835410495000001e+01,2,1.5394693529999998e+01,8.9883239299999929e-01,5.9706763899999871e-01,1.3900193998999995e+01,36,12,518,1,0.0000000000000000e+00,0.0000000000000000e+00,0.0000000000000000e+00,0.0000000000000000e+00,0,0.0000000000000000e+00,0.0000000000000000e+00,0.0000000000000000e+00,0.0000000000000000e+00,1.5396094030999993e+01,1.8226948221999994e+01,1.8767997625999993e+01,4.9167187500000000e+02,1.8649179687500000e+03,4.9167187500000000e+02,1.8649179687500000e+03,5.7559196566358022e+00,2.9285667960335122e-03,6.0040861171728466e-13,1.0248270938643600e+00
exp7_perf,r1,A_pt,none,A_pt,32,2,2,1,abc,2.9999999999999999e-01,2,1.8617187500000000e+01,8.3157817599999995e-01,2.1717544299999991e-01,2.4516665350000002e+00,3.5004201540000000e+00,1.1273776019999997e+00,7.9691796875000000e+02,7.9691796875000000e+02,7.9691796875000000e+02,7.9691796875000000e+02,32768,786432,786432,262144,262144,786432,786432,32768,3.1250000000000000e-02,4718592,2359296,2359296,6.0000000000000000e+00,3.0000000000000000e+00,3.5165837599999961e-01,6.2567405829999991e+00,7.9515560599999979e-01,5.4615758710000009e+00,9.1059999984821616e-06,1769472,0,108624,1.1137851562500000e+03,2.3870857119999975e+00,2,2.4074241920000006e+00,1.8606320980000000e+00,5.4678865500000029e-01,0.0000000000000000e+00,0,0,0,0,0.0000000000000000e+00,0.0000000000000000e+00,0.0000000000000000e+00,0.0000000000000000e+00,0,3.3881452999999341e-03,6.2332781210000014e+00,4.3885381999999142e-03,4.3082495371499814e-09,2.4118092912000000e+00,9.0202082501999996e+00,1.2520628404200000e+01,1.1189335937500000e+03,1.1189335937500000e+03,1.1189335937500000e+03,1.1189335937500000e+03,1.4569447835286458e+00,3.3464401892659328e-03,8.1286088970955461e-12,nan
exp7_perf,r2,A_pt,none,A_pt,32,2,2,1,abc,2.9999999999999999e-01,2,1.8640625000000000e+01,8.0368233000000000e-01,1.9284387600000008e-01,2.3987103060000003e+00,3.3952365120000003e+00,1.1050837849999997e+00,7.9683984375000000e+02,7.9683984375000000e+02,7.9683984375000000e+02,7.9683984375000000e+02,32768,786432,786432,262144,262144,786432,786432,32768,3.1250000000000000e-02,4718592,2359296,2359296,6.0000000000000000e+00,3.0000000000000000e+00,4.1565648799999977e-01,6.4002217320000021e+00,8.8974182800000001e-01,5.5104695670000012e+00,1.0337000000859575e-05,1769472,0,108624,1.1136796875000000e+03,2.7691723180000025e+00,2,2.7509526109999989e+00,2.1460387990000029e+00,6.0491107500000041e-01,0.0000000000000000e+00,0,0,0,0,0.0000000000000000e+00,0.0000000000000000e+00,0.0000000000000000e+00,0.0000000000000000e+00,0,4.1130341999998880e-03,6.3708793180000036e+00,3.9844514000002109e-03,5.2299934387205609e-09,2.7549343254000034e+00,9.5708125454000061e+00,1.2966049057400006e+01,1.1188281250000000e+03,1.1188281250000000e+03,1.1188281250000000e+03,1.1188281250000000e+03,1.4568074544270833e+00,3.3464401892659328e-03,8.1286088970955461e-12,nan
exp7_perf,r1,A_int,none,A_int,32,2,2,1,abc,2.9999999999999999e-01,2,1.8953125000000000e+01,7.4812707800000000e-01,1.6097271499999999e-01,2.6657293270000002e+00,3.5748291200000004e+00,1.3684696420000000e+00,7.9724609375000000e+02,7.9724609375000000e+02,7.9724609375000000e+02,7.9724609375000000e+02,32768,786432,786432,262144,262144,786432,786432,32768,3.1250000000000000e-02,4718592,2359296,2359296,6.0000000000000000e+00,3.0000000000000000e+00,4.2222331400000002e-01,2.7309878204000000e+01,3.6199250400000000e+00,2.3689941601999998e+01,1.1562000004516904e-05,7077888,0,430704,2.0484296875000000e+03,1.0375294001999997e+01,2,9.2688701969999983e+00,7.3321497079999958e+00,1.9367175349999997e+00,0.0000000000000000e+00,0,0,0,0,0.0000000000000000e+00,0.0000000000000000e+00,0.0000000000000000e+00,0.0000000000000000e+00,0,3.5493364000004136e-03,6.5957325680000025e+00,7.1822013000002018e-03,4.5132146199549533e-09,9.2760494442999963e+00,3.7008150962299993e+01,4.0582980082299990e+01,2.0605273437500000e+03,2.0605273437500000e+03,2.0605273437500000e+03,2.0605273437500000e+03,2.6829783121744790e+00,1.8858308434324571e-03,8.1286088970955461e-12,nan
exp7_perf,r2,A_int,none,A_int,32,2,2,1,abc,2.9999999999999999e-01,2,1.8574218750000000e+01,9.2463359099999998e-01,2.1179131299999998e-01,2.5687856839999998e+00,3.7052105879999999e+00,1.2159101539999999e+00,7.9720703125000000e+02,7.9720703125000000e+02,7.9720703125000000e+02,7.9720703125000000e+02,32768,786432,786432,262144,262144,786432,786432,32768,3.1250000000000000e-02,4718592,2359296,2359296,6.0000000000000000e+00,3.0000000000000000e+00,4.5171126400000006e-01,2.7704807869000003e+01,3.6486158629999998e+00,2.4056182048999997e+01,9.9570000067217279e-06,7077888,0,430704,2.0482187500000000e+03,1.0544069374000003e+01,2,1.0455841799000012e+01,8.2921593290000004e+00,2.1636800160000007e+00,0.0000000000000000e+00,0,0,0,0,0.0000000000000000e+00,0.0000000000000000e+00,0.0000000000000000e+00,0.0000000000000000e+00,0,4.1994833999993379e-03,6.5731816670000001e+00,3.8153848999996852e-03,5.3399192810050174e-09,1.0459654729900000e+01,3.8616173862900006e+01,4.2321384450900005e+01,2.0602812500000000e+03,2.0602812500000000e+03,2.0602812500000000e+03,2.0602812500000000e+03,2.6826578776041665e+00,1.8858308434324571e-03,8.1286088970955461e-12,nan
exp7_perf,r1,A_int,coulomb,A_int+coulomb,32,2,2,1,abc,2.9999999999999999e-01,2,1.8445312500000000e+01,7.1051474999999997e-01,1.5590303100000003e-01,2.4842400329999998e+00,3.3506578139999998e+00,1.2635882999999999e+00,7.9691406250000000e+02,7.9691406250000000e+02,7.9691406250000000e+02,7.9691406250000000e+02,32768,786432,786432,262144,262144,786432,786432,32768,3.1250000000000000e-02,4718592,2359296,2359296,6.0000000000000000e+00,3.0000000000000000e+00,3.9561778700000083e-01,2.6317549107999994e+01,3.2120288250000009e+00,2.3105497814000000e+01,2.2468999993918715e-05,7077888,0,430704,2.0480468750000000e+03,1.0222675922999997e+01,2,1.0058794013000004e+01,8.0812188870000057e+00,1.9775725109999911e+00,0.0000000000000000e+00,0,0,0,0,5.4626875000000000e+03,4.4668345299999999e+01,4.4868389330000014e+00,3.6564615080000067e+00,16,4.0006806000008055e-03,6.2585802000000115e+00,4.9031275999993794e-03,5.0871284484873521e-09,1.3720156033600002e+01,4.0433322928599992e+01,4.3783980742599987e+01,5.4626875000000000e+03,5.4626875000000000e+03,5.4626875000000000e+03,5.4626875000000000e+03,7.1128743489583330e+00,1.8858308434324519e-03,7.7875483839306980e-12,nan
exp7_perf,r2,A_int,coulomb,A_int+coulomb,32,2,2,1,abc,2.9999999999999999e-01,2,1.8457031250000000e+01,6.8272195400000002e-01,1.5861690399999995e-01,2.5602801099999999e+00,3.4016189679999997e+00,1.2764849270000003e+00,7.9701562500000000e+02,7.9701562500000000e+02,7.9701562500000000e+02,7.9701562500000000e+02,32768,786432,786432,262144,262144,786432,786432,32768,3.1250000000000000e-02,4718592,2359296,2359296,6.0000000000000000e+00,3.0000000000000000e+00,4.2003407300000006e-01,2.7968002279000004e+01,3.4656134889999990e+00,2.4502377729999996e+01,1.1060000009166515e-05,7077888,0,430704,2.0480625000000000e+03,1.0472040999000001e+01,2,1.0667771298999995e+01,8.2237479489999998e+00,2.4440208129999945e+00,0.0000000000000000e+00,0,0,0,0,5.4626953125000000e+03,4.3047536884000010e+01,4.2248119590000073e+00,3.4588485950000063e+00,16,4.0742759000011123e-03,5.6614914379999846e+00,3.8788216999989800e-03,5.1807097117120266e-09,1.4130496178700000e+01,4.2518532530700000e+01,4.5920151498700001e+01,5.4626953125000000e+03,5.4626953125000000e+03,5.4626953125000000e+03,5.4626953125000000e+03,7.1128845214843750e+00,1.8858308434324519e-03,7.7875483839306980e-12,nan
exp7_perf,r1,A_int,jacobi:20,A_int+jacobi:20,32,2,2,1,abc,2.9999999999999999e-01,2,1.8550781250000000e+01,8.6819046499999997e-01,1.8693142299999999e-01,2.8217843650000001e+00,3.8769062530000000e+00,1.3234752090000002e+00,7.9684765625000000e+02,7.9684765625000000e+02,7.9684765625000000e+02,7.9684765625000000e+02,32768,786432,786432,262144,262144,786432,786432,32768,3.1250000000000000e-02,4718592,2359296,2359296,6.0000000000000000e+00,3.0000000000000000e+00,4.1691656800000132e-01,2.6345140981000000e+01,3.5999177840000005e+00,2.2745212402000000e+01,1.0795000001451172e-05,7077888,0,430704,2.0479726562500000e+03,9.0985240900000051e+00,2,9.2612590490000031e+00,7.2888446230000028e+00,1.9724119210000026e+00,0.0000000000000000e+00,0,0,0,0,5.4619804687500000e+03,4.4604799423000003e+01,1.6917257399999954e+00,7.5894342399999459e-01,20,3.4225037999988219e-03,6.2926277420000076e+00,4.1805488999997918e-03,4.3519386291488928e-09,1.0024380516899999e+01,3.6786438065900001e+01,4.0663344318900002e+01,5.4619804687500000e+03,5.4619804687500000e+03,5.4619804687500000e+03,5.4619804687500000e+03,7.1119537353515625e+00,1.8858308434324500e-03,9.3223206931725144e-12,nan
exp7_perf,r2,A_int,jacobi:20,A_int+jacobi:20,32,2,2,1,abc,2.9999999999999999e-01,2,1.8507812500000000e+01,8.1483991800000000e-01,1.6926329799999995e-01,2.3414886440000000e+00,3.3255918599999998e+00,1.1759672399999999e+00,7.9712109375000000e+02,7.9712109375000000e+02,7.9712109375000000e+02,7.9712109375000000e+02,32768,786432,786432,262144,262144,786432,786432,32768,3.1250000000000000e-02,4718592,2359296,2359296,6.0000000000000000e+00,3.0000000000000000e+00,3.8525742999999935e-01,2.6120245569000005e+01,3.3316111339999992e+00,2.2788623587999997e+01,1.0847000009306385e-05,7077888,0,430704,2.0481406250000000e+03,1.0407079973999998e+01,2,9.8138773149999992e+00,7.4179436100000018e+00,2.3959305710000010e+00,0.0000000000000000e+00,0,0,0,0,5.4623906250000000e+03,4.5652653912999995e+01,1.7877619719999984e+00,7.7160678100000268e-01,20,4.4043911000002820e-03,6.4966996080000001e+00,4.6706153999991782e-03,5.6004728953047209e-09,1.0590151577400004e+01,3.7095654576400008e+01,4.0421246436400011e+01,5.4623906250000000e+03,5.4623906250000000e+03,5.4623906250000000e+03,5.4623906250000000e+03,7.1124877929687500e+00,1.8858308434324500e-03,9.3223206931725144e-12,nan
exp7_perf,r1,A_l2,coulomb,A_l2+coulomb,32,2,2,1,abc,2.9999999999999999e-01,2,1.8628906250000000e+01,8.5752524400000008e-01,2.0274382400000013e-01,2.5520944229999998e+00,3.6123634910000000e+00,1.2227565350000003e+00,7.9689843750000000e+02,7.9689843750000000e+02,7.9689843750000000e+02,7.9689843750000000e+02,32768,786432,786432,262144,262144,786432,786432,32768,3.1250000000000000e-02,4718592,2359296,2359296,6.0000000000000000e+00,3.0000000000000000e+00,3.7833584100000017e-01,2.7691571974999999e+01,7.4990965699999990e-01,2.6141658064000001e+01,8.0000425399999742e-01,7077888,0,425952,2.9156757812500000e+03,1.7410206838000001e+01,2,1.7327716948999992e+01,7.7449152580000060e+00,5.6584369380000084e+00,3.9243512949999939e+00,18,18,0,0,5.8504531250000000e+03,4.2048161746000005e+01,4.4524479040000244e+00,3.5155722380000043e+00,16,4.7044386999999686e-03,6.6938858239999774e+00,5.2264530999991624e-03,5.9820031483967697e-09,2.0848502182100013e+01,4.8918409998100010e+01,5.2530773489100014e+01,5.8504531250000000e+03,5.8504531250000000e+03,5.8504531250000000e+03,5.8504531250000000e+03,7.6177775065104170e+00,2.3200574404424732e-03,7.5601747084874660e-12,nan
exp7_perf,r2,A_l2,coulomb,A_l2+coulomb,32,2,2,1,abc,2.9999999999999999e-01,2,1.8531250000000000e+01,7.2111428699999991e-01,1.8623593100000002e-01,2.5042182030000002e+00,3.4115684210000001e+00,1.2115059470000000e+00,7.9711328125000000e+02,7.9711328125000000e+02,7.9711328125000000e+02,7.9711328125000000e+02,32768,786432,786432,262144,262144,786432,786432,32768,3.1250000000000000e-02,4718592,2359296,2359296,6.0000000000000000e+00,3.0000000000000000e+00,3.3640573599999968e-01,2.6484329416000001e+01,6.9698406200000029e-01,2.5051009708999999e+01,7.3633564500000404e-01,7077888,0,425952,2.9157109375000000e+03,1.7725679887999995e+01,2,1.7887516780999995e+01,8.2058584049999936e+00,5.5346443540000081e+00,4.1470016589999972e+00,18,18,0,0,5.8506835937500000e+03,4.3069851572999994e+01,4.5305289110000047e+00,3.5372006289999831e+00,16,4.0242167999991803e-03,6.4929497589999983e+00,4.5908878000005867e-03,5.1170562744130200e-09,2.1429295934799981e+01,4.8250031086799979e+01,5.1661599507799977e+01,5.8506835937500000e+03,5.8506835937500000e+03,5.8506835937500000e+03,5.8506835937500000e+03,7.6180775960286455e+00,2.3200574404424732e-03,7.5601747084874660e-12,nan
exp7_perf,r1,B_l2,none,B_l2,32,2,2,1,abc,2.9999999999999999e-01,2,1.8550781250000000e+01,8.1659868999999996e-01,1.6592485299999993e-01,2.3400957340000001e+00,3.3226192770000003e+00,1.1040448989999998e+00,7.9705078125000000e+02,7.9705078125000000e+02,7.9705078125000000e+02,7.9705078125000000e+02,32768,786432,786432,262144,262144,786432,786432,32768,3.1250000000000000e-02,4718592,2359296,2359296,6.0000000000000000e+00,3.0000000000000000e+00,3.7907442299999872e-01,2.6063037473999998e+01,7.0432596600000075e-01,2.4572469483999999e+01,7.8624202399999987e-01,7077888,0,425952,2.9113398437500000e+03,1.5205089040000004e+01,2,1.3800379723999995e+01,6.6184335789999977e+00,4.4662480749999958e+00,2.7156871239999987e+00,12,12,0,0,0.0000000000000000e+00,0.0000000000000000e+00,0.0000000000000000e+00,0.0000000000000000e+00,0,0.0000000000000000e+00,0.0000000000000000e+00,0.0000000000000000e+00,0.0000000000000000e+00,1.3800368777999992e+01,4.0242480674999989e+01,4.3565099951999990e+01,2.9204726562500000e+03,2.9204726562500000e+03,2.9204726562500000e+03,2.9204726562500000e+03,3.8026987711588540e+00,1.6546602042357824e-03,7.1733647876930995e-01,nan
exp7_perf,r2,B_l2,none,B_l2,32,2,2,1,abc,2.9999999999999999e-01,2,1.8582031250000000e+01,8.3999764399999999e-01,1.9747535699999985e-01,2.5959030489999999e+00,3.6333760499999999e+00,1.2674655200000000e+00,7.9690625000000000e+02,7.9690625000000000e+02,7.9690625000000000e+02,7.9690625000000000e+02,32768,786432,786432,262144,262144,786432,786432,32768,3.1250000000000000e-02,4718592,2359296,2359296,6.0000000000000000e+00,3.0000000000000000e+00,4.1588602400000063e-01,2.7845587721000001e+01,8.5662284900000074e-01,2.6097699821000003e+01,8.9126505099999775e-01,7077888,0,425952,2.9113710937500000e+03,1.4725996266000003e+01,2,1.3522604375999997e+01,6.1956287189999983e+00,4.7266191900000081e+00,2.6003431099999972e+00,12,12,0,0,0.0000000000000000e+00,0.0000000000000000e+00,0.0000000000000000e+00,0.0000000000000000e+00,0,0.0000000000000000e+00,0.0000000000000000e+00,0.0000000000000000e+00,0.0000000000000000e+00,1.3522591019000004e+01,4.1784064764000007e+01,4.5417440814000010e+01,2.9205312500000000e+03,2.9205312500000000e+03,2.9205312500000000e+03,2.9205312500000000e+03,3.8027750651041665e+00,1.6546602042357824e-03,7.1733647876930995e-01,nan
exp7_perf,r1,B_l2c,none,B_l2c,32,2,2,1,abc,2.9999999999999999e-01,2,1.8558593750000000e+01,7.8811743800000000e-01,1.7488255200000002e-01,2.6777615109999999e+00,3.6407615010000001e+00,1.2965247620000002e+00,7.9690234375000000e+02,7.9690234375000000e+02,7.9690234375000000e+02,7.9690234375000000e+02,32768,786432,786432,262144,262144,786432,786432,32768,3.1250000000000000e-02,4718592,2359296,2359296,6.0000000000000000e+00,3.0000000000000000e+00,4.1121011299999921e-01,2.6467677680000001e+01,8.3470023800000170e-01,2.4442518537999998e+01,1.1904589039999998e+00,7077888,0,425952,2.9546835937500000e+03,1.6503426577599998e+02,1,1.6415090880200000e+02,7.5791598120000003e+00,4.8099253430000033e+00,1.5176181390200000e+02,34,12,630,1,0.0000000000000000e+00,0.0000000000000000e+00,0.0000000000000000e+00,0.0000000000000000e+00,0,0.0000000000000000e+00,0.0000000000000000e+00,0.0000000000000000e+00,0.0000000000000000e+00,1.6415089905700000e+02,1.9102978684999999e+02,1.9467054835100001e+02,3.0187187500000000e+03,3.0187187500000000e+03,3.0187187500000000e+03,3.0187187500000000e+03,3.9306233723958335e+00,1.6532995992953321e-03,8.5265128291212022e-13,7.1733647876930995e-01
exp7_perf,r1,A_pt,none,A_pt,12,4,4,1,abc,2.9999999999999999e-01,2,1.8511718750000000e+01,9.8631797999999993e-02,4.6142866999999990e-02,2.9601202700000000e+00,3.1048949349999999e+00,1.5595883319999999e+00,4.0105859375000000e+02,4.0105859375000000e+02,4.0105859375000000e+02,4.0105859375000000e+02,1728,331776,331776,110592,110592,331776,331776,1728,8.3333333333333329e-02,3317760,1658880,1658880,1.0000000000000000e+01,5.0000000000000000e+00,8.8757238999999544e-02,4.8225947110000043e+00,8.5059711300000274e-01,3.9719517039999985e+00,4.5894000002988378e-05,518400,0,38448,4.5705468750000000e+02,2.4267721830000042e+00,2,2.3181060580000050e+00,1.8301724439999987e+00,4.8793051700000234e-01,0.0000000000000000e+00,0,0,0,0,0.0000000000000000e+00,0.0000000000000000e+00,0.0000000000000000e+00,0.0000000000000000e+00,0,2.2927617000000565e-03,1.7542268905000000e+01,3.0726438999998606e-03,6.9105712890626702e-09,2.3211756049000010e+00,7.2325275549000043e+00,1.0337422489900005e+01,4.5711718750000000e+02,4.5711718750000000e+02,4.5711718750000000e+02,4.5711718750000000e+02,1.4108555169753085e+00,1.7288784870622361e-04,9.9973362921446096e-12,nan
exp7_perf,r2,A_pt,none,A_pt,12,4,4,1,abc,2.9999999999999999e-01,2,1.8464843750000000e+01,1.0179791500000000e-01,4.9222960000000010e-02,3.2759314210000001e+00,3.4269522960000001e+00,1.6349345420000001e+00,4.0099218750000000e+02,4.0099218750000000e+02,4.0099218750000000e+02,4.0099218750000000e+02,1728,331776,331776,110592,110592,331776,331776,1728,8.3333333333333329e-02,3317760,1658880,1658880,1.0000000000000000e+01,5.0000000000000000e+00,7.2314374000001180e-02,5.1488307710000001e+00,7.4365852500000074e-01,4.4051629039999973e+00,9.3420000020216776e-06,518400,0,38448,4.5689453125000000e+02,2.7359588290000012e+00,2,2.8128303620000068e+00,2.2235073380000046e+00,5.8931990899999676e-01,0.0000000000000000e+00,0,0,0,0,0.0000000000000000e+00,0.0000000000000000e+00,0.0000000000000000e+00,0.0000000000000000e+00,0,2.8211548000001583e-03,1.5881128896000000e+01,2.3923568999997258e-03,8.5031913097998601e-09,2.8152196039000010e+00,8.0363647489000023e+00,1.1463317044900002e+01,4.5698046875000000e+02,4.5698046875000000e+02,4.5698046875000000e+02,4.5698046875000000e+02,1.4104335455246915e+00,1.7288784870622361e-04,9.9973362921446096e-12,nan
exp7_perf,r1,A_int,none,A_int,12,4,4,1,abc,2.9999999999999999e-01,2,1.8343750000000000e+01,1.1860483799999988e-01,5.5424368000000057e-02,2.9442842659999999e+00,3.1183134719999996e+00,1.3351054560000000e+00,4.0098828125000000e+02,4.0098828125000000e+02,4.0098828125000000e+02,4.0098828125000000e+02,1728,331776,331776,110592,110592,331776,331776,1728,8.3333333333333329e-02,3317760,1658880,1658880,1.0000000000000000e+01,5.0000000000000000e+00,9.6325559000000283e-02,2.9487785754999997e+01,5.4410368580000004e+00,2.4046715483000000e+01,3.3413999997122801e-05,3110400,0,231168,9.6596875000000000e+02,1.6810458047999994e+01,2,1.5696789715999998e+01,1.1821238918999995e+01,3.8755472269999984e+00,0.0000000000000000e+00,0,0,0,0,0.0000000000000000e+00,0.0000000000000000e+00,0.0000000000000000e+00,0.0000000000000000e+00,0,2.7661704999999868e-03,1.7256344385000006e+01,1.6367955200000495e-02,8.3374641324266574e-09,1.5713154101199994e+01,4.5297265415199988e+01,4.8415578887199985e+01,9.6605078125000000e+02,9.6605078125000000e+02,9.6605078125000000e+02,9.6605078125000000e+02,2.9816382137345681e+00,4.3159653193459572e-05,1.0786704862653096e-11,nan
exp7_perf,r2,A_int,none,A_int,12,4,4,1,abc,2.9999999999999999e-01,2,1.8816406250000000e+01,1.1473522000000003e-01,5.0040985999999954e-02,3.2189319799999998e+00,3.3837081859999998e+00,1.4625856380000000e+00,4.0110156250000000e+02,4.0110156250000000e+02,4.0110156250000000e+02,4.0110156250000000e+02,1728,331776,331776,110592,110592,331776,331776,1728,8.3333333333333329e-02,3317760,1658880,1658880,1.0000000000000000e+01,5.0000000000000000e+00,7.5344585999999936e-02,2.7989920550000001e+01,4.9904532940000017e+00,2.2999456554000002e+01,1.0701999997309031e-05,3110400,0,231168,9.6603125000000000e+02,1.5535748161000001e+01,2,1.5682614446000002e+01,1.2147388787000011e+01,3.5352229579999914e+00,0.0000000000000000e+00,0,0,0,0,0.0000000000000000e+00,0.0000000000000000e+00,0.0000000000000000e+00,0.0000000000000000e+00,0,2.4962262000002510e-03,1.6716224654000001e+01,2.5553112999986637e-03,7.5238299334498311e-09,1.5685167056300001e+01,4.3750432192300003e+01,4.7134140378300003e+01,9.6612500000000000e+02,9.6612500000000000e+02,9.6612500000000000e+02,9.6612500000000000e+02,2.9818672839506171e+00,4.3159653193459572e-05,1.0786704862653096e-11,nan
exp7_perf,r1,A_int,coulomb,A_int+coulomb,12,4,4,1,abc,2.9999999999999999e-01,2,1.8800781250000000e+01,9.5968882999999991e-02,4.5439682999999995e-02,2.6130647919999999e+00,2.7544733579999998e+00,1.2909019509999999e+00,4.0121875000000000e+02,4.0121875000000000e+02,4.0121875000000000e+02,4.0121875000000000e+02,1728,331776,331776,110592,110592,331776,331776,1728,8.3333333333333329e-02,3317760,1658880,1658880,1.0000000000000000e+01,5.0000000000000000e+00,8.1927266000000998e-02,2.8271436891000000e+01,4.5611348209999996e+00,2.3710290529999998e+01,1.1540000002696615e-05,3110400,0,231168,9.6628906250000000e+02,1.5339212415000006e+01,2,1.5987611032999993e+01,1.2062062491000006e+01,3.9255453229999944e+00,0.0000000000000000e+00,0,0,0,0,6.0872382812500000e+03,1.6503815925999999e+02,7.9800683710000158e+00,6.8070481479999785e+00,23,3.1095089000018560e-03,1.6371304608000003e+01,3.0661661999999978e-03,9.3723141517224146e-09,2.2797722128199979e+01,5.1151086285199980e+01,5.3905559643199979e+01,6.0872382812500000e+03,6.0872382812500000e+03,6.0872382812500000e+03,6.0872382812500000e+03,1.8787772472993826e+01,4.3159653193452152e-05,1.0170975173195984e-11,nan
exp7_perf,r1,A_int,jacobi:20,A_int+jacobi:20,12,4,4,1,abc,2.9999999999999999e-01,2,1.8804687500000000e+01,1.1495662500000001e-01,5.3570269999999989e-02,2.9538217700000002e+00,3.1223486650000001e+00,1.4674314960000001e+00,4.0124609375000000e+02,4.0124609375000000e+02,4.0124609375000000e+02,4.0124609375000000e+02,1728,331776,331776,110592,110592,331776,331776,1728,8.3333333333333329e-02,3317760,1658880,1658880,1.0000000000000000e+01,5.0000000000000000e+00,8.9637073999998762e-02,2.9764429301000000e+01,5.3875196350000003e+00,2.4376898898000004e+01,1.0767999995664468e-05,3110400,0,231168,9.6630859375000000e+02,1.6571180995999995e+01,2,1.5585456365000013e+01,1.2078655231999988e+01,3.5067985519999922e+00,0.0000000000000000e+00,0,0,0,0,6.0867460937500000e+03,1.6273102234199999e+02,1.9808818900000347e+00,8.0700538399997868e-01,20,2.4690786000007847e-03,1.6778003683999998e+01,3.0659255999978541e-03,7.4420048466458840e-09,1.6395525093599957e+01,4.6249591468599959e+01,4.9371940133599956e+01,6.0867460937500000e+03,6.0867460937500000e+03,6.0867460937500000e+03,6.0867460937500000e+03,1.8786253375771604e+01,4.3159653193454964e-05,1.0426770558069620e-11,nan
exp7_perf,r2,A_int,jacobi:20,A_int+jacobi:20,12,4,4,1,abc,2.9999999999999999e-01,2,1.8464843750000000e+01,9.5045802999999998e-02,4.5359835000000015e-02,3.0580565429999997e+00,3.1984621809999996e+00,1.6151522779999998e+00,4.0109765625000000e+02,4.0109765625000000e+02,4.0109765625000000e+02,4.0109765625000000e+02,1728,331776,331776,110592,110592,331776,331776,1728,8.3333333333333329e-02,3317760,1658880,1658880,1.0000000000000000e+01,5.0000000000000000e+00,7.6308885999999632e-02,2.7480650561000004e+01,4.8533383390000004e+00,2.2627288754999999e+01,2.3467000005439331e-05,3110400,0,231168,9.6607812500000000e+02,1.5060608819000002e+01,2,1.5510978473999998e+01,1.2292961597000001e+01,3.2180138769999900e+00,0.0000000000000000e+00,0,0,0,0,6.0863593750000000e+03,1.7013898001999996e+02,1.9484654649999698e+00,7.6980092200000172e-01,20,2.3012069000003521e-03,1.4522552329000007e+01,2.6792032999992444e-03,6.9360258125975116e-09,1.6283455599299991e+01,4.3840415046299995e+01,4.7038877227299992e+01,6.0863593750000000e+03,6.0863593750000000e+03,6.0863593750000000e+03,6.0863593750000000e+03,1.8785059799382715e+01,4.3159653193454964e-05,1.0426770558069620e-11,nan
exp7_perf,r1,A_l2,coulomb,A_l2+coulomb,12,4,4,1,abc,2.9999999999999999e-01,2,1.8460937500000000e+01,1.0719831199999999e-01,6.2785323000000018e-02,3.2826635579999999e+00,3.4526471929999998e+00,1.6103414489999999e+00,4.0110156250000000e+02,4.0110156250000000e+02,4.0110156250000000e+02,4.0110156250000000e+02,1728,331776,331776,110592,110592,331776,331776,1728,8.3333333333333329e-02,3317760,1658880,1658880,1.0000000000000000e+01,5.0000000000000000e+00,7.1964681000000752e-02,1.2755174961999998e+01,5.8597145399999917e-01,1.1929855324999998e+01,2.3934818300000060e-01,1728000,0,121008,9.0266406250000000e+02,1.1767200166999999e+01,2,1.3351821305000009e+01,7.3851115059999941e+00,5.2152768520000023e+00,7.5142213499999855e-01,12,12,0,0,5.9885039062500000e+03,1.6080408972900000e+02,8.1585170400000209e+00,6.7562331379999989e+00,23,2.7785676999997123e-03,1.6653126869000005e+01,2.8686279999988072e-03,8.3748303071943482e-09,2.0110912258999992e+01,3.2938051901999991e+01,3.6390699094999995e+01,5.9885039062500000e+03,5.9885039062500000e+03,5.9885039062500000e+03,5.9885039062500000e+03,1.8483036747685187e+01,9.7058557092563640e-05,1.1147971434866122e-11,nan
exp7_perf,r2,A_l2,coulomb,A_l2+coulomb,12,4,4,1,abc,2.9999999999999999e-01,2,1.8710937500000000e+01,1.2370945200000001e-01,5.7351217000000010e-02,3.8106447950000000e+00,3.9917054639999998e+00,1.9624442670000000e+00,4.0131250000000000e+02,4.0131250000000000e+02,4.0131250000000000e+02,4.0131250000000000e+02,1728,331776,331776,110592,110592,331776,331776,1728,8.3333333333333329e-02,3317760,1658880,1658880,1.0000000000000000e+01,5.0000000000000000e+00,7.9072952000000640e-02,1.3659082217000002e+01,6.5873274000000137e-01,1.2754776643000000e+01,2.4557283400000074e-01,1728000,0,121008,9.0294921875000000e+02,1.3632882770000002e+01,2,1.1390636966999999e+01,6.4024556740000023e+00,4.3555954990000032e+00,6.3257547199999919e-01,12,12,0,0,5.9885546875000000e+03,1.6772272235900002e+02,7.9076549589999843e+00,6.9833287609999957e+00,23,2.1059364999985062e-03,1.6871393196999975e+01,2.9154000999994877e-03,6.3474648558018248e-09,1.8376870806100001e+01,3.2115025975100004e+01,3.6106731439100002e+01,5.9885546875000000e+03,5.9885546875000000e+03,5.9885546875000000e+03,5.9885546875000000e+03,1.8483193479938272e+01,9.7058557092563640e-05,1.1147971434866122e-11,nan
exp7_perf,r1,B_l2,none,B_l2,12,4,4,1,abc,2.9999999999999999e-01,2,1.8738281250000000e+01,1.1444567000000000e-01,5.3431281999999997e-02,3.1580241800000000e+00,3.3259011319999998e+00,1.5433586849999998e+00,4.0112890625000000e+02,4.0112890625000000e+02,4.0112890625000000e+02,4.0112890625000000e+02,1728,331776,331776,110592,110592,331776,331776,1728,8.3333333333333329e-02,3317760,1658880,1658880,1.0000000000000000e+01,5.0000000000000000e+00,9.1161364000001299e-02,1.4023932768999998e+01,7.6815725499999843e-01,1.2944921685000001e+01,3.1085382899999914e-01,1728000,0,121008,8.9649609375000000e+02,1.1827597189999999e+01,2,1.0667940573000003e+01,6.0747141449999944e+00,4.1594610020000005e+00,4.3375573799999501e-01,8,8,0,0,0.0000000000000000e+00,0.0000000000000000e+00,0.0000000000000000e+00,0.0000000000000000e+00,0,0.0000000000000000e+00,0.0000000000000000e+00,0.0000000000000000e+00,0.0000000000000000e+00,1.0667930884999990e+01,2.4783025017999989e+01,2.8108926149999988e+01,8.9924609375000000e+02,8.9924609375000000e+02,8.9924609375000000e+02,8.9924609375000000e+02,2.7754509066358026e+00,1.4686285133891437e-05,2.6976571909500535e-02,nan
exp7_perf,r2,B_l2,none,B_l2,12,4,4,1,abc,2.9999999999999999e-01,2,1.8601562500000000e+01,1.0757125099999999e-01,4.8585924000000003e-02,3.0357334320000002e+00,3.1918906070000004e+00,1.5296259260000000e+00,4.0091406250000000e+02,4.0091406250000000e+02,4.0091406250000000e+02,4.0091406250000000e+02,1728,331776,331776,110592,110592,331776,331776,1728,8.3333333333333329e-02,3317760,1658880,1658880,1.0000000000000000e+01,5.0000000000000000e+00,8.6551810999999645e-02,1.4365012967999998e+01,7.4779892599999798e-01,1.3332860548000003e+01,2.8435349399999765e-01,1728000,0,121008,8.9581250000000000e+02,1.1549597206000001e+01,2,1.0697631661999992e+01,6.2120230539999994e+00,4.1012020629999881e+00,3.8439942499999802e-01,8,8,0,0,0.0000000000000000e+00,0.0000000000000000e+00,0.0000000000000000e+00,0.0000000000000000e+00,0,0.0000000000000000e+00,0.0000000000000000e+00,0.0000000000000000e+00,0.0000000000000000e+00,1.0697624541999986e+01,2.5149189320999984e+01,2.8341079927999989e+01,8.9850000000000000e+02,8.9850000000000000e+02,8.9850000000000000e+02,8.9850000000000000e+02,2.7731481481481484e+00,1.4686285133891437e-05,2.6976571909500535e-02,nan
exp7_perf,r1,B_l2c,none,B_l2c,12,4,4,1,abc,2.9999999999999999e-01,2,1.8570312500000000e+01,1.1701718699999999e-01,5.7047184000000015e-02,3.0386920910000002e+00,3.2127564620000002e+00,1.4412334010000001e+00,4.0118750000000000e+02,4.0118750000000000e+02,4.0118750000000000e+02,4.0118750000000000e+02,1728,331776,331776,110592,110592,331776,331776,1728,8.3333333333333329e-02,3317760,1658880,1658880,1.0000000000000000e+01,5.0000000000000000e+00,8.8869085999998987e-02,1.3304514144999999e+01,7.3830002599999744e-01,1.1979395864000001e+01,5.8681825500000073e-01,1728000,0,121008,9.4657812500000000e+02,4.5844214236999996e+01,2,4.4912879459999999e+01,6.1264654470000153e+00,4.6159652080000058e+00,3.4170441449999998e+01,69,8,560,1,0.0000000000000000e+00,0.0000000000000000e+00,0.0000000000000000e+00,0.0000000000000000e+00,0,0.0000000000000000e+00,0.0000000000000000e+00,0.0000000000000000e+00,0.0000000000000000e+00,4.4912872105000019e+01,5.8306255336000021e+01,6.1519011798000022e+01,9.6550390625000000e+02,9.6550390625000000e+02,9.6550390625000000e+02,9.6550390625000000e+02,2.9799503279320989e+00,1.4593197679224312e-05,1.0231815394945443e-12,2.6976571909500535e-02
exp7_perf,r2,B_l2c,none,B_l2c,12,4,4,1,abc,2.9999999999999999e-01,2,1.8703125000000000e+01,9.7010465000000004e-02,5.3816927000000014e-02,3.2884525279999997e+00,3.4392799199999997e+00,1.5976046019999999e+00,4.0110937500000000e+02,4.0110937500000000e+02,4.0110937500000000e+02,4.0110937500000000e+02,1728,331776,331776,110592,110592,331776,331776,1728,8.3333333333333329e-02,3317760,1658880,1658880,1.0000000000000000e+01,5.0000000000000000e+00,7.4131976000000321e-02,1.3731833195000000e+01,6.3621131899999739e-01,1.2608889756000000e+01,4.8673212000000277e-01,1728000,0,121008,9.4670312500000000e+02,4.5714006960999995e+01,2,4.6699797893000010e+01,6.7951489209999920e+00,4.7443675400000132e+00,3.5160275874000007e+01,69,8,560,1,0.0000000000000000e+00,0.0000000000000000e+00,0.0000000000000000e+00,0.0000000000000000e+00,0,0.0000000000000000e+00,0.0000000000000000e+00,0.0000000000000000e+00,0.0000000000000000e+00,4.6699792335000012e+01,6.0505757506000009e+01,6.3945037426000006e+01,9.6548828125000000e+02,9.6548828125000000e+02,9.6548828125000000e+02,9.6548828125000000e+02,2.9799021026234569e+00,1.4593197679224312e-05,1.0231815394945443e-12,2.6976571909500535e-02
